brand,model,year,selling_price,km_driven,fuel,seller_type,transmission,owner,mileage,engine,max_power,seats
Maruti,Swift,2014.0,450000.0,145500,Diesel,Individual,Manual,First Owner,23.4 kmpl,1248 CC,74 bhp,5.0
Skoda,Rapid,2014.0,370000.0,120000,Diesel,Individual,Manual,Second Owner,21.14 kmpl,1498 CC,103.52 bhp,5.0
Honda,City,2006.0,158000.0,140000,Petrol,Individual,Manual,Third Owner,17.7 kmpl,1497 CC,78 bhp,5.0
Hyundai,i20,2010.0,225000.0,127000,Diesel,Individual,Manual,First Owner,23.0 kmpl,1396 CC,90 bhp,5.0
Maruti,Swift,2007.0,130000.0,120000,Petrol,Individual,Manual,First Owner,16.1 kmpl,1298 CC,88.2 bhp,5.0
Hyundai,Xcent,2017.0,440000.0,45000,Petrol,Individual,Manual,First Owner,20.14 kmpl,1197 CC,81.86 bhp,5.0
Maruti,Wagon,2007.0,96000.0,175000,LPG,Individual,Manual,First Owner,17.3 km/kg,1061 CC,57.5 bhp,5.0
Maruti,800,2001.0,45000.0,5000,Petrol,Individual,Manual,Second Owner,16.1 kmpl,796 CC,37 bhp,4.0
Toyota,Etios,2011.0,350000.0,90000,Diesel,Individual,Manual,First Owner,23.59 kmpl,1364 CC,67.1 bhp,5.0
Ford,Figo,2013.0,200000.0,169000,Diesel,Individual,Manual,First Owner,20.0 kmpl,1399 CC,68.1 bhp,5.0
Renault,Duster,2014.0,500000.0,68000,Diesel,Individual,Manual,Second Owner,19.01 kmpl,1461 CC,108.45 bhp,5.0
Maruti,Zen,2005.0,92000.0,100000,Petrol,Individual,Manual,Second Owner,17.3 kmpl,993 CC,60 bhp,5.0
Maruti,Swift,2009.0,280000.0,140000,Diesel,Individual,Manual,Second Owner,19.3 kmpl,1248 CC,73.9 bhp,5.0
Maruti,Wagon,2009.0,180000.0,90000,Petrol,Individual,Manual,Second Owner,18.9 kmpl,1061 CC,67 bhp,5.0
,KUV,2016.0,400000.0,40000,Petrol,Individual,Manual,First Owner,18.15 kmpl,1198 CC,82 bhp,5.0
Maruti,Ertiga,2016.0,778000.0,70000,Diesel,Individual,Manual,Second Owner,24.52 kmpl,1248 CC,88.5 bhp,7.0
Hyundai,i20,2012.0,500000.0,53000,Diesel,Individual,Manual,Second Owner,23.0 kmpl,1396 CC,90 bhp,5.0
Maruti,Alto,2002.0,150000.0,80000,Petrol,Individual,Manual,Second Owner,19.7 kmpl,796 CC,46.3 bhp,5.0
Hyundai,i20,2016.0,680000.0,100000,Diesel,Individual,Manual,First Owner,22.54 kmpl,1396 CC,88.73 bhp,5.0
Mahindra,Verito,2011.0,174000.0,100000,Diesel,Individual,Manual,Second Owner,21.0 kmpl,1461 CC,64.1 bhp,5.0
Honda,WR-V,2017.0,950000.0,50000,Diesel,Individual,Manual,First Owner,25.5 kmpl,1498 CC,98.6 bhp,5.0
Maruti,Swift,2015.0,525000.0,40000,Diesel,Individual,Manual,First Owner,26.59 kmpl,1248 CC,74 bhp,5.0
Maruti,SX4,2012.0,600000.0,72000,Diesel,Individual,Manual,First Owner,21.5 kmpl,1248 CC,88.8 bhp,5.0
Tata,Tigor,2018.0,500000.0,35000,Petrol,Individual,Manual,First Owner,20.3 kmpl,1199 CC,83.81 bhp,5.0
Maruti,Baleno,2016.0,575000.0,45000,Petrol,Individual,Manual,First Owner,21.4 kmpl,1197 CC,83.1 bhp,5.0
Maruti,Alto,2017.0,275000.0,28000,Petrol,Individual,Manual,First Owner,24.7 kmpl,796 CC,47.3 bhp,5.0
Chevrolet,Enjoy,2013.0,300000.0,70000,Diesel,Individual,Manual,First Owner,18.2 kmpl,1248 CC,73.8 bhp,7.0
Maruti,Wagon,2009.0,220000.0,120000,Petrol,Individual,Manual,First Owner,18.9 kmpl,1061 CC,67 bhp,5.0
Maruti,Omni,2018.0,254999.0,25000,Petrol,Individual,Manual,First Owner,16.8 kmpl,796 CC,34.2 bhp,8.0
Maruti,Vitara,2017.0,670000.0,70000,Diesel,Individual,Manual,First Owner,24.3 kmpl,1248 CC,88.5 bhp,5.0
Maruti,Omni,2012.0,150000.0,35000,Petrol,Individual,Manual,Second Owner,14.0 kmpl,796 CC,35 bhp,5.0
Hyundai,i20,2018.0,730000.0,2388,Petrol,Individual,Manual,First Owner,18.6 kmpl,1197 CC,81.83 bhp,5.0
Maruti,Vitara,2017.0,650000.0,16200,Diesel,Individual,Manual,First Owner,24.3 kmpl,1248 CC,88.5 bhp,5.0
Maruti,Alto,2019.0,330000.0,10000,CNG,Individual,Manual,Second Owner,33.44 km/kg,796 CC,40.3 bhp,4.0
Maruti,Alto,2019.0,366000.0,15000,Petrol,Individual,Manual,First Owner,23.95 kmpl,998 CC,67.1 bhp,5.0
Hyundai,Verna,2019.0,1149000.0,5000,Petrol,Individual,Manual,First Owner,17.0 kmpl,1591 CC,121.3 bhp,5.0
Datsun,GO,2016.0,150000.0,42000,Petrol,Individual,Manual,First Owner,20.63 kmpl,1198 CC,67 bhp,5.0
Tata,Safari,2011.0,425000.0,60000,Diesel,Individual,Manual,Second Owner,13.93 kmpl,2179 CC,138.03 bhp,7.0
Maruti,800,2012.0,150000.0,76000,Petrol,Individual,Manual,First Owner,16.1 kmpl,796 CC,37 bhp,4.0
Jeep,Compass,2019.0,2100000.0,5000,Petrol,Individual,Automatic,First Owner,16.0 kmpl,1368 CC,160.77 bhp,5.0
Honda,City,2018.0,925000.0,28900,Petrol,Dealer,Manual,First Owner,17.8 kmpl,1497 CC,117.3 bhp,5.0
Honda,City,2013.0,425000.0,86300,Petrol,Dealer,Manual,First Owner,16.8 kmpl,1497 CC,116.3 bhp,5.0
Maruti,Swift,2018.0,675000.0,23300,Petrol,Dealer,Automatic,First Owner,18.5 kmpl,1197 CC,83.14 bhp,5.0
Maruti,Vitara,2018.0,819999.0,32600,Diesel,Dealer,Manual,First Owner,24.3 kmpl,1248 CC,88.5 bhp,5.0
Maruti,,2018.0,390000.0,10300,Petrol,Dealer,Manual,First Owner,23.95 kmpl,998 CC,67.05 bhp,5.0
Toyota,Fortuner,2014.0,1500000.0,77000,Diesel,Dealer,Manual,First Owner,12.55 kmpl,2982 CC,168.5 bhp,7.0
Toyota,Innova,2013.0,700000.0,99000,Diesel,Dealer,Manual,First Owner,12.99 kmpl,2494 CC,100 bhp,7.0
Mercedes-Benz,,2014.0,1450000.0,27800,Diesel,Dealer,Automatic,Second Owner,14.8 kmpl,2143 CC,120.7 bhp,5.0
Honda,Amaze,2015.0,425000.0,49800,Diesel,Dealer,Manual,First Owner,24.7 kmpl,1498 CC,98.63 bhp,5.0
Mitsubishi,Pajero,2013.0,1090000.0,151000,Diesel,Dealer,Manual,First Owner,13.5 kmpl,2477 CC,175.56 bhp,7.0
Honda,City,2015.0,600000.0,54700,Diesel,Dealer,Manual,First Owner,26.0 kmpl,1498 CC,98.6 bhp,5.0
Maruti,Ciaz,2018.0,850000.0,64000,Petrol,Dealer,Manual,First Owner,20.65 kmpl,1462 CC,103.25 bhp,5.0
Honda,Jazz,2015.0,525000.0,63000,Diesel,Dealer,Manual,First Owner,27.3 kmpl,1498 CC,98.6 bhp,5.0
Toyota,Innova,2016.0,,127700,Diesel,Dealer,Automatic,Second Owner,11.36 kmpl,2755 CC,171.5 bhp,7.0
Toyota,Innova,2016.0,950000.0,99000,Diesel,Dealer,Manual,First Owner,12.99 kmpl,2494 CC,100.6 bhp,7.0
Audi,A6,2013.0,1750000.0,33900,Diesel,Dealer,Automatic,Second Owner,17.68 kmpl,1968 CC,174.33 bhp,5.0
Toyota,Corolla,2018.0,1590000.0,25000,Petrol,Dealer,Automatic,First Owner,14.28 kmpl,1798 CC,138.03 bhp,5.0
Audi,A6,2013.0,1689999.0,50000,Diesel,Dealer,Automatic,First Owner,18.53 kmpl,1968 CC,187.74 bhp,5.0
Mercedes-Benz,New,2013.0,1425000.0,59000,Diesel,Dealer,Automatic,First Owner,14.84 kmpl,2143 CC,170 bhp,5.0
Tata,,2011.0,265000.0,120000,Diesel,Individual,Manual,First Owner,21.12 kmpl,1248 CC,88.8 bhp,5.0
Hyundai,i10,2011.0,190000.0,110000,Petrol,Individual,Manual,Third Owner,20.36 kmpl,1197 CC,78.9 bhp,5.0
Hyundai,i20,2013.0,425000.0,60000,Diesel,Individual,Manual,First Owner,21.27 kmpl,1396 CC,88.76 bhp,5.0
,Swift,2015.0,630000.0,147000,Diesel,Individual,Manual,Second Owner,26.59 kmpl,1248 CC,74 bhp,5.0
Ford,Figo,2017.0,600000.0,25000,Petrol,Individual,Manual,Third Owner,18.16 kmpl,1196 CC,86.8 bhp,5.0
Maruti,Baleno,2019.0,650000.0,30000,Petrol,Individual,Manual,First Owner,21.4 kmpl,1197 CC,83.1 bhp,5.0
Volkswagen,Ameo,2016.0,540000.0,40000,Diesel,Individual,Manual,First Owner,22.0 kmpl,1498 CC,108.495 bhp,5.0
,City,2015.0,630000.0,135000,Diesel,Individual,Manual,First Owner,25.1 kmpl,1498 CC,98.6 bhp,5.0
Maruti,Wagon,2018.0,448000.0,30000,Petrol,Individual,Automatic,First Owner,20.51 kmpl,998 CC,67 bhp,5.0
Volkswagen,Ameo,2017.0,500000.0,80000,Diesel,Individual,Manual,First Owner,21.66 kmpl,1498 CC,108.62 bhp,5.0
Maruti,Vitara,2016.0,745000.0,70000,Diesel,Individual,Manual,First Owner,24.3 kmpl,1248 CC,88.5 bhp,5.0
Maruti,Vitara,2019.0,1025000.0,9850,Diesel,Individual,Automatic,First Owner,24.3 kmpl,1248 CC,88.5 bhp,5.0
Hyundai,i10,2011.0,235000.0,60000,Petrol,Individual,Manual,Second Owner,20.36 kmpl,1197 CC,78.9 bhp,5.0
Maruti,Swift,2016.0,630000.0,70000,Diesel,Individual,Manual,First Owner,25.2 kmpl,1248 CC,74 bhp,5.0
,Fortuner,2015.0,1700000.0,78000,Diesel,Individual,Manual,Second Owner,12.55 kmpl,2982 CC,168.5 bhp,7.0
Maruti,Swift,2013.0,450000.0,120000,Diesel,Individual,Manual,Second Owner,22.9 kmpl,1248 CC,74 bhp,5.0
Maruti,,2012.0,450000.0,120000,Petrol,Individual,Manual,Second Owner,16.02 kmpl,1373 CC,93.7 bhp,7.0
Volkswagen,Vento,2013.0,450000.0,170000,Diesel,Individual,Manual,First Owner,20.54 kmpl,1598 CC,103.6 bhp,5.0
Toyota,Innova,2016.0,1200000.0,140000,Diesel,Individual,Manual,First Owner,12.99 kmpl,2494 CC,100.6 bhp,8.0
Ford,EcoSport,2015.0,610000.0,90000,Diesel,Individual,Manual,First Owner,22.77 kmpl,1498 CC,98.59 bhp,5.0
BMW,X1,2016.0,2500000.0,30000,Petrol,Individual,Automatic,Second Owner,15.71 kmpl,1998 CC,189 bhp,5.0
Maruti,Celerio,2017.0,484999.0,10000,Petrol,Dealer,Manual,First Owner,23.1 kmpl,998 CC,67.04 bhp,5.0
Datsun,GO,2016.0,275000.0,49000,Petrol,Dealer,Manual,First Owner,19.02 kmpl,1198 CC,67.05 bhp,5.0
Maruti,Alto,2016.0,315000.0,32000,Petrol,Dealer,Manual,First Owner,24.7 kmpl,796 CC,47.3 bhp,5.0
Maruti,Alto,2016.0,,38000,Petrol,Dealer,Manual,First Owner,24.7 kmpl,796 CC,47.3 bhp,5.0
Hyundai,i10,2012.0,290000.0,28000,Petrol,Dealer,Manual,First Owner,19.81 kmpl,1086 CC,68.05 bhp,5.0
Maruti,Omni,2017.0,280000.0,32000,Petrol,Dealer,Manual,First Owner,14.0 kmpl,796 CC,35 bhp,5.0
Maruti,Wagon,2010.0,225000.0,44000,LPG,Dealer,Manual,First Owner,26.2 km/kg,998 CC,58.2 bhp,5.0
Volkswagen,Polo,2015.0,455000.0,42000,Petrol,Dealer,Manual,First Owner,16.47 kmpl,1198 CC,74 bhp,5.0
Hyundai,i10,2015.0,351000.0,45000,Petrol,Dealer,Manual,Second Owner,19.81 kmpl,1086 CC,68.05 bhp,5.0
Volkswagen,Vento,2012.0,535000.0,12000,Petrol,Dealer,Manual,Second Owner,15.04 kmpl,1598 CC,103.6 bhp,5.0
Maruti,Zen,2009.0,175000.0,55500,Petrol,Dealer,Manual,First Owner,18.2 kmpl,998 CC,67.1 bhp,5.0
Hyundai,i20,2013.0,525000.0,61500,Petrol,Dealer,Manual,First Owner,18.5 kmpl,1197 CC,82.85 bhp,5.0
Maruti,Swift,2016.0,600000.0,150000,Diesel,Individual,Manual,First Owner,26.59 kmpl,1248 CC,74 bhp,5.0
Hyundai,,2016.0,565000.0,72000,Petrol,Dealer,Automatic,First Owner,19.1 kmpl,1197 CC,82 bhp,5.0
Maruti,Alto,2008.0,120000.0,68000,Petrol,Dealer,Manual,Third Owner,19.7 kmpl,796 CC,46.3 bhp,5.0
Hyundai,i20,2017.0,725000.0,110000,Diesel,Individual,Manual,First Owner,22.54 kmpl,1396 CC,88.73 bhp,5.0
Maruti,Wagon,2009.0,185000.0,77000,Petrol,Dealer,Manual,Second Owner,21.79 kmpl,998 CC,67.05 bhp,5.0
Tata,Manza,2010.0,200000.0,100000,Diesel,Individual,Manual,Second Owner,18.8 kmpl,1248 CC,90 bhp,5.0
Maruti,Swift,2019.0,,10000,Petrol,Individual,Manual,First Owner,21.21 kmpl,1197 CC,81.80 bhp,5.0
Maruti,Eeco,2016.0,270000.0,100000,Petrol,Individual,Manual,Third Owner,15.37 kmpl,1196 CC,73 bhp,7.0
Maruti,Baleno,2018.0,610000.0,35000,Petrol,Individual,Manual,First Owner,21.4 kmpl,1197 CC,83.1 bhp,5.0
Mahindra,Scorpio,2014.0,625000.0,70000,Diesel,Individual,Automatic,Second Owner,11.79 kmpl,2179 CC,120 bhp,8.0
Ford,Freestyle,2020.0,400000.0,5000,Petrol,Individual,Manual,Second Owner,19.0 kmpl,1194 CC,94.68 bhp,5.0
Hyundai,Verna,2017.0,866000.0,37800,Petrol,Individual,Manual,First Owner,17.0 kmpl,1591 CC,121.3 bhp,5.0
Volkswagen,Passat,2010.0,700000.0,114000,Petrol,Individual,Manual,First Owner,14.3 kmpl,1798 CC,160 bhp,5.0
Tata,Indica,2010.0,300000.0,48000,Petrol,Individual,Manual,First Owner,15.8 kmpl,1172 CC,65 bhp,5.0
Mahindra,XUV500,2019.0,1700000.0,32000,Diesel,Individual,Manual,First Owner,15.1 kmpl,2179 CC,155 bhp,7.0
Tata,Indigo,2016.0,375000.0,100000,Diesel,Individual,Manual,First Owner,19.09 kmpl,1405 CC,69.01 bhp,5.0
Hyundai,Verna,2013.0,522000.0,150000,Diesel,Individual,Manual,Second Owner,22.32 kmpl,1582 CC,126.32 bhp,5.0
Hyundai,i20,2013.0,451999.0,69000,Diesel,Individual,Manual,First Owner,21.9 kmpl,1396 CC,88.76 bhp,5.0
Toyota,Corolla,2009.0,300000.0,100000,Petrol,Individual,Manual,Second Owner,14.53 kmpl,1798 CC,138.1 bhp,5.0
Maruti,Celerio,2020.0,475000.0,13000,Petrol,Individual,Manual,First Owner,21.63 kmpl,998 CC,67.04 bhp,5.0
Maruti,Vitara,2016.0,,60000,Diesel,Individual,Manual,First Owner,24.3 kmpl,1248 CC,88.5 bhp,5.0
Maruti,Swift,2017.0,595000.0,40000,Petrol,Individual,Manual,First Owner,20.85 kmpl,1197 CC,83.14 bhp,5.0
Maruti,Wagon,2017.0,440000.0,35000,Petrol,Individual,Manual,First Owner,20.51 kmpl,998 CC,67.04 bhp,5.0
Nissan,Terrano,2014.0,400000.0,70000,Diesel,Individual,Manual,Third Owner,20.45 kmpl,1461 CC,83.8 bhp,5.0
Hyundai,Creta,2016.0,1140000.0,50000,Diesel,Individual,Manual,First Owner,19.67 kmpl,1582 CC,126.2 bhp,5.0
Ford,EcoSport,2017.0,850000.0,76139,Diesel,Individual,Manual,First Owner,23.0 kmpl,1498 CC,98.96 bhp,5.0
Maruti,,2012.0,370000.0,175000,Diesel,Individual,Manual,Fourth & Above Owner,19.3 kmpl,1248 CC,73.9 bhp,5.0
Renault,KWID,2018.0,,25000,Petrol,Individual,Manual,First Owner,23.01 kmpl,999 CC,67 bhp,5.0
Maruti,Celerio,2015.0,360000.0,40000,Petrol,Individual,Manual,Second Owner,23.1 kmpl,998 CC,67.04 bhp,5.0
Maruti,Alto,2008.0,105000.0,65000,Petrol,Individual,Manual,Fourth & Above Owner,19.7 kmpl,796 CC,46.3 bhp,5.0
Maruti,,2013.0,625000.0,90000,Diesel,Individual,Manual,Second Owner,20.77 kmpl,1248 CC,88.76 bhp,7.0
Hyundai,,2009.0,,80000,Petrol,Individual,Manual,Second Owner,17.92 kmpl,1086 CC,62.1 bhp,5.0
Maruti,Ertiga,2015.0,700000.0,110000,Diesel,Individual,Manual,Second Owner,20.77 kmpl,1248 CC,88.76 bhp,7.0
Honda,Amaze,2019.0,690000.0,1303,Petrol,Dealer,Manual,First Owner,17.8 kmpl,1198 CC,86.7 bhp,5.0
Audi,Q5,2018.0,3975000.0,31800,Diesel,Dealer,Automatic,First Owner,17.01 kmpl,1968 CC,188 bhp,5.0
Lexus,ES,2019.0,5150000.0,20000,Petrol,Dealer,Automatic,First Owner,22.37 kmpl,2487 CC,214.56 bhp,5.0
Jaguar,XF,2017.0,3200000.0,45000,Diesel,Dealer,Automatic,First Owner,19.33 kmpl,1999 CC,177 bhp,5.0
Jeep,,2017.0,4100000.0,17000,Petrol,Individual,Automatic,First Owner,9.5 kmpl,3604 CC,280 bhp,5.0
Land,Rover,2019.0,4500000.0,21000,Diesel,Dealer,Automatic,First Owner,12.83 kmpl,1999 CC,148.31 bhp,7.0
Mercedes-Benz,S-Class,2017.0,6000000.0,37000,Diesel,Dealer,Automatic,First Owner,13.5 kmpl,2987 CC,254.79 bhp,5.0
BMW,5,2018.0,3790000.0,29500,Diesel,Dealer,Automatic,First Owner,22.48 kmpl,1995 CC,187.74 bhp,5.0
BMW,X4,,5800000.0,7500,Diesel,Dealer,Automatic,First Owner,16.78 kmpl,1995 CC,190 bhp,5.0
Skoda,Superb,2018.0,1864999.0,50000,Petrol,Dealer,Automatic,First Owner,14.67 kmpl,1798 CC,177.46 bhp,5.0
Mercedes-Benz,E-Class,2016.0,2700000.0,35000,Diesel,Dealer,Automatic,First Owner,15.0 kmpl,2143 CC,204 bhp,5.0
,Hector,2019.0,1750000.0,19000,Petrol,Dealer,Automatic,First Owner,13.96 kmpl,1451 CC,141 bhp,5.0
Honda,City,2017.0,795000.0,41000,Petrol,Dealer,Automatic,First Owner,18.0 kmpl,1497 CC,117.6 bhp,5.0
Toyota,Corolla,2013.0,625000.0,39000,Petrol,Dealer,Automatic,First Owner,14.28 kmpl,1798 CC,138.03 bhp,5.0
Volvo,XC40,2018.0,3400000.0,22000,Diesel,Dealer,Automatic,First Owner,18.0 kmpl,1969 CC,190 bhp,5.0
Audi,Q7,2015.0,2650000.0,53000,Diesel,Dealer,Automatic,First Owner,12.07 kmpl,2967 CC,241.4 bhp,7.0
Maruti,Ciaz,2015.0,535000.0,40000,Diesel,Dealer,Manual,First Owner,26.21 kmpl,1248 CC,88.5 bhp,5.0
Mercedes-Benz,S-Class,2017.0,5850000.0,47000,Diesel,Dealer,Automatic,First Owner,13.5 kmpl,2987 CC,282 bhp,5.0
BMW,5,2010.0,975000.0,72200,Petrol,Dealer,Automatic,Second Owner,10.8 kmpl,2497 CC,150 bhp,5.0
Hyundai,Elantra,2016.0,805000.0,49900,Petrol,Dealer,Manual,First Owner,16.3 kmpl,1797 CC,147.5 bhp,5.0
Jaguar,XE,2017.0,2625000.0,9000,Diesel,Dealer,Automatic,First Owner,13.6 kmpl,1999 CC,177 bhp,5.0
Tata,Nexon,2018.0,811000.0,11000,Petrol,Dealer,Manual,First Owner,17.0 kmpl,1198 CC,108.5 bhp,5.0
Volkswagen,Vento,2011.0,375000.0,49000,Petrol,Individual,Manual,First Owner,15.04 kmpl,1598 CC,103.6 bhp,5.0
Hyundai,Elantra,2012.0,550000.0,95000,Petrol,Individual,Manual,First Owner,16.3 kmpl,1797 CC,147.5 bhp,5.0
Skoda,Rapid,2016.0,645000.0,11000,Petrol,Dealer,Automatic,First Owner,14.3 kmpl,1598 CC,103.5 bhp,5.0
Mercedes-Benz,CLA,2018.0,2550000.0,18000,Petrol,Dealer,Automatic,First Owner,15.04 kmpl,1991 CC,183 bhp,5.0
Maruti,Ertiga,2014.0,599000.0,46100,Petrol,Dealer,Manual,First Owner,16.02 kmpl,1373 CC,93.7 bhp,7.0
Mercedes-Benz,New,2017.0,2700000.0,16000,Petrol,Dealer,Automatic,First Owner,14.74 kmpl,1991 CC,181.04 bhp,5.0
Honda,City,2017.0,875000.0,18000,Petrol,Dealer,Automatic,First Owner,15.6 kmpl,1497 CC,116.3 bhp,5.0
Toyota,Glanza,2019.0,894999.0,9654,Petrol,Dealer,Automatic,First Owner,19.56 kmpl,1197 CC,81.80 bhp,5.0
Maruti,Alto,2011.0,175000.0,11000,Petrol,Dealer,Manual,First Owner,23.95 kmpl,998 CC,67.05 bhp,5.0
Maruti,Swift,2012.0,340000.0,24300,Petrol,Dealer,Manual,First Owner,21.21 kmpl,1197 CC,81.80 bhp,5.0
,Innova,2016.0,1525000.0,42163,Diesel,Dealer,Automatic,Second Owner,11.36 kmpl,2755 CC,171.5 bhp,7.0
Tata,Nexon,2018.0,1025000.0,8000,Diesel,Dealer,Automatic,First Owner,21.5 kmpl,1497 CC,108.5 bhp,5.0
,3,2016.0,2150000.0,30000,Diesel,Dealer,Automatic,First Owner,22.69 kmpl,1995 CC,190 bhp,5.0
,Camry,2016.0,1900000.0,41000,Petrol,Dealer,Automatic,First Owner,19.16 kmpl,2494 CC,157.7 bhp,5.0
BMW,5,2016.0,2900000.0,12000,Diesel,Dealer,Automatic,First Owner,18.12 kmpl,1995 CC,190 bhp,5.0
Toyota,Camry,2009.0,450000.0,71000,Petrol,Dealer,Automatic,First Owner,12.1 kmpl,2362 CC,164.7 bhp,5.0
Maruti,,2016.0,850000.0,20000,Petrol,Individual,Manual,First Owner,17.5 kmpl,1373 CC,91.1 bhp,7.0
Volvo,XC90,2017.0,10000000.0,30000,Petrol,Individual,Automatic,First Owner,42.0 kmpl,1969 CC,400 bhp,4.0
Volkswagen,Vento,2011.0,,100000,Diesel,Individual,Manual,Second Owner,20.54 kmpl,1598 CC,103.6 bhp,5.0
Ford,Figo,,575000.0,9500,Petrol,Individual,Manual,First Owner,18.16 kmpl,1196 CC,86.8 bhp,5.0
Ford,Figo,2011.0,160000.0,120000,Diesel,Individual,Manual,First Owner,20.0 kmpl,1399 CC,68 bhp,5.0
Maruti,Swift,2015.0,515000.0,36600,Petrol,Individual,Manual,First Owner,20.4 kmpl,1197 CC,81.80 bhp,5.0
Maruti,,2015.0,390000.0,50000,Petrol,Individual,Automatic,Second Owner,20.51 kmpl,998 CC,67 bhp,5.0
Hyundai,i20,2016.0,550000.0,14000,Petrol,Individual,Manual,Second Owner,18.6 kmpl,1197 CC,81.83 bhp,5.0
Maruti,800,1999.0,40000.0,40000,Petrol,Individual,Manual,Second Owner,16.1 kmpl,796 CC,37 bhp,4.0
Maruti,Ritz,2010.0,220000.0,120000,Diesel,Individual,Manual,First Owner,21.1 kmpl,1248 CC,73.9 bhp,5.0
Hyundai,Grand,2015.0,425000.0,70000,Petrol,Individual,Manual,First Owner,18.9 kmpl,1197 CC,82 bhp,5.0
,Ameo,,480000.0,13000,Petrol,Individual,Manual,First Owner,19.44 kmpl,999 CC,75 bhp,5.0
Hyundai,Grand,2014.0,400000.0,60000,Petrol,Individual,Manual,Second Owner,18.9 kmpl,1197 CC,82 bhp,5.0
Maruti,Swift,2014.0,487000.0,35000,Petrol,Individual,Manual,First Owner,19.1 kmpl,1197 CC,85.8 bhp,5.0
Hyundai,Xcent,2016.0,386000.0,44000,Petrol,Individual,Manual,Second Owner,19.1 kmpl,1197 CC,82 bhp,5.0
Honda,City,2005.0,100000.0,120000,Petrol,Individual,Manual,Second Owner,13.0 kmpl,1493 CC,100 bhp,5.0
Toyota,Corolla,2010.0,300000.0,60000,Diesel,Individual,Manual,First Owner,21.43 kmpl,1364 CC,87.2 bhp,5.0
Daewoo,Matiz,2000.0,100000.0,60000,Petrol,Individual,Manual,First Owner,18.5 kmpl,796 CC,53 bhp,5.0
Toyota,Fortuner,2014.0,1750000.0,30000,Diesel,Individual,Manual,Second Owner,13.0 kmpl,2982 CC,168.5 bhp,7.0
Mahindra,KUV,2016.0,450000.0,15000,Petrol,Individual,Manual,Second Owner,18.15 kmpl,1198 CC,82 bhp,6.0
Tata,Zest,2017.0,,90000,Diesel,Individual,Manual,First Owner,22.95 kmpl,1248 CC,74 bhp,5.0
Honda,City,2009.0,345000.0,47000,Petrol,Individual,Manual,Second Owner,17.0 kmpl,1497 CC,118 bhp,5.0
Maruti,Zen,2005.0,85000.0,90000,Petrol,Individual,Manual,First Owner,17.3 kmpl,993 CC,60 bhp,5.0
Maruti,Wagon,2010.0,215000.0,120600,Petrol,Individual,Manual,Second Owner,18.9 kmpl,998 CC,67.1 bhp,5.0
Hyundai,Verna,2010.0,320000.0,100000,Petrol,Individual,Manual,Third Owner,16.2 kmpl,1599 CC,103.2 bhp,5.0
Maruti,Swift,2016.0,459999.0,60000,Petrol,Individual,Manual,Second Owner,20.85 kmpl,1197 CC,83.14 bhp,5.0
Hyundai,Getz,2005.0,65000.0,86000,Petrol,Individual,Manual,First Owner,15.3 kmpl,1341 CC,83 bhp,5.0
Hyundai,Elite,2020.0,720000.0,5000,Petrol,Individual,Manual,First Owner,18.6 kmpl,1197 CC,81.86 bhp,5.0
Maruti,Ciaz,2017.0,,37000,Diesel,Individual,Manual,First Owner,28.09 kmpl,1248 CC,88.5 bhp,5.0
Tata,Tigor,2019.0,520000.0,14000,Petrol,Individual,Manual,First Owner,20.3 kmpl,1199 CC,84 bhp,5.0
Maruti,Ertiga,2015.0,580000.0,70000,Diesel,Individual,Manual,First Owner,20.77 kmpl,1248 CC,88.76 bhp,7.0
Honda,City,2015.0,600000.0,50000,Petrol,Individual,Manual,First Owner,17.4 kmpl,1497 CC,117.3 bhp,5.0
Honda,Brio,2014.0,290000.0,60000,Petrol,Individual,Manual,Second Owner,19.4 kmpl,1198 CC,86.8 bhp,5.0
Maruti,Wagon,2016.0,360000.0,50000,CNG,Individual,Manual,First Owner,26.6 km/kg,998 CC,58.16 bhp,5.0
Maruti,Swift,2017.0,550000.0,50000,Petrol,Individual,Manual,First Owner,20.85 kmpl,1197 CC,83.14 bhp,5.0
Hyundai,i20,2013.0,375000.0,70000,Petrol,Individual,Manual,First Owner,18.5 kmpl,1197 CC,82.85 bhp,5.0
Maruti,Wagon,2018.0,420000.0,35000,Petrol,Individual,Automatic,First Owner,20.51 kmpl,998 CC,67 bhp,5.0
Maruti,Swift,2017.0,550000.0,20000,Petrol,Individual,Manual,First Owner,21.21 kmpl,1197 CC,81.80 bhp,5.0
Maruti,Alto,2018.0,270000.0,20000,Petrol,Individual,Manual,First Owner,24.7 kmpl,796 CC,47.3 bhp,5.0
Maruti,Swift,2018.0,700000.0,7800,Petrol,Individual,Automatic,First Owner,22.0 kmpl,1197 CC,81.80 bhp,5.0
Maruti,Swift,2017.0,500000.0,20000,Petrol,Individual,Manual,First Owner,20.4 kmpl,1197 CC,81.80 bhp,5.0
,Hexa,2019.0,1250000.0,15000,Diesel,Individual,Manual,First Owner,17.6 kmpl,2179 CC,147.94 bhp,7.0
Hyundai,,2013.0,320000.0,31377,Petrol,Individual,Manual,Second Owner,18.5 kmpl,1197 CC,82.85 bhp,5.0
Maruti,Swift,2018.0,700000.0,50000,Diesel,Individual,Manual,First Owner,28.4 kmpl,1248 CC,74.02 bhp,5.0
Maruti,Wagon,2015.0,290000.0,60000,Petrol,Individual,Manual,First Owner,20.51 kmpl,998 CC,67.04 bhp,5.0
Toyota,Corolla,2012.0,550000.0,100000,Petrol,Individual,Automatic,First Owner,14.53 kmpl,1794 CC,138.1 bhp,5.0
Honda,Brio,2012.0,265000.0,60000,Petrol,Individual,Manual,First Owner,19.4 kmpl,1198 CC,86.8 bhp,5.0
Maruti,Baleno,2018.0,830000.0,5000,Petrol,Individual,Automatic,First Owner,21.4 kmpl,1197 CC,83.1 bhp,5.0
Tata,Safari,2017.0,800000.0,60000,Diesel,Individual,Manual,First Owner,14.1 kmpl,2179 CC,147.94 bhp,7.0
Maruti,Alto,2011.0,160000.0,25000,Petrol,Individual,Manual,Second Owner,19.7 kmpl,796 CC,46.3 bhp,5.0
Renault,KWID,2018.0,335000.0,30000,Petrol,Individual,Manual,First Owner,25.17 kmpl,799 CC,53.3 bhp,5.0
Datsun,GO,2017.0,329000.0,80000,Petrol,Individual,Manual,Second Owner,20.63 kmpl,1198 CC,67 bhp,5.0
Maruti,Vitara,2017.0,775000.0,75000,Diesel,Individual,Manual,First Owner,24.3 kmpl,1248 CC,88.5 bhp,5.0
Hyundai,Xcent,2020.0,524000.0,32000,Petrol,Individual,Manual,First Owner,20.14 kmpl,1197 CC,81.86 bhp,5.0
Maruti,Alto,2015.0,245000.0,40000,Petrol,Individual,Manual,First Owner,22.74 kmpl,796 CC,47.3 bhp,5.0
Hyundai,i20,2012.0,275000.0,93000,Petrol,Individual,Manual,Second Owner,17.0 kmpl,1197 CC,80 bhp,5.0
Tata,Zest,2018.0,520000.0,60000,Petrol,Individual,Manual,First Owner,17.57 kmpl,1193 CC,88.7 bhp,5.0
Nissan,Sunny,2014.0,550000.0,37000,Petrol,Individual,Manual,First Owner,16.95 kmpl,1498 CC,97.7 bhp,5.0
Ford,EcoSport,2018.0,910000.0,15000,Petrol,Individual,Manual,First Owner,17.0 kmpl,1497 CC,121.36 bhp,5.0
Nissan,Micra,2015.0,300000.0,80000,Petrol,Individual,Manual,First Owner,19.49 kmpl,1198 CC,67.04 bhp,5.0
Maruti,,2016.0,350000.0,140000,Petrol,Individual,Manual,First Owner,20.51 kmpl,998 CC,67.04 bhp,5.0
Mahindra,,2013.0,900000.0,70000,Diesel,Individual,Manual,First Owner,12.83 kmpl,2696 CC,162 bhp,7.0
Mahindra,Quanto,2013.0,300000.0,120000,Diesel,Individual,Manual,Second Owner,17.21 kmpl,1493 CC,100 bhp,7.0
Maruti,Ritz,2010.0,250000.0,110000,Diesel,Individual,Manual,Second Owner,21.1 kmpl,1248 CC,73.9 bhp,5.0
Hyundai,Creta,2017.0,1100000.0,37000,Diesel,Individual,Manual,First Owner,19.67 kmpl,1582 CC,126.2 bhp,5.0
Renault,KWID,2016.0,270000.0,44000,Petrol,Individual,Manual,First Owner,25.17 kmpl,799 CC,53.3 bhp,5.0
Maruti,Ertiga,2015.0,640000.0,80000,Diesel,Individual,Manual,First Owner,20.77 kmpl,1248 CC,88.76 bhp,7.0
Mahindra,XUV500,2015.0,650000.0,125000,Diesel,Individual,Manual,First Owner,15.1 kmpl,2179 CC,140 bhp,7.0
Maruti,Eeco,2017.0,409999.0,13500,Petrol,Individual,Manual,First Owner,15.37 kmpl,1196 CC,73 bhp,5.0
Hyundai,Santro,2011.0,165000.0,75000,Petrol,Individual,Manual,First Owner,17.92 kmpl,1086 CC,62.1 bhp,5.0
Hyundai,Accent,2007.0,80000.0,120000,Petrol,Individual,Manual,Second Owner,13.2 kmpl,1495 CC,94 bhp,5.0
Mahindra,XUV500,2012.0,535000.0,120000,Diesel,Individual,Manual,First Owner,15.1 kmpl,2179 CC,140 bhp,7.0
Toyota,Innova,2013.0,700000.0,70000,Diesel,Individual,Manual,First Owner,12.99 kmpl,2494 CC,100.57 bhp,7.0
Maruti,Swift,2013.0,550000.0,70000,Diesel,Individual,Manual,First Owner,23.4 kmpl,1248 CC,74 bhp,5.0
Honda,Amaze,2019.0,680000.0,15000,Petrol,Individual,Automatic,First Owner,19.0 kmpl,1199 CC,88.76 bhp,5.0
Hyundai,i10,2009.0,200000.0,53000,Petrol,Individual,Manual,Second Owner,20.36 kmpl,1197 CC,78.9 bhp,5.0
Maruti,Swift,2014.0,500000.0,120000,Diesel,Individual,Manual,Second Owner,23.4 kmpl,1248 CC,74 bhp,5.0
Maruti,Ertiga,2016.0,1000000.0,70000,Diesel,Individual,Manual,First Owner,24.52 kmpl,1248 CC,88.5 bhp,7.0
Hyundai,Getz,2008.0,110000.0,120000,Petrol,Individual,Manual,Second Owner,14.2 kmpl,1341 CC,82.9 bhp,5.0
Hyundai,i20,2012.0,320000.0,100000,Petrol,Individual,Manual,Second Owner,18.5 kmpl,1197 CC,80 bhp,5.0
Maruti,Swift,2015.0,350000.0,100000,Petrol,Individual,Manual,First Owner,20.4 kmpl,1197 CC,83.11 bhp,5.0
Tata,Indica,2013.0,170000.0,162500,Diesel,Individual,Manual,First Owner,19.4 kmpl,1405 CC,70 bhp,5.0
Hyundai,i20,2017.0,800000.0,39000,Diesel,Individual,Manual,First Owner,22.54 kmpl,1396 CC,88.73 bhp,5.0
Maruti,Ignis,2017.0,500000.0,75000,Diesel,Individual,Manual,First Owner,26.8 kmpl,1248 CC,74 bhp,5.0
Tata,Hexa,2017.0,1380000.0,50000,Diesel,Individual,Automatic,First Owner,17.6 kmpl,2179 CC,153.86 bhp,7.0
Mahindra,Marazzo,2019.0,1300000.0,40000,Diesel,Individual,Manual,First Owner,17.3 kmpl,1497 CC,121 bhp,
Hyundai,Verna,2013.0,530000.0,92500,Diesel,Individual,Manual,First Owner,22.32 kmpl,1582 CC,126.3 bhp,5.0
Maruti,Swift,2012.0,360000.0,158000,Diesel,Individual,Manual,First Owner,23.4 kmpl,1248 CC,74 bhp,5.0
Maruti,Swift,2012.0,310000.0,120000,Diesel,Individual,Manual,First Owner,19.3 kmpl,1248 CC,73.9 bhp,5.0
Honda,City,2015.0,725000.0,50000,Diesel,Individual,Manual,Second Owner,26.0 kmpl,1498 CC,98.6 bhp,5.0
Maruti,Swift,2012.0,340000.0,110000,Diesel,Individual,Manual,First Owner,19.3 kmpl,1248 CC,73.9 bhp,5.0
,Xcent,2017.0,550000.0,2000,Diesel,Individual,Manual,Second Owner,25.4 kmpl,1186 CC,73.97 bhp,5.0
Toyota,Fortuner,2011.0,1150000.0,181000,Diesel,Individual,Manual,Second Owner,11.5 kmpl,2982 CC,171 bhp,7.0
Tata,Tiago,2016.0,380000.0,70000,Diesel,Individual,Manual,First Owner,27.28 kmpl,1047 CC,69 bhp,5.0
Nissan,Sunny,2013.0,350000.0,90000,Petrol,Individual,Automatic,Second Owner,17.97 kmpl,1498 CC,99.6 bhp,5.0
Hyundai,Elite,2019.0,610000.0,2000,Petrol,Individual,Manual,First Owner,18.6 kmpl,1197 CC,81.86 bhp,5.0
Maruti,Swift,2015.0,525000.0,20000,Petrol,Individual,Manual,First Owner,20.85 kmpl,1197 CC,83.14 bhp,5.0
Toyota,Innova,2011.0,480000.0,120000,Diesel,Individual,Manual,First Owner,12.8 kmpl,2494 CC,102 bhp,7.0
Mahindra,Thar,2017.0,780000.0,35000,Diesel,Individual,Manual,First Owner,16.55 kmpl,2498 CC,105 bhp,6.0
Maruti,Swift,2012.0,320000.0,193000,Diesel,Individual,Manual,First Owner,19.3 kmpl,1248 CC,73.9 bhp,5.0
Maruti,Swift,2014.0,375000.0,80000,Petrol,Individual,Manual,First Owner,20.4 kmpl,1197 CC,81.80 bhp,5.0
Datsun,GO,2019.0,300000.0,40000,Petrol,Individual,Manual,First Owner,19.02 kmpl,1198 CC,67.05 bhp,5.0
Hyundai,i20,2015.0,500000.0,70000,Diesel,Individual,Manual,Fourth & Above Owner,22.54 kmpl,1396 CC,88.73 bhp,5.0
Mahindra,Scorpio,2011.0,404000.0,122358,Diesel,Individual,Manual,First Owner,12.05 kmpl,2179 CC,120 bhp,9.0
Tata,Sumo,2015.0,500000.0,75000,Diesel,Individual,Manual,First Owner,14.07 kmpl,2956 CC,69.01 bhp,7.0
Tata,Tiago,2017.0,350000.0,120000,Diesel,Individual,Manual,First Owner,27.28 kmpl,1047 CC,69 bhp,5.0
,Zest,2015.0,380000.0,40000,Petrol,Individual,Manual,First Owner,17.57 kmpl,1193 CC,88.7 bhp,5.0
Hyundai,Accent,2008.0,114999.0,95200,Petrol,Individual,Manual,Third Owner,13.2 kmpl,1495 CC,94 bhp,5.0
Honda,Brio,2014.0,335000.0,33033,Petrol,Dealer,Manual,First Owner,19.4 kmpl,1198 CC,86.8 bhp,5.0
Hyundai,Grand,2015.0,465000.0,63063,Petrol,Dealer,Automatic,First Owner,18.9 kmpl,1197 CC,82 bhp,5.0
Tata,Manza,2012.0,290000.0,60000,Diesel,Individual,Manual,First Owner,21.02 kmpl,1248 CC,88.76 bhp,5.0
Maruti,Alto,2005.0,110000.0,45000,Petrol,Individual,Manual,Second Owner,19.7 kmpl,796 CC,46.3 bhp,5.0
Tata,New,2011.0,450000.0,80000,Diesel,Individual,Manual,Third Owner,11.57 kmpl,2179 CC,138.1 bhp,7.0
Mahindra,Bolero,2009.0,400000.0,170000,Diesel,Individual,Manual,Second Owner,13.6 kmpl,2523 CC,63 bhp,7.0
Mahindra,Bolero,2007.0,210000.0,207890,Diesel,Individual,Manual,Second Owner,13.6 kmpl,2523 CC,63 bhp,7.0
Mercedes-Benz,GL-Class,2018.0,4600000.0,7976,Diesel,Individual,Automatic,First Owner,17.9 kmpl,2143 CC,170 bhp,5.0
Maruti,Omni,2016.0,220000.0,35000,Petrol,Individual,Manual,First Owner,16.8 kmpl,796 CC,34.2 bhp,8.0
Hyundai,Grand,2017.0,450000.0,35000,Petrol,Individual,Manual,First Owner,18.9 kmpl,1197 CC,82 bhp,5.0
Hyundai,i10,2013.0,,50000,Petrol,Individual,Automatic,First Owner,16.95 kmpl,1197 CC,78.9 bhp,5.0
Maruti,Swift,2016.0,,20000,Petrol,Individual,Manual,First Owner,20.4 kmpl,1197 CC,81.80 bhp,5.0
Hyundai,i10,2011.0,265000.0,20000,Petrol,Individual,Automatic,First Owner,16.95 kmpl,1197 CC,78.9 bhp,5.0
Maruti,Swift,2012.0,330000.0,50000,Petrol,Individual,Manual,Second Owner,18.6 kmpl,1197 CC,85.8 bhp,5.0
Mahindra,Bolero,2014.0,509999.0,120000,Diesel,Individual,Manual,First Owner,15.96 kmpl,2523 CC,62.1 bhp,7.0
Hyundai,Verna,2014.0,500000.0,70000,Petrol,Individual,Manual,First Owner,17.1 kmpl,1591 CC,121.3 bhp,5.0
Hyundai,i20,2015.0,525000.0,50000,Petrol,Individual,Manual,First Owner,17.19 kmpl,1197 CC,81.86 bhp,5.0
Maruti,Baleno,2019.0,675000.0,16500,Petrol,Individual,Manual,First Owner,21.01 kmpl,1197 CC,81.80 bhp,5.0
Hyundai,i20,2010.0,300000.0,70000,Petrol,Individual,Manual,First Owner,17.0 kmpl,1197 CC,80 bhp,5.0
Maruti,Alto,2005.0,90000.0,99361,Petrol,Individual,Manual,Second Owner,19.7 kmpl,796 CC,46.3 bhp,5.0
Maruti,Swift,2017.0,650000.0,25000,Diesel,Individual,Manual,First Owner,26.59 kmpl,1248 CC,74 bhp,5.0
Maruti,Swift,2014.0,409000.0,70000,Petrol,Individual,Manual,Second Owner,19.1 kmpl,1197 CC,85.8 bhp,5.0
Hyundai,Grand,2015.0,395000.0,80000,Diesel,Individual,Manual,Second Owner,24.0 kmpl,1120 CC,70 bhp,5.0
Maruti,Swift,2014.0,400000.0,70000,Petrol,Individual,Manual,Second Owner,19.1 kmpl,1197 CC,85.8 bhp,5.0
Chevrolet,Beat,2012.0,120000.0,60000,Petrol,Individual,Manual,Third Owner,18.6 kmpl,1199 CC,79.4 bhp,5.0
Tata,Tigor,2018.0,645000.0,10000,Petrol,Individual,Automatic,First Owner,20.3 kmpl,1199 CC,84 bhp,5.0
Maruti,800,2006.0,81000.0,80000,Petrol,Individual,Manual,First Owner,16.1 kmpl,796 CC,37 bhp,4.0
Honda,City,2017.0,1300000.0,30000,Diesel,Individual,Manual,First Owner,25.6 kmpl,1498 CC,97.9 bhp,5.0
Honda,City,2017.0,1250000.0,33000,Diesel,Individual,Manual,First Owner,25.6 kmpl,1498 CC,97.9 bhp,5.0
Maruti,Ertiga,2013.0,535000.0,90000,Petrol,Individual,Manual,Third Owner,16.02 kmpl,1373 CC,93.7 bhp,7.0
Nissan,Terrano,2014.0,555000.0,80100,Diesel,Individual,Manual,Second Owner,19.01 kmpl,1461 CC,108.5 bhp,5.0
Honda,City,2014.0,725000.0,120000,Petrol,Individual,Manual,First Owner,17.4 kmpl,1497 CC,117.3 bhp,5.0
Renault,KWID,2016.0,229999.0,40000,Petrol,Individual,Manual,First Owner,25.17 kmpl,799 CC,53.3 bhp,5.0
Toyota,Innova,2013.0,800000.0,160000,Diesel,Individual,Manual,Second Owner,12.99 kmpl,2494 CC,100.6 bhp,8.0
,Wagon,2017.0,409999.0,47000,Petrol,Individual,Manual,First Owner,20.51 kmpl,998 CC,67.04 bhp,5.0
Hyundai,Creta,2018.0,1210000.0,25000,Diesel,Individual,Manual,First Owner,21.38 kmpl,1396 CC,88.7 bhp,5.0
Tata,Tiago,2017.0,400000.0,26000,Petrol,Individual,Manual,First Owner,23.84 kmpl,1199 CC,84 bhp,5.0
Hyundai,Grand,2018.0,520000.0,29000,Diesel,Individual,Manual,First Owner,24.0 kmpl,1186 CC,73.97 bhp,5.0
Maruti,Baleno,2016.0,650000.0,50000,Petrol,Individual,Automatic,First Owner,21.4 kmpl,1197 CC,83.1 bhp,5.0
Maruti,,2011.0,325000.0,58000,Petrol,Individual,Manual,Third Owner,16.1 kmpl,1298 CC,88.2 bhp,5.0
Maruti,Swift,2012.0,420000.0,120000,Petrol,Individual,Automatic,First Owner,17.4 kmpl,1197 CC,85.8 bhp,5.0
Maruti,Swift,2014.0,400000.0,50000,Petrol,Individual,Manual,First Owner,20.4 kmpl,1197 CC,81.80 bhp,5.0
Hyundai,i20,2010.0,254999.0,80000,Petrol,Individual,Manual,Fourth & Above Owner,17.0 kmpl,1197 CC,80 bhp,5.0
Maruti,Zen,2003.0,65000.0,60000,Petrol,Individual,Manual,Fourth & Above Owner,17.3 kmpl,993 CC,60 bhp,5.0
Maruti,Celerio,2017.0,351000.0,36000,Petrol,Individual,Manual,First Owner,23.1 kmpl,998 CC,67.04 bhp,5.0
Toyota,Innova,2007.0,404000.0,120000,Diesel,Individual,Manual,Third Owner,12.8 kmpl,2494 CC,102 bhp,8.0
Maruti,Ritz,2011.0,185000.0,185000,Diesel,Individual,Manual,Third Owner,21.1 kmpl,1248 CC,73.9 bhp,5.0
Nissan,Micra,2011.0,250000.0,50000,Diesel,Individual,Manual,First Owner,23.08 kmpl,1461 CC,63.1 bhp,5.0
Maruti,Zen,2002.0,60000.0,100000,Petrol,Individual,Manual,Fourth & Above Owner,17.3 kmpl,993 CC,60 bhp,5.0
Hyundai,Verna,2013.0,500000.0,50000,Petrol,Individual,Manual,Second Owner,17.1 kmpl,1591 CC,121.3 bhp,5.0
Maruti,Zen,2007.0,85000.0,80000,Petrol,Individual,Manual,Second Owner,18.2 kmpl,998 CC,67.1 bhp,5.0
Maruti,Alto,2005.0,85000.0,80000,Petrol,Individual,Manual,Fourth & Above Owner,19.7 kmpl,796 CC,46.3 bhp,5.0
Maruti,Swift,2011.0,265000.0,90000,Diesel,Individual,Manual,Fourth & Above Owner,19.3 kmpl,1248 CC,73.9 bhp,5.0
Maruti,A-Star,2010.0,130000.0,162000,Petrol,Individual,Manual,Second Owner,19.0 kmpl,998 CC,66.1 bhp,5.0
Maruti,Ertiga,2013.0,480000.0,110000,Diesel,Individual,Manual,Third Owner,20.77 kmpl,1248 CC,88.76 bhp,7.0
Maruti,Swift,2008.0,170000.0,120000,Diesel,Individual,Manual,Third Owner,17.8 kmpl,1248 CC,75 bhp,5.0
Nissan,Micra,2011.0,275000.0,45000,Diesel,Individual,Manual,First Owner,23.08 kmpl,1461 CC,63.1 bhp,5.0
Maruti,Wagon,2005.0,89000.0,90000,Petrol,Individual,Manual,Second Owner,18.9 kmpl,998 CC,67.1 bhp,5.0
Ford,Figo,2010.0,170000.0,90000,Diesel,Individual,Manual,Second Owner,20.0 kmpl,1399 CC,68 bhp,5.0
Mahindra,XUV300,2019.0,1090000.0,16500,Petrol,Dealer,Manual,First Owner,17.0 kmpl,1197 CC,110 bhp,5.0
Hyundai,Creta,2017.0,1100000.0,67000,Diesel,Individual,Automatic,First Owner,17.01 kmpl,1582 CC,126.2 bhp,5.0
Maruti,Swift,2018.0,610000.0,52000,Petrol,Dealer,Manual,First Owner,22.0 kmpl,1197 CC,81.80 bhp,5.0
Datsun,GO,2016.0,335000.0,40000,Petrol,Dealer,Manual,First Owner,20.63 kmpl,1198 CC,67 bhp,5.0
Hyundai,Grand,2015.0,434999.0,40000,Petrol,Dealer,Manual,First Owner,18.9 kmpl,1197 CC,82 bhp,5.0
,Fortuner,2018.0,3000000.0,35000,Diesel,Individual,Manual,First Owner,14.24 kmpl,2755 CC,174.5 bhp,7.0
Renault,KWID,2018.0,,13000,Petrol,Dealer,Manual,First Owner,20.71 kmpl,799 CC,53.26 bhp,5.0
Honda,Brio,2012.0,325000.0,40000,Petrol,Dealer,Manual,First Owner,18.5 kmpl,1198 CC,86.8 bhp,5.0
Volkswagen,Ameo,2019.0,640000.0,10000,Petrol,Dealer,Manual,First Owner,17.0 kmpl,1198 CC,73.75 bhp,5.0
Nissan,Sunny,2012.0,450000.0,9000,Petrol,Dealer,Manual,First Owner,16.95 kmpl,1498 CC,97.7 bhp,5.0
Toyota,Etios,2013.0,400000.0,70000,Diesel,Dealer,Manual,Second Owner,23.59 kmpl,1364 CC,67.06 bhp,5.0
Hyundai,i10,2009.0,215000.0,60000,Petrol,Dealer,Manual,First Owner,20.36 kmpl,1197 CC,78.9 bhp,5.0
Renault,Duster,2014.0,570000.0,40000,Diesel,Dealer,Manual,First Owner,20.45 kmpl,1461 CC,83.8 bhp,5.0
Mahindra,XUV500,2012.0,680000.0,93000,Diesel,Dealer,Manual,First Owner,15.1 kmpl,2179 CC,140 bhp,7.0
Toyota,Innova,2008.0,325000.0,80000,Diesel,Individual,Manual,Fourth & Above Owner,12.8 kmpl,2494 CC,102 bhp,7.0
Tata,Indigo,2011.0,,50000,Petrol,Individual,Manual,Second Owner,15.64 kmpl,1193 CC,64.08 bhp,5.0
Hyundai,Elantra,2013.0,690000.0,68000,Petrol,Dealer,Automatic,First Owner,14.5 kmpl,1797 CC,147.5 bhp,5.0
Mercedes-Benz,New,2013.0,1550000.0,25000,Diesel,Individual,Automatic,First Owner,14.84 kmpl,2143 CC,170 bhp,5.0
Tata,Nano,2012.0,64000.0,18000,Petrol,Dealer,Manual,First Owner,25.4 kmpl,624 CC,37.5 bhp,4.0
Nissan,Micra,2013.0,250000.0,120000,Diesel,Individual,Manual,First Owner,23.08 kmpl,1461 CC,63.1 bhp,5.0
Maruti,Wagon,2005.0,65000.0,35000,Petrol,Individual,Manual,First Owner,18.9 kmpl,998 CC,67.1 bhp,5.0
Maruti,Swift,2016.0,550000.0,60000,Diesel,Individual,Manual,Second Owner,26.59 kmpl,1248 CC,74 bhp,5.0
Hyundai,i10,2010.0,140000.0,70000,Petrol,Individual,Manual,Fourth & Above Owner,20.36 kmpl,1197 CC,78.9 bhp,5.0
Renault,KWID,2016.0,300000.0,30000,Petrol,Individual,Manual,First Owner,25.17 kmpl,799 CC,53.3 bhp,5.0
Volkswagen,GTI,2016.0,800000.0,70000,Petrol,Individual,Automatic,First Owner,16.34 kmpl,1798 CC,189.3 bhp,5.0
Tata,Safari,2015.0,503000.0,110000,Diesel,Individual,Manual,First Owner,14.1 kmpl,2179 CC,147.94 bhp,7.0
Volvo,XC40,,3800000.0,20000,Diesel,Individual,Automatic,First Owner,18.0 kmpl,1969 CC,190 bhp,5.0
Toyota,Camry,2016.0,2000000.0,68089,Petrol,Trustmark Dealer,Automatic,First Owner,19.16 kmpl,2494 CC,157.7 bhp,5.0
Maruti,Wagon,2013.0,225000.0,58343,Petrol,Trustmark Dealer,Manual,First Owner,21.79 kmpl,998 CC,67.05 bhp,5.0
Maruti,Baleno,,740000.0,38817,Diesel,Dealer,Manual,First Owner,27.39 kmpl,1248 CC,74 bhp,5.0
Honda,Jazz,2016.0,550000.0,56494,Petrol,Trustmark Dealer,Manual,First Owner,18.2 kmpl,1199 CC,88.7 bhp,5.0
Toyota,,2013.0,750000.0,79328,Diesel,Trustmark Dealer,Manual,Second Owner,12.99 kmpl,2494 CC,100.6 bhp,7.0
Maruti,Swift,2019.0,650000.0,5621,Petrol,Trustmark Dealer,Automatic,First Owner,22.0 kmpl,1197 CC,81.80 bhp,5.0
Toyota,Etios,2017.0,625000.0,25538,Petrol,Trustmark Dealer,Manual,First Owner,16.78 kmpl,1496 CC,88.73 bhp,5.0
Maruti,Swift,2018.0,600000.0,69779,Petrol,Dealer,Automatic,First Owner,22.0 kmpl,1197 CC,81.80 bhp,5.0
Hyundai,Grand,2017.0,450000.0,56290,Diesel,Dealer,Manual,First Owner,24.0 kmpl,1186 CC,73.97 bhp,5.0
BMW,X4,2019.0,5400000.0,7500,Diesel,Dealer,Automatic,First Owner,16.78 kmpl,1995 CC,190 bhp,5.0
BMW,X4,2019.0,5500000.0,8500,Diesel,Dealer,Automatic,First Owner,16.78 kmpl,1995 CC,190 bhp,5.0
Honda,Amaze,2019.0,779000.0,7032,Petrol,Trustmark Dealer,Automatic,First Owner,19.0 kmpl,1199 CC,88.76 bhp,5.0
Volvo,V40,2018.0,,2000,Diesel,Dealer,Automatic,First Owner,16.8 kmpl,1984 CC,150 bhp,5.0
Hyundai,i10,2010.0,150000.0,106000,Petrol,Individual,Manual,Third Owner,20.36 kmpl,1197 CC,78.9 bhp,5.0
Honda,CR-V,2009.0,,120000,Petrol,Individual,Automatic,Second Owner,11.1 kmpl,2354 CC,158.8 bhp,5.0
Maruti,Swift,2015.0,480000.0,90000,Diesel,Individual,Manual,First Owner,26.59 kmpl,1248 CC,74 bhp,5.0
Hyundai,Verna,2014.0,535000.0,70000,Diesel,Individual,Manual,Third Owner,22.32 kmpl,1582 CC,126.32 bhp,5.0
Toyota,Innova,2005.0,250000.0,240000,Diesel,Individual,Manual,Third Owner,12.8 kmpl,2494 CC,102 bhp,8.0
Maruti,SX4,2012.0,300000.0,100000,Diesel,Individual,Manual,Second Owner,21.5 kmpl,1248 CC,88.8 bhp,5.0
Hyundai,Verna,2009.0,340000.0,214000,Petrol,Individual,Manual,Second Owner,13.9 kmpl,1599 CC,103.2 bhp,5.0
Hyundai,Verna,2009.0,340000.0,214000,Diesel,Individual,Manual,Second Owner,16.8 kmpl,1493 CC,110 bhp,5.0
Maruti,Alto,2016.0,,50000,Petrol,Individual,Manual,First Owner,22.74 kmpl,796 CC,47.3 bhp,5.0
Honda,City,2018.0,1085000.0,1000,Petrol,Individual,Automatic,First Owner,18.0 kmpl,1497 CC,117.6 bhp,5.0
Maruti,Swift,2017.0,750000.0,19000,Diesel,Individual,Automatic,First Owner,28.4 kmpl,1248 CC,74.02 bhp,5.0
Tata,Indigo,2012.0,95000.0,265000,Diesel,Individual,Manual,Second Owner,17.0 kmpl,1405 CC,70 bhp,5.0
Maruti,Eeco,2020.0,409999.0,35000,CNG,Individual,Manual,First Owner,20.88 km/kg,1196 CC,61.7 bhp,5.0
Maruti,,2014.0,215000.0,80000,Petrol,Individual,Manual,Second Owner,23.95 kmpl,998 CC,67.05 bhp,5.0
Mahindra,XUV500,2016.0,1290000.0,50000,Diesel,Individual,Automatic,First Owner,16.0 kmpl,2179 CC,140 bhp,7.0
Maruti,Alto,2010.0,150000.0,80000,Petrol,Individual,Manual,First Owner,20.92 kmpl,998 CC,67.1 bhp,5.0
Hyundai,EON,2013.0,219000.0,50000,Petrol,Individual,Manual,Second Owner,21.1 kmpl,814 CC,55.2 bhp,5.0
Tata,Tiago,2018.0,325000.0,100000,Petrol,Individual,Manual,First Owner,23.84 kmpl,1199 CC,84 bhp,5.0
Maruti,Eeco,2013.0,260000.0,120000,Petrol,Individual,Manual,Second Owner,15.1 kmpl,1196 CC,73 bhp,5.0
Honda,Amaze,2019.0,700000.0,40000,Diesel,Individual,Automatic,First Owner,23.8 kmpl,1498 CC,78.9 bhp,5.0
Hyundai,Creta,2017.0,950000.0,45000,Diesel,Individual,Manual,First Owner,21.38 kmpl,1396 CC,88.7 bhp,5.0
Maruti,,2010.0,160000.0,80000,Petrol,Individual,Manual,Second Owner,19.7 kmpl,796 CC,46.3 bhp,5.0
Hyundai,Xcent,2015.0,409999.0,135000,Diesel,Individual,Manual,Second Owner,24.4 kmpl,1120 CC,71.01 bhp,5.0
Toyota,Innova,2015.0,840000.0,120000,Diesel,Individual,Manual,Second Owner,12.99 kmpl,2494 CC,100.6 bhp,7.0
Toyota,Etios,2013.0,450000.0,67000,Diesel,Individual,Manual,First Owner,23.59 kmpl,1364 CC,67.1 bhp,5.0
Maruti,Swift,2017.0,900000.0,50000,Diesel,Individual,Manual,First Owner,28.4 kmpl,1248 CC,74.02 bhp,5.0
Toyota,Innova,2008.0,570000.0,134000,Diesel,Individual,Manual,Second Owner,12.8 kmpl,2494 CC,102 bhp,7.0
Nissan,Micra,2011.0,254999.0,110000,Diesel,Individual,Manual,Second Owner,23.08 kmpl,1461 CC,63.1 bhp,5.0
Maruti,800,2009.0,130000.0,40000,Petrol,Individual,Manual,First Owner,16.1 kmpl,796 CC,37 bhp,4.0
Maruti,Swift,2013.0,530000.0,120000,Diesel,Individual,Manual,Second Owner,23.4 kmpl,1248 CC,74 bhp,5.0
Volkswagen,Polo,2015.0,520000.0,110000,Diesel,Individual,Manual,Second Owner,20.14 kmpl,1498 CC,88.8 bhp,5.0
Mahindra,Verito,2011.0,229999.0,170000,Diesel,Individual,Manual,Second Owner,21.0 kmpl,1461 CC,64.1 bhp,5.0
Maruti,800,2004.0,81000.0,80000,Petrol,Individual,Manual,Second Owner,16.1 kmpl,796 CC,37 bhp,4.0
Maruti,Swift,2016.0,600000.0,47000,Diesel,Individual,Manual,First Owner,25.2 kmpl,1248 CC,74 bhp,5.0
Hyundai,Xcent,2015.0,409999.0,93000,Petrol,Individual,Manual,First Owner,19.1 kmpl,1197 CC,81.86 bhp,5.0
Maruti,800,2010.0,120000.0,70000,Petrol,Individual,Manual,Second Owner,16.1 kmpl,796 CC,37 bhp,4.0
Maruti,Celerio,2014.0,320000.0,50000,Petrol,Individual,Manual,First Owner,23.1 kmpl,998 CC,67.04 bhp,5.0
Ford,Figo,2015.0,292000.0,70000,Diesel,Individual,Manual,First Owner,20.0 kmpl,1399 CC,68.05 bhp,5.0
Tata,Safari,2012.0,390000.0,80000,Diesel,Individual,Manual,First Owner,13.93 kmpl,2179 CC,138.03 bhp,7.0
Ford,Figo,2016.0,550000.0,44000,Petrol,Individual,Manual,First Owner,18.16 kmpl,1196 CC,86.8 bhp,5.0
Maruti,Celerio,2014.0,385000.0,25000,Petrol,Individual,Manual,First Owner,23.1 kmpl,998 CC,67.04 bhp,5.0
Hyundai,Creta,2016.0,800000.0,25000,Petrol,Individual,Manual,First Owner,15.29 kmpl,1591 CC,121.3 bhp,5.0
Maruti,Swift,2019.0,675000.0,10000,Petrol,Individual,Manual,First Owner,21.21 kmpl,1197 CC,81.80 bhp,5.0
Tata,Hexa,2018.0,1525000.0,50000,Diesel,Individual,Manual,First Owner,17.6 kmpl,2179 CC,153.86 bhp,7.0
Ford,EcoSport,2018.0,950000.0,30000,Diesel,Individual,Manual,First Owner,23.0 kmpl,1498 CC,98.96 bhp,5.0
Hyundai,i20,2015.0,610000.0,50000,Diesel,Individual,Manual,Second Owner,21.19 kmpl,1396 CC,88.73 bhp,5.0
Hyundai,i20,2012.0,525000.0,120000,Diesel,Individual,Manual,First Owner,22.54 kmpl,1396 CC,88.73 bhp,5.0
Mahindra,Bolero,2015.0,375000.0,80000,Diesel,Individual,Manual,First Owner,15.96 kmpl,2523 CC,62.1 bhp,7.0
Nissan,Terrano,2015.0,580000.0,90000,Diesel,Individual,Manual,First Owner,20.45 kmpl,1461 CC,83.8 bhp,5.0
Maruti,Swift,2015.0,434999.0,50000,Petrol,Individual,Manual,Second Owner,20.4 kmpl,1197 CC,83.11 bhp,5.0
Datsun,RediGO,,350000.0,2136,Petrol,Individual,Manual,First Owner,22.5 kmpl,999 CC,67 bhp,5.0
Toyota,Innova,2012.0,730000.0,250000,Diesel,Individual,Manual,First Owner,12.99 kmpl,2494 CC,100 bhp,7.0
Hyundai,i20,2015.0,600000.0,35000,Petrol,Individual,Manual,First Owner,18.6 kmpl,1197 CC,81.83 bhp,5.0
Toyota,Innova,2015.0,1050000.0,120000,Diesel,Individual,Manual,First Owner,12.99 kmpl,2494 CC,100.6 bhp,7.0
Maruti,Baleno,2017.0,735000.0,70000,Diesel,Individual,Manual,First Owner,27.39 kmpl,1248 CC,74 bhp,5.0
Renault,Duster,2018.0,1050000.0,18000,Diesel,Dealer,Manual,First Owner,19.6 kmpl,1461 CC,108.45 bhp,5.0
Chevrolet,Enjoy,2016.0,420000.0,110000,Diesel,Individual,Manual,Second Owner,18.2 kmpl,1248 CC,73.74 bhp,7.0
Maruti,SX4,2017.0,800000.0,60000,Diesel,Individual,Manual,First Owner,23.65 kmpl,1248 CC,88.5 bhp,5.0
Toyota,Fortuner,2015.0,2000000.0,60000,Diesel,Individual,Automatic,First Owner,12.55 kmpl,2982 CC,168.5 bhp,7.0
Maruti,Swift,2016.0,600000.0,147000,Diesel,Individual,Manual,Second Owner,26.59 kmpl,1248 CC,74 bhp,5.0
Toyota,Fortuner,2015.0,1900000.0,130000,Diesel,Individual,Automatic,First Owner,12.55 kmpl,2982 CC,168.5 bhp,7.0
Chevrolet,Captiva,2011.0,500000.0,99500,Diesel,Individual,Manual,Third Owner,11.5 kmpl,1991 CC,147.9 bhp,7.0
Tata,Indica,2011.0,200000.0,110000,Diesel,Individual,Manual,Second Owner,17.0 kmpl,1405 CC,71 bhp,5.0
Nissan,Micra,2016.0,370000.0,35000,Petrol,Individual,Manual,First Owner,19.49 kmpl,1198 CC,67.04 bhp,5.0
Hyundai,Verna,2010.0,260000.0,110000,Diesel,Individual,Manual,Second Owner,16.2 kmpl,1493 CC,110 bhp,5.0
Mahindra,KUV,2016.0,280000.0,100000,Diesel,Individual,Manual,First Owner,25.32 kmpl,1198 CC,77 bhp,6.0
Maruti,Ertiga,2014.0,610000.0,21000,Petrol,Individual,Manual,First Owner,16.02 kmpl,1373 CC,93.7 bhp,7.0
Ford,Fiesta,2013.0,300000.0,60000,Diesel,Individual,Manual,Second Owner,23.5 kmpl,1498 CC,90 bhp,5.0
Tata,Indigo,2010.0,140000.0,40000,Diesel,Individual,Manual,First Owner,16.6 kmpl,1405 CC,70 bhp,5.0
Hyundai,i10,2008.0,229999.0,50000,Petrol,Individual,Manual,First Owner,19.81 kmpl,1086 CC,68.05 bhp,5.0
Maruti,A-Star,2010.0,200000.0,65000,Petrol,Individual,Manual,Second Owner,19.0 kmpl,998 CC,66.1 bhp,5.0
Maruti,Wagon,2011.0,200000.0,80000,Petrol,Individual,Manual,First Owner,18.9 kmpl,998 CC,67.1 bhp,5.0
Hyundai,Verna,2015.0,560000.0,119000,Diesel,Individual,Manual,First Owner,23.9 kmpl,1582 CC,126.2 bhp,5.0
Maruti,Ertiga,2016.0,750000.0,80000,Diesel,Individual,Manual,First Owner,24.52 kmpl,1248 CC,88.5 bhp,7.0
Maruti,Swift,2017.0,585000.0,90000,Diesel,Individual,Manual,First Owner,25.2 kmpl,1248 CC,74 bhp,5.0
Hyundai,Verna,2016.0,760000.0,20000,Petrol,Individual,Manual,First Owner,17.01 kmpl,1591 CC,121.4 bhp,5.0
Maruti,Swift,2014.0,430000.0,80000,Diesel,Individual,Manual,Second Owner,25.2 kmpl,1248 CC,74 bhp,5.0
Mahindra,KUV,2020.0,480000.0,44665,Diesel,Individual,Manual,First Owner,25.32 kmpl,1198 CC,77 bhp,6.0
Kia,Seltos,2019.0,643000.0,10000,Diesel,Individual,Manual,First Owner,20.8 kmpl,1493 CC,113.4 bhp,5.0
Hyundai,Xcent,2018.0,500000.0,60000,Petrol,Individual,Manual,First Owner,20.14 kmpl,1197 CC,81.86 bhp,5.0
Honda,Brio,2016.0,425000.0,22000,Petrol,Individual,Manual,First Owner,18.5 kmpl,1198 CC,86.8 bhp,5.0
Maruti,Alto,2014.0,250000.0,25000,Petrol,Individual,Manual,First Owner,22.74 kmpl,796 CC,47.3 bhp,5.0
Maruti,Celerio,2016.0,285000.0,70000,Diesel,Individual,Manual,First Owner,27.62 kmpl,793 CC,47 bhp,5.0
Maruti,Swift,2008.0,160000.0,123000,Petrol,Individual,Manual,Third Owner,17.5 kmpl,1298 CC,85.8 bhp,5.0
Volkswagen,Vento,2011.0,250000.0,70000,Diesel,Individual,Manual,Second Owner,20.54 kmpl,1598 CC,103.6 bhp,5.0
Chevrolet,Beat,2013.0,170000.0,70000,Petrol,Individual,Manual,Second Owner,18.6 kmpl,1199 CC,79.4 bhp,5.0
Toyota,Etios,2013.0,409999.0,45000,Diesel,Individual,Manual,First Owner,23.59 kmpl,1364 CC,67.06 bhp,5.0
Hyundai,Grand,2015.0,400000.0,40000,Petrol,Individual,Automatic,First Owner,18.9 kmpl,1197 CC,82 bhp,5.0
Maruti,Swift,2019.0,700000.0,30000,Diesel,Individual,Manual,First Owner,28.4 kmpl,1248 CC,74.02 bhp,5.0
Honda,Civic,2007.0,350000.0,90000,Petrol,Individual,Automatic,First Owner,12.9 kmpl,1799 CC,130 bhp,5.0
Maruti,Ertiga,2016.0,660000.0,34000,Petrol,Individual,Manual,Second Owner,17.5 kmpl,1373 CC,91.1 bhp,7.0
Maruti,Alto,2017.0,268000.0,25000,Petrol,Individual,Manual,First Owner,24.7 kmpl,796 CC,47.3 bhp,5.0
Maruti,Alto,2016.0,270000.0,50000,Petrol,Individual,Manual,First Owner,22.74 kmpl,796 CC,47.3 bhp,5.0
Chevrolet,Beat,2013.0,300000.0,50000,Diesel,Individual,Manual,First Owner,25.44 kmpl,936 CC,57.6 bhp,5.0
Tata,Tiago,2017.0,450000.0,90000,Petrol,Individual,Manual,First Owner,23.84 kmpl,1199 CC,84 bhp,5.0
Chevrolet,Beat,2012.0,220000.0,70000,Diesel,Individual,Manual,Second Owner,25.44 kmpl,936 CC,57.6 bhp,5.0
Tata,New,2009.0,250000.0,146000,Diesel,Individual,Manual,Second Owner,13.93 kmpl,2179 CC,138 bhp,7.0
Ford,Figo,2012.0,300000.0,85000,Petrol,Individual,Manual,Second Owner,15.6 kmpl,1196 CC,70 bhp,5.0
Tata,Indica,2009.0,88000.0,201850,Diesel,Individual,Manual,Second Owner,17.88 kmpl,1396 CC,52.8 bhp,5.0
Maruti,Swift,2016.0,561000.0,30000,Diesel,Individual,Manual,First Owner,26.59 kmpl,1248 CC,74 bhp,5.0
Maruti,Swift,2018.0,755000.0,15000,Diesel,Individual,Manual,First Owner,28.4 kmpl,1248 CC,74.02 bhp,5.0
Datsun,RediGO,2017.0,235000.0,25000,Petrol,Individual,Manual,First Owner,22.7 kmpl,799 CC,53.64 bhp,5.0
Maruti,Alto,2011.0,165000.0,90000,Petrol,Individual,Manual,First Owner,20.92 kmpl,998 CC,67.1 bhp,5.0
Maruti,Swift,2008.0,190000.0,80000,Diesel,Individual,Manual,Second Owner,19.3 kmpl,1248 CC,73.9 bhp,5.0
Tata,Indica,2011.0,110000.0,50000,Diesel,Individual,Manual,First Owner,17.2 kmpl,1396 CC,53.5 bhp,5.0
Mahindra,Bolero,2012.0,320000.0,80000,Diesel,Individual,Manual,Second Owner,13.6 kmpl,2523 CC,63 bhp,8.0
Hyundai,i20,2016.0,540000.0,38000,Petrol,Individual,Manual,First Owner,18.6 kmpl,1197 CC,81.83 bhp,5.0
Hyundai,EON,2013.0,180000.0,60000,Petrol,Individual,Manual,First Owner,21.1 kmpl,814 CC,55.2 bhp,5.0
Maruti,Swift,2012.0,450000.0,30000,Petrol,Individual,Manual,First Owner,17.5 kmpl,1197 CC,85.8 bhp,5.0
Maruti,Swift,2014.0,450000.0,30000,Petrol,Individual,Manual,First Owner,19.1 kmpl,1197 CC,85.8 bhp,5.0
Chevrolet,Beat,2015.0,200000.0,50000,Petrol,Individual,Manual,First Owner,18.6 kmpl,1199 CC,76.8 bhp,5.0
Tata,Tiago,2017.0,425000.0,42000,Petrol,Individual,Manual,First Owner,23.84 kmpl,1199 CC,84 bhp,5.0
Chevrolet,Sail,2016.0,400000.0,30000,Petrol,Individual,Manual,First Owner,18.2 kmpl,1199 CC,82.4 bhp,5.0
Maruti,Alto,2009.0,125000.0,60000,Petrol,Individual,Manual,Third Owner,19.7 kmpl,796 CC,46.3 bhp,5.0
Jeep,Compass,2018.0,1600000.0,14000,Diesel,Individual,Manual,First Owner,17.1 kmpl,1956 CC,170 bhp,5.0
Honda,,2015.0,900000.0,22000,Petrol,Individual,Manual,First Owner,17.4 kmpl,1497 CC,117.3 bhp,5.0
Volkswagen,Vento,2012.0,450000.0,90000,Diesel,Individual,Manual,First Owner,20.54 kmpl,1598 CC,103.6 bhp,5.0
Maruti,Alto,2011.0,210000.0,46000,Petrol,Individual,Manual,First Owner,20.92 kmpl,998 CC,67.1 bhp,5.0
Hyundai,i20,2018.0,801000.0,20000,Petrol,Individual,Manual,First Owner,18.6 kmpl,1197 CC,81.83 bhp,5.0
Tata,Venture,2014.0,317000.0,15000,Diesel,Individual,Manual,First Owner,15.42 kmpl,1405 CC,70 bhp,7.0
Maruti,,2015.0,600000.0,40000,Petrol,Individual,Manual,Second Owner,16.02 kmpl,1373 CC,93.7 bhp,7.0
Hyundai,i20,2014.0,330000.0,30000,Petrol,Individual,Manual,Second Owner,18.5 kmpl,1197 CC,82.85 bhp,5.0
Hyundai,EON,2017.0,320000.0,15000,Petrol,Individual,Manual,Second Owner,21.1 kmpl,814 CC,55.2 bhp,5.0
Hyundai,Getz,2007.0,120000.0,110000,Petrol,Individual,Manual,Second Owner,15.3 kmpl,1341 CC,83 bhp,5.0
Maruti,Alto,2009.0,130000.0,70000,Petrol,Individual,Manual,Second Owner,19.7 kmpl,796 CC,46.3 bhp,5.0
Chevrolet,Sail,2015.0,220000.0,80000,Petrol,Individual,Manual,First Owner,18.2 kmpl,1199 CC,82.4 bhp,5.0
Tata,Zest,2015.0,340000.0,110000,Petrol,Individual,Manual,First Owner,17.57 kmpl,1193 CC,88.7 bhp,5.0
Ford,Classic,2013.0,200000.0,70000,Diesel,Individual,Manual,Second Owner,19.68 kmpl,1399 CC,67 bhp,5.0
Maruti,Alto,2002.0,140000.0,50000,Petrol,Individual,Manual,Second Owner,19.7 kmpl,796 CC,46.3 bhp,5.0
Toyota,Innova,2013.0,,190000,Diesel,Individual,Manual,First Owner,12.99 kmpl,2494 CC,100.6 bhp,8.0
Mahindra,Bolero,2010.0,495000.0,100000,Diesel,Individual,Manual,Second Owner,13.6 kmpl,2523 CC,63 bhp,7.0
Maruti,Alto,2015.0,236000.0,60000,Petrol,Individual,Manual,First Owner,22.74 kmpl,796 CC,47.3 bhp,5.0
Maruti,Wagon,2015.0,390000.0,40000,Petrol,Individual,Manual,First Owner,20.51 kmpl,998 CC,67.04 bhp,5.0
Maruti,Swift,2009.0,275000.0,90000,Diesel,Individual,Manual,Second Owner,19.3 kmpl,1248 CC,73.9 bhp,5.0
,Vitara,2017.0,775000.0,32000,Diesel,Dealer,Manual,First Owner,24.3 kmpl,1248 CC,88.5 bhp,5.0
Toyota,Innova,2016.0,1800000.0,30000,Diesel,Individual,Automatic,First Owner,11.36 kmpl,2755 CC,171.5 bhp,7.0
Hyundai,Creta,2016.0,850000.0,58000,Diesel,Individual,Manual,First Owner,19.67 kmpl,1582 CC,126.2 bhp,5.0
Maruti,Vitara,2018.0,750000.0,5000,Diesel,Individual,Manual,First Owner,24.3 kmpl,1248 CC,88.5 bhp,5.0
Hyundai,i20,2018.0,570000.0,25000,Petrol,Individual,Manual,First Owner,18.6 kmpl,1197 CC,81.83 bhp,5.0
Hyundai,Grand,2018.0,580000.0,32000,Petrol,Individual,Manual,First Owner,18.9 kmpl,1197 CC,81.86 bhp,5.0
Honda,Jazz,2016.0,484999.0,30000,Petrol,Individual,Manual,First Owner,18.7 kmpl,1199 CC,88.7 bhp,5.0
Honda,BR-V,2017.0,700000.0,43000,Petrol,Dealer,Manual,First Owner,15.4 kmpl,1497 CC,117.3 bhp,7.0
Hyundai,Verna,2012.0,415000.0,60000,Petrol,Dealer,Manual,First Owner,17.7 kmpl,1497 CC,113.42 bhp,5.0
Nissan,Micra,2015.0,325000.0,50000,Petrol,Individual,Automatic,First Owner,19.34 kmpl,1198 CC,76 bhp,5.0
Ford,Figo,2018.0,550000.0,14200,Petrol,Individual,Manual,First Owner,18.16 kmpl,1196 CC,86.8 bhp,5.0
Hyundai,EON,2017.0,300000.0,10000,Petrol,Individual,Manual,First Owner,21.1 kmpl,814 CC,55.2 bhp,5.0
Datsun,RediGO,2018.0,217000.0,25000,Petrol,Individual,Manual,First Owner,22.7 kmpl,799 CC,53.64 bhp,5.0
Ford,Freestyle,2018.0,700000.0,19100,Petrol,Individual,Manual,First Owner,19.0 kmpl,1194 CC,94.68 bhp,5.0
Hyundai,Santro,2019.0,466000.0,25000,Petrol,Individual,Automatic,Fourth & Above Owner,20.3 kmpl,1086 CC,68 bhp,5.0
Ford,EcoSport,2014.0,484999.0,54000,Diesel,Dealer,Manual,First Owner,23.0 kmpl,1498 CC,98.96 bhp,5.0
Nissan,Sunny,2018.0,670000.0,35000,Diesel,Individual,Manual,First Owner,22.71 kmpl,1461 CC,84.8 bhp,5.0
Hyundai,Grand,2018.0,500000.0,20000,Petrol,Individual,Manual,Second Owner,18.9 kmpl,1197 CC,81.86 bhp,5.0
Maruti,SX4,2016.0,675000.0,52000,Diesel,Individual,Manual,First Owner,23.65 kmpl,1248 CC,88.5 bhp,5.0
Hyundai,i20,2011.0,220000.0,120000,Diesel,Individual,Manual,Second Owner,23.0 kmpl,1396 CC,90 bhp,5.0
Jeep,Compass,2017.0,1650000.0,50000,Diesel,Individual,Manual,First Owner,17.1 kmpl,1956 CC,170 bhp,5.0
Maruti,Ertiga,2013.0,630000.0,120000,Diesel,Individual,Manual,Second Owner,20.77 kmpl,1248 CC,88.8 bhp,7.0
Tata,Manza,2010.0,250000.0,90000,Diesel,Individual,Manual,Second Owner,18.8 kmpl,1248 CC,90 bhp,5.0
Maruti,Wagon,2004.0,120000.0,120000,Petrol,Individual,Manual,Third Owner,18.9 kmpl,998 CC,67.1 bhp,5.0
Skoda,Rapid,2015.0,300000.0,101500,Diesel,Individual,Manual,Second Owner,21.14 kmpl,1498 CC,103.52 bhp,5.0
Hyundai,Verna,2013.0,525000.0,75000,Diesel,Individual,Automatic,First Owner,22.32 kmpl,1582 CC,126.3 bhp,5.0
Mahindra,Scorpio,2016.0,1100000.0,100000,Diesel,Individual,Manual,First Owner,15.4 kmpl,1997 CC,120 bhp,7.0
Renault,Duster,2012.0,480000.0,55735,Diesel,Individual,Manual,Second Owner,19.01 kmpl,1461 CC,108.45 bhp,5.0
Mahindra,XUV500,2014.0,605000.0,80000,Diesel,Individual,Manual,Second Owner,15.1 kmpl,2179 CC,140 bhp,7.0
Maruti,Alto,2016.0,250000.0,50000,Petrol,Individual,Manual,Second Owner,24.7 kmpl,796 CC,47.3 bhp,5.0
Ford,Figo,2013.0,245000.0,70000,Diesel,Individual,Manual,Second Owner,20.0 kmpl,1399 CC,68.1 bhp,5.0
Hyundai,i10,2012.0,210000.0,76000,Petrol,Individual,Manual,Fourth & Above Owner,20.36 kmpl,1197 CC,78.9 bhp,5.0
Maruti,Swift,2020.0,730000.0,1500,Petrol,Individual,Manual,First Owner,21.21 kmpl,1197 CC,81.80 bhp,5.0
Mahindra,Bolero,2012.0,500000.0,76000,Diesel,Individual,Manual,First Owner,15.96 kmpl,2523 CC,62.1 bhp,7.0
Maruti,Wagon,2015.0,400000.0,40000,Petrol,Individual,Manual,First Owner,20.51 kmpl,998 CC,67.04 bhp,5.0
Hyundai,EON,2015.0,280000.0,60000,Petrol,Individual,Manual,Second Owner,21.1 kmpl,814 CC,55.2 bhp,5.0
Toyota,Innova,2009.0,561000.0,170000,Diesel,Individual,Manual,Third Owner,12.8 kmpl,2494 CC,102 bhp,8.0
Mitsubishi,Pajero,2013.0,950000.0,181491,Diesel,Dealer,Manual,First Owner,13.5 kmpl,2477 CC,175.56 bhp,7.0
,Beat,2016.0,375000.0,53319,Diesel,Dealer,Manual,First Owner,25.44 kmpl,936 CC,56.3 bhp,5.0
Volkswagen,Ameo,2017.0,700000.0,40906,Diesel,Dealer,Manual,First Owner,21.66 kmpl,1498 CC,108.62 bhp,5.0
Toyota,Etios,2012.0,375000.0,31711,Petrol,Dealer,Manual,Second Owner,17.6 kmpl,1496 CC,88.7 bhp,5.0
Hyundai,EON,2012.0,270000.0,43755,Petrol,Dealer,Manual,Second Owner,21.1 kmpl,814 CC,55.2 bhp,5.0
Renault,KWID,2016.0,300000.0,66693,Petrol,Dealer,Manual,First Owner,25.17 kmpl,799 CC,53.3 bhp,5.0
Maruti,Zen,2010.0,225000.0,59549,Petrol,Dealer,Manual,First Owner,19.0 kmpl,998 CC,67.1 bhp,5.0
Toyota,Innova,2015.0,1350000.0,94385,Diesel,Dealer,Manual,First Owner,12.99 kmpl,2494 CC,100.6 bhp,8.0
Maruti,Zen,2010.0,200000.0,73730,Petrol,Dealer,Manual,First Owner,18.2 kmpl,998 CC,67.1 bhp,5.0
Hyundai,Verna,2011.0,400000.0,221889,Diesel,Dealer,Manual,First Owner,22.32 kmpl,1582 CC,126.32 bhp,5.0
Honda,Amaze,2013.0,500000.0,116104,Diesel,Dealer,Manual,First Owner,25.8 kmpl,1498 CC,98.6 bhp,5.0
,Swift,2015.0,500000.0,150546,Petrol,Dealer,Manual,First Owner,22.0 kmpl,1197 CC,81.80 bhp,5.0
Toyota,Fortuner,2013.0,1500000.0,148120,Diesel,Dealer,Manual,First Owner,14.24 kmpl,2755 CC,174.5 bhp,7.0
Ford,Ecosport,2015.0,555000.0,20000,Petrol,Individual,Manual,Second Owner,15.8 kmpl,1499 CC,110 bhp,5.0
Hyundai,Grand,2018.0,580000.0,30000,Petrol,Individual,Automatic,First Owner,18.9 kmpl,1197 CC,81.86 bhp,5.0
Tata,Aria,2011.0,337000.0,142000,Diesel,Individual,Manual,Third Owner,13.7 kmpl,2179 CC,138.1 bhp,7.0
Tata,Sumo,2011.0,,20000,Diesel,Individual,Manual,First Owner,12.2 kmpl,1948 CC,68 bhp,10.0
Tata,Manza,2009.0,180000.0,120000,Diesel,Individual,Manual,Second Owner,18.8 kmpl,1248 CC,90 bhp,5.0
Hyundai,i10,2011.0,200000.0,80000,Petrol,Individual,Manual,First Owner,19.81 kmpl,1086 CC,68.05 bhp,5.0
Tata,Indigo,2016.0,260000.0,60000,Diesel,Individual,Manual,First Owner,19.09 kmpl,1405 CC,69.01 bhp,5.0
Renault,KWID,2016.0,350000.0,25000,Petrol,Individual,Manual,First Owner,23.01 kmpl,999 CC,67 bhp,5.0
Mahindra,Bolero,2011.0,409999.0,50000,Diesel,Individual,Manual,Second Owner,13.6 kmpl,2523 CC,63 bhp,7.0
,TUV,2017.0,655000.0,126000,Diesel,Individual,Manual,First Owner,18.49 kmpl,1493 CC,100 bhp,7.0
Maruti,Swift,2015.0,370000.0,170000,Diesel,Individual,Manual,First Owner,26.59 kmpl,1248 CC,74 bhp,5.0
Maruti,Alto,2013.0,200000.0,24000,Petrol,Individual,Manual,First Owner,22.74 kmpl,796 CC,47.3 bhp,5.0
Maruti,Ertiga,2017.0,800000.0,100000,Diesel,Individual,Manual,Second Owner,24.52 kmpl,1248 CC,88.5 bhp,7.0
Tata,Tiago,2019.0,550000.0,10000,Petrol,Individual,Manual,First Owner,24.0 kmpl,1199 CC,83.81 bhp,5.0
Ford,Figo,2012.0,300000.0,70000,Diesel,Individual,Manual,Second Owner,20.0 kmpl,1399 CC,68 bhp,5.0
Maruti,Omni,2017.0,220000.0,40000,Petrol,Individual,Manual,First Owner,16.8 kmpl,796 CC,34.2 bhp,8.0
Maruti,Wagon,2011.0,196000.0,110000,Petrol,Individual,Manual,First Owner,18.9 kmpl,998 CC,67.1 bhp,5.0
Hyundai,i10,2008.0,135000.0,80000,Petrol,Individual,Manual,Second Owner,19.81 kmpl,1086 CC,68.05 bhp,5.0
Tata,Bolt,2015.0,299000.0,16500,Petrol,Individual,Manual,First Owner,17.57 kmpl,1193 CC,88.7 bhp,5.0
Maruti,Alto,2017.0,300000.0,30000,Petrol,Individual,Manual,First Owner,23.95 kmpl,998 CC,67.05 bhp,5.0
Maruti,Ertiga,2017.0,720000.0,80000,Diesel,Individual,Manual,First Owner,24.52 kmpl,1248 CC,88.5 bhp,7.0
Tata,Safari,2016.0,650000.0,50000,Diesel,Individual,Manual,Third Owner,14.1 kmpl,2179 CC,147.94 bhp,7.0
Maruti,Alto,2016.0,300000.0,25000,Petrol,Individual,Manual,First Owner,23.95 kmpl,998 CC,67.05 bhp,5.0
Hyundai,Grand,2019.0,750000.0,20000,Diesel,Individual,Manual,First Owner,24.0 kmpl,1186 CC,73.97 bhp,5.0
Renault,KWID,2016.0,260000.0,60000,Petrol,Individual,Manual,First Owner,25.17 kmpl,799 CC,53.3 bhp,5.0
Maruti,Swift,2011.0,300000.0,70000,Diesel,Individual,Manual,Second Owner,22.9 kmpl,1248 CC,74 bhp,5.0
Mahindra,Bolero,2014.0,600000.0,50000,Diesel,Individual,Manual,Second Owner,15.96 kmpl,2523 CC,62.1 bhp,7.0
Honda,Accord,2004.0,275000.0,100000,Petrol,Individual,Automatic,Second Owner,9.0 kmpl,2997 CC,218 bhp,5.0
Maruti,Alto,2015.0,250000.0,52000,Petrol,Individual,Manual,First Owner,23.95 kmpl,998 CC,67.05 bhp,5.0
Maruti,Swift,2014.0,420000.0,80000,Diesel,Individual,Manual,First Owner,23.4 kmpl,1248 CC,74 bhp,5.0
Hyundai,EON,2015.0,235000.0,50000,Petrol,Individual,Manual,First Owner,21.1 kmpl,814 CC,55.2 bhp,5.0
Mahindra,Scorpio,2016.0,1100000.0,60000,Diesel,Individual,Manual,First Owner,15.4 kmpl,2179 CC,120 bhp,7.0
Maruti,Alto,2019.0,360000.0,25000,Petrol,Individual,Manual,First Owner,23.95 kmpl,998 CC,67.05 bhp,5.0
Hyundai,Grand,2014.0,380000.0,50000,Diesel,Individual,Manual,Second Owner,24.0 kmpl,1120 CC,70 bhp,5.0
Ford,EcoSport,2016.0,650000.0,125000,Diesel,Individual,Manual,First Owner,22.77 kmpl,1498 CC,98.59 bhp,5.0
Maruti,Wagon,2016.0,350000.0,80000,Petrol,Individual,Manual,First Owner,20.51 kmpl,998 CC,67.04 bhp,5.0
Mahindra,Bolero,2017.0,700000.0,70000,Diesel,Individual,Manual,First Owner,15.96 kmpl,2523 CC,63 bhp,9.0
Hyundai,i20,2010.0,270000.0,90000,Diesel,Individual,Manual,Third Owner,23.0 kmpl,1396 CC,90 bhp,5.0
Tata,Bolt,2017.0,450000.0,50000,Diesel,Individual,Manual,First Owner,22.95 kmpl,1248 CC,74 bhp,5.0
Mahindra,Thar,2016.0,630000.0,101000,Diesel,Individual,Manual,First Owner,16.55 kmpl,2498 CC,105 bhp,6.0
Mahindra,Xylo,2010.0,229999.0,168000,Diesel,Individual,Manual,First Owner,14.0 kmpl,2498 CC,112 bhp,7.0
Maruti,Wagon,2011.0,270000.0,40000,Petrol,Individual,Manual,First Owner,18.9 kmpl,998 CC,67.1 bhp,5.0
Tata,Indica,2009.0,135000.0,28900,Petrol,Individual,Manual,Second Owner,0.0 kmpl,1172 CC,65 bhp,5.0
Maruti,Wagon,2012.0,275000.0,20000,Petrol,Individual,Manual,First Owner,18.9 kmpl,998 CC,67.1 bhp,5.0
Mahindra,TUV,2015.0,634000.0,165000,Diesel,Individual,Manual,First Owner,18.49 kmpl,1493 CC,100 bhp,7.0
Maruti,,2012.0,235000.0,98500,Petrol,Individual,Manual,Second Owner,19.0 kmpl,998 CC,66.1 bhp,5.0
Hyundai,i10,2008.0,275000.0,98000,Petrol,Individual,Manual,Third Owner,20.36 kmpl,1197 CC,78.9 bhp,5.0
Mahindra,Thar,2014.0,700000.0,40000,Diesel,Individual,Manual,Second Owner,16.55 kmpl,2498 CC,105 bhp,6.0
Fiat,Grande,2013.0,400000.0,90000,Diesel,Individual,Manual,First Owner,20.3 kmpl,1248 CC,92 bhp,5.0
Maruti,Alto,2012.0,215000.0,90000,Petrol,Individual,Manual,Third Owner,19.7 kmpl,796 CC,46.3 bhp,5.0
Hyundai,Getz,2009.0,150000.0,110000,Diesel,Individual,Manual,Second Owner,17.1 kmpl,1493 CC,110 bhp,5.0
Maruti,S-Cross,2018.0,950000.0,77800,Diesel,Individual,Manual,First Owner,25.1 kmpl,1248 CC,88.5 bhp,5.0
Mahindra,TUV,2015.0,,100000,Diesel,Individual,Manual,First Owner,18.49 kmpl,1493 CC,100 bhp,7.0
Tata,Indica,2012.0,135000.0,120000,Diesel,Individual,Manual,Second Owner,19.0 kmpl,1405 CC,71 bhp,5.0
Hyundai,Xcent,2016.0,350000.0,80000,Petrol,Individual,Manual,Second Owner,19.1 kmpl,1197 CC,82 bhp,5.0
Mahindra,KUV,2018.0,535000.0,21000,Petrol,Individual,Manual,Second Owner,18.15 kmpl,1198 CC,82 bhp,6.0
Maruti,Swift,2018.0,455000.0,100000,Petrol,Individual,Manual,Second Owner,19.0 kmpl,1197 CC,85.8 bhp,5.0
Maruti,Swift,2019.0,655000.0,25000,Petrol,Individual,Manual,First Owner,21.21 kmpl,1197 CC,81.80 bhp,5.0
Ford,EcoSport,,800000.0,30000,Diesel,Individual,Manual,Third Owner,23.0 kmpl,1498 CC,98.96 bhp,5.0
Toyota,Yaris,2018.0,1100000.0,25000,Petrol,Individual,Automatic,First Owner,17.8 kmpl,1496 CC,105.5 bhp,5.0
Mercedes-Benz,E-Class,2016.0,3000000.0,40000,Diesel,Individual,Automatic,First Owner,13.0 kmpl,2143 CC,204 bhp,5.0
Toyota,Fortuner,2012.0,1225000.0,160000,Diesel,Individual,Automatic,First Owner,11.5 kmpl,2982 CC,169 bhp,7.0
Mahindra,KUV,2018.0,340000.0,51492,Petrol,Individual,Manual,First Owner,18.15 kmpl,1198 CC,82 bhp,6.0
Volkswagen,Vento,2011.0,300000.0,72000,Diesel,Individual,Manual,Second Owner,20.54 kmpl,1598 CC,103.6 bhp,5.0
Ford,Figo,2016.0,370000.0,60000,Petrol,Individual,Manual,First Owner,18.16 kmpl,1196 CC,86.8 bhp,5.0
Mahindra,Bolero,2013.0,330000.0,136000,Diesel,Individual,Manual,Second Owner,15.96 kmpl,2523 CC,62.1 bhp,7.0
Hyundai,Santro,2014.0,238000.0,60000,Petrol,Individual,Manual,First Owner,17.92 kmpl,1086 CC,62.1 bhp,5.0
Hyundai,,2013.0,200000.0,90000,Petrol,Individual,Manual,First Owner,17.92 kmpl,1086 CC,62.1 bhp,5.0
Nissan,Sunny,2014.0,320000.0,91000,Diesel,Individual,Manual,Fourth & Above Owner,22.71 kmpl,1461 CC,84.8 bhp,5.0
Hyundai,Santro,2009.0,114999.0,90000,Petrol,Individual,Manual,Fourth & Above Owner,17.92 kmpl,1086 CC,62.1 bhp,5.0
Maruti,Wagon,2015.0,320000.0,50000,Petrol,Individual,Manual,Second Owner,20.51 kmpl,998 CC,67.04 bhp,5.0
Hyundai,i10,2010.0,210000.0,20000,Petrol,Individual,Manual,First Owner,19.81 kmpl,1086 CC,68.05 bhp,5.0
Mahindra,Xylo,2011.0,200000.0,120000,Diesel,Individual,Manual,First Owner,14.0 kmpl,2489 CC,95 bhp,8.0
Maruti,Wagon,2009.0,135000.0,150000,Petrol,Individual,Manual,Second Owner,18.9 kmpl,1061 CC,67 bhp,5.0
Tata,Indigo,2015.0,350000.0,52000,Diesel,Individual,Manual,First Owner,19.09 kmpl,1405 CC,69.01 bhp,5.0
Mahindra,Bolero,2014.0,350000.0,167000,Diesel,Individual,Manual,Second Owner,13.6 kmpl,2523 CC,63 bhp,8.0
Maruti,Swift,2017.0,680000.0,40000,Diesel,Individual,Manual,First Owner,28.4 kmpl,1248 CC,74.02 bhp,5.0
Maruti,Swift,2010.0,200000.0,190000,Diesel,Individual,Manual,Second Owner,17.8 kmpl,1248 CC,75 bhp,5.0
Renault,KWID,2016.0,300000.0,50000,Petrol,Individual,Manual,First Owner,23.01 kmpl,999 CC,67 bhp,5.0
Mahindra,Xylo,2011.0,270000.0,70000,Diesel,Individual,Manual,Second Owner,14.0 kmpl,2498 CC,112 bhp,7.0
Maruti,Wagon,2012.0,225000.0,80000,Petrol,Individual,Manual,Second Owner,18.9 kmpl,998 CC,67.1 bhp,5.0
Mahindra,Bolero,2008.0,,120000,Diesel,Individual,Manual,First Owner,13.6 kmpl,2523 CC,63 bhp,8.0
Mahindra,TUV,2015.0,590000.0,40000,Diesel,Individual,Manual,Second Owner,18.49 kmpl,1493 CC,100 bhp,7.0
Hyundai,EON,2015.0,290000.0,17000,Petrol,Individual,Manual,First Owner,21.1 kmpl,814 CC,55.2 bhp,5.0
Maruti,Zen,2010.0,100000.0,180000,Petrol,Individual,Manual,Second Owner,19.0 kmpl,998 CC,67.1 bhp,5.0
Maruti,Celerio,2016.0,395000.0,50000,Petrol,Individual,Manual,First Owner,23.1 kmpl,998 CC,67.04 bhp,5.0
Hyundai,EON,2014.0,195000.0,65000,Petrol,Individual,Manual,Second Owner,21.1 kmpl,814 CC,55.2 bhp,5.0
Tata,Nano,2011.0,45000.0,10000,Petrol,Individual,Manual,Third Owner,26.0 kmpl,624 CC,35 bhp,4.0
Mahindra,Bolero,2009.0,270000.0,70000,Diesel,Individual,Manual,Second Owner,13.6 kmpl,2523 CC,63 bhp,8.0
Chevrolet,Tavera,2014.0,600000.0,90000,Diesel,Individual,Manual,Second Owner,13.58 kmpl,2499 CC,72.4 bhp,9.0
Hyundai,i20,2015.0,715000.0,50000,Diesel,Individual,Manual,First Owner,22.54 kmpl,1396 CC,88.73 bhp,5.0
,Elite,2019.0,600000.0,10000,Petrol,Individual,Manual,First Owner,18.6 kmpl,1197 CC,81.86 bhp,5.0
Mahindra,TUV,2019.0,875000.0,25000,Diesel,Individual,Manual,First Owner,18.49 kmpl,1493 CC,100 bhp,7.0
Mahindra,Scorpio,2011.0,420000.0,100000,Diesel,Individual,Manual,Second Owner,13.5 kmpl,2179 CC,115 bhp,5.0
Honda,CR-V,2007.0,325000.0,70000,Petrol,Individual,Automatic,Second Owner,10.1 kmpl,2354 CC,152 bhp,5.0
Datsun,GO,2017.0,385000.0,30000,Petrol,Individual,Manual,First Owner,20.63 kmpl,1198 CC,67.06 bhp,5.0
Mahindra,KUV,2016.0,300000.0,40000,Petrol,Individual,Manual,First Owner,18.15 kmpl,1198 CC,82 bhp,6.0
Hyundai,i20,2012.0,335000.0,135000,Diesel,Individual,Manual,First Owner,21.9 kmpl,1396 CC,88.76 bhp,5.0
Maruti,Celerio,2014.0,300000.0,35000,Petrol,Individual,Manual,First Owner,23.1 kmpl,998 CC,67.04 bhp,5.0
Hyundai,Accent,2004.0,80000.0,120000,Petrol,Individual,Manual,Second Owner,13.2 kmpl,1495 CC,94 bhp,5.0
Mahindra,Bolero,2012.0,400000.0,120000,Diesel,Individual,Manual,First Owner,15.96 kmpl,2523 CC,62.1 bhp,7.0
Tata,Indigo,2012.0,168000.0,190000,Diesel,Individual,Manual,Second Owner,19.09 kmpl,1396 CC,69 bhp,5.0
Mahindra,Bolero,2016.0,550000.0,120000,Diesel,Individual,Manual,First Owner,15.96 kmpl,2523 CC,62.1 bhp,9.0
Mahindra,Bolero,2011.0,320000.0,175000,Diesel,Individual,Manual,Third Owner,13.6 kmpl,2523 CC,63 bhp,7.0
Mahindra,Bolero,2011.0,320000.0,175000,Diesel,Individual,Manual,Third Owner,15.96 kmpl,2523 CC,63 bhp,9.0
Nissan,Sunny,2011.0,350000.0,25000,Petrol,Individual,Manual,Second Owner,16.95 kmpl,1498 CC,97.7 bhp,5.0
Tata,Manza,2013.0,280000.0,80000,Diesel,Individual,Manual,First Owner,21.02 kmpl,1248 CC,88.76 bhp,5.0
Hyundai,Xcent,2017.0,550000.0,70000,Diesel,Individual,Manual,Second Owner,24.4 kmpl,1120 CC,71 bhp,5.0
Hyundai,Xcent,2018.0,500000.0,10000,Petrol,Individual,Manual,First Owner,20.14 kmpl,1197 CC,81.86 bhp,5.0
Ford,Freestyle,2019.0,700000.0,6000,Petrol,Individual,Manual,First Owner,19.0 kmpl,1194 CC,94.68 bhp,5.0
Skoda,Rapid,2013.0,380000.0,90000,Diesel,Individual,Manual,Second Owner,20.5 kmpl,1598 CC,103.5 bhp,5.0
Mahindra,Bolero,2012.0,340000.0,110000,Diesel,Individual,Manual,Second Owner,15.96 kmpl,2523 CC,63 bhp,9.0
Mahindra,Bolero,2007.0,160000.0,120000,Diesel,Individual,Manual,Third Owner,13.6 kmpl,2523 CC,63 bhp,9.0
Toyota,Innova,2014.0,750000.0,50000,Diesel,Individual,Manual,First Owner,12.99 kmpl,2494 CC,100.6 bhp,7.0
Hyundai,Grand,2018.0,531000.0,20000,Petrol,Individual,Automatic,First Owner,18.9 kmpl,1197 CC,81.86 bhp,5.0
Renault,KWID,2017.0,300000.0,35000,Petrol,Individual,Manual,First Owner,23.01 kmpl,999 CC,67 bhp,5.0
Volkswagen,Polo,2014.0,350000.0,60000,Diesel,Individual,Manual,Second Owner,20.14 kmpl,1498 CC,88.8 bhp,5.0
Chevrolet,Beat,2010.0,150000.0,68000,Petrol,Individual,Manual,Fourth & Above Owner,18.6 kmpl,1199 CC,79.4 bhp,5.0
Maruti,Swift,2015.0,450000.0,30000,Petrol,Individual,Manual,First Owner,20.4 kmpl,1197 CC,81.80 bhp,5.0
Mahindra,XUV500,2017.0,1625000.0,54000,Diesel,Individual,Manual,First Owner,16.0 kmpl,2179 CC,140 bhp,7.0
Tata,Indica,2006.0,85000.0,120000,Diesel,Individual,Manual,Third Owner,16.8 kmpl,1405 CC,68 bhp,5.0
Hyundai,Grand,2018.0,450000.0,30000,Petrol,Individual,Manual,First Owner,18.9 kmpl,1197 CC,81.86 bhp,5.0
Tata,Tiago,2017.0,360000.0,50000,Diesel,Individual,Manual,First Owner,27.28 kmpl,1047 CC,69 bhp,5.0
,Alto,2020.0,390000.0,6000,Petrol,Individual,Manual,First Owner,23.95 kmpl,998 CC,67.05 bhp,5.0
Maruti,Eeco,2011.0,145000.0,50000,Petrol,Individual,Manual,Second Owner,15.37 kmpl,1196 CC,73 bhp,7.0
Mahindra,Scorpio,2012.0,540000.0,90000,Diesel,Individual,Manual,Third Owner,12.05 kmpl,2179 CC,120 bhp,8.0
Toyota,Innova,2008.0,290000.0,126000,Diesel,Individual,Manual,Third Owner,12.8 kmpl,2494 CC,102 bhp,8.0
Tata,,2013.0,300000.0,90000,Diesel,Individual,Manual,First Owner,25.0 kmpl,1396 CC,69 bhp,5.0
Ford,Figo,2017.0,565000.0,80000,Petrol,Individual,Manual,First Owner,18.16 kmpl,1196 CC,86.8 bhp,5.0
Mahindra,Scorpio,2011.0,441000.0,70000,Diesel,Individual,Manual,Second Owner,10.5 kmpl,2609 CC,120 bhp,7.0
Hyundai,EON,2011.0,180000.0,80000,Petrol,Individual,Manual,Second Owner,21.1 kmpl,814 CC,55.2 bhp,5.0
Hyundai,EON,2013.0,200000.0,80000,Petrol,Individual,Manual,Second Owner,21.1 kmpl,814 CC,55.2 bhp,5.0
Maruti,Alto,2005.0,85000.0,150000,Petrol,Individual,Manual,Second Owner,19.7 kmpl,796 CC,46.3 bhp,5.0
Tata,Indica,2006.0,67500.0,110000,Diesel,Individual,Manual,Fourth & Above Owner,17.88 kmpl,1396 CC,52.8 bhp,5.0
Maruti,Vitara,2016.0,700000.0,110000,Diesel,Individual,Manual,Second Owner,24.3 kmpl,1248 CC,88.5 bhp,5.0
Volkswagen,Polo,2010.0,275000.0,80000,Diesel,Individual,Manual,Fourth & Above Owner,22.07 kmpl,1199 CC,73.9 bhp,5.0
Hyundai,Grand,2019.0,600000.0,20000,Petrol,Individual,Manual,First Owner,18.9 kmpl,1197 CC,81.86 bhp,5.0
Mahindra,Xylo,2011.0,250000.0,120000,Diesel,Individual,Manual,First Owner,13.0 kmpl,2489 CC,95 bhp,8.0
Mahindra,Bolero,2016.0,,120000,Diesel,Individual,Manual,First Owner,15.96 kmpl,2523 CC,63 bhp,9.0
Fiat,Linea,2010.0,200000.0,80000,Diesel,Individual,Manual,Second Owner,20.4 kmpl,1248 CC,91.2 bhp,5.0
Hyundai,Grand,2015.0,425000.0,91500,Diesel,Individual,Manual,Second Owner,24.0 kmpl,1120 CC,70 bhp,5.0
Maruti,Swift,2012.0,420000.0,120000,Diesel,Individual,Manual,Second Owner,19.3 kmpl,1248 CC,73.9 bhp,5.0
Hyundai,i20,2012.0,321000.0,100000,Diesel,Individual,Manual,Second Owner,23.0 kmpl,1396 CC,90 bhp,5.0
Mahindra,Xylo,2012.0,350000.0,120000,Diesel,Individual,Manual,Fourth & Above Owner,14.0 kmpl,2498 CC,112 bhp,8.0
Honda,Amaze,2017.0,490000.0,80000,Petrol,Individual,Manual,First Owner,17.8 kmpl,1198 CC,86.7 bhp,5.0
Mahindra,Scorpio,2015.0,680000.0,90000,Diesel,Individual,Manual,First Owner,15.4 kmpl,2523 CC,75 bhp,7.0
Maruti,Alto,2016.0,298000.0,70000,Petrol,Individual,Manual,First Owner,23.95 kmpl,998 CC,67.05 bhp,5.0
Mahindra,Scorpio,2011.0,450000.0,150000,Diesel,Individual,Manual,Fourth & Above Owner,13.5 kmpl,2179 CC,115 bhp,5.0
Tata,Indica,2012.0,250000.0,40000,Diesel,Individual,Manual,First Owner,22.3 kmpl,1248 CC,74 bhp,5.0
Ford,Endeavour,2013.0,1075000.0,110000,Diesel,Individual,Automatic,Third Owner,12.8 kmpl,2953 CC,156 bhp,7.0
Hyundai,Grand,2017.0,500000.0,20000,Petrol,Individual,Manual,First Owner,18.9 kmpl,1197 CC,82 bhp,5.0
Ford,Freestyle,2019.0,681000.0,10000,Petrol,Individual,Manual,First Owner,19.0 kmpl,1194 CC,94.68 bhp,5.0
Mahindra,XUV500,2014.0,650000.0,90000,Diesel,Individual,Manual,Second Owner,15.1 kmpl,2179 CC,140 bhp,7.0
Chevrolet,Aveo,2008.0,80000.0,70000,Petrol,Individual,Manual,Second Owner,15.26 kmpl,1150 CC,74.9 bhp,5.0
Mahindra,Bolero,2009.0,290000.0,120000,Diesel,Individual,Manual,First Owner,13.6 kmpl,2523 CC,63 bhp,7.0
Mahindra,Scorpio,2006.0,220000.0,120000,Diesel,Individual,Manual,Second Owner,10.5 kmpl,2179 CC,120 bhp,8.0
Hyundai,Santro,2009.0,120000.0,90000,Petrol,Individual,Manual,Second Owner,0.0 kmpl,1086 CC,62 bhp,5.0
Datsun,RediGO,2017.0,229999.0,80000,Petrol,Individual,Manual,First Owner,22.7 kmpl,799 CC,53 bhp,5.0
Mahindra,Bolero,2003.0,150000.0,132478,Diesel,Individual,Manual,Second Owner,13.6 kmpl,2523 CC,63 bhp,7.0
Maruti,Swift,2014.0,500000.0,45000,Petrol,Individual,Manual,First Owner,19.1 kmpl,1197 CC,85.8 bhp,5.0
Tata,Indigo,2013.0,175000.0,120000,Diesel,Individual,Manual,First Owner,19.09 kmpl,1396 CC,69 bhp,5.0
Ford,Freestyle,,720000.0,10000,Petrol,Individual,Manual,First Owner,19.0 kmpl,1194 CC,94.68 bhp,5.0
Maruti,800,2012.0,100000.0,51000,Petrol,Individual,Manual,First Owner,16.1 kmpl,796 CC,37 bhp,4.0
Honda,Civic,2009.0,250000.0,105000,Petrol,Individual,Automatic,Second Owner,12.9 kmpl,1799 CC,130 bhp,5.0
Mahindra,XUV500,2014.0,810000.0,100000,Diesel,Individual,Manual,First Owner,15.1 kmpl,2179 CC,140 bhp,7.0
Maruti,Alto,2010.0,165000.0,30000,Petrol,Individual,Manual,Third Owner,19.7 kmpl,796 CC,46.3 bhp,5.0
Chevrolet,,2016.0,409999.0,60000,Diesel,Individual,Manual,Second Owner,12.2 kmpl,1994 CC,105.3 bhp,10.0
Maruti,Swift,2013.0,430000.0,86000,Diesel,Individual,Manual,Second Owner,22.9 kmpl,1248 CC,74 bhp,5.0
,GO,2015.0,300000.0,15000,Petrol,Individual,Manual,First Owner,20.62 kmpl,1198 CC,67 bhp,7.0
Maruti,Swift,2011.0,350000.0,137500,Diesel,Individual,Manual,Third Owner,19.3 kmpl,1248 CC,73.9 bhp,5.0
,KWID,2018.0,400000.0,60000,Petrol,Individual,Manual,First Owner,23.01 kmpl,999 CC,67 bhp,5.0
Chevrolet,Enjoy,2016.0,420000.0,70000,Diesel,Individual,Manual,First Owner,18.2 kmpl,1248 CC,73.74 bhp,7.0
Maruti,Wagon,2015.0,430000.0,5000,Petrol,Individual,Manual,First Owner,20.51 kmpl,998 CC,67.04 bhp,5.0
Maruti,Swift,2017.0,573000.0,30000,Petrol,Individual,Manual,First Owner,20.4 kmpl,1197 CC,81.80 bhp,5.0
Hyundai,,2015.0,210000.0,40000,Petrol,Individual,Manual,First Owner,21.1 kmpl,814 CC,55.2 bhp,5.0
Renault,Duster,2015.0,600000.0,60000,Diesel,Individual,Manual,First Owner,19.01 kmpl,1461 CC,108.45 bhp,5.0
Honda,City,2008.0,150000.0,70000,Petrol,Individual,Manual,Third Owner,17.7 kmpl,1497 CC,78 bhp,5.0
Tata,Tigor,2019.0,550000.0,15000,Petrol,Individual,Manual,First Owner,20.3 kmpl,1199 CC,84 bhp,5.0
Maruti,Swift,2011.0,320000.0,110000,Diesel,Individual,Manual,Second Owner,19.3 kmpl,1248 CC,73.9 bhp,5.0
Maruti,800,2000.0,80000.0,70000,Petrol,Individual,Manual,Fourth & Above Owner,16.1 kmpl,796 CC,37 bhp,4.0
Honda,Amaze,2019.0,800000.0,10000,Diesel,Individual,Manual,First Owner,27.4 kmpl,1498 CC,98.63 bhp,5.0
Maruti,,2013.0,500000.0,60000,Petrol,Individual,Manual,First Owner,16.02 kmpl,1373 CC,93.7 bhp,7.0
Tata,Manza,2011.0,229999.0,110000,Diesel,Individual,Manual,Second Owner,18.8 kmpl,1248 CC,90 bhp,5.0
Hyundai,i20,2015.0,630000.0,35000,Petrol,Individual,Manual,First Owner,18.6 kmpl,1197 CC,81.83 bhp,5.0
Maruti,Omni,2016.0,190000.0,70000,Petrol,Individual,Manual,Second Owner,16.8 kmpl,796 CC,34.2 bhp,8.0
Mahindra,Bolero,2011.0,450000.0,100000,Diesel,Individual,Manual,Second Owner,13.6 kmpl,2523 CC,63 bhp,7.0
Maruti,Alto,2008.0,95000.0,120000,Petrol,Individual,Manual,First Owner,19.7 kmpl,796 CC,46.3 bhp,5.0
Maruti,Omni,2009.0,101000.0,90000,Petrol,Individual,Manual,Fourth & Above Owner,19.7 kmpl,796 CC,35 bhp,8.0
Honda,Amaze,2016.0,500000.0,70000,Diesel,Individual,Manual,Second Owner,25.8 kmpl,1498 CC,98.6 bhp,5.0
Toyota,Innova,2014.0,1019999.0,88000,Diesel,Individual,Manual,Second Owner,12.99 kmpl,2494 CC,100.6 bhp,
Hyundai,EON,2012.0,244000.0,38000,Petrol,Individual,Manual,First Owner,21.1 kmpl,814 CC,55.2 bhp,5.0
Maruti,Wagon,2013.0,250000.0,90000,Petrol,Individual,Manual,Second Owner,20.51 kmpl,998 CC,67.04 bhp,5.0
Maruti,Baleno,2016.0,660000.0,60000,Petrol,Individual,Manual,First Owner,21.4 kmpl,1197 CC,83.1 bhp,5.0
Hyundai,i20,2010.0,270000.0,60000,Petrol,Individual,Manual,First Owner,18.5 kmpl,1197 CC,80 bhp,5.0
Maruti,Ritz,2012.0,280000.0,156060,Diesel,Individual,Manual,First Owner,23.2 kmpl,1248 CC,73.94 bhp,5.0
Hyundai,Creta,2017.0,1050000.0,60000,Diesel,Individual,Manual,First Owner,19.67 kmpl,1582 CC,126.2 bhp,
Maruti,Swift,2017.0,525000.0,70000,Petrol,Individual,Manual,First Owner,20.85 kmpl,1197 CC,83.14 bhp,5.0
,Verna,2017.0,850000.0,35000,Diesel,Individual,Manual,First Owner,23.9 kmpl,1582 CC,126.2 bhp,5.0
Mahindra,XUV500,2016.0,1165000.0,50000,Diesel,Individual,Manual,First Owner,16.0 kmpl,1997 CC,140 bhp,7.0
Maruti,Swift,2012.0,345000.0,50000,Petrol,Individual,Manual,Second Owner,18.6 kmpl,1197 CC,85.8 bhp,5.0
Hyundai,Santro,2007.0,95000.0,100000,Petrol,Individual,Manual,Second Owner,17.8 kmpl,1086 CC,63 bhp,5.0
,Alto,2015.0,241000.0,15000,Petrol,Individual,Manual,First Owner,22.74 kmpl,796 CC,47.3 bhp,5.0
Maruti,Alto,2015.0,235000.0,20000,Petrol,Individual,Manual,First Owner,22.74 kmpl,796 CC,47.3 bhp,5.0
Ford,EcoSport,2015.0,615000.0,80000,Diesel,Individual,Manual,First Owner,22.77 kmpl,1498 CC,98.59 bhp,5.0
Mahindra,Verito,2014.0,,110000,Diesel,Individual,Manual,Second Owner,20.8 kmpl,1461 CC,64.1 bhp,5.0
Maruti,Wagon,2014.0,350000.0,35000,Petrol,Individual,Manual,First Owner,20.51 kmpl,998 CC,67.04 bhp,5.0
Maruti,Wagon,2014.0,380000.0,35000,Petrol,Individual,Manual,First Owner,20.51 kmpl,998 CC,67.04 bhp,5.0
Tata,Sumo,2017.0,400000.0,140000,Diesel,Individual,Manual,First Owner,14.07 kmpl,2956 CC,69.01 bhp,7.0
Maruti,Zen,2010.0,220000.0,40000,Petrol,Individual,Manual,First Owner,19.0 kmpl,998 CC,67.1 bhp,5.0
Tata,Sumo,2008.0,270000.0,110000,Diesel,Individual,Manual,Third Owner,14.4 kmpl,2179 CC,120 bhp,7.0
Maruti,Ritz,2012.0,275000.0,70000,Petrol,Individual,Manual,Second Owner,18.5 kmpl,1197 CC,85.80 bhp,5.0
Tata,Indica,2009.0,125000.0,100000,Diesel,Individual,Manual,Second Owner,17.0 kmpl,1405 CC,71 bhp,5.0
Hyundai,i10,2015.0,360000.0,20000,Petrol,Individual,Manual,First Owner,19.81 kmpl,1086 CC,68.05 bhp,5.0
Hyundai,Grand,2019.0,550000.0,15000,Petrol,Individual,Manual,First Owner,18.9 kmpl,1197 CC,81.86 bhp,5.0
Ford,Fiesta,2011.0,200000.0,70000,Petrol,Individual,Manual,Second Owner,16.6 kmpl,1388 CC,68 bhp,5.0
Mahindra,KUV,2016.0,327000.0,20000,Petrol,Individual,Manual,First Owner,18.15 kmpl,1198 CC,82 bhp,6.0
Hyundai,i10,2016.0,425000.0,15000,Petrol,Individual,Manual,First Owner,19.81 kmpl,1086 CC,68.05 bhp,5.0
Maruti,Swift,2017.0,620000.0,107000,Diesel,Individual,Manual,First Owner,28.4 kmpl,1248 CC,74.02 bhp,5.0
Tata,Indica,2011.0,130000.0,54000,Diesel,Individual,Manual,Second Owner,18.4 kmpl,1248 CC,75 bhp,5.0
Maruti,Alto,2009.0,120000.0,58000,Petrol,Individual,Manual,First Owner,19.7 kmpl,796 CC,46.3 bhp,5.0
Mahindra,Scorpio,2011.0,400000.0,110000,Diesel,Individual,Manual,Second Owner,12.05 kmpl,2179 CC,120 bhp,8.0
Hyundai,Verna,2007.0,185000.0,90000,Diesel,Individual,Manual,Fourth & Above Owner,16.8 kmpl,1493 CC,110 bhp,5.0
Hyundai,EON,2015.0,204999.0,43000,Petrol,Individual,Manual,Second Owner,20.3 kmpl,998 CC,68.05 bhp,5.0
Maruti,Swift,2017.0,625000.0,43000,Diesel,Individual,Manual,First Owner,28.4 kmpl,1248 CC,74.02 bhp,5.0
Maruti,Ertiga,2013.0,600000.0,60000,Diesel,Individual,Manual,First Owner,20.77 kmpl,1248 CC,88.8 bhp,7.0
Tata,Indigo,2011.0,150000.0,150000,Petrol,Individual,Manual,First Owner,12.8 kmpl,1396 CC,85 bhp,5.0
Chevrolet,Sail,2013.0,,46000,Petrol,Individual,Manual,First Owner,18.2 kmpl,1199 CC,84.8 bhp,5.0
Maruti,Omni,2018.0,,10000,Petrol,Individual,Manual,First Owner,16.8 kmpl,796 CC,34.2 bhp,8.0
Hyundai,i20,2016.0,576000.0,35000,Petrol,Individual,Manual,First Owner,18.6 kmpl,1197 CC,81.83 bhp,5.0
Renault,KWID,2016.0,265000.0,50000,Petrol,Individual,Manual,First Owner,25.17 kmpl,799 CC,53.3 bhp,5.0
Hyundai,Verna,2011.0,300000.0,80000,Diesel,Individual,Manual,First Owner,22.32 kmpl,1582 CC,126.32 bhp,5.0
Tata,Tigor,2017.0,420000.0,110000,Diesel,Individual,Manual,First Owner,24.7 kmpl,1047 CC,69 bhp,5.0
Maruti,Ertiga,2015.0,750000.0,14000,Diesel,Individual,Manual,First Owner,20.77 kmpl,1248 CC,88.76 bhp,7.0
Maruti,Alto,2012.0,165000.0,60000,CNG,Individual,Manual,Second Owner,30.46 km/kg,796 CC,47.3 bhp,5.0
Renault,KWID,2017.0,290000.0,28000,Petrol,Individual,Manual,First Owner,25.17 kmpl,799 CC,53.3 bhp,5.0
Hyundai,EON,2011.0,160000.0,57000,Petrol,Individual,Manual,First Owner,21.1 kmpl,814 CC,55.2 bhp,5.0
Maruti,Swift,2017.0,695000.0,50000,Diesel,Individual,Manual,First Owner,26.59 kmpl,1248 CC,74 bhp,5.0
Maruti,Wagon,2012.0,231000.0,70000,LPG,Individual,Manual,First Owner,26.2 km/kg,998 CC,58.2 bhp,5.0
Toyota,Corolla,2015.0,1050000.0,60000,Diesel,Individual,Manual,First Owner,21.43 kmpl,1364 CC,87.2 bhp,5.0
Hyundai,i20,2013.0,400000.0,70000,Petrol,Individual,Manual,First Owner,18.5 kmpl,1197 CC,82.85 bhp,5.0
Hyundai,i20,2016.0,500000.0,40000,Petrol,Individual,Manual,First Owner,18.6 kmpl,1197 CC,81.83 bhp,5.0
Tata,Manza,2010.0,150000.0,120000,Diesel,Individual,Manual,Second Owner,21.12 kmpl,1248 CC,88.8 bhp,5.0
Mahindra,Xylo,2016.0,400000.0,140000,Diesel,Individual,Manual,Second Owner,14.02 kmpl,2179 CC,118.3 bhp,7.0
Tata,Indigo,2010.0,120000.0,100000,Diesel,Individual,Manual,Second Owner,17.0 kmpl,1405 CC,70 bhp,5.0
Mahindra,Xylo,2014.0,480000.0,120000,Diesel,Individual,Manual,Second Owner,14.02 kmpl,2179 CC,118.3 bhp,7.0
Tata,Indigo,2013.0,200000.0,120000,Diesel,Individual,Manual,Second Owner,19.09 kmpl,1405 CC,69.01 bhp,5.0
Ford,Fiesta,2012.0,300000.0,64000,Diesel,Individual,Manual,Second Owner,17.8 kmpl,1399 CC,67 bhp,5.0
Maruti,Celerio,2015.0,350000.0,25000,Petrol,Individual,Manual,First Owner,23.1 kmpl,998 CC,67.04 bhp,5.0
Renault,Triber,2019.0,580000.0,12000,Petrol,Individual,Manual,First Owner,20.0 kmpl,999 CC,72 bhp,7.0
Chevrolet,Beat,2012.0,200000.0,70000,Diesel,Individual,Manual,Second Owner,25.44 kmpl,936 CC,57.6 bhp,5.0
Mahindra,Scorpio,2016.0,750000.0,120000,Diesel,Individual,Manual,First Owner,11.0 kmpl,2179 CC,120 bhp,5.0
Renault,KWID,2016.0,261000.0,90000,Petrol,Individual,Manual,First Owner,25.17 kmpl,799 CC,53.3 bhp,5.0
Chevrolet,Sail,2015.0,371000.0,40000,Petrol,Individual,Manual,First Owner,18.2 kmpl,1199 CC,82.4 bhp,5.0
Mahindra,Bolero,2010.0,320000.0,300000,Diesel,Individual,Manual,Third Owner,13.6 kmpl,2523 CC,63 bhp,7.0
Tata,Indigo,2012.0,204999.0,120000,Diesel,Individual,Manual,Second Owner,19.09 kmpl,1396 CC,69 bhp,5.0
Hyundai,Accent,2003.0,110000.0,90000,Petrol,Individual,Manual,Second Owner,13.2 kmpl,1495 CC,94 bhp,5.0
Ford,Fusion,2009.0,150000.0,100000,Diesel,Individual,Manual,Fourth & Above Owner,17.7 kmpl,1399 CC,68 bhp,5.0
,Bolero,2016.0,625000.0,90000,Diesel,Individual,Manual,Second Owner,15.96 kmpl,2523 CC,62.1 bhp,7.0
Mahindra,Scorpio,2017.0,,50000,Diesel,Individual,Manual,Second Owner,15.4 kmpl,1997 CC,120 bhp,7.0
Skoda,Octavia,2015.0,900000.0,168000,Diesel,Individual,Manual,First Owner,20.6 kmpl,1968 CC,141 bhp,5.0
Ford,Figo,2010.0,180000.0,110000,Diesel,Individual,Manual,Second Owner,20.0 kmpl,1399 CC,68 bhp,5.0
Mahindra,Bolero,2010.0,421000.0,120000,Diesel,Individual,Manual,Second Owner,13.6 kmpl,2523 CC,63 bhp,7.0
Honda,WR-V,2017.0,900000.0,40000,Diesel,Individual,Manual,First Owner,25.5 kmpl,1498 CC,98.6 bhp,5.0
Honda,City,2006.0,165000.0,110000,Petrol,Individual,Manual,Second Owner,17.7 kmpl,1497 CC,78 bhp,5.0
Hyundai,i20,2010.0,270000.0,100000,Diesel,Individual,Manual,Fourth & Above Owner,21.9 kmpl,1396 CC,90 bhp,5.0
Maruti,Vitara,2017.0,750000.0,40000,Diesel,Individual,Manual,First Owner,24.3 kmpl,1248 CC,88.5 bhp,5.0
Hyundai,Elite,,750000.0,30000,Petrol,Individual,Manual,First Owner,18.6 kmpl,1197 CC,81.86 bhp,5.0
Maruti,800,2002.0,,80000,Petrol,Individual,Manual,Third Owner,16.1 kmpl,796 CC,37 bhp,4.0
Ford,Figo,2011.0,190000.0,90000,Diesel,Individual,Manual,Second Owner,20.0 kmpl,1399 CC,68 bhp,5.0
Toyota,Innova,2009.0,395000.0,200000,Diesel,Individual,Manual,Third Owner,12.8 kmpl,2494 CC,102 bhp,7.0
Toyota,Fortuner,2010.0,800000.0,125000,Diesel,Individual,Manual,Second Owner,11.5 kmpl,2982 CC,171 bhp,7.0
Hyundai,i20,2011.0,315000.0,80000,Petrol,Individual,Manual,First Owner,17.0 kmpl,1197 CC,80 bhp,5.0
Audi,A4,2014.0,1600000.0,44000,Diesel,Individual,Automatic,Second Owner,16.55 kmpl,1968 CC,147.51 bhp,5.0
Toyota,Etios,2013.0,409999.0,90000,Diesel,Individual,Manual,First Owner,23.59 kmpl,1364 CC,67.04 bhp,5.0
Hyundai,i20,2013.0,340000.0,70000,Petrol,Individual,Manual,First Owner,18.5 kmpl,1197 CC,82.85 bhp,5.0
Hyundai,EON,2015.0,270000.0,43000,Petrol,Individual,Manual,First Owner,21.1 kmpl,814 CC,55.2 bhp,5.0
Tata,Zest,2017.0,280000.0,80000,Diesel,Individual,Manual,First Owner,22.95 kmpl,1248 CC,74 bhp,5.0
Tata,Indica,2012.0,130000.0,60000,Diesel,Individual,Manual,First Owner,22.3 kmpl,1248 CC,74 bhp,5.0
Hyundai,EON,2014.0,260000.0,18945,Petrol,Individual,Manual,First Owner,21.1 kmpl,814 CC,55.2 bhp,5.0
Hyundai,Grand,2018.0,710000.0,70000,Diesel,Individual,Manual,First Owner,24.0 kmpl,1186 CC,73.97 bhp,5.0
Maruti,Eeco,2013.0,204999.0,100000,Petrol,Individual,Manual,Third Owner,15.1 kmpl,1196 CC,73 bhp,7.0
Datsun,GO,2017.0,300000.0,60000,Petrol,Individual,Manual,First Owner,20.62 kmpl,1198 CC,67 bhp,7.0
Maruti,Swift,2009.0,180000.0,144000,Diesel,Individual,Manual,Second Owner,19.3 kmpl,1248 CC,73.9 bhp,5.0
Mahindra,TUV,2016.0,700000.0,120000,Diesel,Individual,Manual,First Owner,18.49 kmpl,1493 CC,100 bhp,7.0
Hyundai,i20,2012.0,320000.0,107825,Diesel,Individual,Manual,Second Owner,21.9 kmpl,1396 CC,90 bhp,5.0
Maruti,Alto,2020.0,370000.0,15000,Petrol,Individual,Manual,First Owner,22.05 kmpl,796 CC,47.3 bhp,5.0
Renault,KWID,2018.0,340000.0,10000,Petrol,Individual,Manual,First Owner,25.17 kmpl,799 CC,53.3 bhp,5.0
Maruti,XL6,2019.0,1040000.0,1620,Petrol,Individual,Manual,First Owner,19.01 kmpl,1462 CC,103.2 bhp,6.0
Hyundai,i20,2018.0,750000.0,30000,Diesel,Individual,Manual,First Owner,21.19 kmpl,1396 CC,88.76 bhp,5.0
Mahindra,TUV,2018.0,600000.0,70000,Diesel,Individual,Manual,First Owner,18.49 kmpl,2179 CC,120 bhp,9.0
Mahindra,Bolero,2016.0,550000.0,70000,Diesel,Individual,Manual,First Owner,15.96 kmpl,2523 CC,63 bhp,9.0
Toyota,Innova,2013.0,600000.0,95000,Diesel,Individual,Manual,Second Owner,12.99 kmpl,2494 CC,100.57 bhp,7.0
Tata,Tigor,2017.0,550000.0,50000,Diesel,Individual,Manual,First Owner,24.7 kmpl,1047 CC,69 bhp,5.0
Honda,City,2015.0,750000.0,160000,Diesel,Individual,Manual,First Owner,25.1 kmpl,1498 CC,98.6 bhp,5.0
Hyundai,Santro,2019.0,450000.0,10000,Petrol,Individual,Manual,First Owner,20.3 kmpl,1086 CC,68 bhp,5.0
Maruti,Ertiga,2012.0,400000.0,100000,Diesel,Individual,Manual,Third Owner,20.77 kmpl,1248 CC,88.76 bhp,7.0
Maruti,Swift,2016.0,520000.0,50000,Diesel,Individual,Manual,Second Owner,25.2 kmpl,1248 CC,74 bhp,5.0
Maruti,Alto,2013.0,199000.0,60000,Petrol,Individual,Manual,Second Owner,20.2 kmpl,998 CC,67.1 bhp,5.0
Chevrolet,Beat,2012.0,150000.0,110000,Diesel,Individual,Manual,First Owner,25.44 kmpl,936 CC,57.6 bhp,5.0
Hyundai,i20,2016.0,540000.0,80000,Diesel,Individual,Manual,Third Owner,21.19 kmpl,1396 CC,88.73 bhp,5.0
Maruti,SX4,2011.0,250000.0,85000,Diesel,Individual,Manual,Second Owner,21.5 kmpl,1248 CC,88.8 bhp,5.0
Maruti,Wagon,2010.0,200000.0,90000,Petrol,Individual,Manual,Second Owner,18.9 kmpl,1061 CC,67 bhp,5.0
Tata,Indica,2011.0,130000.0,90000,Diesel,Individual,Manual,Second Owner,25.0 kmpl,1396 CC,69 bhp,5.0
Maruti,800,2007.0,90000.0,90000,Petrol,Individual,Manual,First Owner,16.1 kmpl,796 CC,37 bhp,4.0
Hyundai,Verna,2012.0,450000.0,120000,Diesel,Individual,Manual,Second Owner,22.32 kmpl,1582 CC,126.32 bhp,5.0
Hyundai,Verna,2009.0,280000.0,120000,Diesel,Individual,Manual,First Owner,18.1 kmpl,1493 CC,110 bhp,5.0
Tata,New,2007.0,280000.0,160000,Diesel,Individual,Manual,Second Owner,13.93 kmpl,2956 CC,138.1 bhp,7.0
Maruti,,2006.0,120000.0,141000,Petrol,Individual,Manual,Second Owner,17.3 kmpl,993 CC,60 bhp,5.0
Maruti,Swift,2008.0,290000.0,100000,Diesel,Individual,Manual,Second Owner,17.8 kmpl,1248 CC,75 bhp,5.0
Hyundai,Creta,2019.0,1000000.0,15000,Diesel,Individual,Manual,First Owner,22.1 kmpl,1396 CC,88.7 bhp,5.0
Maruti,Swift,2012.0,,108000,Diesel,Individual,Manual,First Owner,19.3 kmpl,1248 CC,73.9 bhp,5.0
Maruti,,2012.0,,108000,Diesel,Individual,Manual,First Owner,23.4 kmpl,1248 CC,74 bhp,5.0
Chevrolet,Beat,2015.0,240000.0,55000,Diesel,Individual,Manual,First Owner,25.44 kmpl,936 CC,56.3 bhp,5.0
Tata,Indica,2010.0,250000.0,37944,Diesel,Individual,Manual,First Owner,18.4 kmpl,1248 CC,75 bhp,5.0
Ford,Figo,2011.0,175000.0,90400,Diesel,Individual,Manual,First Owner,20.0 kmpl,1399 CC,68 bhp,5.0
Hyundai,Verna,2008.0,220000.0,85000,Diesel,Individual,Manual,Second Owner,16.8 kmpl,1493 CC,110 bhp,5.0
Maruti,Zen,2003.0,85000.0,120000,Diesel,Individual,Manual,Third Owner,20.8 kmpl,1527 CC,58 bhp,5.0
Maruti,Swift,2019.0,675000.0,5000,Petrol,Individual,Manual,First Owner,21.21 kmpl,1197 CC,81.80 bhp,5.0
Renault,Duster,2016.0,535000.0,50000,Diesel,Individual,Manual,First Owner,19.87 kmpl,1461 CC,83.8 bhp,5.0
Renault,Triber,2019.0,675000.0,5000,Petrol,Individual,Manual,First Owner,20.0 kmpl,999 CC,72 bhp,7.0
Maruti,Vitara,2016.0,800000.0,90000,Diesel,Individual,Manual,First Owner,24.3 kmpl,1248 CC,88.5 bhp,5.0
Maruti,Ertiga,2012.0,425000.0,96000,Diesel,Individual,Manual,Second Owner,20.77 kmpl,1248 CC,88.8 bhp,7.0
Maruti,,2011.0,150000.0,80000,Petrol,Individual,Manual,Third Owner,15.37 kmpl,1196 CC,73 bhp,5.0
Maruti,Zen,2007.0,90000.0,60000,Petrol,Individual,Manual,Second Owner,18.2 kmpl,1061 CC,64 bhp,5.0
Mahindra,XUV500,2015.0,850000.0,90000,Diesel,Individual,Manual,First Owner,15.1 kmpl,2179 CC,140 bhp,7.0
Toyota,Innova,2008.0,330000.0,193623,Diesel,Individual,Manual,Second Owner,12.8 kmpl,2494 CC,102 bhp,8.0
Hyundai,i20,2017.0,850000.0,63186,Diesel,Individual,Manual,First Owner,22.54 kmpl,1396 CC,88.73 bhp,5.0
Mahindra,Bolero,2008.0,305000.0,219000,Diesel,Individual,Manual,Second Owner,13.6 kmpl,2523 CC,63 bhp,7.0
Toyota,Innova,2013.0,910000.0,110000,Diesel,Individual,Manual,Second Owner,12.99 kmpl,2494 CC,100 bhp,7.0
Toyota,Innova,2012.0,1100000.0,151000,Diesel,Individual,Manual,First Owner,12.8 kmpl,2494 CC,102 bhp,8.0
Maruti,Baleno,2019.0,675000.0,5000,Petrol,Individual,Automatic,First Owner,21.4 kmpl,1197 CC,83.1 bhp,5.0
Maruti,Alto,2010.0,150000.0,91500,Petrol,Individual,Manual,First Owner,19.7 kmpl,796 CC,46.3 bhp,5.0
Maruti,Swift,2015.0,550000.0,23000,Diesel,Individual,Manual,First Owner,25.2 kmpl,1248 CC,74 bhp,5.0
Volkswagen,Vento,2012.0,350000.0,40000,Diesel,Individual,Manual,First Owner,20.54 kmpl,1598 CC,103.6 bhp,5.0
Maruti,Ritz,2012.0,300000.0,70000,Diesel,Individual,Manual,First Owner,23.2 kmpl,1248 CC,73.94 bhp,5.0
Toyota,Innova,2018.0,1745000.0,10000,Diesel,Individual,Automatic,First Owner,11.36 kmpl,2755 CC,171.5 bhp,7.0
Mahindra,Scorpio,2014.0,611000.0,90000,Diesel,Individual,Manual,Second Owner,14.0 kmpl,2523 CC,75 bhp,7.0
Honda,Brio,2016.0,400000.0,68000,Petrol,Individual,Manual,First Owner,19.4 kmpl,1198 CC,86.8 bhp,5.0
Hyundai,Elantra,2013.0,700000.0,120000,Diesel,Individual,Manual,First Owner,22.7 kmpl,1582 CC,126.24 bhp,5.0
Chevrolet,Sail,2013.0,300000.0,65000,Diesel,Individual,Manual,First Owner,22.1 kmpl,1248 CC,76.9 bhp,5.0
Hyundai,Getz,2005.0,65000.0,85000,Petrol,Individual,Manual,First Owner,15.3 kmpl,1341 CC,83 bhp,5.0
Maruti,Wagon,2011.0,200000.0,94000,Petrol,Individual,Manual,Third Owner,18.9 kmpl,998 CC,67.1 bhp,5.0
Hyundai,i20,2015.0,650000.0,100000,Diesel,Individual,Manual,First Owner,22.54 kmpl,1396 CC,88.73 bhp,5.0
Hyundai,i20,2015.0,650000.0,80000,Diesel,Individual,Manual,First Owner,22.54 kmpl,1396 CC,88.73 bhp,5.0
Volkswagen,Polo,2013.0,350000.0,80000,Diesel,Individual,Manual,Third Owner,22.07 kmpl,1199 CC,73.9 bhp,5.0
Tata,Indica,2011.0,75000.0,140500,Diesel,Individual,Manual,Third Owner,17.88 kmpl,1396 CC,52.8 bhp,5.0
Maruti,Swift,2010.0,240000.0,143000,Petrol,Individual,Manual,First Owner,17.5 kmpl,1298 CC,85.8 bhp,5.0
Maruti,Alto,2013.0,240000.0,60000,Petrol,Individual,Manual,First Owner,20.92 kmpl,998 CC,67.1 bhp,5.0
Tata,Indica,2011.0,,120000,Diesel,Individual,Manual,Second Owner,18.4 kmpl,1248 CC,75 bhp,5.0
Hyundai,Santa,2014.0,900000.0,80000,Diesel,Individual,Automatic,Second Owner,13.01 kmpl,2199 CC,194.3 bhp,7.0
Mahindra,Thar,2014.0,425000.0,63000,Diesel,Individual,Manual,Second Owner,18.06 kmpl,2523 CC,63 bhp,7.0
Chevrolet,Spark,2009.0,95000.0,120000,Petrol,Individual,Manual,Third Owner,18.0 kmpl,995 CC,62 bhp,5.0
Maruti,Swift,2018.0,811000.0,100000,Diesel,Individual,Manual,First Owner,28.4 kmpl,1248 CC,74.02 bhp,5.0
Hyundai,Verna,2018.0,1100000.0,60000,Petrol,Individual,Manual,First Owner,17.0 kmpl,1591 CC,121.3 bhp,5.0
Chevrolet,Tavera,2013.0,600000.0,90000,Diesel,Individual,Manual,First Owner,13.58 kmpl,2499 CC,72.4 bhp,9.0
Maruti,Ertiga,2014.0,550000.0,50000,Diesel,Individual,Manual,Second Owner,20.77 kmpl,1248 CC,88.76 bhp,7.0
Mahindra,Scorpio,2015.0,715000.0,70000,Diesel,Individual,Manual,First Owner,15.4 kmpl,2179 CC,120 bhp,7.0
Tata,Indigo,2006.0,100000.0,120000,Diesel,Individual,Manual,Third Owner,16.1 kmpl,1405 CC,70 bhp,5.0
Mahindra,Scorpio,2013.0,500000.0,195000,Diesel,Individual,Manual,First Owner,14.0 kmpl,2523 CC,75 bhp,8.0
Maruti,Wagon,2013.0,350000.0,40000,Petrol,Individual,Manual,First Owner,20.51 kmpl,998 CC,67.04 bhp,5.0
Tata,Indica,2008.0,100000.0,40000,Diesel,Individual,Manual,First Owner,16.8 kmpl,1405 CC,62 bhp,5.0
Tata,Safari,2012.0,325000.0,120000,Diesel,Individual,Manual,First Owner,13.93 kmpl,2179 CC,138.03 bhp,7.0
Maruti,Wagon,2012.0,220000.0,360003,Petrol,Individual,Manual,Second Owner,18.9 kmpl,998 CC,67.1 bhp,5.0
Maruti,800,1999.0,55000.0,60000,Petrol,Individual,Manual,Second Owner,16.1 kmpl,796 CC,37 bhp,4.0
Renault,KWID,2016.0,330000.0,20000,Petrol,Individual,Manual,First Owner,25.17 kmpl,799 CC,53.3 bhp,5.0
Mahindra,Bolero,2014.0,480000.0,37000,Diesel,Individual,Manual,First Owner,15.96 kmpl,2523 CC,62.1 bhp,7.0
Maruti,S-Cross,2018.0,950000.0,57000,Diesel,Individual,Manual,Second Owner,25.1 kmpl,1248 CC,88.5 bhp,5.0
Hyundai,Verna,2011.0,300000.0,110000,Diesel,Individual,Manual,Second Owner,16.2 kmpl,1493 CC,110 bhp,5.0
Hyundai,Verna,2006.0,170000.0,110000,Petrol,Individual,Manual,Fourth & Above Owner,13.9 kmpl,1599 CC,103.2 bhp,5.0
Toyota,Innova,2013.0,850000.0,120000,Diesel,Individual,Manual,Second Owner,12.99 kmpl,2494 CC,100.57 bhp,8.0
Tata,Tigor,2019.0,900000.0,8079,Diesel,Dealer,Manual,First Owner,24.7 kmpl,1047 CC,69 bhp,5.0
Toyota,Innova,2015.0,1325000.0,114368,Diesel,Dealer,Manual,Second Owner,12.99 kmpl,2494 CC,100.6 bhp,7.0
Ford,Fiesta,2012.0,350000.0,79990,Diesel,Dealer,Manual,Second Owner,17.8 kmpl,1399 CC,67 bhp,5.0
Ford,Figo,2012.0,425000.0,81632,Diesel,Dealer,Manual,First Owner,20.0 kmpl,1399 CC,68 bhp,5.0
Ford,Aspire,2016.0,600000.0,155201,Diesel,Dealer,Manual,First Owner,26.1 kmpl,1498 CC,99.23 bhp,5.0
Ford,Ecosport,2014.0,750000.0,101504,Diesel,Dealer,Manual,First Owner,22.7 kmpl,1498 CC,89.84 bhp,5.0
Ford,Fiesta,2012.0,450000.0,90165,Diesel,Dealer,Manual,First Owner,17.8 kmpl,1399 CC,67 bhp,5.0
Ford,Figo,2010.0,325000.0,86017,Diesel,Dealer,Manual,Second Owner,25.5 kmpl,1498 CC,99.23 bhp,5.0
Mahindra,XUV500,2013.0,900000.0,85036,Diesel,Dealer,Manual,Second Owner,15.1 kmpl,2179 CC,140 bhp,7.0
Ford,EcoSport,2013.0,,125531,Diesel,Dealer,Manual,Second Owner,22.77 kmpl,1498 CC,98.59 bhp,5.0
Hyundai,Verna,2019.0,1100000.0,10000,Petrol,Individual,Manual,First Owner,17.0 kmpl,1591 CC,121.3 bhp,5.0
Tata,Tiago,2017.0,520000.0,20000,Petrol,Individual,Manual,First Owner,23.84 kmpl,1199 CC,84 bhp,5.0
Mahindra,Scorpio,2015.0,885000.0,170000,Diesel,Individual,Manual,First Owner,15.4 kmpl,2179 CC,120 bhp,7.0
Tata,,2018.0,950000.0,40000,Diesel,Individual,Automatic,First Owner,21.5 kmpl,1497 CC,108.5 bhp,5.0
Honda,City,2008.0,229999.0,120000,Petrol,Individual,Manual,Second Owner,17.0 kmpl,1497 CC,118 bhp,5.0
Maruti,,2013.0,409999.0,100000,Diesel,Individual,Manual,Third Owner,23.2 kmpl,1248 CC,73.94 bhp,5.0
Ford,Fiesta,2011.0,300000.0,110000,Diesel,Individual,Manual,Third Owner,17.8 kmpl,1399 CC,68 bhp,5.0
Tata,Indica,2008.0,175000.0,120000,Diesel,Individual,Manual,Third Owner,16.8 kmpl,1405 CC,68 bhp,5.0
Maruti,Alto,2000.0,108000.0,206000,Petrol,Individual,Manual,Fourth & Above Owner,19.7 kmpl,796 CC,46.3 bhp,5.0
Maruti,Celerio,2017.0,425000.0,40000,Petrol,Individual,Manual,Second Owner,23.1 kmpl,998 CC,67.04 bhp,5.0
Chevrolet,Optra,2011.0,272000.0,170000,Diesel,Individual,Manual,Fourth & Above Owner,16.52 kmpl,1991 CC,123.7 bhp,5.0
Hyundai,i10,2013.0,310000.0,70000,Petrol,Individual,Manual,First Owner,19.81 kmpl,1086 CC,68.05 bhp,5.0
Hyundai,Creta,2017.0,1125000.0,105000,Diesel,Individual,Manual,First Owner,21.38 kmpl,1396 CC,88.7 bhp,5.0
Hyundai,Xcent,2014.0,450000.0,46000,Petrol,Individual,Manual,Second Owner,19.1 kmpl,1197 CC,81.86 bhp,5.0
Volkswagen,Polo,2011.0,388000.0,80000,Diesel,Individual,Manual,Second Owner,22.07 kmpl,1199 CC,73.9 bhp,5.0
Hyundai,Verna,2011.0,400000.0,60000,Petrol,Individual,Manual,First Owner,16.2 kmpl,1599 CC,103.2 bhp,5.0
Honda,City,2015.0,760000.0,70000,Diesel,Individual,Manual,Third Owner,25.1 kmpl,1498 CC,98.6 bhp,5.0
Maruti,Alto,2009.0,120000.0,90000,Petrol,Individual,Manual,First Owner,19.7 kmpl,796 CC,46.3 bhp,5.0
Maruti,Swift,2019.0,757000.0,25000,Diesel,Individual,Manual,First Owner,28.4 kmpl,1248 CC,74.02 bhp,5.0
Maruti,Alto,2015.0,270000.0,53000,Petrol,Individual,Manual,Second Owner,22.74 kmpl,796 CC,47.3 bhp,5.0
Tata,Sumo,2011.0,250000.0,90000,Diesel,Individual,Manual,Second Owner,13.55 kmpl,2179 CC,118.35 bhp,7.0
Toyota,Innova,2011.0,800000.0,60000,Diesel,Individual,Manual,First Owner,12.8 kmpl,2494 CC,102 bhp,7.0
Toyota,Fortuner,2014.0,1380000.0,150000,Diesel,Individual,Manual,First Owner,13.0 kmpl,2982 CC,168.5 bhp,7.0
Mahindra,Thar,2014.0,700000.0,24000,Diesel,Individual,Manual,First Owner,16.55 kmpl,2498 CC,105 bhp,6.0
Honda,Mobilio,2016.0,450000.0,100000,Diesel,Individual,Manual,Second Owner,24.2 kmpl,1498 CC,98.6 bhp,7.0
Mahindra,,2018.0,650000.0,6000,Petrol,Individual,Manual,First Owner,18.15 kmpl,1198 CC,82 bhp,6.0
Mahindra,XUV500,2013.0,950000.0,49700,Diesel,Individual,Manual,First Owner,15.1 kmpl,2179 CC,140 bhp,7.0
Toyota,Innova,2007.0,626000.0,80000,Diesel,Individual,Manual,Second Owner,12.8 kmpl,2494 CC,102 bhp,7.0
Maruti,Swift,2019.0,600000.0,10000,Petrol,Individual,Automatic,First Owner,21.21 kmpl,1197 CC,81.80 bhp,5.0
Renault,KWID,2019.0,290000.0,21000,Petrol,Individual,Manual,First Owner,25.17 kmpl,799 CC,53.3 bhp,5.0
Maruti,Alto,2013.0,215000.0,25000,Petrol,Individual,Manual,First Owner,20.92 kmpl,998 CC,67.1 bhp,5.0
Renault,KWID,2016.0,250000.0,22000,Petrol,Individual,Manual,First Owner,25.17 kmpl,799 CC,53.3 bhp,5.0
Maruti,Ertiga,2017.0,750000.0,50000,Diesel,Individual,Manual,First Owner,24.52 kmpl,1248 CC,88.5 bhp,7.0
Maruti,Alto,2016.0,250000.0,20000,Petrol,Individual,Manual,Second Owner,23.95 kmpl,998 CC,67.05 bhp,5.0
Honda,BRV,2017.0,950000.0,15000,Petrol,Individual,Automatic,First Owner,15.4 kmpl,1497 CC,117.3 bhp,7.0
Ford,Figo,,793000.0,30000,Diesel,Individual,Manual,First Owner,25.83 kmpl,1498 CC,99 bhp,5.0
Hyundai,Creta,2015.0,750000.0,74000,Diesel,Individual,Manual,First Owner,19.67 kmpl,1582 CC,126.2 bhp,5.0
Honda,Jazz,2017.0,725000.0,6550,Petrol,Individual,Automatic,First Owner,18.2 kmpl,1199 CC,88.7 bhp,5.0
Hyundai,Grand,2016.0,480000.0,30000,Diesel,Individual,Manual,First Owner,24.0 kmpl,1120 CC,70 bhp,5.0
BMW,X6,2013.0,,56000,Diesel,Dealer,Automatic,First Owner,11.2 kmpl,2993 CC,241 bhp,4.0
,Swift,2018.0,795000.0,41779,Petrol,Dealer,Manual,First Owner,21.21 kmpl,1197 CC,81.80 bhp,5.0
,Jazz,2016.0,625000.0,54000,Petrol,Dealer,Manual,First Owner,18.7 kmpl,1199 CC,88.7 bhp,5.0
,E-Class,2016.0,2900000.0,31000,Diesel,Dealer,Automatic,First Owner,13.0 kmpl,2143 CC,204 bhp,5.0
Maruti,Ignis,2017.0,625000.0,37000,Diesel,Individual,Automatic,First Owner,26.8 kmpl,1248 CC,74 bhp,5.0
Chevrolet,Cruze,2011.0,440000.0,90000,Diesel,Individual,Automatic,Second Owner,18.1 kmpl,1991 CC,147.9 bhp,4.0
Toyota,Corolla,,1400000.0,13534,Petrol,Dealer,Manual,First Owner,14.28 kmpl,1798 CC,138.03 bhp,5.0
Toyota,,2017.0,1450000.0,7000,Petrol,Dealer,Automatic,Second Owner,14.53 kmpl,1794 CC,138.1 bhp,5.0
Mercedes-Benz,GLA,2017.0,2700000.0,23000,Diesel,Dealer,Automatic,First Owner,17.9 kmpl,2143 CC,136 bhp,5.0
Toyota,Innova,,1925000.0,43000,Diesel,Dealer,Automatic,First Owner,11.36 kmpl,2755 CC,171.5 bhp,8.0
Kia,Seltos,2020.0,1900000.0,5000,Diesel,Dealer,Automatic,First Owner,17.8 kmpl,1493 CC,113.4 bhp,5.0
Maruti,Ciaz,2017.0,844999.0,70000,Diesel,Dealer,Manual,First Owner,28.09 kmpl,1248 CC,88.5 bhp,5.0
Skoda,Rapid,2016.0,650000.0,99000,Diesel,Dealer,Automatic,First Owner,21.66 kmpl,1498 CC,103.52 bhp,5.0
Maruti,Swift,2018.0,750000.0,15000,Petrol,Dealer,Manual,First Owner,22.0 kmpl,1197 CC,81.80 bhp,5.0
,6,2018.0,6000000.0,28156,Diesel,Dealer,Automatic,First Owner,17.09 kmpl,2993 CC,261.4 bhp,4.0
Honda,Jazz,2015.0,610000.0,30000,Petrol,Dealer,Manual,First Owner,18.7 kmpl,1199 CC,88.7 bhp,5.0
Toyota,Fortuner,2018.0,2940000.0,100000,Diesel,Dealer,Automatic,First Owner,12.9 kmpl,2755 CC,174.5 bhp,
Hyundai,Creta,2017.0,1150000.0,63309,Diesel,Dealer,Manual,First Owner,19.67 kmpl,1582 CC,126.2 bhp,5.0
Toyota,Innova,2016.0,1825000.0,94000,Diesel,Dealer,Automatic,First Owner,11.36 kmpl,2755 CC,171.5 bhp,7.0
Hyundai,Elite,2018.0,890000.0,29000,Petrol,Dealer,Automatic,First Owner,17.4 kmpl,1197 CC,81.86 bhp,5.0
Tata,Indigo,2017.0,385000.0,155000,Diesel,Individual,Manual,First Owner,25.0 kmpl,1396 CC,69.01 bhp,5.0
Maruti,Celerio,2016.0,400000.0,35000,Petrol,Individual,Automatic,First Owner,23.1 kmpl,998 CC,67.04 bhp,5.0
Hyundai,Grand,2018.0,550000.0,50000,Diesel,Individual,Manual,First Owner,24.0 kmpl,1186 CC,73.97 bhp,5.0
Chevrolet,Tavera,2010.0,270000.0,185000,Diesel,Individual,Manual,First Owner,14.8 kmpl,2499 CC,80 bhp,7.0
Tata,Indigo,2013.0,200000.0,175000,Diesel,Individual,Manual,Second Owner,19.09 kmpl,1396 CC,69 bhp,5.0
Renault,KWID,2016.0,310000.0,11500,Petrol,Individual,Manual,First Owner,25.17 kmpl,799 CC,53.3 bhp,5.0
Hyundai,Xcent,2019.0,,3000,Diesel,Individual,Manual,First Owner,25.4 kmpl,1186 CC,73.97 bhp,5.0
Chevrolet,Sail,2015.0,480000.0,80000,Diesel,Individual,Manual,Second Owner,22.1 kmpl,1248 CC,74 bhp,5.0
Maruti,Alto,2005.0,,40000,Petrol,Individual,Manual,Second Owner,19.7 kmpl,796 CC,46.3 bhp,5.0
Maruti,Alto,2005.0,80000.0,40000,Petrol,Individual,Manual,Second Owner,19.7 kmpl,796 CC,46.3 bhp,5.0
Maruti,Ritz,2015.0,350000.0,90000,Diesel,Individual,Manual,First Owner,23.2 kmpl,1248 CC,73.94 bhp,5.0
Maruti,SX4,2017.0,600000.0,100000,Diesel,Individual,Manual,First Owner,23.65 kmpl,1248 CC,88.5 bhp,5.0
Mahindra,Scorpio,2011.0,350000.0,120000,Diesel,Individual,Manual,Third Owner,13.5 kmpl,2179 CC,115 bhp,5.0
Maruti,Vitara,2018.0,770000.0,50000,Diesel,Individual,Manual,First Owner,24.3 kmpl,1248 CC,88.5 bhp,5.0
Mahindra,Verito,2012.0,350000.0,25000,Diesel,Individual,Manual,First Owner,21.03 kmpl,1461 CC,65 bhp,5.0
Mahindra,Scorpio,2011.0,600000.0,50000,Diesel,Individual,Manual,Third Owner,12.05 kmpl,2179 CC,120 bhp,8.0
Mahindra,TUV,2016.0,750000.0,71000,Diesel,Individual,Manual,First Owner,18.49 kmpl,1493 CC,100 bhp,7.0
Maruti,,2016.0,340000.0,40000,Petrol,Individual,Manual,First Owner,20.51 kmpl,998 CC,67.04 bhp,5.0
Hyundai,Elite,2018.0,650000.0,31800,Petrol,Individual,Manual,First Owner,18.6 kmpl,1197 CC,81.86 bhp,5.0
Hyundai,i10,2014.0,300000.0,65000,Petrol,Individual,Manual,First Owner,20.36 kmpl,1197 CC,78.9 bhp,5.0
Maruti,Alto,2014.0,204999.0,15000,Petrol,Individual,Manual,Second Owner,22.74 kmpl,796 CC,47.3 bhp,5.0
Mahindra,Verito,2012.0,254999.0,70000,Diesel,Individual,Manual,Second Owner,20.8 kmpl,1461 CC,65 bhp,5.0
Ford,Figo,2017.0,650000.0,5000,Petrol,Individual,Manual,First Owner,18.16 kmpl,1196 CC,86.8 bhp,5.0
Hyundai,EON,2017.0,280000.0,50000,Petrol,Individual,Manual,Second Owner,21.1 kmpl,814 CC,55.2 bhp,5.0
Tata,Indica,2011.0,100000.0,80000,Diesel,Individual,Manual,First Owner,17.2 kmpl,1396 CC,53.5 bhp,5.0
Chevrolet,Tavera,2014.0,575000.0,70000,Diesel,Individual,Manual,Second Owner,13.58 kmpl,2499 CC,72.4 bhp,9.0
Maruti,Vitara,2017.0,780000.0,40000,Diesel,Individual,Manual,First Owner,24.3 kmpl,1248 CC,88.5 bhp,5.0
Mahindra,Bolero,2013.0,467000.0,157000,Diesel,Individual,Manual,First Owner,15.96 kmpl,2523 CC,62.1 bhp,7.0
Mahindra,Scorpio,2015.0,1050000.0,90000,Diesel,Individual,Manual,First Owner,15.4 kmpl,2179 CC,120 bhp,7.0
Hyundai,i10,2011.0,225000.0,80000,Petrol,Individual,Manual,Second Owner,19.81 kmpl,1086 CC,68.05 bhp,5.0
Mahindra,Verito,2012.0,260000.0,70000,Diesel,Individual,Manual,Second Owner,21.03 kmpl,1461 CC,65 bhp,5.0
Chevrolet,Spark,2009.0,90000.0,50000,Petrol,Individual,Manual,Second Owner,16.0 kmpl,995 CC,63 bhp,5.0
Ford,Figo,2012.0,280000.0,60000,Diesel,Individual,Manual,First Owner,20.0 kmpl,1399 CC,68 bhp,5.0
Mahindra,Verito,2014.0,350000.0,106000,Diesel,Individual,Manual,Second Owner,20.8 kmpl,1461 CC,65 bhp,5.0
Mahindra,Scorpio,2006.0,229999.0,80000,Diesel,Individual,Manual,Second Owner,10.5 kmpl,2179 CC,120 bhp,7.0
Mahindra,Bolero,2016.0,550000.0,80000,Diesel,Individual,Manual,Second Owner,15.96 kmpl,2523 CC,63 bhp,9.0
Toyota,Innova,2013.0,850000.0,110000,Diesel,Individual,Manual,Second Owner,12.99 kmpl,2494 CC,100 bhp,8.0
Mahindra,,2011.0,370000.0,120000,Diesel,Individual,Manual,Third Owner,13.6 kmpl,2523 CC,63 bhp,7.0
Maruti,Alto,2013.0,250000.0,27000,Petrol,Individual,Manual,First Owner,20.92 kmpl,998 CC,67.1 bhp,5.0
Maruti,Alto,2007.0,95000.0,70000,Petrol,Individual,Manual,Second Owner,19.7 kmpl,796 CC,46.3 bhp,5.0
Maruti,Wagon,2010.0,180000.0,70000,Petrol,Individual,Manual,Second Owner,18.9 kmpl,1061 CC,67 bhp,5.0
Mahindra,NuvoSport,2016.0,650000.0,50000,Diesel,Individual,Automatic,First Owner,17.45 kmpl,1493 CC,100 bhp,7.0
Hyundai,Xcent,2018.0,530000.0,60000,Diesel,Individual,Manual,First Owner,25.4 kmpl,1186 CC,73.97 bhp,5.0
Maruti,Swift,2017.0,610000.0,15000,Petrol,Individual,Manual,First Owner,22.0 kmpl,1197 CC,81.80 bhp,5.0
Mahindra,Xylo,2010.0,265000.0,135000,Diesel,Individual,Manual,First Owner,14.0 kmpl,2498 CC,112 bhp,8.0
Tata,Tiago,2018.0,560000.0,26300,Petrol,Individual,Manual,First Owner,23.84 kmpl,1199 CC,84 bhp,5.0
Mahindra,Bolero,2014.0,430000.0,120000,Diesel,Individual,Manual,First Owner,15.96 kmpl,2523 CC,62.1 bhp,7.0
Maruti,Swift,2017.0,711000.0,35000,Diesel,Individual,Manual,First Owner,28.4 kmpl,1248 CC,74.02 bhp,5.0
Maruti,Swift,2015.0,511000.0,30000,Petrol,Individual,Manual,First Owner,20.85 kmpl,1197 CC,83.14 bhp,5.0
Mahindra,Bolero,2012.0,450000.0,165000,Diesel,Individual,Manual,First Owner,15.96 kmpl,2523 CC,62.1 bhp,7.0
Tata,Zest,2015.0,325000.0,50000,Petrol,Individual,Manual,First Owner,17.57 kmpl,1193 CC,88.7 bhp,5.0
Renault,Scala,2013.0,434999.0,120000,Diesel,Individual,Manual,First Owner,21.64 kmpl,1461 CC,84.8 bhp,5.0
Ford,Figo,2010.0,210000.0,100000,Diesel,Individual,Manual,Second Owner,20.0 kmpl,1399 CC,68 bhp,5.0
Maruti,SX4,2007.0,160000.0,120000,Petrol,Individual,Manual,Second Owner,15.0 kmpl,1586 CC,104.68 bhp,5.0
Maruti,Ertiga,2017.0,650000.0,70000,Petrol,Individual,Manual,Second Owner,17.5 kmpl,1373 CC,91.1 bhp,7.0
Hyundai,i20,2014.0,320000.0,72000,Petrol,Individual,Manual,First Owner,18.6 kmpl,1197 CC,81.83 bhp,5.0
Renault,KWID,2017.0,290000.0,50000,Petrol,Individual,Manual,First Owner,23.01 kmpl,999 CC,67 bhp,5.0
Tata,Nano,2013.0,80000.0,30000,Petrol,Individual,Manual,First Owner,25.4 kmpl,624 CC,37.48 bhp,4.0
Tata,Safari,2017.0,,20000,Diesel,Individual,Manual,First Owner,14.1 kmpl,2179 CC,147.94 bhp,7.0
Maruti,Ciaz,2015.0,600000.0,110000,Diesel,Individual,Manual,First Owner,26.21 kmpl,1248 CC,88.5 bhp,5.0
Renault,KWID,2017.0,340000.0,25000,Petrol,Individual,Manual,First Owner,25.17 kmpl,799 CC,53.3 bhp,5.0
Toyota,Innova,2014.0,750000.0,120000,Diesel,Individual,Manual,First Owner,12.99 kmpl,2494 CC,100.6 bhp,7.0
Maruti,Alto,2006.0,100000.0,40000,Petrol,Individual,Manual,First Owner,19.7 kmpl,796 CC,46.3 bhp,5.0
Renault,KWID,2019.0,395000.0,10000,Petrol,Individual,Manual,First Owner,25.17 kmpl,799 CC,53.3 bhp,5.0
Maruti,Wagon,2010.0,200000.0,65000,Petrol,Individual,Manual,First Owner,18.9 kmpl,1061 CC,67 bhp,5.0
Maruti,Eeco,2019.0,450000.0,10000,CNG,Individual,Manual,First Owner,21.94 km/kg,1196 CC,61.7 bhp,5.0
Mahindra,Verito,2012.0,180000.0,110000,Petrol,Individual,Manual,Second Owner,13.87 kmpl,1390 CC,75 bhp,5.0
Mahindra,Bolero,2008.0,190000.0,120000,Diesel,Individual,Manual,Second Owner,13.6 kmpl,2523 CC,63 bhp,7.0
Maruti,Eeco,2015.0,310000.0,72000,Petrol,Individual,Manual,First Owner,15.37 kmpl,1196 CC,73 bhp,5.0
Maruti,Ritz,2014.0,351000.0,89100,Diesel,Individual,Manual,Second Owner,23.2 kmpl,1248 CC,73.94 bhp,5.0
Chevrolet,Optra,2006.0,190000.0,94000,Petrol,Individual,Manual,Second Owner,17.4 kmpl,1599 CC,104 bhp,5.0
Hyundai,EON,2015.0,225000.0,120000,Petrol,Individual,Manual,Second Owner,21.1 kmpl,814 CC,55.2 bhp,5.0
Chevrolet,Spark,2012.0,130000.0,110000,Petrol,Individual,Manual,First Owner,16.2 kmpl,995 CC,62.1 bhp,5.0
,Ciaz,2018.0,1000000.0,50000,Diesel,Individual,Manual,First Owner,28.09 kmpl,1248 CC,88.50 bhp,5.0
Tata,Indica,2004.0,55000.0,90000,Diesel,Individual,Manual,Third Owner,16.8 kmpl,1405 CC,62 bhp,5.0
Chevrolet,Sail,2014.0,330000.0,23000,Petrol,Individual,Manual,First Owner,18.2 kmpl,1199 CC,82.4 bhp,5.0
Maruti,Omni,2013.0,166000.0,50000,Petrol,Individual,Manual,First Owner,16.8 kmpl,796 CC,34.2 bhp,5.0
Mahindra,Xylo,2013.0,200000.0,300000,Diesel,Individual,Manual,First Owner,14.0 kmpl,2498 CC,112 bhp,8.0
Maruti,Alto,2011.0,,50000,Petrol,Individual,Manual,Third Owner,20.92 kmpl,998 CC,67.1 bhp,5.0
Maruti,Eeco,2017.0,370000.0,140000,CNG,Individual,Manual,First Owner,21.94 km/kg,1196 CC,61.7 bhp,5.0
Hyundai,Elite,2019.0,720000.0,16000,Petrol,Individual,Automatic,First Owner,17.4 kmpl,1197 CC,81.86 bhp,5.0
Hyundai,i20,2015.0,500000.0,126000,Diesel,Individual,Manual,First Owner,21.19 kmpl,1396 CC,88.73 bhp,5.0
Hyundai,Xcent,2019.0,570000.0,15000,Petrol,Individual,Manual,First Owner,20.14 kmpl,1197 CC,81.86 bhp,5.0
Maruti,Swift,2010.0,210000.0,200000,Petrol,Individual,Manual,First Owner,17.5 kmpl,1197 CC,85.8 bhp,5.0
Maruti,Alto,2009.0,120000.0,120000,Petrol,Individual,Manual,First Owner,19.7 kmpl,796 CC,46.3 bhp,5.0
Hyundai,Getz,2005.0,95000.0,120000,Petrol,Individual,Manual,Fourth & Above Owner,15.3 kmpl,1341 CC,83 bhp,5.0
Hyundai,i10,2010.0,196000.0,110000,Petrol,Individual,Automatic,Third Owner,16.95 kmpl,1197 CC,78.9 bhp,5.0
Maruti,Eeco,2016.0,392000.0,38000,Petrol,Individual,Manual,First Owner,15.37 kmpl,1196 CC,73 bhp,5.0
Tata,Manza,2010.0,150000.0,104000,Petrol,Individual,Manual,First Owner,15.0 kmpl,1368 CC,90 bhp,5.0
Honda,BR-V,2017.0,595000.0,120000,Petrol,Individual,Manual,First Owner,15.4 kmpl,1497 CC,117.3 bhp,7.0
Maruti,Vitara,2018.0,833000.0,35000,Diesel,Individual,Automatic,First Owner,24.3 kmpl,1248 CC,88.5 bhp,5.0
Maruti,Swift,2011.0,280000.0,210000,Diesel,Individual,Manual,First Owner,22.9 kmpl,1248 CC,74 bhp,5.0
Maruti,800,2003.0,35000.0,35000,Petrol,Individual,Manual,Second Owner,16.1 kmpl,796 CC,37 bhp,4.0
Maruti,Ritz,2009.0,180000.0,85000,Diesel,Individual,Manual,Third Owner,21.1 kmpl,1248 CC,73.9 bhp,5.0
Maruti,,2012.0,225000.0,80000,Petrol,Individual,Manual,First Owner,18.9 kmpl,998 CC,67.1 bhp,5.0
Mercedes-Benz,New,2012.0,1400000.0,50000,Diesel,Individual,Automatic,First Owner,14.84 kmpl,2143 CC,170 bhp,5.0
Hyundai,i20,2009.0,340000.0,40000,Diesel,Individual,Manual,First Owner,23.0 kmpl,1396 CC,90 bhp,5.0
Toyota,Innova,2010.0,550000.0,216000,Diesel,Individual,Manual,First Owner,12.8 kmpl,2494 CC,102 bhp,8.0
Maruti,Wagon,2017.0,400000.0,65000,Petrol,Individual,Manual,Second Owner,20.51 kmpl,998 CC,67.04 bhp,5.0
Hyundai,Getz,2006.0,90000.0,100000,Petrol,Individual,Manual,Third Owner,15.3 kmpl,1341 CC,83 bhp,5.0
Maruti,Ciaz,2015.0,650000.0,84000,Diesel,Individual,Manual,First Owner,28.09 kmpl,1248 CC,88.5 bhp,5.0
Toyota,Innova,2012.0,730000.0,210000,Diesel,Individual,Manual,First Owner,12.99 kmpl,2494 CC,100 bhp,7.0
Chevrolet,Aveo,2010.0,125000.0,60000,Petrol,Individual,Manual,First Owner,15.26 kmpl,1150 CC,74.9 bhp,5.0
Hyundai,Getz,2006.0,81000.0,100000,Petrol,Individual,Manual,Fourth & Above Owner,15.3 kmpl,1341 CC,83 bhp,5.0
Maruti,Swift,2007.0,170000.0,78000,Petrol,Individual,Manual,Second Owner,16.1 kmpl,1298 CC,88.2 bhp,5.0
Honda,City,2002.0,81000.0,161000,Petrol,Individual,Manual,Fourth & Above Owner,13.0 kmpl,1493 CC,100 bhp,5.0
Maruti,Alto,2005.0,95000.0,70000,Petrol,Individual,Manual,Third Owner,19.7 kmpl,796 CC,46.3 bhp,5.0
Tata,Nano,2010.0,55000.0,50000,Petrol,Individual,Manual,Third Owner,26.0 kmpl,624 CC,35 bhp,4.0
Renault,Lodgy,2017.0,880000.0,65000,Diesel,Individual,Manual,First Owner,19.98 kmpl,1461 CC,108.5 bhp,8.0
,KWID,2015.0,200000.0,50000,Petrol,Individual,Manual,First Owner,25.17 kmpl,799 CC,53.3 bhp,5.0
Maruti,Wagon,2019.0,480000.0,25000,Petrol,Individual,Manual,First Owner,20.52 kmpl,1197 CC,81.80 bhp,5.0
Mahindra,Bolero,2013.0,480000.0,100000,Diesel,Individual,Manual,First Owner,15.96 kmpl,2523 CC,62.1 bhp,9.0
Hyundai,i20,2018.0,700000.0,6000,Petrol,Individual,Manual,First Owner,18.6 kmpl,1197 CC,81.83 bhp,5.0
Honda,BRV,2016.0,850000.0,72113,Diesel,Individual,Manual,First Owner,21.9 kmpl,1498 CC,98.6 bhp,7.0
Tata,Indigo,2012.0,300000.0,40000,Diesel,Individual,Manual,First Owner,23.57 kmpl,1396 CC,70 bhp,5.0
Hyundai,i20,2017.0,650000.0,8000,Petrol,Individual,Manual,First Owner,18.6 kmpl,1197 CC,81.83 bhp,5.0
Maruti,Ritz,2010.0,,20000,Petrol,Individual,Manual,First Owner,21.1 kmpl,1197 CC,85.80 bhp,5.0
Tata,Indigo,2014.0,300000.0,45000,Diesel,Individual,Manual,First Owner,19.09 kmpl,1405 CC,69.01 bhp,5.0
Maruti,Swift,2014.0,450000.0,80000,Diesel,Individual,Manual,First Owner,23.4 kmpl,1248 CC,74 bhp,5.0
Maruti,Swift,2014.0,,90000,Diesel,Individual,Manual,First Owner,25.2 kmpl,1248 CC,74 bhp,5.0
Maruti,S-Cross,2018.0,1030000.0,25000,Diesel,Individual,Manual,First Owner,25.1 kmpl,1248 CC,88.5 bhp,5.0
Tata,Manza,2010.0,190000.0,100000,Diesel,Individual,Manual,Second Owner,18.8 kmpl,1248 CC,90 bhp,5.0
Ford,Fiesta,2006.0,140000.0,60000,Petrol,Individual,Manual,Second Owner,16.6 kmpl,1388 CC,68 bhp,5.0
Hyundai,i20,,800000.0,30000,Diesel,Individual,Manual,First Owner,21.19 kmpl,1396 CC,88.76 bhp,5.0
Mahindra,Scorpio,2007.0,229999.0,120000,Diesel,Individual,Manual,Third Owner,10.5 kmpl,2609 CC,120 bhp,7.0
Tata,Safari,2011.0,300000.0,80000,Diesel,Individual,Manual,Second Owner,13.93 kmpl,2179 CC,138.03 bhp,7.0
Volkswagen,Vento,2011.0,375000.0,69000,Diesel,Individual,Manual,Second Owner,20.54 kmpl,1598 CC,103.6 bhp,5.0
Chevrolet,Beat,2010.0,,75000,Petrol,Individual,Manual,First Owner,18.6 kmpl,1199 CC,79.4 bhp,5.0
Maruti,,2004.0,60000.0,113000,Petrol,Individual,Manual,Second Owner,19.7 kmpl,796 CC,46.3 bhp,5.0
Hyundai,Xcent,2014.0,420000.0,90000,Diesel,Individual,Manual,Second Owner,24.4 kmpl,1120 CC,71.01 bhp,5.0
Renault,Pulse,2012.0,300000.0,100000,Diesel,Individual,Manual,Third Owner,23.08 kmpl,1461 CC,63.12 bhp,5.0
Tata,Indica,2012.0,150000.0,110000,Diesel,Individual,Manual,First Owner,22.3 kmpl,1248 CC,74 bhp,5.0
Ford,EcoSport,2015.0,600000.0,90000,Diesel,Individual,Manual,First Owner,22.77 kmpl,1498 CC,98.59 bhp,5.0
Ford,Figo,2011.0,204999.0,100000,Diesel,Individual,Manual,Second Owner,20.0 kmpl,1399 CC,68 bhp,5.0
Hyundai,Xcent,2017.0,625000.0,50000,Diesel,Individual,Manual,First Owner,25.4 kmpl,1186 CC,73.97 bhp,5.0
Fiat,Grande,2011.0,280000.0,200000,Diesel,Individual,Manual,First Owner,20.5 kmpl,1248 CC,91.7 bhp,5.0
Hyundai,Santa,2014.0,1050000.0,146000,Diesel,Individual,Automatic,Second Owner,13.01 kmpl,2199 CC,194.3 bhp,7.0
Chevrolet,Optra,2009.0,250000.0,80000,Petrol,Individual,Manual,Second Owner,12.9 kmpl,1598 CC,102.5 bhp,5.0
Tata,New,2010.0,535000.0,96443,Diesel,Individual,Manual,Second Owner,11.57 kmpl,2179 CC,138.1 bhp,7.0
Honda,Accord,2009.0,400000.0,100000,Petrol,Individual,Automatic,Second Owner,11.7 kmpl,2354 CC,177.6 bhp,5.0
Maruti,Swift,2019.0,610000.0,10000,Petrol,Individual,Automatic,First Owner,21.21 kmpl,1197 CC,81.80 bhp,5.0
Maruti,Swift,2014.0,509999.0,110000,Diesel,Individual,Manual,First Owner,23.4 kmpl,1248 CC,74 bhp,5.0
Tata,Safari,2014.0,521000.0,86000,Diesel,Individual,Manual,Second Owner,14.0 kmpl,2179 CC,138.1 bhp,7.0
Maruti,Swift,2014.0,511000.0,100000,Diesel,Individual,Manual,First Owner,23.4 kmpl,1248 CC,74 bhp,5.0
Hyundai,i20,2014.0,451000.0,91000,Diesel,Individual,Manual,First Owner,22.54 kmpl,1396 CC,88.73 bhp,5.0
Hyundai,i10,2009.0,170000.0,100000,Petrol,Individual,Manual,First Owner,20.36 kmpl,1197 CC,78.9 bhp,5.0
Maruti,Swift,2013.0,450000.0,120000,Diesel,Individual,Manual,Second Owner,23.4 kmpl,1248 CC,74 bhp,5.0
Honda,City,2011.0,375000.0,90000,Petrol,Individual,Manual,Second Owner,17.0 kmpl,1497 CC,118 bhp,5.0
Maruti,Alto,2016.0,305000.0,60000,Petrol,Individual,Manual,Second Owner,22.74 kmpl,796 CC,47.3 bhp,5.0
Renault,KWID,2016.0,315000.0,51500,Petrol,Individual,Manual,First Owner,25.17 kmpl,799 CC,53.3 bhp,5.0
Chevrolet,Sail,2016.0,,60000,Diesel,Individual,Manual,Second Owner,22.1 kmpl,1248 CC,74 bhp,5.0
Ford,Figo,2012.0,200000.0,104500,Diesel,Individual,Manual,Second Owner,20.0 kmpl,1399 CC,68 bhp,5.0
Renault,Duster,2012.0,400000.0,120000,Diesel,Individual,Manual,Third Owner,19.01 kmpl,1461 CC,108.45 bhp,5.0
Maruti,Swift,2014.0,509999.0,100000,Diesel,Individual,Manual,Second Owner,22.9 kmpl,1248 CC,74 bhp,5.0
Honda,Civic,2008.0,375000.0,90000,Petrol,Individual,Manual,Third Owner,13.5 kmpl,1799 CC,130 bhp,5.0
Maruti,Wagon,2005.0,150000.0,150000,Petrol,Individual,Manual,Third Owner,18.9 kmpl,998 CC,67.1 bhp,5.0
Maruti,Wagon,2006.0,75000.0,60000,Petrol,Individual,Automatic,First Owner,18.9 kmpl,998 CC,67.1 bhp,5.0
Hyundai,Verna,2015.0,465000.0,50000,Petrol,Individual,Manual,Second Owner,17.43 kmpl,1396 CC,105.5 bhp,5.0
Hyundai,Grand,2019.0,700000.0,10000,Diesel,Individual,Manual,First Owner,24.0 kmpl,1186 CC,73.97 bhp,5.0
Mahindra,Scorpio,2015.0,950000.0,120000,Diesel,Individual,Manual,Third Owner,15.4 kmpl,1997 CC,120 bhp,7.0
Hyundai,i20,2017.0,610000.0,40000,Petrol,Individual,Manual,First Owner,18.6 kmpl,1197 CC,81.83 bhp,5.0
Maruti,Alto,2014.0,235000.0,50000,Petrol,Individual,Manual,First Owner,22.74 kmpl,796 CC,47.3 bhp,5.0
Maruti,Eeco,2017.0,330000.0,90000,Petrol,Individual,Manual,First Owner,15.37 kmpl,1196 CC,73 bhp,5.0
Nissan,,2014.0,472000.0,90000,Diesel,Individual,Manual,First Owner,20.45 kmpl,1461 CC,83.8 bhp,5.0
Maruti,Swift,,585000.0,10000,Petrol,Individual,Manual,First Owner,21.21 kmpl,1197 CC,81.80 bhp,5.0
Mahindra,Supro,2018.0,500000.0,10000,Diesel,Individual,Manual,First Owner,23.5 kmpl,909 CC,45 bhp,8.0
Maruti,Alto,2019.0,360000.0,27000,Petrol,Individual,Manual,First Owner,23.95 kmpl,998 CC,67.05 bhp,5.0
Maruti,Swift,2016.0,649000.0,70000,Diesel,Individual,Manual,First Owner,26.59 kmpl,1248 CC,74 bhp,5.0
Maruti,Omni,2017.0,200000.0,50000,Petrol,Individual,Manual,First Owner,16.8 kmpl,796 CC,34.2 bhp,5.0
Hyundai,Grand,2014.0,400000.0,110000,Diesel,Individual,Manual,First Owner,24.0 kmpl,1120 CC,70 bhp,5.0
Maruti,Celerio,2015.0,250000.0,100000,Diesel,Individual,Manual,Second Owner,27.62 kmpl,793 CC,47 bhp,5.0
Mahindra,Marazzo,2018.0,1200000.0,50000,Diesel,Individual,Manual,First Owner,17.3 kmpl,1497 CC,121 bhp,7.0
Maruti,Swift,2009.0,250000.0,105000,Diesel,Individual,Manual,Second Owner,17.8 kmpl,1248 CC,75 bhp,5.0
Toyota,Innova,2013.0,,110000,Diesel,Individual,Manual,First Owner,12.99 kmpl,2494 CC,100.6 bhp,8.0
Mahindra,XUV500,2014.0,800000.0,60000,Diesel,Individual,Manual,Second Owner,15.1 kmpl,2179 CC,140 bhp,7.0
Ford,Ecosport,2013.0,,49102,Petrol,Dealer,Manual,Second Owner,18.88 kmpl,999 CC,123.37 bhp,5.0
Hyundai,Santro,2010.0,150000.0,60000,Petrol,Individual,Manual,Third Owner,17.92 kmpl,1086 CC,62.1 bhp,5.0
Chevrolet,Beat,2012.0,170000.0,90000,Diesel,Individual,Manual,First Owner,25.44 kmpl,936 CC,57.6 bhp,5.0
Renault,Duster,2013.0,360000.0,81000,Diesel,Individual,Manual,Second Owner,19.01 kmpl,1461 CC,108.45 bhp,5.0
Hyundai,Xcent,,570000.0,80000,Diesel,Individual,Manual,First Owner,25.4 kmpl,1186 CC,73.97 bhp,5.0
Renault,Duster,2012.0,350000.0,105000,Diesel,Individual,Manual,Second Owner,19.01 kmpl,1461 CC,108.45 bhp,5.0
Maruti,Ertiga,2017.0,700000.0,227000,Petrol,Individual,Manual,First Owner,17.5 kmpl,1373 CC,91.1 bhp,7.0
Renault,Duster,2012.0,375000.0,100000,Diesel,Individual,Manual,Second Owner,19.01 kmpl,1461 CC,108.45 bhp,5.0
,Eeco,,450000.0,60000,CNG,Individual,Manual,First Owner,21.94 km/kg,1196 CC,61.7 bhp,5.0
Hyundai,i20,2013.0,325000.0,70000,Diesel,Individual,Manual,Third Owner,21.9 kmpl,1396 CC,88.76 bhp,5.0
Volkswagen,Vento,2011.0,260000.0,120000,Diesel,Individual,Manual,Third Owner,20.54 kmpl,1598 CC,103.6 bhp,5.0
Maruti,Alto,2009.0,130000.0,80000,Petrol,Individual,Manual,Third Owner,19.7 kmpl,796 CC,46.3 bhp,5.0
Tata,New,2008.0,150000.0,120000,Diesel,Individual,Manual,Fourth & Above Owner,11.57 kmpl,2179 CC,138.1 bhp,7.0
Hyundai,Santro,2014.0,220000.0,40000,Petrol,Individual,Manual,First Owner,17.92 kmpl,1086 CC,62.1 bhp,5.0
Hyundai,i10,2014.0,275000.0,53000,Petrol,Individual,Manual,First Owner,20.36 kmpl,1197 CC,78.9 bhp,5.0
Maruti,Swift,2017.0,455000.0,60000,Diesel,Individual,Manual,First Owner,25.2 kmpl,1248 CC,74 bhp,5.0
Hyundai,i20,2017.0,570000.0,30000,Petrol,Individual,Manual,First Owner,18.6 kmpl,1197 CC,81.83 bhp,5.0
Volkswagen,Vento,2013.0,330000.0,100000,Diesel,Individual,Manual,Third Owner,20.54 kmpl,1598 CC,103.6 bhp,5.0
Toyota,Innova,2018.0,1576000.0,70000,Diesel,Individual,Manual,First Owner,13.68 kmpl,2393 CC,147.8 bhp,7.0
Maruti,Ertiga,2012.0,450000.0,98000,Diesel,Individual,Manual,Fourth & Above Owner,20.77 kmpl,1248 CC,88.8 bhp,7.0
Hyundai,EON,2014.0,250000.0,60000,Petrol,Individual,Manual,First Owner,21.1 kmpl,814 CC,55.2 bhp,5.0
Hyundai,i10,2010.0,165000.0,80000,Petrol,Individual,Manual,Third Owner,20.36 kmpl,1197 CC,78.9 bhp,5.0
Mahindra,Ssangyong,2013.0,800000.0,117000,Diesel,Dealer,Automatic,First Owner,11.18 kmpl,2696 CC,184 bhp,7.0
Honda,Jazz,2018.0,680000.0,8576,Petrol,Dealer,Manual,First Owner,18.7 kmpl,1199 CC,88.7 bhp,5.0
Tata,Tigor,2017.0,525000.0,19723,Petrol,Dealer,Automatic,First Owner,20.3 kmpl,1199 CC,84 bhp,5.0
Honda,City,2016.0,825000.0,21446,Petrol,Dealer,Manual,First Owner,16.8 kmpl,1497 CC,116.3 bhp,5.0
Maruti,S-Cross,2017.0,750000.0,52289,Diesel,Dealer,Manual,First Owner,25.1 kmpl,1248 CC,88.5 bhp,5.0
Mahindra,Scorpio,2017.0,950000.0,52236,Diesel,Dealer,Manual,First Owner,15.4 kmpl,2179 CC,120 bhp,7.0
Mahindra,Scorpio,2017.0,950000.0,54470,Diesel,Dealer,Manual,First Owner,15.4 kmpl,2179 CC,120 bhp,7.0
Hyundai,i20,2017.0,675000.0,25471,Diesel,Dealer,Manual,First Owner,21.9 kmpl,1396 CC,90 bhp,5.0
Tata,Tiago,2019.0,490000.0,33928,Petrol,Dealer,Manual,First Owner,23.84 kmpl,1199 CC,84.48 bhp,5.0
Mahindra,TUV,2018.0,775000.0,59736,Diesel,Dealer,Manual,First Owner,18.49 kmpl,1493 CC,100 bhp,7.0
Honda,,2009.0,350000.0,54290,Petrol,Dealer,Manual,First Owner,17.0 kmpl,1497 CC,118 bhp,5.0
Honda,Brio,2016.0,475000.0,2118,Petrol,Dealer,Manual,First Owner,19.4 kmpl,1198 CC,86.8 bhp,5.0
Mahindra,Scorpio,2017.0,950000.0,61379,Diesel,Dealer,Manual,First Owner,15.4 kmpl,2179 CC,120 bhp,7.0
Honda,City,2010.0,350000.0,58544,Petrol,Dealer,Manual,Second Owner,17.4 kmpl,1497 CC,117.3 bhp,5.0
Maruti,Wagon,2016.0,400000.0,74381,Petrol,Dealer,Manual,First Owner,21.79 kmpl,998 CC,67.05 bhp,5.0
Maruti,800,2001.0,75000.0,35000,Petrol,Individual,Manual,Third Owner,16.1 kmpl,796 CC,37 bhp,4.0
Ford,Ecosport,2017.0,850000.0,63982,Diesel,Dealer,Manual,First Owner,22.7 kmpl,1498 CC,89.84 bhp,5.0
Maruti,Wagon,2008.0,175000.0,65000,Petrol,Dealer,Manual,Second Owner,18.9 kmpl,998 CC,67.1 bhp,5.0
Mahindra,Bolero,2014.0,570000.0,74000,Diesel,Dealer,Manual,First Owner,15.96 kmpl,2523 CC,62.1 bhp,7.0
Renault,Duster,2013.0,525000.0,56429,Diesel,Dealer,Manual,Second Owner,19.01 kmpl,1461 CC,108.45 bhp,5.0
Hyundai,i10,2012.0,270000.0,56000,Petrol,Individual,Manual,First Owner,20.36 kmpl,1197 CC,78.9 bhp,5.0
Hyundai,Santro,2019.0,434999.0,19500,Petrol,Dealer,Manual,First Owner,20.3 kmpl,1086 CC,68.07 bhp,5.0
Hyundai,i20,2015.0,495000.0,30000,Petrol,Dealer,Manual,First Owner,18.6 kmpl,1197 CC,81.83 bhp,5.0
Hyundai,i20,2016.0,575000.0,53000,Diesel,Dealer,Manual,First Owner,22.54 kmpl,1396 CC,88.73 bhp,5.0
Hyundai,Xcent,2017.0,600000.0,5000,Petrol,Individual,Manual,First Owner,20.14 kmpl,1197 CC,81.86 bhp,5.0
Hyundai,,2015.0,700000.0,25000,Petrol,Individual,Manual,First Owner,17.01 kmpl,1591 CC,121.4 bhp,5.0
Honda,City,2014.0,560000.0,72000,Diesel,Dealer,Manual,First Owner,26.0 kmpl,1498 CC,98.6 bhp,5.0
Mahindra,Bolero,2005.0,250000.0,80000,Diesel,Individual,Manual,First Owner,13.6 kmpl,2523 CC,63 bhp,7.0
Skoda,Rapid,2013.0,409999.0,29000,Petrol,Individual,Manual,Second Owner,15.0 kmpl,1598 CC,103.5 bhp,5.0
Nissan,Terrano,2016.0,495000.0,56832,Diesel,Dealer,Manual,First Owner,19.87 kmpl,1461 CC,83.14 bhp,5.0
Hyundai,Elite,2014.0,470000.0,30528,Petrol,Dealer,Manual,First Owner,18.6 kmpl,1197 CC,81.86 bhp,5.0
Honda,Amaze,2013.0,350000.0,65285,Diesel,Dealer,Manual,First Owner,24.7 kmpl,1498 CC,98.63 bhp,5.0
Toyota,Innova,2020.0,1560000.0,20102,Diesel,Dealer,Manual,First Owner,13.68 kmpl,2393 CC,147.51 bhp,8.0
Honda,Jazz,2015.0,480000.0,43000,Petrol,Dealer,Manual,First Owner,18.7 kmpl,1199 CC,88.7 bhp,5.0
Toyota,Etios,2013.0,270000.0,52380,Diesel,Dealer,Manual,First Owner,23.59 kmpl,1364 CC,67.04 bhp,5.0
Mahindra,Bolero,2018.0,660000.0,74250,Diesel,Dealer,Manual,First Owner,21.0 kmpl,1498 CC,74.96 bhp,7.0
Maruti,Ignis,2017.0,490000.0,57247,Petrol,Dealer,Automatic,First Owner,20.89 kmpl,1197 CC,81.80 bhp,5.0
Maruti,Vitara,2017.0,800000.0,52000,Diesel,Individual,Manual,First Owner,24.3 kmpl,1248 CC,88.5 bhp,5.0
Nissan,Sunny,2011.0,350000.0,47000,Petrol,Individual,Manual,Second Owner,16.95 kmpl,1498 CC,97.7 bhp,5.0
Ford,Fiesta,2011.0,,80000,Diesel,Individual,Manual,Third Owner,17.8 kmpl,1399 CC,68 bhp,5.0
Tata,Indica,2011.0,125000.0,85000,Diesel,Individual,Manual,Second Owner,18.0 kmpl,1248 CC,75 bhp,5.0
Maruti,Swift,2012.0,400000.0,100000,Diesel,Individual,Manual,First Owner,19.3 kmpl,1248 CC,73.9 bhp,5.0
Nissan,Sunny,2011.0,250000.0,110000,Petrol,Individual,Manual,First Owner,16.95 kmpl,1498 CC,97.7 bhp,5.0
Fiat,Linea,2010.0,190000.0,178000,Diesel,Individual,Manual,Second Owner,20.4 kmpl,1248 CC,91.7 bhp,5.0
Maruti,Alto,2010.0,125000.0,120000,Petrol,Individual,Manual,Third Owner,19.7 kmpl,796 CC,46.3 bhp,5.0
Jeep,Compass,2017.0,1950000.0,70000,Diesel,Individual,Manual,First Owner,16.3 kmpl,1956 CC,170 bhp,5.0
Audi,Q5,2011.0,1300000.0,120000,Diesel,Individual,Automatic,First Owner,12.8 kmpl,1968 CC,167.6 bhp,5.0
Toyota,Innova,2010.0,786000.0,155000,Diesel,Individual,Manual,Third Owner,12.8 kmpl,2494 CC,102 bhp,8.0
Maruti,Wagon,2015.0,335000.0,30000,Petrol,Individual,Manual,First Owner,20.51 kmpl,998 CC,67.04 bhp,5.0
Maruti,Wagon,2009.0,114999.0,60000,Petrol,Individual,Manual,Third Owner,18.9 kmpl,1061 CC,67 bhp,5.0
Volkswagen,Polo,2012.0,,70000,Diesel,Individual,Manual,Fourth & Above Owner,22.07 kmpl,1199 CC,73.9 bhp,5.0
Hyundai,i20,2017.0,731000.0,40000,Diesel,Individual,Manual,First Owner,22.54 kmpl,1396 CC,88.73 bhp,5.0
Hyundai,Verna,2012.0,395000.0,120000,Diesel,Individual,Manual,First Owner,22.32 kmpl,1582 CC,126.32 bhp,5.0
Maruti,Swift,2015.0,500000.0,120000,Diesel,Individual,Manual,First Owner,26.59 kmpl,1248 CC,74 bhp,5.0
Hyundai,EON,2014.0,220000.0,50000,Petrol,Individual,Manual,Third Owner,21.1 kmpl,814 CC,55.2 bhp,5.0
Ford,Figo,2013.0,240000.0,100000,Diesel,Individual,Manual,First Owner,20.0 kmpl,1399 CC,68.1 bhp,5.0
Hyundai,i20,2010.0,215000.0,120000,Diesel,Individual,Manual,Third Owner,23.0 kmpl,1396 CC,90 bhp,5.0
Maruti,Swift,2012.0,400000.0,90000,Diesel,Individual,Manual,Second Owner,22.9 kmpl,1248 CC,74 bhp,5.0
Maruti,Zen,2012.0,191000.0,90000,Petrol,Individual,Manual,First Owner,19.0 kmpl,998 CC,67.1 bhp,5.0
Mahindra,Xylo,2013.0,351000.0,100000,Diesel,Individual,Manual,Second Owner,14.0 kmpl,2498 CC,112 bhp,8.0
Tata,Nano,2015.0,250000.0,20000,Petrol,Individual,Automatic,First Owner,21.9 kmpl,624 CC,37.48 bhp,4.0
Hyundai,Verna,2009.0,210000.0,90000,Diesel,Individual,Manual,Second Owner,18.1 kmpl,1493 CC,110 bhp,5.0
Toyota,Etios,2011.0,300000.0,120000,Petrol,Individual,Manual,Third Owner,17.6 kmpl,1496 CC,88.7 bhp,5.0
Ford,Figo,2017.0,700000.0,35000,Diesel,Individual,Manual,First Owner,25.83 kmpl,1498 CC,99 bhp,5.0
Hyundai,Sonata,2010.0,500000.0,120000,Diesel,Individual,Manual,Second Owner,11.8 kmpl,1991 CC,150 bhp,5.0
Maruti,800,2002.0,120000.0,120000,Petrol,Individual,Manual,First Owner,16.1 kmpl,796 CC,37 bhp,4.0
Hyundai,Elite,2019.0,850000.0,10000,Diesel,Individual,Manual,First Owner,22.54 kmpl,1396 CC,88.76 bhp,5.0
Honda,WR-V,2017.0,770000.0,65000,Diesel,Individual,Manual,Second Owner,25.5 kmpl,1498 CC,98.6 bhp,5.0
Honda,Civic,2007.0,245000.0,90000,Petrol,Individual,Manual,Third Owner,13.5 kmpl,1799 CC,130 bhp,5.0
Maruti,Alto,2012.0,250000.0,90000,Petrol,Individual,Manual,First Owner,20.92 kmpl,998 CC,67.1 bhp,5.0
,i20,2016.0,651000.0,42323,Diesel,Dealer,Manual,First Owner,21.19 kmpl,1396 CC,88.76 bhp,5.0
Honda,City,2013.0,480000.0,42462,Petrol,Dealer,Manual,First Owner,16.8 kmpl,1497 CC,116.3 bhp,5.0
,Swift,2015.0,470000.0,54723,Diesel,Dealer,Manual,First Owner,25.2 kmpl,1248 CC,74 bhp,5.0
Honda,Jazz,2016.0,500000.0,30000,Diesel,Individual,Manual,First Owner,27.3 kmpl,1498 CC,98.6 bhp,5.0
BMW,X1,2011.0,1075000.0,42545,Diesel,Dealer,Automatic,First Owner,19.62 kmpl,1998 CC,190 bhp,5.0
Maruti,S-Cross,2016.0,690000.0,32000,Diesel,Dealer,Manual,First Owner,25.1 kmpl,1248 CC,88.5 bhp,5.0
Maruti,Ignis,2018.0,480000.0,20375,Petrol,Dealer,Manual,First Owner,20.89 kmpl,1197 CC,81.80 bhp,5.0
Maruti,Swift,2013.0,450000.0,43978,Diesel,Dealer,Manual,Second Owner,28.4 kmpl,1248 CC,74 bhp,5.0
Mahindra,Bolero,2015.0,445000.0,40200,Diesel,Dealer,Manual,First Owner,21.0 kmpl,1498 CC,74.96 bhp,7.0
Hyundai,i20,2018.0,700000.0,30000,Petrol,Individual,Manual,First Owner,18.6 kmpl,1197 CC,81.83 bhp,5.0
Maruti,Ertiga,2014.0,560000.0,90000,Diesel,Individual,Manual,First Owner,20.77 kmpl,1248 CC,88.8 bhp,7.0
Ford,Ecosport,2013.0,475000.0,48000,Diesel,Dealer,Manual,Second Owner,21.7 kmpl,1498 CC,98.96 bhp,5.0
Honda,Amaze,2014.0,465000.0,27233,Diesel,Dealer,Manual,First Owner,27.4 kmpl,1498 CC,98.63 bhp,5.0
Maruti,Swift,2017.0,520000.0,28832,Diesel,Dealer,Manual,First Owner,23.4 kmpl,1248 CC,74 bhp,5.0
Tata,Manza,2011.0,225000.0,35000,Petrol,Individual,Manual,First Owner,15.0 kmpl,1368 CC,90 bhp,5.0
Maruti,Ertiga,2015.0,,35000,Petrol,Individual,Manual,First Owner,16.02 kmpl,1373 CC,93.7 bhp,7.0
Honda,City,2006.0,93150.0,80000,Petrol,Individual,Manual,Second Owner,17.7 kmpl,1497 CC,78 bhp,5.0
Mahindra,Quanto,2016.0,403000.0,30000,Diesel,Individual,Manual,Second Owner,17.21 kmpl,1493 CC,100 bhp,7.0
Hyundai,i10,2009.0,229999.0,50000,Petrol,Individual,Manual,Second Owner,19.81 kmpl,1086 CC,68.05 bhp,5.0
Maruti,Swift,2016.0,525000.0,40000,Diesel,Individual,Manual,Second Owner,26.59 kmpl,1248 CC,74 bhp,5.0
Maruti,Ertiga,2014.0,560000.0,25000,Petrol,Individual,Manual,First Owner,16.02 kmpl,1373 CC,93.7 bhp,7.0
Mahindra,XUV500,2020.0,830000.0,120000,Diesel,Individual,Manual,First Owner,15.1 kmpl,2179 CC,152.87 bhp,7.0
Maruti,Ritz,2011.0,250000.0,60000,Diesel,Individual,Manual,Second Owner,21.1 kmpl,1248 CC,73.9 bhp,5.0
Mahindra,Bolero,2014.0,450000.0,110000,Diesel,Individual,Manual,First Owner,15.96 kmpl,2523 CC,63 bhp,9.0
Mahindra,Scorpio,2016.0,745000.0,67000,Diesel,Individual,Manual,First Owner,15.4 kmpl,1997 CC,120 bhp,7.0
Ford,Figo,2010.0,144000.0,50000,Diesel,Individual,Manual,Second Owner,20.0 kmpl,1399 CC,68 bhp,5.0
Maruti,Zen,2008.0,120000.0,40000,Petrol,Individual,Manual,First Owner,18.2 kmpl,1061 CC,64 bhp,5.0
Tata,New,2008.0,300000.0,120000,Diesel,Individual,Manual,Second Owner,11.57 kmpl,2179 CC,138.1 bhp,7.0
Maruti,800,1999.0,52000.0,100000,Petrol,Individual,Manual,First Owner,16.1 kmpl,796 CC,37 bhp,4.0
Mahindra,Scorpio,2003.0,300000.0,98000,Diesel,Individual,Manual,First Owner,10.5 kmpl,2179 CC,120 bhp,8.0
Mahindra,Bolero,2009.0,270000.0,150000,Diesel,Individual,Manual,Second Owner,13.6 kmpl,2523 CC,63 bhp,7.0
Chevrolet,Sail,2014.0,260000.0,38000,Diesel,Individual,Manual,First Owner,22.1 kmpl,1248 CC,74 bhp,5.0
Toyota,Etios,2015.0,475000.0,120000,Diesel,Individual,Manual,First Owner,23.59 kmpl,1364 CC,67.05 bhp,5.0
Ford,Figo,2011.0,302000.0,103000,Diesel,Individual,Manual,Third Owner,20.0 kmpl,1399 CC,68 bhp,5.0
Maruti,800,1994.0,45000.0,60000,Petrol,Individual,Manual,First Owner,16.1 kmpl,796 CC,37 bhp,4.0
Maruti,Vitara,2017.0,775000.0,80000,Diesel,Individual,Manual,First Owner,24.3 kmpl,1248 CC,88.5 bhp,5.0
Maruti,Ertiga,2015.0,700000.0,50000,Diesel,Individual,Manual,First Owner,20.77 kmpl,1248 CC,88.76 bhp,7.0
Maruti,Swift,2014.0,530000.0,90000,Diesel,Individual,Manual,First Owner,25.2 kmpl,1248 CC,74 bhp,5.0
Tata,Nexon,2017.0,869999.0,70000,Diesel,Individual,Manual,First Owner,21.5 kmpl,1497 CC,108.5 bhp,5.0
Hyundai,Elantra,2006.0,155000.0,110000,Diesel,Individual,Manual,Fourth & Above Owner,14.9 kmpl,1991 CC,112.2 bhp,5.0
Tata,Tiago,2019.0,550000.0,30000,Petrol,Individual,Automatic,First Owner,23.84 kmpl,1199 CC,83.83 bhp,5.0
Maruti,Swift,2016.0,600000.0,80000,Diesel,Individual,Manual,Second Owner,26.59 kmpl,1248 CC,74 bhp,5.0
Maruti,,2012.0,430000.0,110000,Diesel,Individual,Manual,Second Owner,19.3 kmpl,1248 CC,73.9 bhp,5.0
Tata,Manza,2010.0,246000.0,120000,Diesel,Individual,Manual,First Owner,18.8 kmpl,1248 CC,90 bhp,5.0
Maruti,Zen,2003.0,120000.0,120000,Petrol,Individual,Manual,Third Owner,17.3 kmpl,993 CC,60 bhp,5.0
Hyundai,i20,2014.0,565000.0,70000,Petrol,Individual,Manual,Second Owner,18.6 kmpl,1197 CC,81.83 bhp,5.0
Hyundai,Elite,2018.0,850000.0,60000,Diesel,Individual,Manual,First Owner,22.54 kmpl,1396 CC,88.76 bhp,5.0
Maruti,Alto,2006.0,160000.0,90000,Petrol,Individual,Manual,First Owner,19.7 kmpl,796 CC,46.3 bhp,5.0
Fiat,Linea,2014.0,325000.0,142500,Diesel,Individual,Manual,First Owner,19.5 kmpl,1248 CC,75 bhp,5.0
Mahindra,Scorpio,2011.0,450000.0,90000,Diesel,Individual,Manual,Third Owner,12.05 kmpl,2179 CC,120 bhp,8.0
Hyundai,i10,2015.0,310000.0,50000,Petrol,Individual,Manual,First Owner,19.81 kmpl,1086 CC,68.05 bhp,5.0
Honda,,2013.0,250000.0,90000,Diesel,Individual,Manual,Third Owner,25.8 kmpl,1498 CC,98.6 bhp,5.0
Maruti,Swift,2015.0,420000.0,115000,Diesel,Individual,Manual,Second Owner,26.59 kmpl,1248 CC,74 bhp,5.0
Hyundai,i20,2013.0,330000.0,150000,Petrol,Individual,Automatic,Second Owner,15.0 kmpl,1396 CC,98.6 bhp,5.0
Maruti,Swift,2015.0,405000.0,68000,Petrol,Individual,Manual,Second Owner,20.4 kmpl,1197 CC,81.80 bhp,5.0
Mahindra,Bolero,2013.0,400000.0,90000,Diesel,Individual,Manual,Second Owner,15.96 kmpl,2523 CC,62.1 bhp,7.0
Honda,City,2010.0,409999.0,110000,Petrol,Individual,Automatic,Third Owner,15.6 kmpl,1497 CC,116.3 bhp,5.0
Mahindra,Bolero,2013.0,500000.0,70000,Diesel,Individual,Manual,Second Owner,15.96 kmpl,2523 CC,62.1 bhp,7.0
Mahindra,XUV500,2011.0,590000.0,80000,Diesel,Individual,Manual,Third Owner,15.1 kmpl,2179 CC,140 bhp,7.0
Hyundai,i10,2007.0,135000.0,100000,Petrol,Individual,Manual,Second Owner,19.81 kmpl,1086 CC,68.05 bhp,5.0
Maruti,Wagon,2004.0,70000.0,70000,Petrol,Individual,Manual,Second Owner,18.9 kmpl,998 CC,67.1 bhp,5.0
Maruti,800,2004.0,45000.0,77000,Petrol,Individual,Manual,Third Owner,16.1 kmpl,796 CC,37 bhp,4.0
Maruti,Swift,2018.0,650000.0,35500,Diesel,Individual,Manual,First Owner,28.4 kmpl,1248 CC,74.02 bhp,5.0
Maruti,Wagon,2018.0,400000.0,17500,Petrol,Individual,Manual,First Owner,20.51 kmpl,998 CC,67.04 bhp,5.0
Maruti,Alto,2017.0,350000.0,27000,Petrol,Individual,Manual,First Owner,23.95 kmpl,998 CC,67.05 bhp,5.0
Hyundai,Grand,2017.0,550000.0,60000,Diesel,Individual,Manual,First Owner,24.0 kmpl,1186 CC,73.97 bhp,5.0
Maruti,Wagon,2016.0,350000.0,25000,Petrol,Individual,Manual,First Owner,20.51 kmpl,998 CC,67.04 bhp,5.0
Maruti,Swift,2015.0,459999.0,80000,Diesel,Individual,Manual,First Owner,26.59 kmpl,1248 CC,74 bhp,5.0
Maruti,Alto,2012.0,185000.0,60000,Petrol,Individual,Manual,Second Owner,19.7 kmpl,796 CC,46.3 bhp,5.0
Volkswagen,Polo,2013.0,550000.0,38000,Diesel,Individual,Manual,First Owner,22.07 kmpl,1199 CC,73.9 bhp,5.0
Maruti,Wagon,2012.0,300000.0,100000,LPG,Individual,Manual,Second Owner,26.2 km/kg,998 CC,58.2 bhp,5.0
Toyota,Innova,2011.0,900000.0,110000,Diesel,Individual,Manual,First Owner,12.8 kmpl,2494 CC,102 bhp,8.0
Honda,BR-V,2016.0,900000.0,92000,Diesel,Individual,Manual,First Owner,21.9 kmpl,1498 CC,98.6 bhp,7.0
Mahindra,Bolero,2012.0,550000.0,180000,Diesel,Individual,Manual,Third Owner,15.96 kmpl,2523 CC,62.1 bhp,9.0
Maruti,Baleno,2018.0,625000.0,10000,Petrol,Individual,Manual,First Owner,21.4 kmpl,1197 CC,83.1 bhp,5.0
,Alto,2017.0,310000.0,35000,Petrol,Individual,Manual,Second Owner,24.7 kmpl,796 CC,47.3 bhp,5.0
Maruti,Swift,2017.0,500000.0,35000,Diesel,Individual,Manual,First Owner,28.4 kmpl,1248 CC,74 bhp,5.0
Hyundai,,2016.0,610000.0,23000,Diesel,Individual,Manual,First Owner,24.0 kmpl,1120 CC,70 bhp,5.0
Tata,,2012.0,150000.0,150000,Diesel,Individual,Manual,Third Owner,19.09 kmpl,1396 CC,69 bhp,5.0
Hyundai,Xcent,2015.0,480000.0,70000,Diesel,Individual,Manual,First Owner,24.4 kmpl,1120 CC,71 bhp,5.0
Hyundai,i20,2017.0,650000.0,40000,Petrol,Individual,Manual,First Owner,18.6 kmpl,1197 CC,81.83 bhp,5.0
Hyundai,i20,2012.0,290000.0,100000,Diesel,Individual,Manual,Second Owner,21.9 kmpl,1396 CC,90 bhp,5.0
Maruti,,2017.0,300000.0,50000,Petrol,Individual,Manual,Second Owner,24.7 kmpl,796 CC,47.3 bhp,5.0
Maruti,Swift,2010.0,270000.0,120000,Diesel,Individual,Manual,Fourth & Above Owner,19.3 kmpl,1248 CC,73.9 bhp,5.0
Hyundai,Xcent,2015.0,400000.0,60000,Diesel,Individual,Manual,Second Owner,24.4 kmpl,1120 CC,71 bhp,5.0
Maruti,Alto,2015.0,280000.0,28000,Petrol,Individual,Manual,Second Owner,22.74 kmpl,796 CC,47.3 bhp,5.0
Maruti,Swift,2009.0,250000.0,60000,Petrol,Individual,Manual,Third Owner,17.5 kmpl,1298 CC,85.8 bhp,5.0
Maruti,Swift,2012.0,495000.0,80000,Diesel,Individual,Manual,Second Owner,19.3 kmpl,1248 CC,73.9 bhp,5.0
Ford,Endeavour,2018.0,3250000.0,12000,Diesel,Individual,Automatic,First Owner,10.91 kmpl,3198 CC,197 bhp,7.0
Honda,Amaze,2019.0,700000.0,4500,Petrol,Individual,Manual,First Owner,19.5 kmpl,1199 CC,88.76 bhp,5.0
Tata,Indigo,2013.0,310000.0,70000,Diesel,Individual,Manual,First Owner,25.0 kmpl,1396 CC,69 bhp,5.0
Renault,Duster,2017.0,650000.0,120000,Diesel,Individual,Manual,First Owner,19.87 kmpl,1461 CC,83.8 bhp,5.0
Honda,Jazz,2015.0,600000.0,80000,Petrol,Individual,Automatic,First Owner,19.0 kmpl,1199 CC,88.7 bhp,5.0
Tata,New,2009.0,150000.0,150000,Diesel,Individual,Manual,Fourth & Above Owner,11.57 kmpl,2179 CC,138.1 bhp,7.0
Mahindra,Renault,2009.0,135000.0,120000,Petrol,Individual,Manual,First Owner,15.7 kmpl,1390 CC,75 bhp,5.0
Maruti,Swift,2014.0,650000.0,50000,Diesel,Individual,Manual,First Owner,23.4 kmpl,1248 CC,74 bhp,5.0
Honda,City,2012.0,550000.0,83000,Petrol,Individual,Manual,First Owner,16.8 kmpl,1497 CC,116.3 bhp,5.0
Maruti,Swift,2017.0,650000.0,20000,Diesel,Individual,Manual,First Owner,28.4 kmpl,1248 CC,74.02 bhp,5.0
Toyota,Fortuner,2018.0,2900000.0,49000,Diesel,Individual,Automatic,First Owner,12.9 kmpl,2755 CC,174.5 bhp,7.0
Honda,Brio,2017.0,450000.0,6750,Petrol,Individual,Manual,First Owner,18.5 kmpl,1198 CC,86.8 bhp,5.0
Maruti,Ciaz,2015.0,650000.0,26000,Petrol,Individual,Manual,First Owner,20.73 kmpl,1373 CC,91.1 bhp,5.0
Hyundai,Grand,2017.0,430000.0,52000,Petrol,Individual,Manual,First Owner,17.0 kmpl,1197 CC,81.86 bhp,5.0
Hyundai,Creta,2017.0,1143000.0,51000,Diesel,Individual,Automatic,First Owner,17.01 kmpl,1582 CC,126.2 bhp,5.0
Maruti,Swift,2019.0,700000.0,20000,Petrol,Individual,Automatic,First Owner,22.0 kmpl,1197 CC,81.80 bhp,5.0
Maruti,Ritz,2011.0,229999.0,18500,Petrol,Individual,Manual,First Owner,18.5 kmpl,1197 CC,85.80 bhp,5.0
Mahindra,TUV,2017.0,509999.0,142000,Diesel,Individual,Manual,First Owner,18.49 kmpl,1493 CC,100 bhp,7.0
Ford,EcoSport,2016.0,670000.0,50478,Petrol,Individual,Manual,First Owner,15.85 kmpl,1499 CC,110.4 bhp,5.0
,Tiago,2019.0,525000.0,9200,Petrol,Individual,Automatic,First Owner,23.84 kmpl,1199 CC,83.83 bhp,5.0
Renault,Duster,2016.0,515000.0,40000,Diesel,Individual,Manual,First Owner,19.87 kmpl,1461 CC,83.8 bhp,5.0
Maruti,Baleno,2020.0,630000.0,5000,Petrol,Individual,Manual,First Owner,21.01 kmpl,1197 CC,81.80 bhp,5.0
Datsun,RediGO,2019.0,270000.0,2300,Petrol,Individual,Manual,First Owner,22.7 kmpl,799 CC,53.64 bhp,5.0
Maruti,Alto,2016.0,300000.0,40000,Petrol,Individual,Manual,First Owner,22.74 kmpl,796 CC,47.3 bhp,5.0
Mahindra,Xylo,2012.0,,119000,Diesel,Individual,Manual,First Owner,14.0 kmpl,2489 CC,95 bhp,8.0
Maruti,Alto,2005.0,90000.0,100000,Petrol,Individual,Manual,Fourth & Above Owner,19.7 kmpl,796 CC,46.3 bhp,5.0
Maruti,Ertiga,2017.0,750000.0,100000,Diesel,Individual,Manual,First Owner,24.52 kmpl,1248 CC,88.5 bhp,7.0
Maruti,Wagon,2009.0,135000.0,50000,Petrol,Individual,Manual,Second Owner,18.9 kmpl,1061 CC,67 bhp,5.0
Maruti,,2013.0,275000.0,80000,Petrol,Individual,Manual,Second Owner,15.1 kmpl,1196 CC,73 bhp,5.0
Tata,Nexon,2018.0,740000.0,15000,Petrol,Individual,Manual,First Owner,17.0 kmpl,1198 CC,108.5 bhp,5.0
Toyota,Yaris,2018.0,1000000.0,4295,Petrol,Trustmark Dealer,Manual,First Owner,17.1 kmpl,1496 CC,105.5 bhp,5.0
Toyota,Yaris,2018.0,1000000.0,5229,Petrol,Trustmark Dealer,Manual,First Owner,17.1 kmpl,1496 CC,105.5 bhp,5.0
Hyundai,Grand,2019.0,550000.0,4701,Petrol,Trustmark Dealer,Manual,First Owner,20.7 kmpl,1197 CC,81.86 bhp,5.0
Maruti,Baleno,2016.0,600000.0,6757,Petrol,Trustmark Dealer,Manual,First Owner,21.01 kmpl,1197 CC,81.80 bhp,5.0
Skoda,Rapid,2016.0,675000.0,28182,Petrol,Trustmark Dealer,Automatic,First Owner,14.3 kmpl,1598 CC,103.52 bhp,5.0
Nissan,Kicks,2019.0,950000.0,11533,Petrol,Trustmark Dealer,Manual,First Owner,14.23 kmpl,1498 CC,104.55 bhp,5.0
Honda,City,2017.0,850000.0,11688,Petrol,Trustmark Dealer,Manual,First Owner,17.8 kmpl,1497 CC,117.3 bhp,5.0
Toyota,Corolla,2012.0,550000.0,57728,Petrol,Trustmark Dealer,Automatic,First Owner,14.53 kmpl,1794 CC,138.1 bhp,5.0
Maruti,Ciaz,2018.0,925000.0,23712,Diesel,Trustmark Dealer,Manual,First Owner,28.09 kmpl,1248 CC,88.5 bhp,5.0
Ford,Ecosport,2015.0,625000.0,70670,Petrol,Trustmark Dealer,Automatic,First Owner,16.5 kmpl,1499 CC,110 bhp,5.0
Maruti,Alto,2014.0,200000.0,43381,Petrol,Dealer,Manual,Second Owner,22.74 kmpl,796 CC,47.3 bhp,5.0
Honda,City,2014.0,635000.0,79011,Petrol,Trustmark Dealer,Automatic,First Owner,18.0 kmpl,1497 CC,117.3 bhp,5.0
Maruti,SX4,2014.0,425000.0,50000,Diesel,Individual,Manual,Second Owner,21.79 kmpl,1248 CC,88.73 bhp,5.0
Maruti,Wagon,2011.0,220000.0,40000,Petrol,Individual,Manual,First Owner,18.9 kmpl,998 CC,67.1 bhp,5.0
Hyundai,Grand,2018.0,590000.0,10000,Petrol,Individual,Manual,First Owner,18.9 kmpl,1197 CC,81.86 bhp,5.0
Mahindra,Thar,2017.0,775000.0,35000,Diesel,Individual,Manual,First Owner,16.55 kmpl,2498 CC,105 bhp,6.0
Maruti,Ritz,2015.0,350000.0,58500,Petrol,Individual,Manual,First Owner,18.5 kmpl,1197 CC,85.80 bhp,5.0
Maruti,Baleno,2018.0,575000.0,20000,Petrol,Individual,Manual,First Owner,21.4 kmpl,1197 CC,83.1 bhp,5.0
Nissan,Micra,2011.0,200000.0,43500,Petrol,Individual,Manual,Second Owner,18.06 kmpl,1198 CC,75 bhp,5.0
Tata,Hexa,2018.0,1575000.0,30000,Diesel,Individual,Manual,First Owner,17.6 kmpl,2179 CC,153.86 bhp,7.0
Ford,EcoSport,2015.0,600000.0,63000,Diesel,Individual,Manual,First Owner,22.77 kmpl,1498 CC,98.59 bhp,5.0
Mahindra,Bolero,2016.0,720000.0,35000,Diesel,Individual,Manual,First Owner,15.96 kmpl,2523 CC,62.1 bhp,7.0
Tata,Indigo,2012.0,158000.0,110000,Diesel,Individual,Manual,Second Owner,19.09 kmpl,1396 CC,69 bhp,5.0
Tata,Hexa,2018.0,1575000.0,25000,Diesel,Individual,Manual,First Owner,17.6 kmpl,2179 CC,153.86 bhp,7.0
Hyundai,Xcent,2017.0,580000.0,30000,Petrol,Individual,Automatic,First Owner,17.36 kmpl,1197 CC,81.86 bhp,5.0
Mahindra,Bolero,2012.0,420000.0,50000,Diesel,Individual,Manual,First Owner,15.96 kmpl,2523 CC,62.1 bhp,7.0
Mahindra,Marazzo,2018.0,1200000.0,35000,Diesel,Individual,Manual,First Owner,17.3 kmpl,1497 CC,121 bhp,8.0
Renault,KWID,,350000.0,30000,Petrol,Individual,Manual,First Owner,23.01 kmpl,999 CC,67 bhp,5.0
Honda,City,2014.0,650000.0,56000,Petrol,Individual,Manual,First Owner,17.4 kmpl,1497 CC,117.3 bhp,5.0
Maruti,Wagon,2017.0,400000.0,12700,Petrol,Individual,Manual,First Owner,20.51 kmpl,998 CC,67.04 bhp,5.0
Tata,Nexon,2018.0,700000.0,35000,Diesel,Individual,Manual,First Owner,21.5 kmpl,1497 CC,108.5 bhp,5.0
Hyundai,Xcent,2017.0,520000.0,30000,Petrol,Individual,Manual,First Owner,19.1 kmpl,1197 CC,82 bhp,5.0
Mahindra,Scorpio,2012.0,450000.0,120000,Diesel,Individual,Manual,First Owner,12.05 kmpl,2179 CC,120 bhp,9.0
Tata,Safari,2017.0,850000.0,100000,Diesel,Individual,Manual,First Owner,14.1 kmpl,2179 CC,147.94 bhp,7.0
Renault,KWID,2017.0,,34000,Petrol,Individual,Manual,First Owner,25.17 kmpl,799 CC,53.3 bhp,5.0
Mahindra,Xylo,2011.0,450000.0,56000,Diesel,Individual,Manual,First Owner,13.0 kmpl,2489 CC,95 bhp,8.0
Hyundai,i10,2008.0,165000.0,90000,Petrol,Individual,Manual,First Owner,19.81 kmpl,1086 CC,68.05 bhp,5.0
Hyundai,Santro,2010.0,160000.0,65000,Petrol,Individual,Manual,Second Owner,17.92 kmpl,1086 CC,62.1 bhp,5.0
Tata,New,2011.0,300000.0,80000,Diesel,Individual,Manual,First Owner,13.93 kmpl,2179 CC,138 bhp,7.0
Mahindra,Scorpio,2012.0,550000.0,90000,Diesel,Individual,Manual,Third Owner,12.05 kmpl,2179 CC,120 bhp,8.0
Maruti,Alto,2015.0,285000.0,40000,Petrol,Individual,Manual,First Owner,23.95 kmpl,998 CC,67.05 bhp,5.0
Maruti,Ertiga,2018.0,900000.0,25000,Petrol,Individual,Manual,First Owner,19.34 kmpl,1462 CC,103 bhp,7.0
Maruti,Alto,2005.0,180000.0,49455,Petrol,Individual,Manual,First Owner,19.7 kmpl,796 CC,46.3 bhp,5.0
Hyundai,EON,2016.0,220000.0,100000,Petrol,Individual,Manual,First Owner,21.1 kmpl,814 CC,55.2 bhp,5.0
Tata,Indica,2013.0,120000.0,120000,Diesel,Individual,Manual,First Owner,22.3 kmpl,1248 CC,74 bhp,5.0
Hyundai,i20,2010.0,220000.0,90000,Petrol,Individual,Manual,Fourth & Above Owner,17.0 kmpl,1197 CC,80 bhp,5.0
Chevrolet,Sail,2013.0,,46815,Diesel,Individual,Manual,Second Owner,22.1 kmpl,1248 CC,76.9 bhp,5.0
Tata,Indica,2013.0,160000.0,110000,Diesel,Individual,Manual,First Owner,19.4 kmpl,1405 CC,70 bhp,5.0
Hyundai,EON,2015.0,250000.0,80000,Petrol,Individual,Manual,First Owner,21.1 kmpl,814 CC,55.2 bhp,5.0
Maruti,Ertiga,2013.0,385000.0,100000,Diesel,Individual,Manual,Third Owner,20.77 kmpl,1248 CC,88.8 bhp,7.0
Maruti,Wagon,2014.0,318000.0,80000,Petrol,Individual,Manual,First Owner,20.51 kmpl,998 CC,67.06 bhp,5.0
Hyundai,Xcent,2018.0,480000.0,40000,Petrol,Individual,Manual,First Owner,20.14 kmpl,1197 CC,81.86 bhp,5.0
Maruti,Celerio,2015.0,,70000,Petrol,Individual,Manual,Third Owner,23.1 kmpl,998 CC,67.04 bhp,5.0
Tata,Indica,2011.0,152000.0,80000,Diesel,Individual,Manual,First Owner,17.0 kmpl,1405 CC,71 bhp,5.0
Maruti,Alto,2014.0,250000.0,40000,Petrol,Individual,Manual,First Owner,22.74 kmpl,796 CC,47.3 bhp,5.0
Tata,Indica,2011.0,248000.0,80000,Diesel,Individual,Manual,First Owner,17.0 kmpl,1405 CC,71 bhp,5.0
Nissan,Micra,2011.0,300000.0,60000,Petrol,Individual,Manual,Second Owner,18.06 kmpl,1198 CC,75 bhp,5.0
Hyundai,i20,2017.0,550000.0,50000,Petrol,Individual,Manual,First Owner,18.6 kmpl,1197 CC,81.83 bhp,5.0
Hyundai,i20,2016.0,650000.0,30000,Diesel,Individual,Manual,First Owner,22.54 kmpl,1396 CC,88.73 bhp,5.0
,Grand,2017.0,445000.0,25000,Petrol,Individual,Manual,First Owner,18.9 kmpl,1197 CC,82 bhp,5.0
Toyota,Innova,2010.0,450000.0,334000,Diesel,Individual,Manual,First Owner,12.8 kmpl,2494 CC,102 bhp,7.0
Mahindra,NuvoSport,2016.0,600000.0,100000,Diesel,Individual,Manual,First Owner,17.45 kmpl,1493 CC,100 bhp,7.0
Renault,Duster,2014.0,,175000,Diesel,Individual,Manual,First Owner,19.01 kmpl,1461 CC,108.45 bhp,5.0
Maruti,SX4,2011.0,220000.0,65000,Petrol,Individual,Automatic,Third Owner,12.6 kmpl,1586 CC,103.3 bhp,5.0
Maruti,SX4,2011.0,260000.0,65000,Petrol,Individual,Automatic,Third Owner,12.6 kmpl,1586 CC,103.3 bhp,5.0
Hyundai,Santro,2009.0,150000.0,90000,Petrol,Individual,Manual,First Owner,17.92 kmpl,1086 CC,62.1 bhp,5.0
Ford,Figo,2011.0,200000.0,80000,Diesel,Individual,Manual,Second Owner,20.0 kmpl,1399 CC,68 bhp,5.0
Mahindra,Scorpio,2018.0,1465000.0,110000,Diesel,Individual,Manual,First Owner,16.36 kmpl,2179 CC,140 bhp,7.0
Honda,Civic,2008.0,250000.0,60000,Petrol,Individual,Automatic,Third Owner,20.0 kmpl,1339 CC,108.5 bhp,5.0
Mahindra,Xylo,2014.0,310000.0,160000,Diesel,Individual,Manual,First Owner,14.95 kmpl,2489 CC,93.7 bhp,7.0
Mahindra,Scorpio,2010.0,600000.0,100875,Diesel,Individual,Automatic,First Owner,11.79 kmpl,2179 CC,120 bhp,8.0
Maruti,Baleno,2018.0,,20000,Petrol,Individual,Manual,First Owner,21.4 kmpl,1197 CC,83.1 bhp,5.0
Maruti,Swift,2016.0,500000.0,30000,Petrol,Individual,Manual,First Owner,20.85 kmpl,1197 CC,83.14 bhp,5.0
Hyundai,Grand,2013.0,270000.0,118000,Diesel,Individual,Manual,First Owner,24.0 kmpl,1120 CC,70 bhp,5.0
Hyundai,Verna,2013.0,420000.0,69000,Diesel,Individual,Manual,Third Owner,22.32 kmpl,1582 CC,126.32 bhp,5.0
Maruti,Swift,2015.0,434999.0,25000,Petrol,Individual,Manual,Second Owner,20.85 kmpl,1197 CC,83.14 bhp,5.0
Hyundai,Xcent,2015.0,400000.0,100000,Petrol,Individual,Automatic,First Owner,16.9 kmpl,1197 CC,81.86 bhp,5.0
Maruti,Swift,2015.0,470000.0,110000,Diesel,Individual,Manual,First Owner,26.59 kmpl,1248 CC,74 bhp,5.0
Nissan,Terrano,2015.0,,60000,Diesel,Individual,Manual,Third Owner,20.45 kmpl,1461 CC,83.8 bhp,5.0
Hyundai,Santro,2008.0,105000.0,128000,Petrol,Individual,Manual,First Owner,0.0 kmpl,1086 CC,62 bhp,5.0
Tata,Tiago,2017.0,325000.0,120000,Diesel,Individual,Manual,First Owner,27.28 kmpl,1047 CC,69 bhp,5.0
Hyundai,Grand,2020.0,675000.0,5000,Petrol,Individual,Automatic,First Owner,20.7 kmpl,1197 CC,81.86 bhp,5.0
Hyundai,i10,2009.0,170000.0,90000,Petrol,Individual,Manual,Second Owner,20.36 kmpl,1197 CC,78.9 bhp,5.0
Hyundai,Creta,2017.0,1250000.0,90000,Diesel,Individual,Manual,First Owner,19.67 kmpl,1582 CC,126.2 bhp,5.0
Honda,Accord,2012.0,600000.0,144030,Petrol,Individual,Manual,First Owner,12.8 kmpl,2354 CC,177.6 bhp,5.0
Honda,City,2014.0,819999.0,200000,Diesel,Individual,Manual,First Owner,25.1 kmpl,1498 CC,98.6 bhp,5.0
Hyundai,i20,2016.0,650000.0,29000,Petrol,Individual,Manual,First Owner,18.6 kmpl,1197 CC,81.83 bhp,5.0
Maruti,Wagon,2007.0,105000.0,90000,LPG,Individual,Manual,Second Owner,17.3 km/kg,1061 CC,57.5 bhp,5.0
Mahindra,Renault,2009.0,200000.0,176000,Diesel,Individual,Manual,Second Owner,17.0 kmpl,1461 CC,66 bhp,5.0
Tata,Indigo,2013.0,200000.0,150000,Diesel,Individual,Manual,First Owner,19.09 kmpl,1396 CC,69 bhp,5.0
Maruti,Omni,2016.0,220000.0,90000,Petrol,Individual,Manual,First Owner,16.8 kmpl,796 CC,34.2 bhp,8.0
Volkswagen,Vento,2014.0,500000.0,70000,Petrol,Individual,Manual,Second Owner,15.04 kmpl,1598 CC,103.2 bhp,5.0
Mahindra,Renault,2007.0,175000.0,99000,Diesel,Individual,Manual,Second Owner,19.2 kmpl,1461 CC,65 bhp,5.0
Tata,Tiago,2018.0,450000.0,5000,Petrol,Individual,Manual,First Owner,23.84 kmpl,1199 CC,84 bhp,5.0
Chevrolet,Optra,2008.0,210000.0,90000,Diesel,Individual,Manual,Fourth & Above Owner,16.52 kmpl,1991 CC,123.7 bhp,5.0
Maruti,Ritz,2011.0,270000.0,89000,Diesel,Individual,Manual,Second Owner,21.1 kmpl,1248 CC,73.9 bhp,5.0
Tata,Indica,2006.0,110000.0,88000,Diesel,Individual,Manual,Second Owner,16.8 kmpl,1405 CC,62 bhp,5.0
Maruti,Swift,2015.0,480000.0,30000,Diesel,Individual,Manual,First Owner,26.59 kmpl,1248 CC,74 bhp,5.0
Maruti,,2016.0,650000.0,50000,Diesel,Individual,Automatic,Second Owner,26.59 kmpl,1248 CC,74 bhp,5.0
Maruti,Swift,2013.0,480000.0,80000,Diesel,Individual,Manual,First Owner,23.4 kmpl,1248 CC,74 bhp,5.0
Hyundai,i20,2016.0,700000.0,40000,Diesel,Individual,Manual,First Owner,22.54 kmpl,1396 CC,88.73 bhp,5.0
Maruti,Ertiga,2015.0,650000.0,110000,Diesel,Individual,Manual,Third Owner,20.77 kmpl,1248 CC,88.76 bhp,7.0
Hyundai,Creta,2015.0,1300000.0,48000,Diesel,Individual,Manual,Second Owner,19.67 kmpl,1582 CC,126.2 bhp,5.0
Volkswagen,Jetta,2016.0,1350000.0,97000,Diesel,Individual,Automatic,First Owner,16.96 kmpl,1968 CC,138.03 bhp,5.0
Volkswagen,Vento,2016.0,1000000.0,60000,Diesel,Individual,Automatic,First Owner,22.15 kmpl,1498 CC,108.6 bhp,5.0
Mercedes-Benz,M-Class,2011.0,1700000.0,110000,Diesel,Individual,Automatic,Third Owner,0.0 kmpl,2987 CC,165 bhp,5.0
Toyota,Yaris,2018.0,1080000.0,12800,Petrol,Individual,Automatic,First Owner,17.8 kmpl,1496 CC,105.5 bhp,5.0
Hyundai,EON,2012.0,170000.0,40000,Petrol,Individual,Manual,First Owner,21.1 kmpl,814 CC,55.2 bhp,5.0
Maruti,Swift,2017.0,610000.0,49000,Diesel,Individual,Manual,First Owner,28.4 kmpl,1248 CC,74 bhp,5.0
Maruti,Ritz,2014.0,350000.0,25000,Petrol,Individual,Manual,First Owner,18.5 kmpl,1197 CC,85.80 bhp,5.0
Maruti,Alto,2016.0,260000.0,65000,Petrol,Individual,Manual,Second Owner,22.74 kmpl,796 CC,47.3 bhp,5.0
Fiat,Linea,2015.0,700000.0,20000,Diesel,Individual,Manual,First Owner,20.4 kmpl,1248 CC,91.7 bhp,5.0
Volkswagen,Polo,2018.0,678000.0,17000,Petrol,Individual,Manual,First Owner,18.78 kmpl,999 CC,75 bhp,5.0
Maruti,SX4,2015.0,800000.0,15000,Diesel,Individual,Manual,First Owner,23.65 kmpl,1248 CC,88.5 bhp,5.0
Toyota,Etios,2014.0,400000.0,120000,Diesel,Individual,Manual,Second Owner,23.59 kmpl,1364 CC,67.04 bhp,5.0
Hyundai,i20,2010.0,300000.0,49000,Petrol,Individual,Manual,First Owner,18.5 kmpl,1197 CC,80 bhp,5.0
Hyundai,i20,2016.0,520000.0,29000,Petrol,Individual,Manual,First Owner,18.6 kmpl,1197 CC,81.83 bhp,5.0
Nissan,Terrano,2017.0,,55000,Diesel,Individual,Automatic,First Owner,19.61 kmpl,1461 CC,108.5 bhp,5.0
Mahindra,Marazzo,2019.0,1460000.0,5000,Diesel,Individual,Manual,First Owner,17.3 kmpl,1497 CC,121 bhp,7.0
Tata,Nexon,2017.0,830000.0,35000,Diesel,Individual,Manual,First Owner,21.5 kmpl,1497 CC,108.5 bhp,5.0
Datsun,GO,,430000.0,5000,Petrol,Individual,Manual,Second Owner,20.63 kmpl,1198 CC,67 bhp,5.0
Ford,EcoSport,2017.0,850000.0,60000,Diesel,Individual,Manual,First Owner,22.77 kmpl,1498 CC,98.59 bhp,
Maruti,Swift,2017.0,,70000,Petrol,Individual,Manual,First Owner,20.85 kmpl,1197 CC,83.14 bhp,5.0
Hyundai,Verna,2008.0,120000.0,120000,Diesel,Individual,Manual,Second Owner,16.8 kmpl,1493 CC,110 bhp,5.0
Mahindra,TUV,2016.0,730000.0,65100,Diesel,Individual,Manual,Second Owner,18.49 kmpl,1493 CC,100 bhp,7.0
Maruti,Ignis,2019.0,525000.0,20000,Petrol,Individual,Automatic,First Owner,20.89 kmpl,1197 CC,81.80 bhp,5.0
Hyundai,i20,2015.0,600000.0,108000,Diesel,Individual,Manual,First Owner,21.19 kmpl,1396 CC,88.73 bhp,5.0
Maruti,Swift,2019.0,500000.0,15000,Petrol,Individual,Manual,First Owner,21.21 kmpl,1197 CC,81.80 bhp,5.0
Hyundai,Santro,2009.0,150000.0,77000,Petrol,Individual,Manual,First Owner,17.92 kmpl,1086 CC,62.1 bhp,5.0
Maruti,Wagon,2015.0,409999.0,18500,Petrol,Individual,Manual,First Owner,20.51 kmpl,998 CC,67.04 bhp,5.0
Mahindra,TUV,2016.0,625000.0,120000,Diesel,Individual,Manual,First Owner,18.49 kmpl,1493 CC,100 bhp,7.0
Renault,KWID,2015.0,290000.0,15200,Petrol,Individual,Manual,First Owner,25.17 kmpl,799 CC,53.3 bhp,5.0
Honda,Mobilio,2015.0,500000.0,35000,Petrol,Individual,Manual,First Owner,17.3 kmpl,1497 CC,117.3 bhp,7.0
Hyundai,Verna,2011.0,475000.0,80000,Diesel,Individual,Manual,First Owner,22.32 kmpl,1582 CC,126.32 bhp,5.0
Hyundai,EON,2013.0,190000.0,70000,Petrol,Individual,Manual,First Owner,21.1 kmpl,814 CC,55.2 bhp,5.0
Mahindra,XUV500,2014.0,750000.0,80000,Diesel,Individual,Manual,Second Owner,15.1 kmpl,2179 CC,140 bhp,7.0
Nissan,Terrano,2014.0,525000.0,120000,Diesel,Individual,Manual,Second Owner,19.01 kmpl,1461 CC,108.5 bhp,5.0
Chevrolet,Cruze,2012.0,495000.0,82000,Diesel,Individual,Manual,Third Owner,17.3 kmpl,1998 CC,163.7 bhp,5.0
Honda,City,2010.0,321000.0,60000,Petrol,Individual,Automatic,Second Owner,16.8 kmpl,1497 CC,118 bhp,5.0
Toyota,Etios,2017.0,585000.0,50000,Petrol,Individual,Manual,First Owner,17.71 kmpl,1197 CC,78.9 bhp,5.0
Ford,Figo,2011.0,225000.0,70000,Diesel,Individual,Manual,First Owner,20.0 kmpl,1399 CC,68 bhp,5.0
Honda,Amaze,2017.0,500000.0,70000,Diesel,Individual,Manual,First Owner,25.8 kmpl,1498 CC,98.6 bhp,5.0
Hyundai,i20,2011.0,,90000,Diesel,Individual,Manual,Third Owner,23.0 kmpl,1396 CC,90 bhp,5.0
Maruti,Ertiga,2016.0,756000.0,70000,Diesel,Individual,Manual,Second Owner,24.52 kmpl,1248 CC,88.5 bhp,7.0
Maruti,Alto,2014.0,,50000,Petrol,Individual,Manual,First Owner,22.74 kmpl,796 CC,47.3 bhp,5.0
Maruti,Omni,2012.0,80000.0,120000,Petrol,Individual,Manual,Second Owner,19.7 kmpl,796 CC,35 bhp,8.0
Hyundai,i20,2019.0,800000.0,5000,Petrol,Individual,Manual,First Owner,17.19 kmpl,1197 CC,81.86 bhp,5.0
Tata,Hexa,2018.0,1250000.0,25000,Diesel,Individual,Manual,First Owner,17.6 kmpl,2179 CC,147.94 bhp,7.0
Mahindra,Scorpio,2009.0,320000.0,80000,Diesel,Individual,Manual,Third Owner,12.05 kmpl,2179 CC,120 bhp,7.0
Hyundai,Grand,2017.0,509999.0,25000,Petrol,Individual,Manual,First Owner,18.9 kmpl,1197 CC,82 bhp,5.0
Tata,Zest,,650000.0,15000,Diesel,Individual,Manual,First Owner,22.95 kmpl,1248 CC,74 bhp,5.0
Maruti,Alto,2011.0,210000.0,35000,Petrol,Individual,Manual,Second Owner,20.92 kmpl,998 CC,67.1 bhp,5.0
Maruti,Alto,2008.0,,80000,Petrol,Individual,Manual,Second Owner,19.7 kmpl,796 CC,46.3 bhp,5.0
Tata,Nexon,2017.0,665000.0,25000,Diesel,Individual,Manual,First Owner,21.5 kmpl,1497 CC,108.5 bhp,5.0
Volkswagen,Ameo,2017.0,555000.0,52000,Diesel,Individual,Manual,First Owner,21.66 kmpl,1498 CC,108.62 bhp,5.0
Volkswagen,Ameo,2017.0,560000.0,52000,Diesel,Individual,Manual,First Owner,21.66 kmpl,1498 CC,108.62 bhp,5.0
Mahindra,KUV,2016.0,375000.0,80000,Diesel,Individual,Manual,First Owner,25.32 kmpl,1198 CC,77 bhp,6.0
Toyota,Fortuner,2017.0,2950000.0,50000,Diesel,Individual,Automatic,First Owner,15.04 kmpl,2755 CC,174.5 bhp,7.0
Maruti,Swift,2017.0,605000.0,127000,Diesel,Individual,Manual,First Owner,28.4 kmpl,1248 CC,74.02 bhp,5.0
Honda,WR-V,2017.0,720000.0,30000,Petrol,Individual,Manual,First Owner,17.5 kmpl,1199 CC,88.7 bhp,5.0
Maruti,Ertiga,2017.0,800000.0,70000,Diesel,Individual,Manual,First Owner,24.52 kmpl,1248 CC,88.5 bhp,7.0
Mahindra,XUV500,2017.0,1325000.0,54000,Diesel,Individual,Manual,First Owner,16.0 kmpl,2179 CC,140 bhp,7.0
Mitsubishi,Pajero,2011.0,625000.0,120000,Diesel,Individual,Manual,Second Owner,10.5 kmpl,2835 CC,116.9 bhp,6.0
Hyundai,i20,2011.0,350000.0,116500,Diesel,Individual,Manual,First Owner,23.0 kmpl,1396 CC,90 bhp,5.0
Toyota,Innova,2012.0,600000.0,145000,Diesel,Individual,Manual,Second Owner,12.99 kmpl,2494 CC,100 bhp,8.0
Hyundai,i20,2012.0,300000.0,120000,Petrol,Individual,Manual,First Owner,18.5 kmpl,1197 CC,82.85 bhp,5.0
Tata,New,2011.0,240000.0,120000,Diesel,Individual,Manual,First Owner,13.93 kmpl,2179 CC,138.1 bhp,7.0
Ford,Figo,2016.0,377000.0,80000,Diesel,Individual,Manual,First Owner,25.83 kmpl,1498 CC,99 bhp,5.0
Maruti,Ertiga,2013.0,450000.0,140000,Petrol,Individual,Manual,First Owner,16.02 kmpl,1373 CC,93.7 bhp,7.0
Hyundai,Verna,2008.0,160000.0,100000,Petrol,Individual,Manual,Fourth & Above Owner,13.9 kmpl,1599 CC,103.2 bhp,5.0
Hyundai,Xcent,2019.0,525000.0,100000,Petrol,Individual,Manual,First Owner,20.14 kmpl,1197 CC,81.86 bhp,5.0
Toyota,Innova,2011.0,550000.0,168000,Diesel,Individual,Manual,Second Owner,12.8 kmpl,2494 CC,102 bhp,8.0
Chevrolet,Cruze,2010.0,270000.0,120000,Diesel,Individual,Manual,Third Owner,18.3 kmpl,1991 CC,147.9 bhp,5.0
Toyota,Etios,2016.0,570000.0,145000,Diesel,Individual,Manual,Second Owner,23.59 kmpl,1364 CC,67.05 bhp,5.0
Ford,Figo,2011.0,225000.0,90000,Diesel,Individual,Manual,Second Owner,20.0 kmpl,1399 CC,68 bhp,5.0
Hyundai,Xcent,2019.0,590000.0,90000,Petrol,Individual,Manual,First Owner,20.14 kmpl,1197 CC,81.86 bhp,5.0
Jeep,Compass,2018.0,1675000.0,80000,Diesel,Individual,Manual,First Owner,17.1 kmpl,1956 CC,170 bhp,5.0
Ford,Aspire,2019.0,800000.0,33000,Petrol,Dealer,Manual,First Owner,19.4 kmpl,1194 CC,94.93 bhp,5.0
Chevrolet,Sail,2014.0,450000.0,13500,Petrol,Individual,Manual,First Owner,18.2 kmpl,1199 CC,82.4 bhp,5.0
Tata,Indigo,2012.0,300000.0,80000,Diesel,Individual,Manual,First Owner,17.0 kmpl,1405 CC,70 bhp,5.0
Hyundai,i20,2017.0,645000.0,20000,Petrol,Individual,Manual,First Owner,18.6 kmpl,1197 CC,81.83 bhp,5.0
Maruti,Swift,2013.0,520000.0,58000,Diesel,Individual,Manual,First Owner,23.4 kmpl,1248 CC,74 bhp,5.0
Hyundai,EON,2013.0,200000.0,40000,Petrol,Individual,Manual,First Owner,21.1 kmpl,814 CC,55.2 bhp,5.0
Honda,City,2015.0,700000.0,30000,Petrol,Individual,Manual,First Owner,17.4 kmpl,1497 CC,117.3 bhp,5.0
Maruti,800,2000.0,45000.0,50000,Petrol,Individual,Manual,Second Owner,16.1 kmpl,796 CC,37 bhp,4.0
Ford,Figo,2016.0,459999.0,73000,Diesel,Individual,Manual,First Owner,25.83 kmpl,1498 CC,99 bhp,5.0
Maruti,Ritz,2014.0,325000.0,90000,Diesel,Individual,Manual,Second Owner,23.2 kmpl,1248 CC,73.94 bhp,5.0
Maruti,Wagon,2015.0,350000.0,50000,Petrol,Individual,Manual,Second Owner,20.51 kmpl,998 CC,67.04 bhp,5.0
Hyundai,Verna,2011.0,440000.0,80000,Diesel,Individual,Manual,Third Owner,22.32 kmpl,1582 CC,126.3 bhp,5.0
Hyundai,i20,2011.0,320000.0,70000,Diesel,Individual,Manual,Second Owner,21.9 kmpl,1396 CC,90 bhp,5.0
Chevrolet,Spark,2011.0,169000.0,41000,Petrol,Individual,Manual,First Owner,18.0 kmpl,995 CC,62 bhp,5.0
Volkswagen,Polo,2013.0,350000.0,50000,Petrol,Individual,Manual,Fourth & Above Owner,16.47 kmpl,1198 CC,73.9 bhp,5.0
Ford,Classic,2014.0,350000.0,113226,Diesel,Dealer,Manual,First Owner,19.68 kmpl,1399 CC,67 bhp,5.0
Ford,Figo,2013.0,310000.0,90000,Diesel,Individual,Manual,Second Owner,20.0 kmpl,1399 CC,68.1 bhp,5.0
Mahindra,Scorpio,2010.0,420000.0,160500,Diesel,Individual,Manual,Fourth & Above Owner,13.5 kmpl,2179 CC,115 bhp,5.0
Maruti,Ciaz,2015.0,685000.0,30000,Petrol,Individual,Automatic,First Owner,19.12 kmpl,1373 CC,91.1 bhp,5.0
Renault,Duster,2014.0,560000.0,132000,Diesel,Individual,Manual,Second Owner,19.72 kmpl,1461 CC,108.45 bhp,5.0
Maruti,Swift,2013.0,470000.0,120000,Diesel,Individual,Manual,Third Owner,22.9 kmpl,1248 CC,74 bhp,5.0
Hyundai,Verna,2011.0,380000.0,80000,Petrol,Individual,Manual,Second Owner,16.2 kmpl,1599 CC,103.2 bhp,5.0
Mahindra,Scorpio,2015.0,670000.0,57000,Diesel,Individual,Manual,Second Owner,15.4 kmpl,1997 CC,120 bhp,7.0
Maruti,Swift,2018.0,550000.0,5000,Petrol,Individual,Manual,First Owner,22.0 kmpl,1197 CC,81.80 bhp,5.0
Hyundai,Verna,2016.0,749000.0,25000,Petrol,Individual,Manual,First Owner,17.01 kmpl,1591 CC,121.3 bhp,5.0
Hyundai,Creta,2015.0,899000.0,80000,Diesel,Individual,Manual,Second Owner,19.67 kmpl,1582 CC,126.2 bhp,5.0
Chevrolet,Optra,2011.0,290000.0,88000,Diesel,Individual,Manual,Third Owner,16.52 kmpl,1991 CC,123.7 bhp,5.0
Toyota,Innova,2014.0,869999.0,217000,Diesel,Individual,Manual,Second Owner,12.99 kmpl,2494 CC,100.6 bhp,7.0
Datsun,GO,2015.0,350000.0,60000,Petrol,Individual,Manual,First Owner,20.62 kmpl,1198 CC,67 bhp,7.0
Maruti,Swift,2017.0,500000.0,43000,Petrol,Individual,Manual,First Owner,20.85 kmpl,1197 CC,83.14 bhp,5.0
Skoda,Rapid,2014.0,400000.0,77000,Diesel,Individual,Automatic,Second Owner,21.66 kmpl,1498 CC,103.6 bhp,5.0
Renault,KWID,2016.0,260000.0,30000,Petrol,Individual,Manual,First Owner,25.17 kmpl,799 CC,53.3 bhp,5.0
Maruti,,2015.0,220000.0,40000,Petrol,Individual,Manual,Second Owner,22.74 kmpl,796 CC,47.3 bhp,5.0
Chevrolet,Enjoy,2014.0,190000.0,139000,Diesel,Individual,Manual,Second Owner,18.2 kmpl,1248 CC,73.8 bhp,8.0
Hyundai,Grand,2016.0,400000.0,80000,Petrol,Individual,Manual,First Owner,18.9 kmpl,1197 CC,82 bhp,5.0
Chevrolet,Beat,2014.0,170000.0,76000,Diesel,Individual,Manual,Second Owner,25.44 kmpl,936 CC,56.3 bhp,5.0
Hyundai,Elite,2019.0,650000.0,3500,Petrol,Individual,Manual,First Owner,18.6 kmpl,1197 CC,81.86 bhp,5.0
Maruti,800,2007.0,60000.0,62000,Petrol,Individual,Manual,Second Owner,16.1 kmpl,796 CC,37 bhp,4.0
Tata,,2007.0,300000.0,110000,Petrol,Individual,Manual,Second Owner,12.0 kmpl,2092 CC,127 bhp,7.0
Chevrolet,Spark,2012.0,125000.0,40000,Petrol,Individual,Manual,Second Owner,16.2 kmpl,995 CC,62.1 bhp,5.0
Mahindra,XUV500,2012.0,500000.0,1500000,Diesel,Individual,Manual,First Owner,15.1 kmpl,2179 CC,140 bhp,7.0
Maruti,Alto,2011.0,170000.0,70000,Petrol,Individual,Manual,Third Owner,19.7 kmpl,796 CC,46.3 bhp,5.0
Maruti,Swift,2012.0,310000.0,77000,Diesel,Individual,Manual,Second Owner,19.3 kmpl,1248 CC,73.9 bhp,5.0
Chevrolet,Spark,2011.0,130000.0,110000,Petrol,Individual,Manual,Second Owner,18.0 kmpl,995 CC,62 bhp,5.0
Maruti,Wagon,2016.0,465000.0,20000,Petrol,Individual,Manual,First Owner,20.51 kmpl,998 CC,67.04 bhp,5.0
Mercedes-Benz,E-Class,2005.0,800000.0,120005,Diesel,Individual,Automatic,Second Owner,11.0 kmpl,2987 CC,198.5 bhp,5.0
Maruti,Alto,2012.0,260000.0,16830,Petrol,Individual,Manual,First Owner,20.2 kmpl,998 CC,67.1 bhp,5.0
Mahindra,Bolero,2013.0,500000.0,70000,Diesel,Individual,Manual,First Owner,15.96 kmpl,2523 CC,63 bhp,9.0
Renault,KWID,2017.0,325000.0,38000,Petrol,Individual,Manual,First Owner,23.01 kmpl,999 CC,67 bhp,5.0
Mahindra,Bolero,2013.0,400000.0,80000,Diesel,Individual,Manual,First Owner,15.96 kmpl,2523 CC,63 bhp,9.0
Toyota,Fortuner,2018.0,3200000.0,50000,Diesel,Individual,Manual,First Owner,14.24 kmpl,2755 CC,174.5 bhp,7.0
Tata,Indica,2007.0,200000.0,50000,Diesel,Individual,Manual,First Owner,17.88 kmpl,1396 CC,52.8 bhp,5.0
Mahindra,Quanto,2013.0,450000.0,52000,Diesel,Individual,Manual,First Owner,17.21 kmpl,1493 CC,100 bhp,7.0
Tata,Indigo,2012.0,229999.0,50000,Diesel,Individual,Manual,First Owner,17.0 kmpl,1405 CC,70 bhp,5.0
Hyundai,EON,2016.0,340000.0,30000,Petrol,Individual,Manual,First Owner,21.1 kmpl,814 CC,55.2 bhp,5.0
Mahindra,Bolero,2014.0,550000.0,103000,Diesel,Individual,Manual,First Owner,15.96 kmpl,2523 CC,62.1 bhp,7.0
Ford,Endeavour,2011.0,975000.0,93468,Diesel,Individual,Automatic,Second Owner,11.4 kmpl,2953 CC,153.86 bhp,7.0
Volkswagen,Jetta,2010.0,225000.0,80000,Petrol,Individual,Manual,Second Owner,14.0 kmpl,1595 CC,102 bhp,5.0
Tata,Indigo,2013.0,280000.0,70000,Diesel,Individual,Manual,First Owner,25.0 kmpl,1396 CC,69 bhp,5.0
Tata,Indigo,2012.0,259000.0,35000,Diesel,Individual,Manual,First Owner,23.03 kmpl,1396 CC,69 bhp,5.0
,Fortuner,2018.0,3200000.0,60000,Diesel,Individual,Automatic,First Owner,15.04 kmpl,2755 CC,174.5 bhp,7.0
Mahindra,XUV500,2018.0,1400000.0,30000,Diesel,Individual,Manual,First Owner,16.0 kmpl,1997 CC,140 bhp,7.0
Ford,Figo,2015.0,416000.0,40000,Petrol,Individual,Automatic,First Owner,17.01 kmpl,1499 CC,110.4 bhp,5.0
Tata,Manza,2011.0,250000.0,70000,Diesel,Individual,Manual,First Owner,19.0 kmpl,1248 CC,90 bhp,5.0
Tata,Manza,2010.0,210000.0,120000,Diesel,Individual,Manual,First Owner,21.12 kmpl,1248 CC,88.8 bhp,5.0
Mahindra,Scorpio,2008.0,290000.0,120000,Diesel,Individual,Manual,Second Owner,12.05 kmpl,2179 CC,120 bhp,8.0
Tata,Indigo,2012.0,220000.0,90000,Diesel,Individual,Manual,First Owner,23.03 kmpl,1396 CC,69 bhp,5.0
Tata,Indigo,2012.0,246000.0,35000,Diesel,Individual,Manual,Second Owner,23.03 kmpl,1396 CC,69 bhp,5.0
Maruti,Omni,2018.0,260000.0,30000,Petrol,Individual,Manual,First Owner,16.8 kmpl,796 CC,34.2 bhp,8.0
Hyundai,Creta,2018.0,1050000.0,70000,Diesel,Individual,Manual,First Owner,21.38 kmpl,1396 CC,88.7 bhp,5.0
Maruti,Swift,2016.0,550000.0,20000,Petrol,Individual,Manual,First Owner,20.4 kmpl,1197 CC,81.80 bhp,5.0
Tata,Indigo,2017.0,450000.0,70000,Diesel,Individual,Manual,First Owner,19.09 kmpl,1405 CC,69.01 bhp,5.0
Honda,City,2016.0,773000.0,65000,Petrol,Individual,Manual,First Owner,17.8 kmpl,1497 CC,117.3 bhp,5.0
Tata,Tiago,2017.0,450000.0,25000,Petrol,Individual,Manual,First Owner,23.84 kmpl,1199 CC,84 bhp,5.0
Maruti,Eeco,2019.0,409999.0,10000,Petrol,Individual,Manual,First Owner,15.37 kmpl,1196 CC,73 bhp,5.0
Maruti,800,2003.0,45000.0,35000,Petrol,Individual,Manual,Fourth & Above Owner,16.1 kmpl,796 CC,37 bhp,4.0
Nissan,Teana,2014.0,600000.0,80000,Petrol,Individual,Automatic,Second Owner,11.07 kmpl,2496 CC,179.5 bhp,5.0
Chevrolet,Beat,2010.0,,63000,Petrol,Individual,Manual,First Owner,18.6 kmpl,1199 CC,79.4 bhp,5.0
Tata,Indica,2008.0,70000.0,100000,Diesel,Individual,Manual,First Owner,16.8 kmpl,1405 CC,62 bhp,5.0
Maruti,Wagon,,430000.0,16589,Petrol,Trustmark Dealer,Manual,First Owner,20.51 kmpl,998 CC,67.04 bhp,5.0
Honda,City,2016.0,675000.0,53201,Petrol,Trustmark Dealer,Manual,Second Owner,17.8 kmpl,1497 CC,117.3 bhp,5.0
Maruti,Baleno,2017.0,570000.0,25272,Petrol,Trustmark Dealer,Manual,First Owner,21.01 kmpl,1197 CC,81.80 bhp,5.0
,Vitara,2017.0,850000.0,53619,Diesel,Trustmark Dealer,Manual,First Owner,24.3 kmpl,1248 CC,88.5 bhp,5.0
,Ecosport,2018.0,640000.0,6001,Petrol,Dealer,Manual,First Owner,15.9 kmpl,1496 CC,120.69 bhp,5.0
Tata,Indigo,2013.0,250000.0,80000,Diesel,Individual,Manual,First Owner,19.09 kmpl,1405 CC,69.01 bhp,5.0
Renault,Duster,2018.0,1250000.0,12000,Diesel,Individual,Manual,First Owner,19.6 kmpl,1461 CC,108.45 bhp,5.0
Ford,EcoSport,2017.0,889000.0,25000,Petrol,Individual,Manual,First Owner,17.0 kmpl,1497 CC,121.31 bhp,5.0
Hyundai,i20,2017.0,750000.0,40000,Diesel,Individual,Manual,Second Owner,22.54 kmpl,1396 CC,88.73 bhp,5.0
Maruti,Swift,2010.0,320000.0,130000,Diesel,Individual,Manual,Third Owner,17.8 kmpl,1248 CC,75 bhp,5.0
Skoda,Yeti,2011.0,600000.0,202000,Diesel,Individual,Manual,First Owner,17.67 kmpl,1968 CC,138.08 bhp,5.0
Maruti,Ciaz,,1000000.0,40000,Diesel,Individual,Manual,First Owner,28.09 kmpl,1248 CC,88.5 bhp,5.0
Maruti,Zen,2000.0,110000.0,70000,Petrol,Individual,Manual,Fourth & Above Owner,17.3 kmpl,993 CC,60 bhp,5.0
Honda,City,2008.0,250000.0,120000,Petrol,Individual,Manual,Second Owner,17.7 kmpl,1497 CC,78 bhp,5.0
Maruti,Swift,2015.0,600000.0,60000,Diesel,Individual,Manual,First Owner,26.59 kmpl,1248 CC,74 bhp,5.0
Maruti,Zen,2009.0,165000.0,60000,Petrol,Individual,Manual,First Owner,19.0 kmpl,998 CC,67.1 bhp,5.0
Maruti,Alto,2004.0,118000.0,60000,Petrol,Individual,Manual,Second Owner,19.7 kmpl,796 CC,46.3 bhp,5.0
Maruti,Baleno,2016.0,700000.0,78000,Diesel,Individual,Manual,First Owner,27.39 kmpl,1248 CC,74 bhp,5.0
Renault,Duster,2013.0,585000.0,80000,Diesel,Individual,Manual,Second Owner,20.46 kmpl,1461 CC,83.8 bhp,5.0
Maruti,Alto,2006.0,120000.0,120000,Petrol,Individual,Manual,Fourth & Above Owner,19.7 kmpl,796 CC,46.3 bhp,5.0
Maruti,800,2003.0,65000.0,90000,Petrol,Individual,Manual,Fourth & Above Owner,16.1 kmpl,796 CC,37 bhp,4.0
Maruti,Alto,2006.0,,100000,Petrol,Individual,Manual,Second Owner,19.7 kmpl,796 CC,46.3 bhp,5.0
Maruti,Alto,2009.0,150000.0,70000,Petrol,Individual,Manual,Fourth & Above Owner,19.7 kmpl,796 CC,46.3 bhp,5.0
Hyundai,Accent,2004.0,170000.0,160000,Diesel,Individual,Manual,Third Owner,13.1 kmpl,1493 CC,82 bhp,5.0
Mahindra,Scorpio,2006.0,250000.0,120000,Diesel,Individual,Manual,Third Owner,10.5 kmpl,2179 CC,120 bhp,8.0
Hyundai,Accent,2005.0,100000.0,100000,Diesel,Individual,Manual,Third Owner,13.1 kmpl,1493 CC,82 bhp,5.0
Maruti,Ertiga,2013.0,,60000,Diesel,Individual,Manual,Second Owner,20.77 kmpl,1248 CC,88.76 bhp,7.0
Chevrolet,Cruze,2010.0,250000.0,135000,Diesel,Individual,Manual,Third Owner,18.3 kmpl,1991 CC,147.9 bhp,5.0
Maruti,Swift,2016.0,570000.0,90000,Petrol,Individual,Manual,First Owner,20.4 kmpl,1197 CC,81.80 bhp,5.0
Volkswagen,Polo,2013.0,440000.0,75000,Diesel,Individual,Manual,Second Owner,22.07 kmpl,1199 CC,73.9 bhp,5.0
Toyota,Innova,2005.0,300000.0,185000,Diesel,Individual,Manual,Second Owner,11.4 kmpl,2494 CC,100.6 bhp,7.0
Nissan,Micra,2015.0,300000.0,71717,Petrol,Individual,Automatic,Second Owner,19.34 kmpl,1198 CC,76 bhp,5.0
Mahindra,Scorpio,2011.0,500000.0,150000,Diesel,Individual,Automatic,Second Owner,11.79 kmpl,2179 CC,120 bhp,8.0
Maruti,Swift,2016.0,660000.0,55000,Diesel,Individual,Manual,First Owner,26.59 kmpl,1248 CC,74 bhp,5.0
Ford,Fiesta,2012.0,256000.0,90000,Petrol,Individual,Manual,Second Owner,15.3 kmpl,1596 CC,99.6 bhp,5.0
Renault,KWID,2018.0,409999.0,35000,Petrol,Individual,Manual,First Owner,23.01 kmpl,999 CC,67 bhp,5.0
Toyota,Fortuner,2015.0,1888000.0,120000,Diesel,Individual,Manual,Second Owner,12.55 kmpl,2982 CC,168.5 bhp,7.0
Hyundai,Santro,2011.0,250000.0,100000,LPG,Individual,Manual,Second Owner,13.45 km/kg,1086 CC,62.1 bhp,5.0
Honda,Civic,2009.0,280000.0,40000,Petrol,Individual,Automatic,Third Owner,12.9 kmpl,1799 CC,130 bhp,5.0
Mahindra,Xylo,2010.0,300000.0,100000,Diesel,Individual,Manual,First Owner,13.0 kmpl,2489 CC,95 bhp,8.0
Tata,Safari,2016.0,900000.0,120000,Diesel,Individual,Manual,First Owner,14.1 kmpl,2179 CC,147.94 bhp,5.0
Maruti,Zen,2014.0,190000.0,60000,Petrol,Individual,Manual,First Owner,19.0 kmpl,998 CC,67.1 bhp,5.0
Mahindra,Bolero,2019.0,800000.0,2000,Diesel,Individual,Manual,First Owner,15.96 kmpl,2523 CC,63 bhp,9.0
Mahindra,Scorpio,2012.0,450000.0,100000,Diesel,Individual,Manual,First Owner,14.0 kmpl,2523 CC,75 bhp,8.0
Mahindra,Xylo,2015.0,400000.0,110000,Diesel,Individual,Manual,First Owner,14.95 kmpl,2489 CC,93.7 bhp,7.0
Tata,New,2009.0,150000.0,90000,Diesel,Individual,Manual,Second Owner,13.93 kmpl,2179 CC,138.1 bhp,7.0
Tata,Indigo,2011.0,200000.0,84321,Diesel,Individual,Manual,First Owner,23.57 kmpl,1396 CC,70 bhp,5.0
Mahindra,XUV500,2013.0,600000.0,177000,Diesel,Individual,Manual,First Owner,15.1 kmpl,2179 CC,140 bhp,7.0
Tata,Indica,2010.0,175000.0,60000,Diesel,Individual,Manual,First Owner,18.0 kmpl,1248 CC,75 bhp,5.0
Tata,Indigo,2008.0,99000.0,205000,Diesel,Individual,Manual,Second Owner,19.09 kmpl,1396 CC,69 bhp,5.0
Hyundai,i10,2008.0,215000.0,70000,Petrol,Individual,Manual,Second Owner,20.36 kmpl,1197 CC,78.9 bhp,5.0
Renault,Duster,2013.0,520000.0,126000,Diesel,Individual,Manual,Second Owner,19.01 kmpl,1461 CC,108.45 bhp,5.0
Ford,Endeavour,2016.0,2280000.0,120000,Diesel,Individual,Automatic,Second Owner,10.91 kmpl,3198 CC,197 bhp,7.0
Tata,Indica,2015.0,285000.0,70000,Diesel,Individual,Manual,First Owner,19.1 kmpl,1405 CC,70 bhp,5.0
Mahindra,TUV,2017.0,660000.0,82000,Diesel,Individual,Manual,First Owner,18.49 kmpl,1493 CC,100 bhp,7.0
Maruti,800,2004.0,31504.0,110000,Petrol,Individual,Manual,Third Owner,16.1 kmpl,796 CC,37 bhp,4.0
Maruti,Swift,2015.0,515000.0,45000,Petrol,Individual,Manual,Second Owner,20.85 kmpl,1197 CC,83.14 bhp,5.0
Nissan,Sunny,2012.0,295000.0,70000,Diesel,Individual,Manual,Second Owner,21.64 kmpl,1461 CC,84.8 bhp,5.0
Nissan,Terrano,2015.0,700000.0,80000,Diesel,Individual,Manual,Second Owner,20.45 kmpl,1461 CC,83.8 bhp,5.0
Mahindra,Scorpio,2017.0,1100000.0,45000,Diesel,Individual,Manual,First Owner,15.4 kmpl,2179 CC,120 bhp,7.0
Hyundai,EON,2017.0,300000.0,60000,Petrol,Individual,Manual,First Owner,20.3 kmpl,998 CC,68.05 bhp,5.0
Maruti,,2013.0,450000.0,41800,Petrol,Individual,Manual,First Owner,18.6 kmpl,1197 CC,85.8 bhp,5.0
Maruti,Swift,2017.0,700000.0,50000,Diesel,Individual,Manual,Second Owner,28.4 kmpl,1248 CC,74.02 bhp,5.0
Ford,Figo,2012.0,,40000,Diesel,Individual,Manual,First Owner,20.0 kmpl,1399 CC,68 bhp,5.0
Maruti,Wagon,2009.0,140000.0,96000,Petrol,Individual,Manual,Second Owner,18.9 kmpl,1061 CC,67 bhp,5.0
Mahindra,Xylo,2012.0,250000.0,117000,Diesel,Individual,Manual,First Owner,14.0 kmpl,2498 CC,112 bhp,8.0
Hyundai,i10,2011.0,210000.0,110000,Petrol,Individual,Manual,Second Owner,19.81 kmpl,1086 CC,68.05 bhp,5.0
Honda,Amaze,2014.0,420000.0,100000,Diesel,Individual,Manual,Second Owner,25.8 kmpl,1498 CC,98.6 bhp,5.0
Maruti,Alto,2007.0,130000.0,88700,Petrol,Individual,Manual,Third Owner,19.7 kmpl,796 CC,46.3 bhp,5.0
Nissan,Sunny,2012.0,320000.0,70000,Petrol,Individual,Manual,Second Owner,16.95 kmpl,1498 CC,97.7 bhp,5.0
Maruti,Wagon,2010.0,200000.0,110000,Petrol,Individual,Manual,Second Owner,17.3 kmpl,1061 CC,64 bhp,5.0
Maruti,Alto,2016.0,310000.0,15000,Petrol,Individual,Manual,First Owner,22.74 kmpl,796 CC,47.3 bhp,5.0
Mahindra,Verito,2012.0,200000.0,80000,Diesel,Individual,Manual,Second Owner,20.8 kmpl,1461 CC,65 bhp,5.0
Maruti,Ritz,2014.0,350000.0,50000,Petrol,Individual,Manual,First Owner,18.5 kmpl,1197 CC,85.80 bhp,5.0
Hyundai,EON,2018.0,444000.0,15000,Petrol,Individual,Manual,First Owner,21.1 kmpl,814 CC,55.2 bhp,5.0
Datsun,RediGO,2017.0,300000.0,25000,Petrol,Individual,Manual,First Owner,22.7 kmpl,799 CC,53.64 bhp,5.0
Mahindra,Verito,2011.0,225000.0,57000,Diesel,Individual,Manual,Second Owner,21.0 kmpl,1461 CC,64.1 bhp,5.0
Mahindra,Bolero,2012.0,600000.0,75000,Diesel,Individual,Manual,First Owner,15.96 kmpl,2523 CC,62.1 bhp,7.0
Maruti,Eeco,2013.0,260000.0,26000,Petrol,Individual,Manual,First Owner,15.37 kmpl,1196 CC,73 bhp,5.0
Hyundai,Xcent,2015.0,,160000,Diesel,Individual,Manual,First Owner,24.4 kmpl,1120 CC,71.01 bhp,5.0
Maruti,Alto,2010.0,150000.0,120000,Petrol,Individual,Manual,Second Owner,19.7 kmpl,796 CC,46.3 bhp,5.0
Maruti,Alto,2014.0,110000.0,50000,Petrol,Individual,Manual,Second Owner,19.7 kmpl,796 CC,46.3 bhp,5.0
Maruti,Alto,2012.0,225000.0,40000,Petrol,Individual,Manual,First Owner,19.7 kmpl,796 CC,46.3 bhp,5.0
Honda,City,2017.0,860000.0,28000,Petrol,Individual,Manual,First Owner,17.8 kmpl,1497 CC,117.3 bhp,5.0
Maruti,Swift,,650000.0,50000,Diesel,Individual,Manual,First Owner,28.4 kmpl,1248 CC,74.02 bhp,5.0
Maruti,Ertiga,2014.0,650000.0,90000,Diesel,Individual,Manual,First Owner,20.77 kmpl,1248 CC,88.8 bhp,7.0
Hyundai,Verna,2016.0,,40000,Diesel,Individual,Manual,First Owner,24.8 kmpl,1396 CC,88.7 bhp,5.0
Ford,Figo,2017.0,430000.0,113000,Diesel,Individual,Manual,First Owner,25.83 kmpl,1498 CC,99 bhp,5.0
Maruti,Swift,2011.0,305000.0,188000,Diesel,Individual,Manual,Second Owner,17.8 kmpl,1248 CC,75 bhp,5.0
Ford,Figo,2011.0,220000.0,100000,Diesel,Individual,Manual,First Owner,20.0 kmpl,1399 CC,68 bhp,5.0
Tata,Sumo,2010.0,150000.0,225000,Diesel,Individual,Manual,Third Owner,14.0 kmpl,1948 CC,90 bhp,9.0
Mahindra,TUV,2017.0,660000.0,67000,Diesel,Individual,Manual,Second Owner,18.49 kmpl,1493 CC,100 bhp,7.0
Chevrolet,Beat,2011.0,140000.0,70000,Diesel,Individual,Manual,Fourth & Above Owner,25.44 kmpl,936 CC,57.6 bhp,5.0
Toyota,Corolla,2015.0,1100000.0,50000,Petrol,Individual,Manual,First Owner,14.28 kmpl,1798 CC,138.03 bhp,5.0
Jaguar,XF,2013.0,2450000.0,60000,Diesel,Individual,Automatic,First Owner,16.36 kmpl,2179 CC,187.7 bhp,5.0
Volkswagen,Ameo,2017.0,625000.0,34000,Diesel,Individual,Automatic,First Owner,22.0 kmpl,1498 CC,108.495 bhp,5.0
Honda,City,2004.0,198000.0,110000,Petrol,Individual,Manual,Third Owner,12.8 kmpl,1493 CC,100 bhp,5.0
Maruti,Wagon,2005.0,130000.0,140000,Petrol,Individual,Manual,Second Owner,18.9 kmpl,998 CC,67.1 bhp,5.0
Honda,City,2012.0,540000.0,100000,Petrol,Individual,Manual,Second Owner,16.8 kmpl,1497 CC,116.3 bhp,5.0
Hyundai,Grand,2017.0,550000.0,10000,Petrol,Individual,Automatic,First Owner,18.9 kmpl,1197 CC,81.86 bhp,5.0
Maruti,Celerio,2018.0,475000.0,30000,Petrol,Individual,Manual,First Owner,21.63 kmpl,998 CC,67.04 bhp,5.0
Audi,Q3,2017.0,,22000,Diesel,Dealer,Automatic,First Owner,15.73 kmpl,1968 CC,174.33 bhp,5.0
Honda,Civic,2020.0,2125000.0,5500,Diesel,Dealer,Manual,First Owner,26.8 kmpl,1597 CC,118 bhp,5.0
BMW,X1,2018.0,3350000.0,18000,Diesel,Dealer,Automatic,First Owner,19.62 kmpl,1998 CC,190 bhp,5.0
Toyota,Innova,2018.0,1800000.0,20000,Diesel,Dealer,Automatic,First Owner,11.36 kmpl,2755 CC,171.5 bhp,8.0
Hyundai,,2018.0,540000.0,7000,Petrol,Dealer,Manual,First Owner,20.3 kmpl,1086 CC,68 bhp,5.0
Force,Gurkha,2018.0,910000.0,20000,Diesel,Dealer,Manual,First Owner,17.0 kmpl,2596 CC,80.8 bhp,5.0
Maruti,Celerio,2019.0,484999.0,4875,Petrol,Dealer,Manual,First Owner,21.63 kmpl,998 CC,67.04 bhp,5.0
,Creta,2020.0,1950000.0,2700,Diesel,Dealer,Automatic,First Owner,17.01 kmpl,1582 CC,126.2 bhp,5.0
Maruti,Vitara,2018.0,,58511,Diesel,Dealer,Manual,First Owner,24.3 kmpl,1248 CC,88.5 bhp,5.0
Ford,Figo,2015.0,365000.0,105000,Diesel,Dealer,Manual,First Owner,25.83 kmpl,1498 CC,99 bhp,5.0
Mahindra,Thar,2018.0,,26235,Diesel,Dealer,Manual,First Owner,16.55 kmpl,2498 CC,105 bhp,6.0
Tata,Nexon,2017.0,919999.0,26766,Diesel,Dealer,Manual,First Owner,21.5 kmpl,1497 CC,108.5 bhp,5.0
MG,Hector,2020.0,1900000.0,1600,Petrol,Dealer,Automatic,First Owner,13.96 kmpl,1451 CC,141 bhp,5.0
Mercedes-Benz,New,2018.0,2950000.0,46000,Diesel,Dealer,Manual,First Owner,15.8 kmpl,2148 CC,170 bhp,5.0
Mahindra,Marazzo,2019.0,1075000.0,23000,Diesel,Dealer,Manual,First Owner,17.3 kmpl,1497 CC,121 bhp,7.0
Maruti,Swift,2017.0,600000.0,24522,Petrol,Dealer,Manual,First Owner,20.4 kmpl,1197 CC,81.80 bhp,5.0
BMW,3,2017.0,,13663,Diesel,Dealer,Automatic,First Owner,22.69 kmpl,1995 CC,190 bhp,5.0
Skoda,Octavia,2019.0,2600000.0,11000,Diesel,Dealer,Automatic,First Owner,19.3 kmpl,1968 CC,141 bhp,5.0
Maruti,Vitara,2016.0,839000.0,63000,Diesel,Dealer,Manual,First Owner,24.3 kmpl,1248 CC,88.5 bhp,5.0
Volkswagen,Polo,2019.0,635000.0,2000,Petrol,Dealer,Manual,First Owner,16.2 kmpl,1199 CC,74 bhp,5.0
Mahindra,Scorpio,2014.0,550000.0,300000,Diesel,Individual,Manual,Third Owner,12.05 kmpl,2179 CC,120 bhp,8.0
Mahindra,Logan,2011.0,180000.0,190000,Diesel,Individual,Manual,Third Owner,19.2 kmpl,1461 CC,65 bhp,5.0
Honda,City,2015.0,650000.0,80000,Diesel,Individual,Manual,First Owner,26.0 kmpl,1498 CC,98.6 bhp,5.0
Honda,Jazz,2011.0,350000.0,80000,Petrol,Individual,Manual,Second Owner,16.0 kmpl,1198 CC,90 bhp,5.0
Maruti,Alto,2015.0,265000.0,54000,Petrol,Individual,Manual,First Owner,23.95 kmpl,998 CC,67.05 bhp,5.0
Renault,KWID,,330000.0,30000,Petrol,Individual,Manual,First Owner,23.01 kmpl,999 CC,67 bhp,5.0
Maruti,Eeco,2019.0,395000.0,5000,Petrol,Individual,Manual,First Owner,15.37 kmpl,1196 CC,73 bhp,7.0
Mahindra,TUV,2015.0,700000.0,58945,Diesel,Individual,Manual,First Owner,18.49 kmpl,1493 CC,100 bhp,7.0
Ford,Figo,2012.0,300000.0,90000,Diesel,Individual,Manual,First Owner,20.0 kmpl,1399 CC,68 bhp,5.0
Toyota,Innova,2011.0,650000.0,375000,Diesel,Individual,Manual,First Owner,12.8 kmpl,2494 CC,102 bhp,8.0
Maruti,Ertiga,2013.0,625000.0,160000,Diesel,Individual,Manual,Third Owner,20.77 kmpl,1248 CC,88.76 bhp,7.0
Volkswagen,Polo,2014.0,425000.0,80000,Diesel,Individual,Manual,Second Owner,15.11 kmpl,1598 CC,103.6 bhp,5.0
Maruti,800,2004.0,55000.0,50000,Petrol,Individual,Manual,Third Owner,16.1 kmpl,796 CC,37 bhp,4.0
Tata,Indigo,2015.0,250000.0,80000,Diesel,Individual,Manual,Second Owner,19.09 kmpl,1405 CC,69.01 bhp,5.0
Mahindra,Bolero,2015.0,459999.0,156975,Diesel,Individual,Manual,First Owner,15.96 kmpl,2523 CC,62.1 bhp,9.0
Toyota,Corolla,2017.0,1594000.0,5000,Diesel,Individual,Manual,First Owner,21.43 kmpl,1364 CC,86.79 bhp,5.0
Chevrolet,Sail,2014.0,300000.0,50000,Petrol,Individual,Manual,First Owner,18.2 kmpl,1199 CC,82.4 bhp,5.0
Ford,EcoSport,2018.0,950000.0,27620,Diesel,Dealer,Manual,First Owner,22.77 kmpl,1498 CC,98.59 bhp,5.0
Mahindra,Scorpio,2013.0,484999.0,120000,Diesel,Individual,Manual,First Owner,12.05 kmpl,2179 CC,120 bhp,9.0
Mahindra,Xylo,2009.0,161000.0,120000,Diesel,Individual,Manual,Third Owner,14.0 kmpl,2498 CC,112 bhp,8.0
Hyundai,i20,2015.0,500000.0,58000,Petrol,Individual,Manual,First Owner,17.19 kmpl,1197 CC,81.86 bhp,5.0
Nissan,Sunny,2012.0,350000.0,50000,Petrol,Individual,Manual,First Owner,16.95 kmpl,1498 CC,97.7 bhp,5.0
Maruti,Ignis,2017.0,550000.0,40000,Petrol,Individual,Automatic,First Owner,20.89 kmpl,1197 CC,81.80 bhp,5.0
Honda,WR-V,2018.0,850000.0,7800,Petrol,Individual,Manual,First Owner,17.5 kmpl,1199 CC,88.7 bhp,5.0
Ford,Endeavour,2011.0,950000.0,68000,Diesel,Individual,Manual,First Owner,13.1 kmpl,2499 CC,141 bhp,7.0
Maruti,Ertiga,2015.0,423000.0,60000,Petrol,Individual,Manual,Second Owner,16.02 kmpl,1373 CC,93.7 bhp,7.0
Tata,Indigo,2005.0,90000.0,74000,Petrol,Individual,Manual,Second Owner,12.8 kmpl,1396 CC,85 bhp,5.0
Tata,New,2011.0,350000.0,58000,Diesel,Individual,Manual,Second Owner,13.93 kmpl,2179 CC,138.1 bhp,7.0
Maruti,A-Star,2011.0,170000.0,70000,Petrol,Individual,Manual,Third Owner,19.0 kmpl,998 CC,66.1 bhp,5.0
Ford,Figo,2015.0,,70000,Petrol,Individual,Manual,First Owner,18.16 kmpl,1196 CC,86.8 bhp,5.0
Hyundai,i10,2009.0,150000.0,110000,Petrol,Individual,Manual,Second Owner,20.36 kmpl,1197 CC,78.9 bhp,5.0
Hyundai,i20,2016.0,511000.0,80000,Diesel,Individual,Manual,First Owner,22.54 kmpl,1396 CC,88.73 bhp,5.0
Maruti,Ertiga,2018.0,850000.0,59000,Diesel,Individual,Manual,First Owner,24.2 kmpl,1498 CC,93.87 bhp,7.0
Tata,Indica,2018.0,250000.0,110000,Diesel,Individual,Manual,First Owner,25.0 kmpl,1396 CC,69 bhp,5.0
Maruti,Celerio,2020.0,420000.0,25000,Petrol,Individual,Manual,First Owner,21.63 kmpl,998 CC,67.04 bhp,5.0
Maruti,Alto,2014.0,180000.0,55000,Petrol,Individual,Manual,First Owner,22.74 kmpl,796 CC,47.3 bhp,5.0
Maruti,Celerio,2015.0,400000.0,25000,Diesel,Individual,Manual,First Owner,27.62 kmpl,793 CC,47 bhp,5.0
Mahindra,Xylo,2009.0,150000.0,300000,Diesel,Individual,Manual,First Owner,14.0 kmpl,2498 CC,112 bhp,7.0
Ford,Figo,2016.0,500000.0,143200,Diesel,Individual,Manual,First Owner,25.83 kmpl,1498 CC,99 bhp,5.0
Jeep,Compass,2017.0,1689999.0,60000,Diesel,Individual,Manual,First Owner,17.1 kmpl,1956 CC,170 bhp,5.0
Nissan,Micra,2012.0,204999.0,120000,Diesel,Individual,Manual,First Owner,23.08 kmpl,1461 CC,63.1 bhp,5.0
Maruti,Ciaz,2014.0,459999.0,145000,Diesel,Individual,Manual,Second Owner,26.21 kmpl,1248 CC,88.5 bhp,5.0
Hyundai,i20,2017.0,600000.0,30000,Petrol,Individual,Manual,First Owner,18.6 kmpl,1197 CC,81.83 bhp,5.0
Hyundai,Grand,2019.0,585000.0,8000,Petrol,Individual,Manual,First Owner,18.9 kmpl,1197 CC,81.86 bhp,5.0
Ford,Endeavour,2012.0,551000.0,170000,Diesel,Individual,Manual,First Owner,13.1 kmpl,2499 CC,141 bhp,7.0
Maruti,Swift,2013.0,525000.0,100000,Diesel,Individual,Manual,First Owner,23.4 kmpl,1248 CC,74 bhp,5.0
Maruti,Omni,2012.0,160000.0,62000,Petrol,Individual,Manual,First Owner,14.0 kmpl,796 CC,35 bhp,5.0
Mahindra,,2014.0,825000.0,110000,Diesel,Individual,Manual,First Owner,15.1 kmpl,2179 CC,140 bhp,7.0
Chevrolet,Tavera,2015.0,600000.0,80000,Diesel,Individual,Manual,Second Owner,13.58 kmpl,2499 CC,72.4 bhp,9.0
Maruti,Zen,2002.0,65000.0,80000,Petrol,Individual,Manual,Second Owner,17.3 kmpl,993 CC,60 bhp,5.0
Maruti,Swift,2013.0,550000.0,100000,Diesel,Individual,Manual,First Owner,23.4 kmpl,1248 CC,74 bhp,5.0
Mahindra,Bolero,2015.0,650000.0,120000,Diesel,Individual,Manual,First Owner,15.96 kmpl,2523 CC,63 bhp,9.0
Maruti,Swift,2019.0,,24000,Diesel,Individual,Manual,First Owner,28.4 kmpl,1248 CC,74.02 bhp,5.0
Mahindra,KUV,2017.0,380000.0,80000,Diesel,Individual,Manual,First Owner,25.32 kmpl,1198 CC,77 bhp,6.0
Hyundai,Verna,2012.0,400000.0,138000,Diesel,Individual,Manual,First Owner,22.32 kmpl,1582 CC,126.32 bhp,5.0
Maruti,Wagon,2003.0,50000.0,147000,Petrol,Individual,Manual,Fourth & Above Owner,18.9 kmpl,998 CC,67.1 bhp,5.0
Mahindra,TUV,2017.0,750000.0,60000,Diesel,Individual,Manual,First Owner,18.49 kmpl,1493 CC,100 bhp,7.0
Chevrolet,Spark,2011.0,150000.0,80000,Petrol,Individual,Manual,First Owner,18.0 kmpl,995 CC,62 bhp,5.0
Maruti,Alto,2016.0,245000.0,50000,Petrol,Individual,Manual,First Owner,22.74 kmpl,796 CC,47.3 bhp,5.0
Tata,Manza,2013.0,260000.0,189000,Diesel,Individual,Manual,First Owner,21.02 kmpl,1248 CC,88.76 bhp,5.0
Volkswagen,Vento,2014.0,411000.0,90000,Diesel,Individual,Automatic,Second Owner,21.21 kmpl,1498 CC,103.2 bhp,5.0
Hyundai,i20,2014.0,450000.0,56000,Diesel,Individual,Manual,First Owner,21.9 kmpl,1396 CC,88.76 bhp,5.0
BMW,3,2012.0,1300000.0,140000,Diesel,Individual,Automatic,Second Owner,18.88 kmpl,1995 CC,184 bhp,5.0
Maruti,Celerio,2016.0,351000.0,60000,Petrol,Individual,Manual,First Owner,23.1 kmpl,998 CC,67.04 bhp,5.0
Mahindra,XUV500,2012.0,550000.0,130000,Diesel,Individual,Manual,First Owner,15.1 kmpl,2179 CC,140 bhp,7.0
BMW,3,2013.0,1300000.0,140000,Diesel,Individual,Automatic,Second Owner,18.88 kmpl,1995 CC,184 bhp,5.0
Nissan,Terrano,2016.0,750000.0,35000,Diesel,Individual,Manual,First Owner,20.45 kmpl,1461 CC,83.8 bhp,5.0
Nissan,Terrano,2015.0,800000.0,35000,Diesel,Individual,Manual,First Owner,20.45 kmpl,1461 CC,83.8 bhp,5.0
Tata,New,2011.0,350000.0,156000,Diesel,Individual,Manual,First Owner,11.57 kmpl,2179 CC,138.1 bhp,7.0
Maruti,Alto,2013.0,200000.0,90000,Petrol,Individual,Manual,First Owner,22.74 kmpl,796 CC,47.3 bhp,5.0
Tata,Indigo,2008.0,150000.0,60000,Diesel,Individual,Manual,Third Owner,17.0 kmpl,1405 CC,70 bhp,5.0
Nissan,Terrano,2016.0,800000.0,36000,Diesel,Individual,Manual,First Owner,19.01 kmpl,1461 CC,108.5 bhp,5.0
Hyundai,EON,2017.0,350000.0,20000,Petrol,Individual,Manual,Second Owner,21.1 kmpl,814 CC,55.2 bhp,5.0
Tata,New,2011.0,350000.0,160000,Diesel,Individual,Manual,First Owner,13.93 kmpl,2179 CC,138 bhp,7.0
Mahindra,Scorpio,2006.0,250000.0,185000,Diesel,Individual,Manual,First Owner,12.7 kmpl,2609 CC,116.6 bhp,9.0
Tata,Indica,2010.0,170000.0,110000,Diesel,Individual,Manual,Second Owner,17.0 kmpl,1405 CC,71 bhp,5.0
Renault,KWID,2018.0,395000.0,10800,Petrol,Individual,Manual,First Owner,25.17 kmpl,799 CC,53.3 bhp,5.0
Mahindra,Bolero,2012.0,450000.0,120000,Diesel,Individual,Manual,First Owner,15.96 kmpl,2523 CC,62.1 bhp,7.0
Maruti,Ignis,2019.0,500000.0,15000,Petrol,Individual,Manual,First Owner,20.89 kmpl,1197 CC,81.80 bhp,5.0
Tata,Sumo,2012.0,200000.0,67500,Diesel,Individual,Manual,First Owner,12.2 kmpl,1948 CC,68 bhp,10.0
Tata,Hexa,2017.0,1200000.0,30000,Diesel,Individual,Manual,First Owner,17.6 kmpl,2179 CC,153.86 bhp,7.0
Mahindra,KUV,2016.0,400000.0,50000,Diesel,Individual,Manual,First Owner,25.32 kmpl,1198 CC,77 bhp,6.0
Mahindra,TUV,2016.0,650000.0,100000,Diesel,Individual,Manual,First Owner,18.49 kmpl,1493 CC,100 bhp,7.0
Mahindra,,2016.0,550000.0,150000,Diesel,Individual,Manual,First Owner,15.96 kmpl,2523 CC,63 bhp,9.0
Mahindra,XUV500,2015.0,1100000.0,110000,Diesel,Individual,Manual,First Owner,16.0 kmpl,2179 CC,140 bhp,7.0
Maruti,Alto,2012.0,254999.0,30000,Petrol,Individual,Manual,First Owner,22.74 kmpl,796 CC,47.3 bhp,5.0
Maruti,Alto,2011.0,180000.0,60000,Petrol,Individual,Manual,First Owner,19.7 kmpl,796 CC,46.3 bhp,5.0
Mahindra,Xylo,2010.0,160000.0,255000,Diesel,Individual,Manual,Second Owner,13.0 kmpl,2489 CC,95 bhp,8.0
Chevrolet,Optra,2008.0,225000.0,120000,Diesel,Individual,Manual,Second Owner,16.52 kmpl,1991 CC,123.7 bhp,5.0
Maruti,Alto,2015.0,270000.0,49900,Petrol,Individual,Manual,Second Owner,22.74 kmpl,796 CC,47.3 bhp,5.0
Tata,Manza,2012.0,310000.0,86000,Diesel,Individual,Manual,First Owner,21.12 kmpl,1248 CC,88.8 bhp,5.0
Datsun,GO,2015.0,225000.0,71850,Petrol,Individual,Manual,First Owner,20.63 kmpl,1198 CC,67 bhp,5.0
Fiat,Grande,2015.0,300000.0,95000,Diesel,Individual,Manual,Third Owner,21.2 kmpl,1248 CC,75 bhp,5.0
Maruti,Swift,2008.0,250000.0,70000,Petrol,Individual,Manual,Fourth & Above Owner,17.5 kmpl,1298 CC,85.8 bhp,5.0
Hyundai,EON,2011.0,180000.0,35000,Petrol,Individual,Manual,First Owner,21.1 kmpl,814 CC,55.2 bhp,5.0
Maruti,Swift,2015.0,550000.0,50000,Petrol,Individual,Manual,First Owner,20.85 kmpl,1197 CC,83.14 bhp,5.0
Mahindra,Bolero,2007.0,300000.0,120000,Diesel,Individual,Manual,Third Owner,13.6 kmpl,2523 CC,63 bhp,7.0
Hyundai,Elantra,2015.0,900000.0,145000,Diesel,Individual,Manual,First Owner,22.7 kmpl,1582 CC,126.2 bhp,5.0
Mahindra,XUV500,2018.0,1530000.0,40000,Diesel,Individual,Manual,First Owner,16.0 kmpl,2179 CC,138 bhp,7.0
Maruti,Baleno,2015.0,590000.0,110000,Diesel,Individual,Manual,First Owner,27.39 kmpl,1248 CC,74 bhp,5.0
Maruti,Wagon,2008.0,170000.0,112000,LPG,Individual,Manual,Second Owner,17.3 km/kg,1061 CC,57.5 bhp,5.0
Audi,A3,2017.0,2600000.0,70000,Diesel,Individual,Automatic,First Owner,20.38 kmpl,1968 CC,143 bhp,5.0
Maruti,Ritz,2016.0,475000.0,110000,Diesel,Individual,Manual,First Owner,23.2 kmpl,1248 CC,73.94 bhp,5.0
Hyundai,Grand,2018.0,700000.0,29000,Diesel,Individual,Manual,First Owner,24.0 kmpl,1186 CC,73.97 bhp,5.0
Maruti,Wagon,2011.0,376000.0,60000,Petrol,Individual,Manual,First Owner,18.9 kmpl,998 CC,67.1 bhp,5.0
Maruti,800,2004.0,75000.0,46000,Petrol,Individual,Manual,Fourth & Above Owner,16.1 kmpl,796 CC,37 bhp,4.0
Mahindra,Scorpio,2012.0,440000.0,120000,Diesel,Individual,Automatic,Third Owner,11.79 kmpl,2179 CC,120 bhp,8.0
,,2016.0,390000.0,80000,Petrol,Individual,Manual,First Owner,20.51 kmpl,998 CC,67.04 bhp,5.0
Toyota,Innova,2012.0,725000.0,159000,Diesel,Individual,Manual,Second Owner,12.8 kmpl,2494 CC,102 bhp,7.0
Mahindra,Bolero,2012.0,325000.0,110000,Diesel,Individual,Manual,Second Owner,15.96 kmpl,2523 CC,62.1 bhp,7.0
Maruti,Alto,2010.0,170000.0,75000,Petrol,Individual,Manual,Second Owner,19.7 kmpl,796 CC,46.3 bhp,5.0
Maruti,Swift,2010.0,215000.0,120000,Diesel,Individual,Manual,Third Owner,19.3 kmpl,1248 CC,73.9 bhp,5.0
Honda,City,2010.0,350000.0,110000,Petrol,Individual,Manual,Third Owner,17.0 kmpl,1497 CC,118 bhp,5.0
Chevrolet,Spark,2009.0,80000.0,80000,Petrol,Individual,Manual,Fourth & Above Owner,18.0 kmpl,995 CC,62 bhp,5.0
Hyundai,EON,2012.0,195000.0,80000,Petrol,Individual,Manual,Second Owner,21.1 kmpl,814 CC,55.2 bhp,5.0
Nissan,Sunny,2014.0,335000.0,71000,Diesel,Dealer,Manual,First Owner,21.64 kmpl,1461 CC,84.8 bhp,5.0
Mahindra,XUV500,2011.0,475000.0,108000,Diesel,Dealer,Manual,First Owner,16.0 kmpl,2179 CC,140 bhp,7.0
Renault,Duster,2015.0,484999.0,75000,Diesel,Dealer,Manual,First Owner,19.87 kmpl,1461 CC,83.8 bhp,5.0
Maruti,Ciaz,2018.0,650000.0,22000,Petrol,Individual,Manual,Second Owner,21.56 kmpl,1462 CC,103.25 bhp,5.0
Audi,,2014.0,1850000.0,76131,Diesel,Individual,Automatic,First Owner,13.22 kmpl,2967 CC,241.4 bhp,5.0
Hyundai,i20,2018.0,700000.0,30000,Petrol,Individual,Manual,Second Owner,18.6 kmpl,1197 CC,81.83 bhp,5.0
Audi,Q7,2014.0,3000000.0,65000,Diesel,Individual,Automatic,First Owner,12.07 kmpl,2967 CC,241.4 bhp,7.0
Mahindra,Scorpio,2018.0,900000.0,60000,Diesel,Individual,Manual,First Owner,15.4 kmpl,2523 CC,75 bhp,7.0
Volkswagen,Polo,2013.0,350000.0,80000,Diesel,Individual,Manual,First Owner,22.07 kmpl,1199 CC,73.9 bhp,5.0
Honda,Accord,2005.0,285000.0,80000,Petrol,Individual,Automatic,Second Owner,9.0 kmpl,2997 CC,218 bhp,5.0
Audi,Q7,2012.0,1850000.0,70000,Diesel,Individual,Automatic,First Owner,12.07 kmpl,2967 CC,241.4 bhp,7.0
Maruti,Vitara,2017.0,750000.0,51777,Diesel,Dealer,Manual,First Owner,24.3 kmpl,1248 CC,88.5 bhp,5.0
Land,Rover,2013.0,1650000.0,64788,Diesel,Dealer,Automatic,First Owner,0.0 kmpl,2179 CC,115 bhp,5.0
Honda,Amaze,2018.0,600000.0,20000,Petrol,Individual,Manual,First Owner,19.5 kmpl,1199 CC,88.76 bhp,5.0
Volkswagen,Polo,2018.0,565000.0,19000,Petrol,Individual,Manual,First Owner,18.78 kmpl,999 CC,75 bhp,5.0
Daewoo,Matiz,2000.0,,46951,Petrol,Individual,Manual,First Owner,18.5 kmpl,796 CC,53 bhp,5.0
Datsun,GO,2016.0,329000.0,19000,Petrol,Individual,Manual,First Owner,20.63 kmpl,1198 CC,67 bhp,5.0
Ford,EcoSport,2016.0,650000.0,50000,Diesel,Individual,Manual,First Owner,22.77 kmpl,1498 CC,98.59 bhp,5.0
Hyundai,Creta,2015.0,822000.0,60000,Diesel,Individual,Manual,First Owner,19.67 kmpl,1582 CC,126.2 bhp,5.0
Renault,Duster,2013.0,345000.0,100000,Diesel,Individual,Manual,Second Owner,19.01 kmpl,1461 CC,108.45 bhp,5.0
Maruti,Zen,2001.0,30000.0,10000,Petrol,Individual,Manual,First Owner,17.3 kmpl,993 CC,60 bhp,5.0
Maruti,Swift,2012.0,330000.0,50000,Diesel,Individual,Manual,Second Owner,22.9 kmpl,1248 CC,74 bhp,5.0
Maruti,Wagon,2014.0,300000.0,74537,Petrol,Individual,Manual,Second Owner,20.51 kmpl,998 CC,67.04 bhp,5.0
Maruti,SX4,2009.0,200000.0,90000,Petrol,Individual,Automatic,Second Owner,12.6 kmpl,1586 CC,103.3 bhp,5.0
Chevrolet,Spark,2010.0,,70000,Petrol,Individual,Manual,Second Owner,18.0 kmpl,995 CC,62 bhp,5.0
Maruti,Wagon,2010.0,200000.0,80000,Petrol,Individual,Manual,Second Owner,18.9 kmpl,1061 CC,67 bhp,5.0
Hyundai,Xcent,2016.0,550000.0,35000,Diesel,Individual,Manual,First Owner,24.4 kmpl,1120 CC,71 bhp,5.0
Chevrolet,Beat,2015.0,250000.0,23500,Petrol,Individual,Manual,First Owner,18.6 kmpl,1199 CC,76.8 bhp,5.0
Honda,City,2017.0,975000.0,82000,Diesel,Individual,Manual,First Owner,25.6 kmpl,1498 CC,97.9 bhp,5.0
Toyota,Innova,2014.0,900000.0,100000,Diesel,Individual,Manual,Second Owner,12.99 kmpl,2494 CC,100.6 bhp,8.0
Hyundai,i20,2018.0,610000.0,15000,Petrol,Individual,Manual,First Owner,18.6 kmpl,1197 CC,81.83 bhp,5.0
Maruti,Baleno,2017.0,620000.0,30000,Diesel,Individual,Manual,First Owner,27.39 kmpl,1248 CC,74 bhp,5.0
Hyundai,Grand,2016.0,400000.0,30000,Petrol,Individual,Manual,First Owner,18.9 kmpl,1197 CC,82 bhp,5.0
Maruti,Celerio,2019.0,500000.0,11000,Petrol,Individual,Manual,First Owner,21.63 kmpl,998 CC,67 bhp,5.0
Datsun,GO,2017.0,200000.0,140000,Petrol,Individual,Manual,First Owner,19.02 kmpl,1198 CC,67.05 bhp,7.0
Tata,Zest,2016.0,,110000,Diesel,Individual,Manual,First Owner,23.0 kmpl,1248 CC,88.7 bhp,5.0
Maruti,Alto,2012.0,252000.0,48000,Petrol,Individual,Manual,First Owner,20.92 kmpl,998 CC,67.1 bhp,5.0
Maruti,Swift,2012.0,280000.0,70000,Diesel,Individual,Manual,Second Owner,22.9 kmpl,1248 CC,74 bhp,5.0
Maruti,Swift,2018.0,509999.0,70000,Petrol,Individual,Manual,Second Owner,22.0 kmpl,1197 CC,81.80 bhp,5.0
Mahindra,Scorpio,2016.0,1050000.0,58000,Diesel,Individual,Manual,First Owner,15.4 kmpl,1997 CC,120 bhp,7.0
Maruti,Wagon,2010.0,200000.0,40000,LPG,Individual,Manual,Fourth & Above Owner,17.3 km/kg,1061 CC,57.5 bhp,5.0
Maruti,Zen,2005.0,60000.0,90000,Petrol,Individual,Manual,Second Owner,17.3 kmpl,993 CC,60 bhp,5.0
Mahindra,Xylo,2010.0,320000.0,40000,Diesel,Individual,Manual,Second Owner,14.0 kmpl,2498 CC,112 bhp,7.0
Mahindra,Scorpio,2013.0,520000.0,110000,Diesel,Individual,Manual,First Owner,12.05 kmpl,2179 CC,120 bhp,9.0
Tata,New,2007.0,250000.0,80000,Diesel,Individual,Manual,Second Owner,11.57 kmpl,2179 CC,138.1 bhp,7.0
Maruti,Vitara,2017.0,725000.0,60000,Diesel,Individual,Manual,First Owner,24.3 kmpl,1248 CC,88.5 bhp,5.0
Mahindra,Bolero,2015.0,585000.0,50000,Diesel,Individual,Manual,First Owner,15.96 kmpl,2523 CC,62.1 bhp,7.0
Tata,Tiago,2017.0,430000.0,25000,Petrol,Individual,Manual,First Owner,23.84 kmpl,1199 CC,84 bhp,5.0
Maruti,Swift,2011.0,235000.0,100000,Diesel,Individual,Manual,Second Owner,22.9 kmpl,1248 CC,74 bhp,5.0
Maruti,Swift,2012.0,350000.0,52000,Diesel,Individual,Manual,Third Owner,19.3 kmpl,1248 CC,73.9 bhp,5.0
Hyundai,i10,2010.0,131000.0,80000,Petrol,Individual,Manual,Third Owner,19.81 kmpl,1086 CC,68.05 bhp,5.0
Honda,Amaze,2016.0,450000.0,85000,Diesel,Individual,Manual,First Owner,25.8 kmpl,1498 CC,98.6 bhp,5.0
Maruti,Vitara,2016.0,750000.0,83000,Diesel,Individual,Manual,First Owner,24.3 kmpl,1248 CC,88.5 bhp,5.0
Maruti,Alto,2013.0,200000.0,50000,Petrol,Individual,Manual,First Owner,22.74 kmpl,796 CC,47.3 bhp,5.0
Maruti,Wagon,2009.0,125000.0,120000,Petrol,Individual,Manual,Fourth & Above Owner,18.9 kmpl,1061 CC,67 bhp,5.0
Mahindra,Bolero,2014.0,500000.0,100000,Diesel,Individual,Manual,First Owner,15.96 kmpl,2523 CC,62.1 bhp,7.0
Maruti,Swift,2012.0,,70000,Diesel,Individual,Manual,Third Owner,22.9 kmpl,1248 CC,74 bhp,5.0
Maruti,Alto,2008.0,128000.0,19000,Petrol,Individual,Manual,First Owner,19.7 kmpl,796 CC,46.3 bhp,5.0
Honda,City,2009.0,250000.0,68600,Petrol,Individual,Manual,Third Owner,17.0 kmpl,1497 CC,118 bhp,5.0
Mahindra,Bolero,2017.0,690000.0,60000,Diesel,Individual,Manual,First Owner,16.5 kmpl,1493 CC,70 bhp,7.0
Mahindra,Bolero,2014.0,650000.0,65000,Diesel,Individual,Manual,Second Owner,15.96 kmpl,2523 CC,62.1 bhp,7.0
Honda,City,2012.0,560000.0,40000,Petrol,Individual,Manual,Second Owner,16.8 kmpl,1497 CC,116.3 bhp,5.0
Maruti,Celerio,2016.0,400000.0,25000,Petrol,Individual,Manual,First Owner,23.1 kmpl,998 CC,67.04 bhp,5.0
Maruti,Alto,2012.0,200000.0,29500,Petrol,Individual,Manual,First Owner,20.92 kmpl,998 CC,67.1 bhp,5.0
,Verna,2018.0,950000.0,13887,Petrol,Individual,Manual,First Owner,17.0 kmpl,1591 CC,121.3 bhp,5.0
Maruti,Alto,2016.0,300000.0,50000,Petrol,Individual,Manual,Second Owner,22.74 kmpl,796 CC,47.3 bhp,5.0
Renault,KWID,2016.0,315000.0,30000,Petrol,Individual,Manual,Second Owner,25.17 kmpl,799 CC,53.3 bhp,5.0
Maruti,Alto,2012.0,220000.0,100000,Petrol,Individual,Manual,First Owner,22.74 kmpl,796 CC,47.3 bhp,5.0
Chevrolet,Aveo,2011.0,130000.0,60000,Petrol,Individual,Manual,Second Owner,14.49 kmpl,1399 CC,92.7 bhp,5.0
Hyundai,i20,2016.0,595000.0,60000,Diesel,Individual,Manual,Second Owner,22.54 kmpl,1396 CC,88.73 bhp,5.0
Tata,Indica,2011.0,110000.0,120000,Diesel,Individual,Manual,First Owner,19.4 kmpl,1405 CC,70 bhp,5.0
Ford,EcoSport,2017.0,680000.0,13500,Petrol,Individual,Manual,First Owner,17.0 kmpl,1497 CC,121.36 bhp,5.0
Fiat,Grande,2013.0,280000.0,52000,Diesel,Individual,Manual,First Owner,20.3 kmpl,1248 CC,75 bhp,5.0
Maruti,Baleno,2017.0,,30000,Petrol,Individual,Manual,Second Owner,21.4 kmpl,1197 CC,83.1 bhp,5.0
Hyundai,Xcent,2017.0,610000.0,14000,Petrol,Individual,Manual,First Owner,19.1 kmpl,1197 CC,82 bhp,5.0
Tata,Aria,2014.0,500000.0,90000,Diesel,Individual,Manual,Second Owner,15.05 kmpl,2179 CC,147.9 bhp,7.0
,,,500000.0,50000,Diesel,Individual,Manual,First Owner,24.7 kmpl,1047 CC,69 bhp,5.0
Mahindra,Xylo,2010.0,250000.0,120000,Diesel,Individual,Manual,Second Owner,13.0 kmpl,2489 CC,95 bhp,8.0
Hyundai,EON,2018.0,325000.0,10000,Petrol,Individual,Manual,First Owner,21.1 kmpl,814 CC,55.2 bhp,5.0
Maruti,Baleno,2018.0,550000.0,10000,Petrol,Individual,Manual,First Owner,21.4 kmpl,1197 CC,83.1 bhp,5.0
Maruti,Ciaz,2018.0,720000.0,25000,Petrol,Individual,Manual,First Owner,20.73 kmpl,1373 CC,91.1 bhp,5.0
Hyundai,Verna,2017.0,950000.0,20000,Petrol,Individual,Manual,First Owner,17.0 kmpl,1591 CC,121.3 bhp,5.0
Maruti,Swift,2013.0,350000.0,60000,Diesel,Individual,Manual,First Owner,22.9 kmpl,1248 CC,74 bhp,5.0
Hyundai,Grand,2018.0,500000.0,40000,Petrol,Individual,Manual,First Owner,18.9 kmpl,1197 CC,81.86 bhp,5.0
Maruti,Swift,2012.0,380000.0,60000,Diesel,Individual,Manual,First Owner,19.3 kmpl,1248 CC,73.9 bhp,5.0
Hyundai,Xcent,2015.0,380000.0,50000,Petrol,Individual,Automatic,First Owner,16.9 kmpl,1197 CC,82 bhp,5.0
Hyundai,Verna,2017.0,900000.0,20000,Petrol,Individual,Manual,First Owner,17.0 kmpl,1591 CC,121.3 bhp,5.0
Maruti,Alto,2017.0,295000.0,35000,Petrol,Individual,Manual,First Owner,24.7 kmpl,796 CC,47.3 bhp,5.0
Maruti,Ciaz,2016.0,640000.0,40000,Diesel,Individual,Manual,First Owner,28.09 kmpl,1248 CC,88.5 bhp,5.0
Tata,Nexon,,790000.0,60000,Diesel,Individual,Manual,First Owner,21.5 kmpl,1497 CC,108.5 bhp,5.0
Hyundai,Verna,2015.0,625000.0,20000,Petrol,Individual,Manual,First Owner,17.01 kmpl,1591 CC,121.4 bhp,5.0
Ford,EcoSport,2017.0,604000.0,30000,Petrol,Individual,Manual,Second Owner,17.0 kmpl,1497 CC,121.36 bhp,5.0
Maruti,Alto,2015.0,315000.0,29000,Petrol,Individual,Manual,First Owner,23.95 kmpl,998 CC,67.05 bhp,5.0
Mahindra,XUV300,2019.0,950000.0,17000,Diesel,Individual,Manual,First Owner,20.0 kmpl,1497 CC,115 bhp,5.0
Maruti,Wagon,2017.0,400000.0,50000,Petrol,Individual,Manual,First Owner,20.51 kmpl,998 CC,67.04 bhp,5.0
,i20,2018.0,700000.0,42000,Petrol,Individual,Automatic,First Owner,18.6 kmpl,1368 CC,98.63 bhp,5.0
Toyota,Innova,2011.0,700000.0,120000,Diesel,Individual,Manual,Second Owner,12.8 kmpl,2494 CC,102 bhp,8.0
Mahindra,Verito,2012.0,260000.0,110000,Diesel,Individual,Manual,First Owner,21.03 kmpl,1461 CC,65 bhp,5.0
Tata,Indigo,2012.0,200000.0,90000,Diesel,Individual,Manual,First Owner,23.57 kmpl,1396 CC,70 bhp,5.0
Maruti,Dzire,2020.0,580000.0,70000,Petrol,Individual,Manual,First Owner,23.26 kmpl,1197 CC,88.50 bhp,5.0
Volkswagen,Vento,2011.0,330000.0,66000,Diesel,Individual,Manual,Second Owner,20.5 kmpl,1598 CC,105 bhp,5.0
Hyundai,Verna,2011.0,400000.0,70000,Diesel,Individual,Manual,Third Owner,16.2 kmpl,1493 CC,110 bhp,5.0
Hyundai,Creta,2018.0,1350000.0,5000,Petrol,Individual,Automatic,First Owner,14.8 kmpl,1591 CC,121.3 bhp,5.0
Mahindra,Verito,2014.0,250000.0,50000,Diesel,Individual,Manual,Second Owner,21.03 kmpl,1461 CC,65 bhp,5.0
Skoda,Rapid,2019.0,725000.0,25000,Petrol,Individual,Manual,First Owner,15.41 kmpl,1598 CC,103.2 bhp,5.0
Maruti,Swift,2013.0,300000.0,70000,Diesel,Individual,Manual,First Owner,23.4 kmpl,1248 CC,74 bhp,5.0
Maruti,800,2006.0,120000.0,40000,Petrol,Individual,Manual,Second Owner,16.1 kmpl,796 CC,37 bhp,4.0
Mahindra,XUV500,2016.0,1175000.0,110000,Diesel,Individual,Manual,First Owner,16.0 kmpl,2179 CC,140 bhp,7.0
Tata,New,2009.0,380000.0,150000,Diesel,Individual,Manual,First Owner,13.93 kmpl,2179 CC,138 bhp,7.0
Tata,Indica,2014.0,400000.0,45000,Diesel,Individual,Manual,First Owner,19.1 kmpl,1405 CC,70 bhp,5.0
Tata,Indigo,2005.0,140000.0,90000,Diesel,Individual,Manual,Third Owner,16.1 kmpl,1405 CC,70 bhp,5.0
Tata,New,2011.0,229999.0,140000,Diesel,Individual,Manual,Second Owner,11.57 kmpl,2179 CC,138.1 bhp,7.0
Ford,Ikon,2003.0,110000.0,83000,Petrol,Individual,Manual,Second Owner,13.8 kmpl,1299 CC,70 bhp,5.0
Volkswagen,Jetta,2011.0,550000.0,106000,Diesel,Individual,Automatic,Second Owner,16.96 kmpl,1968 CC,138.1 bhp,5.0
Chevrolet,Aveo,2008.0,150000.0,60000,Petrol,Individual,Manual,Fourth & Above Owner,15.26 kmpl,1150 CC,74.9 bhp,5.0
Maruti,Omni,2017.0,265000.0,40000,Petrol,Individual,Manual,Second Owner,16.8 kmpl,796 CC,34.2 bhp,8.0
Hyundai,i20,2011.0,300000.0,138000,Petrol,Individual,Manual,Third Owner,17.0 kmpl,1197 CC,80 bhp,5.0
Maruti,Alto,2015.0,280000.0,80000,Petrol,Individual,Manual,First Owner,22.74 kmpl,796 CC,47.3 bhp,5.0
Hyundai,Getz,2005.0,130000.0,50000,Petrol,Individual,Manual,Second Owner,15.3 kmpl,1341 CC,83 bhp,5.0
Chevrolet,Sail,2015.0,350000.0,50000,Petrol,Individual,Manual,First Owner,18.2 kmpl,1199 CC,82.4 bhp,5.0
Maruti,Ritz,2009.0,200000.0,120000,Petrol,Individual,Manual,First Owner,18.5 kmpl,1197 CC,85.80 bhp,5.0
Maruti,Swift,2018.0,550000.0,24400,Petrol,Individual,Manual,First Owner,22.0 kmpl,1197 CC,81.80 bhp,5.0
Mahindra,Bolero,2013.0,400000.0,60000,Diesel,Individual,Manual,Second Owner,15.96 kmpl,2523 CC,62.1 bhp,7.0
Maruti,Ritz,2010.0,170000.0,120000,Petrol,Individual,Manual,Second Owner,18.5 kmpl,1197 CC,85.80 bhp,5.0
Hyundai,Verna,2015.0,600000.0,60000,Diesel,Individual,Manual,Second Owner,24.8 kmpl,1396 CC,88.7 bhp,5.0
Maruti,Alto,2011.0,130000.0,100000,Petrol,Individual,Manual,Second Owner,19.7 kmpl,796 CC,46.3 bhp,5.0
Maruti,800,2011.0,100000.0,120000,Petrol,Individual,Manual,Second Owner,16.1 kmpl,796 CC,37 bhp,4.0
Renault,KWID,2016.0,310000.0,27500,Petrol,Individual,Manual,First Owner,25.17 kmpl,799 CC,53.3 bhp,5.0
Maruti,800,2007.0,35000.0,10000,Petrol,Individual,Manual,First Owner,16.1 kmpl,796 CC,37 bhp,4.0
Hyundai,i20,2010.0,200000.0,120000,Petrol,Individual,Manual,Third Owner,18.5 kmpl,1197 CC,80 bhp,5.0
Tata,Indigo,2013.0,210000.0,120000,Petrol,Individual,Manual,First Owner,15.64 kmpl,1193 CC,64.1 bhp,5.0
Hyundai,Xcent,2015.0,509999.0,90000,Diesel,Individual,Manual,First Owner,24.4 kmpl,1120 CC,71.01 bhp,5.0
Ford,Figo,2013.0,229999.0,70000,Diesel,Individual,Manual,First Owner,20.0 kmpl,1399 CC,68.1 bhp,5.0
Renault,Duster,2014.0,409999.0,188000,Diesel,Individual,Manual,Second Owner,19.01 kmpl,1461 CC,108.45 bhp,5.0
Chevrolet,Spark,2011.0,130000.0,67840,Petrol,Individual,Manual,First Owner,18.0 kmpl,995 CC,62 bhp,5.0
Tata,Nano,2013.0,95000.0,30000,Petrol,Individual,Manual,First Owner,25.4 kmpl,624 CC,37.48 bhp,4.0
Maruti,Alto,2016.0,225000.0,35000,Petrol,Individual,Manual,Second Owner,22.74 kmpl,796 CC,47.3 bhp,5.0
Maruti,Vitara,2017.0,775000.0,100000,Diesel,Individual,Manual,First Owner,24.3 kmpl,1248 CC,88.5 bhp,5.0
Maruti,Wagon,2017.0,420000.0,30000,Petrol,Individual,Manual,First Owner,20.51 kmpl,998 CC,67.04 bhp,5.0
,Grand,2016.0,480000.0,70000,Petrol,Individual,Manual,First Owner,18.9 kmpl,1197 CC,82 bhp,5.0
Mahindra,Bolero,2010.0,260000.0,380000,Diesel,Individual,Manual,Second Owner,13.6 kmpl,2523 CC,63 bhp,7.0
Volkswagen,Polo,2018.0,600000.0,15000,Petrol,Individual,Manual,First Owner,16.2 kmpl,1199 CC,74 bhp,5.0
Ford,Ikon,2009.0,140000.0,140000,Diesel,Individual,Manual,Second Owner,13.8 kmpl,1399 CC,68 bhp,5.0
Maruti,Omni,2010.0,130000.0,120000,Petrol,Individual,Manual,Third Owner,19.7 kmpl,796 CC,35 bhp,8.0
Maruti,Swift,2007.0,195000.0,112880,Diesel,Dealer,Manual,First Owner,25.2 kmpl,1248 CC,74 bhp,5.0
Tata,Indica,2013.0,210000.0,135000,Diesel,Dealer,Manual,Second Owner,19.4 kmpl,1405 CC,70 bhp,5.0
Maruti,Wagon,2006.0,130000.0,80000,Petrol,Individual,Manual,Third Owner,18.9 kmpl,998 CC,67.1 bhp,5.0
Chevrolet,Beat,2012.0,141000.0,128000,Petrol,Individual,Manual,Third Owner,18.6 kmpl,1199 CC,79.4 bhp,5.0
Mahindra,Bolero,2011.0,280000.0,120000,Diesel,Individual,Manual,First Owner,13.6 kmpl,2523 CC,63 bhp,7.0
Maruti,SX4,2010.0,350000.0,30000,Petrol,Individual,Automatic,First Owner,12.6 kmpl,1586 CC,103.2 bhp,5.0
Tata,Nexon,2018.0,575000.0,70000,Petrol,Individual,Manual,First Owner,17.0 kmpl,1198 CC,108.5 bhp,5.0
Hyundai,i20,2015.0,550000.0,41000,Petrol,Individual,Manual,First Owner,18.6 kmpl,1197 CC,81.83 bhp,5.0
Maruti,Alto,2006.0,120000.0,30000,Petrol,Individual,Manual,Second Owner,19.7 kmpl,796 CC,46.3 bhp,5.0
Maruti,Alto,2015.0,320000.0,30000,Petrol,Individual,Manual,First Owner,23.95 kmpl,998 CC,67.05 bhp,5.0
Hyundai,Accent,2011.0,250000.0,35000,Petrol,Individual,Manual,First Owner,16.36 kmpl,1495 CC,93.7 bhp,5.0
Maruti,SX4,2010.0,300000.0,22000,Petrol,Individual,Manual,First Owner,15.0 kmpl,1586 CC,104.68 bhp,5.0
Maruti,,2006.0,250000.0,70000,Petrol,Individual,Manual,First Owner,18.9 kmpl,998 CC,67.1 bhp,5.0
Mahindra,,2018.0,750000.0,70000,Diesel,Individual,Manual,First Owner,16.5 kmpl,1493 CC,70 bhp,7.0
Mahindra,Scorpio,2005.0,151000.0,200000,Diesel,Individual,Manual,Second Owner,10.5 kmpl,2179 CC,120 bhp,8.0
Tata,Safari,2011.0,300000.0,120000,Diesel,Individual,Manual,First Owner,13.93 kmpl,2179 CC,138.03 bhp,7.0
Maruti,Ignis,2019.0,577000.0,3000,Petrol,Individual,Manual,First Owner,20.89 kmpl,1197 CC,81.80 bhp,5.0
Maruti,Alto,2012.0,229999.0,50000,Petrol,Individual,Manual,First Owner,20.92 kmpl,998 CC,67.1 bhp,5.0
Mahindra,Bolero,2013.0,500000.0,50000,Diesel,Individual,Manual,First Owner,15.96 kmpl,2523 CC,62.1 bhp,7.0
Honda,Jazz,,840000.0,1500,Petrol,Individual,Automatic,First Owner,18.2 kmpl,1199 CC,88.7 bhp,5.0
Volkswagen,Vento,2017.0,900000.0,74000,Diesel,Individual,Manual,First Owner,22.27 kmpl,1498 CC,108.6 bhp,5.0
Honda,Jazz,2017.0,650000.0,25000,Petrol,Individual,Manual,First Owner,18.7 kmpl,1199 CC,88.7 bhp,5.0
Honda,Jazz,2016.0,650000.0,61915,Diesel,Individual,Manual,First Owner,27.3 kmpl,1498 CC,98.6 bhp,5.0
Hyundai,EON,2016.0,250000.0,110000,Petrol,Individual,Manual,First Owner,21.1 kmpl,814 CC,55.2 bhp,5.0
Volkswagen,Polo,2016.0,550000.0,70000,Diesel,Individual,Manual,First Owner,20.14 kmpl,1498 CC,88 bhp,5.0
Maruti,Swift,2007.0,250000.0,150000,Diesel,Individual,Manual,Fourth & Above Owner,17.8 kmpl,1248 CC,75 bhp,5.0
Mahindra,Quanto,2013.0,350000.0,110000,Diesel,Individual,Manual,Second Owner,17.21 kmpl,1493 CC,100 bhp,7.0
Chevrolet,Beat,2014.0,185000.0,90000,Diesel,Individual,Manual,Second Owner,25.44 kmpl,936 CC,56.3 bhp,5.0
Ford,Figo,2010.0,229999.0,120000,Petrol,Individual,Manual,Third Owner,15.6 kmpl,1196 CC,70 bhp,5.0
Toyota,Innova,2016.0,1000000.0,65000,Diesel,Individual,Manual,First Owner,12.99 kmpl,2494 CC,100.6 bhp,8.0
Maruti,Wagon,2019.0,490000.0,10000,Petrol,Individual,Manual,First Owner,20.52 kmpl,1197 CC,81.80 bhp,5.0
Hyundai,i10,2009.0,150000.0,80000,Petrol,Individual,Manual,Second Owner,20.36 kmpl,1197 CC,78.9 bhp,5.0
Maruti,Ertiga,2013.0,600000.0,184000,Diesel,Individual,Manual,First Owner,20.77 kmpl,1248 CC,88.76 bhp,7.0
Maruti,Wagon,2013.0,270000.0,80000,CNG,Individual,Manual,Second Owner,32.52 km/kg,998 CC,58.33 bhp,5.0
Maruti,Zen,2005.0,60000.0,70000,Petrol,Individual,Manual,Second Owner,17.3 kmpl,993 CC,60 bhp,5.0
Maruti,SX4,2008.0,150000.0,89000,Petrol,Individual,Manual,Second Owner,15.6 kmpl,1586 CC,104.68 bhp,5.0
Maruti,Swift,2013.0,525000.0,69000,Diesel,Individual,Manual,Second Owner,22.9 kmpl,1248 CC,74 bhp,5.0
Tata,Indica,2012.0,83000.0,90000,Diesel,Individual,Manual,Second Owner,25.0 kmpl,1396 CC,69 bhp,5.0
Hyundai,EON,2017.0,300000.0,8000,Petrol,Individual,Manual,First Owner,21.1 kmpl,814 CC,55.2 bhp,5.0
Hyundai,i20,2012.0,350000.0,35000,Petrol,Individual,Manual,First Owner,17.0 kmpl,1197 CC,80 bhp,5.0
Hyundai,i20,2011.0,300000.0,45000,Petrol,Individual,Manual,First Owner,17.0 kmpl,1197 CC,80 bhp,5.0
Fiat,Linea,2011.0,250000.0,30000,Diesel,Individual,Manual,First Owner,20.4 kmpl,1248 CC,91.2 bhp,5.0
Maruti,800,2006.0,114999.0,59000,Petrol,Individual,Manual,Second Owner,16.1 kmpl,796 CC,37 bhp,4.0
Maruti,Ertiga,2018.0,700000.0,6200,Petrol,Individual,Manual,First Owner,19.34 kmpl,1462 CC,103 bhp,7.0
Maruti,Celerio,2020.0,250000.0,120000,Petrol,Individual,Manual,Second Owner,21.63 kmpl,998 CC,67 bhp,5.0
Maruti,Wagon,2016.0,350000.0,70000,Petrol,Individual,Manual,First Owner,20.51 kmpl,998 CC,67.04 bhp,5.0
Maruti,Omni,1998.0,80000.0,70000,Petrol,Individual,Manual,First Owner,14.0 kmpl,796 CC,35 bhp,5.0
Mahindra,Scorpio,2017.0,850000.0,110000,Diesel,Individual,Manual,First Owner,15.4 kmpl,2523 CC,75 bhp,7.0
Chevrolet,Spark,2007.0,90000.0,93000,Petrol,Individual,Manual,Third Owner,18.0 kmpl,995 CC,62 bhp,5.0
Chevrolet,Tavera,2014.0,600000.0,110000,Diesel,Individual,Manual,First Owner,13.58 kmpl,2499 CC,72.4 bhp,10.0
Maruti,Alto,2007.0,135000.0,57000,Petrol,Individual,Manual,First Owner,19.7 kmpl,796 CC,46.3 bhp,5.0
Hyundai,Accent,2005.0,150000.0,120000,Petrol,Individual,Manual,First Owner,13.2 kmpl,1495 CC,94 bhp,5.0
Maruti,,2009.0,240000.0,120000,Petrol,Individual,Manual,First Owner,17.5 kmpl,1298 CC,85.8 bhp,5.0
Hyundai,Creta,2018.0,,60000,Diesel,Individual,Manual,First Owner,22.1 kmpl,1396 CC,88.7 bhp,5.0
Tata,Indigo,2011.0,215000.0,70000,Diesel,Individual,Manual,First Owner,23.03 kmpl,1396 CC,69 bhp,5.0
Maruti,Zen,1999.0,50000.0,60000,Petrol,Individual,Manual,Fourth & Above Owner,17.3 kmpl,993 CC,60 bhp,5.0
Honda,Amaze,2013.0,310000.0,100000,Diesel,Individual,Manual,First Owner,25.8 kmpl,1498 CC,98.6 bhp,5.0
Hyundai,i10,2008.0,220000.0,35000,Petrol,Individual,Manual,First Owner,20.36 kmpl,1197 CC,78.9 bhp,5.0
Maruti,Swift,2008.0,195000.0,90000,Diesel,Individual,Manual,Third Owner,17.8 kmpl,1248 CC,75 bhp,5.0
Hyundai,i20,2015.0,650000.0,50000,Petrol,Individual,Manual,First Owner,17.19 kmpl,1197 CC,81.86 bhp,5.0
Hyundai,i20,2011.0,350000.0,98000,Petrol,Individual,Manual,First Owner,18.5 kmpl,1197 CC,80 bhp,5.0
Hyundai,i20,2013.0,360000.0,30000,Petrol,Individual,Manual,First Owner,18.5 kmpl,1197 CC,82.85 bhp,5.0
Hyundai,Elantra,2013.0,550000.0,50000,Petrol,Individual,Manual,Second Owner,16.3 kmpl,1797 CC,147.5 bhp,5.0
Hyundai,Grand,2016.0,490000.0,26000,Petrol,Individual,Manual,First Owner,18.9 kmpl,1197 CC,82 bhp,5.0
Maruti,Alto,2011.0,195000.0,46000,Petrol,Individual,Manual,Second Owner,19.7 kmpl,796 CC,46.3 bhp,5.0
Maruti,Alto,2010.0,125000.0,80000,Petrol,Individual,Manual,Fourth & Above Owner,19.7 kmpl,796 CC,46.3 bhp,5.0
Tata,Tiago,2019.0,459999.0,10000,Petrol,Individual,Manual,First Owner,23.84 kmpl,1199 CC,84 bhp,5.0
Maruti,Alto,2015.0,275000.0,16700,Petrol,Individual,Manual,First Owner,22.74 kmpl,796 CC,47.3 bhp,5.0
Maruti,Swift,2018.0,680000.0,70000,Diesel,Individual,Manual,First Owner,28.4 kmpl,1248 CC,74.02 bhp,5.0
Maruti,Swift,2015.0,600000.0,7967,Petrol,Individual,Manual,First Owner,20.85 kmpl,1197 CC,83.14 bhp,5.0
Maruti,Swift,2018.0,720000.0,20000,Petrol,Individual,Manual,First Owner,22.0 kmpl,1197 CC,81.80 bhp,5.0
Renault,KWID,2016.0,356000.0,9656,Petrol,Individual,Manual,First Owner,25.17 kmpl,799 CC,53.3 bhp,5.0
Hyundai,i10,2011.0,225000.0,50000,Petrol,Individual,Manual,First Owner,19.81 kmpl,1086 CC,68.05 bhp,5.0
Ford,Freestyle,2019.0,725000.0,17000,Diesel,Individual,Manual,First Owner,24.4 kmpl,1498 CC,98.63 bhp,5.0
Chevrolet,Spark,2010.0,130000.0,50000,Petrol,Individual,Manual,First Owner,18.0 kmpl,995 CC,62 bhp,5.0
Renault,KWID,2015.0,300000.0,10000,Petrol,Individual,Manual,First Owner,25.17 kmpl,799 CC,53.3 bhp,5.0
Hyundai,i20,2013.0,400000.0,43000,Petrol,Individual,Manual,Second Owner,18.5 kmpl,1197 CC,82.85 bhp,5.0
Hyundai,Verna,2013.0,550000.0,50000,Diesel,Individual,Manual,First Owner,23.5 kmpl,1396 CC,88.7 bhp,5.0
Maruti,Wagon,2006.0,120000.0,90000,Petrol,Individual,Manual,Second Owner,18.9 kmpl,998 CC,67 bhp,5.0
Mahindra,Xylo,2012.0,409999.0,100000,Diesel,Individual,Manual,Second Owner,14.0 kmpl,2498 CC,112 bhp,8.0
Hyundai,Santro,2010.0,110000.0,80000,Petrol,Individual,Manual,Second Owner,0.0 kmpl,1086 CC,62.1 bhp,5.0
Maruti,Swift,,610000.0,5000,Petrol,Individual,Manual,First Owner,21.21 kmpl,1197 CC,81.80 bhp,5.0
Ford,Ecosport,2016.0,515000.0,68609,Diesel,Dealer,Manual,First Owner,22.7 kmpl,1498 CC,89.84 bhp,5.0
,EcoSport,2018.0,925000.0,33360,Diesel,Dealer,Manual,First Owner,22.77 kmpl,1498 CC,98.59 bhp,5.0
Nissan,Kicks,2019.0,860000.0,14317,Petrol,Dealer,Manual,First Owner,14.23 kmpl,1498 CC,104.55 bhp,5.0
Ford,Figo,2012.0,225000.0,87237,Diesel,Dealer,Manual,Second Owner,20.0 kmpl,1399 CC,68.05 bhp,5.0
Ford,Figo,2017.0,500000.0,62960,Diesel,Dealer,Manual,First Owner,25.83 kmpl,1498 CC,99 bhp,5.0
Maruti,Swift,2017.0,600000.0,26634,Petrol,Dealer,Automatic,First Owner,21.21 kmpl,1197 CC,81.80 bhp,5.0
Ford,Figo,2012.0,,163720,Diesel,Dealer,Manual,First Owner,18.5 kmpl,1399 CC,68 bhp,5.0
Maruti,Wagon,2012.0,265000.0,67998,Petrol,Dealer,Manual,First Owner,18.9 kmpl,998 CC,67.1 bhp,5.0
Ford,Freestyle,2018.0,650000.0,20706,Diesel,Dealer,Manual,First Owner,23.8 kmpl,1499 CC,98.63 bhp,5.0
Ford,Figo,2015.0,415000.0,100581,Diesel,Dealer,Manual,First Owner,25.83 kmpl,1498 CC,99 bhp,5.0
Renault,Duster,2015.0,600000.0,67303,Diesel,Dealer,Manual,First Owner,20.45 kmpl,1461 CC,83.8 bhp,5.0
Maruti,Ritz,2013.0,340000.0,79139,Petrol,Dealer,Manual,First Owner,18.5 kmpl,1197 CC,85.80 bhp,5.0
Hyundai,Grand,2014.0,350000.0,84784,Diesel,Dealer,Manual,First Owner,24.0 kmpl,1120 CC,70 bhp,5.0
Maruti,Ritz,2012.0,265000.0,130376,Diesel,Dealer,Manual,Second Owner,23.2 kmpl,1248 CC,73.94 bhp,5.0
Tata,Safari,2017.0,625000.0,72000,Diesel,Individual,Manual,First Owner,13.93 kmpl,2179 CC,138.03 bhp,7.0
Hyundai,Verna,2008.0,245000.0,127000,Diesel,Individual,Manual,Second Owner,16.8 kmpl,1493 CC,110 bhp,5.0
Maruti,Swift,2014.0,395000.0,120000,Diesel,Individual,Manual,First Owner,25.2 kmpl,1248 CC,74 bhp,5.0
Hyundai,Xcent,2014.0,490000.0,100000,Diesel,Individual,Manual,First Owner,24.4 kmpl,1120 CC,71 bhp,5.0
Maruti,Ertiga,2018.0,955000.0,40000,Diesel,Individual,Manual,First Owner,24.52 kmpl,1248 CC,88.5 bhp,7.0
Maruti,Swift,2013.0,525000.0,110000,Diesel,Individual,Manual,First Owner,23.4 kmpl,1248 CC,74 bhp,5.0
Tata,Tigor,2017.0,550000.0,30000,Petrol,Individual,Manual,First Owner,20.3 kmpl,1199 CC,84 bhp,5.0
Tata,Indica,2014.0,200000.0,120000,Diesel,Individual,Manual,Second Owner,19.1 kmpl,1405 CC,70 bhp,5.0
Ford,Figo,2017.0,500000.0,15000,Petrol,Individual,Manual,First Owner,18.16 kmpl,1196 CC,86.8 bhp,5.0
Maruti,SX4,2016.0,,33500,Diesel,Individual,Manual,First Owner,23.65 kmpl,1248 CC,88.5 bhp,5.0
Mahindra,Quanto,2012.0,250000.0,70000,Diesel,Individual,Manual,First Owner,17.21 kmpl,1493 CC,100 bhp,7.0
Toyota,Etios,2015.0,600000.0,10000,Petrol,Individual,Manual,First Owner,18.16 kmpl,1197 CC,78.8 bhp,5.0
Mahindra,Scorpio,2018.0,1325000.0,22053,Diesel,Individual,Manual,First Owner,16.36 kmpl,2179 CC,120 bhp,7.0
Mahindra,TUV,2016.0,770000.0,50000,Diesel,Individual,Manual,First Owner,18.49 kmpl,1493 CC,100 bhp,7.0
Chevrolet,Optra,2011.0,415000.0,78432,Diesel,Individual,Manual,First Owner,16.52 kmpl,1991 CC,123.7 bhp,5.0
Hyundai,Santa,2011.0,825000.0,125000,Diesel,Individual,Manual,Second Owner,14.66 kmpl,2199 CC,194.3 bhp,7.0
Ford,Aspire,,530000.0,80000,Diesel,Individual,Manual,First Owner,26.1 kmpl,1498 CC,99.23 bhp,5.0
Toyota,Innova,2006.0,425000.0,270000,Diesel,Individual,Manual,Third Owner,12.8 kmpl,2494 CC,102 bhp,8.0
Honda,Brio,2012.0,310000.0,50000,Petrol,Individual,Manual,Second Owner,19.4 kmpl,1198 CC,86.8 bhp,5.0
Tata,Tiago,2017.0,390000.0,20000,Petrol,Individual,Manual,First Owner,23.84 kmpl,1199 CC,84 bhp,5.0
Hyundai,Creta,2016.0,700000.0,30000,Petrol,Individual,Manual,First Owner,15.29 kmpl,1591 CC,121.3 bhp,5.0
Hyundai,i10,2010.0,200000.0,70000,Petrol,Individual,Manual,Second Owner,19.81 kmpl,1086 CC,68.05 bhp,5.0
Toyota,Innova,2013.0,1050000.0,7200,Diesel,Individual,Manual,First Owner,12.99 kmpl,2494 CC,100.6 bhp,8.0
Honda,City,2014.0,580000.0,97000,Diesel,Individual,Manual,First Owner,26.0 kmpl,1498 CC,98.6 bhp,5.0
Hyundai,EON,2014.0,200000.0,60000,Petrol,Individual,Manual,Second Owner,21.1 kmpl,814 CC,55.2 bhp,5.0
Chevrolet,Sail,2013.0,245000.0,25000,Petrol,Individual,Manual,First Owner,18.2 kmpl,1199 CC,84.8 bhp,5.0
Hyundai,i10,2010.0,210000.0,94000,Petrol,Individual,Manual,Second Owner,20.36 kmpl,1197 CC,78.9 bhp,5.0
Maruti,Baleno,2005.0,50000.0,90000,Petrol,Individual,Manual,Second Owner,15.4 kmpl,1590 CC,94 bhp,5.0
Chevrolet,Captiva,2012.0,700000.0,50000,Diesel,Individual,Automatic,Second Owner,12.12 kmpl,2231 CC,184 bhp,7.0
Tata,Bolt,,660000.0,35000,Diesel,Individual,Manual,First Owner,22.95 kmpl,1248 CC,74 bhp,5.0
Honda,City,2015.0,630000.0,117500,Petrol,Individual,Manual,Second Owner,17.4 kmpl,1497 CC,117.3 bhp,5.0
Mahindra,XUV500,2012.0,950000.0,78500,Diesel,Individual,Manual,First Owner,15.1 kmpl,2179 CC,140 bhp,7.0
Hyundai,i20,2018.0,740000.0,8000,Petrol,Individual,Manual,First Owner,18.6 kmpl,1197 CC,81.83 bhp,5.0
Ford,Figo,2017.0,,25000,Petrol,Individual,Manual,First Owner,18.12 kmpl,1196 CC,86.8 bhp,5.0
Hyundai,Verna,2012.0,450000.0,60000,Diesel,Individual,Manual,Third Owner,22.32 kmpl,1582 CC,126.32 bhp,5.0
Datsun,RediGO,2019.0,390000.0,10000,Petrol,Individual,Manual,First Owner,22.5 kmpl,999 CC,67 bhp,5.0
Ford,Ikon,2009.0,180000.0,70000,Petrol,Individual,Manual,Second Owner,14.2 kmpl,1597 CC,92 bhp,5.0
Tata,Nano,2015.0,130000.0,60000,Petrol,Individual,Manual,First Owner,25.4 kmpl,624 CC,37.48 bhp,4.0
Honda,City,2006.0,270000.0,70000,Petrol,Individual,Manual,Second Owner,17.7 kmpl,1497 CC,78 bhp,5.0
Maruti,800,1997.0,,25000,Petrol,Individual,Manual,Third Owner,16.1 kmpl,796 CC,37 bhp,4.0
Hyundai,Verna,2006.0,170000.0,90000,Petrol,Individual,Manual,Third Owner,13.9 kmpl,1599 CC,103.2 bhp,5.0
Hyundai,Creta,2015.0,978999.0,90000,Diesel,Individual,Manual,First Owner,19.67 kmpl,1582 CC,126.2 bhp,5.0
Tata,Tiago,2018.0,490000.0,25000,Petrol,Individual,Manual,First Owner,23.84 kmpl,1199 CC,84 bhp,5.0
Ford,Fiesta,2012.0,280000.0,60000,Diesel,Individual,Manual,Second Owner,23.5 kmpl,1498 CC,88.7 bhp,5.0
Tata,Tiago,2018.0,390000.0,25000,Petrol,Individual,Manual,First Owner,23.84 kmpl,1199 CC,84 bhp,5.0
Maruti,Alto,2013.0,170000.0,60000,Petrol,Individual,Manual,Fourth & Above Owner,22.74 kmpl,796 CC,47.3 bhp,5.0
Chevrolet,Spark,2008.0,45000.0,70000,Petrol,Individual,Manual,First Owner,18.0 kmpl,995 CC,62 bhp,5.0
Maruti,Ertiga,2016.0,640000.0,80000,Diesel,Individual,Manual,Second Owner,24.52 kmpl,1248 CC,88.5 bhp,7.0
Mahindra,Scorpio,2015.0,650000.0,110000,Diesel,Individual,Manual,Second Owner,15.4 kmpl,2523 CC,75 bhp,9.0
Mahindra,Scorpio,2013.0,500000.0,115717,Diesel,Individual,Manual,First Owner,12.05 kmpl,2179 CC,120 bhp,9.0
Ford,Fusion,2008.0,90000.0,110000,Diesel,Individual,Manual,Second Owner,17.7 kmpl,1399 CC,68 bhp,5.0
Tata,Aria,2014.0,480000.0,70000,Diesel,Individual,Manual,Second Owner,15.05 kmpl,2179 CC,147.9 bhp,7.0
Maruti,Swift,2019.0,630000.0,4000,Petrol,Individual,Manual,First Owner,21.21 kmpl,1197 CC,81.80 bhp,5.0
Hyundai,i10,2011.0,250000.0,50000,Petrol,Individual,Manual,First Owner,20.36 kmpl,1197 CC,78.9 bhp,5.0
Hyundai,Grand,2016.0,330000.0,70000,Petrol,Individual,Manual,Fourth & Above Owner,18.9 kmpl,1197 CC,82 bhp,5.0
Hyundai,i10,2009.0,,70000,Petrol,Individual,Manual,Second Owner,20.36 kmpl,1197 CC,78.9 bhp,5.0
Hyundai,i20,2010.0,210000.0,50000,Petrol,Individual,Manual,Second Owner,18.5 kmpl,1197 CC,80 bhp,5.0
Maruti,Swift,2016.0,550000.0,55000,Diesel,Individual,Manual,First Owner,26.59 kmpl,1248 CC,74 bhp,5.0
Tata,Nexon,2020.0,950000.0,5000,Petrol,Individual,Automatic,First Owner,17.0 kmpl,1198 CC,108.5 bhp,
Mahindra,Bolero,2013.0,430000.0,100000,Diesel,Individual,Manual,Second Owner,15.96 kmpl,2523 CC,62.1 bhp,7.0
Hyundai,i10,2014.0,348000.0,23000,Petrol,Individual,Manual,Second Owner,20.36 kmpl,1197 CC,78.9 bhp,5.0
Maruti,Alto,2014.0,196000.0,60000,Petrol,Individual,Manual,Second Owner,22.74 kmpl,796 CC,47.3 bhp,5.0
Maruti,Wagon,2010.0,150000.0,70000,Petrol,Individual,Manual,Second Owner,18.9 kmpl,1061 CC,67 bhp,5.0
Maruti,,2009.0,150000.0,60000,Petrol,Individual,Manual,Second Owner,18.9 kmpl,1061 CC,67 bhp,5.0
Tata,Safari,2019.0,1250000.0,100000,Diesel,Individual,Manual,First Owner,14.1 kmpl,2179 CC,153.86 bhp,7.0
Maruti,,2015.0,600000.0,90000,Diesel,Individual,Manual,Third Owner,20.77 kmpl,1248 CC,88.76 bhp,7.0
Tata,Nano,2010.0,65000.0,26432,Petrol,Dealer,Manual,First Owner,25.4 kmpl,624 CC,37.48 bhp,4.0
Maruti,Omni,2016.0,,46702,Petrol,Dealer,Manual,First Owner,16.8 kmpl,796 CC,34.2 bhp,8.0
Maruti,Omni,2016.0,220000.0,46706,Petrol,Dealer,Manual,First Owner,16.8 kmpl,796 CC,34.2 bhp,8.0
Tata,Indica,2006.0,110000.0,53523,Petrol,Dealer,Manual,First Owner,16.84 kmpl,1193 CC,64.4 bhp,5.0
Chevrolet,Beat,2012.0,175000.0,56365,Diesel,Dealer,Manual,First Owner,25.44 kmpl,936 CC,56.3 bhp,5.0
Chevrolet,Spark,2011.0,160000.0,49563,Petrol,Dealer,Manual,First Owner,16.2 kmpl,995 CC,62.1 bhp,5.0
Maruti,800,2004.0,65000.0,56432,Petrol,Dealer,Manual,First Owner,16.1 kmpl,796 CC,37 bhp,4.0
Maruti,800,2002.0,60000.0,52365,Petrol,Dealer,Manual,Second Owner,16.1 kmpl,796 CC,37 bhp,4.0
Maruti,Alto,2007.0,120000.0,53512,Petrol,Dealer,Manual,Second Owner,19.7 kmpl,796 CC,46.3 bhp,5.0
Mahindra,Ssangyong,2013.0,1000000.0,40000,Diesel,Individual,Automatic,First Owner,11.18 kmpl,2696 CC,184 bhp,7.0
Maruti,Wagon,2010.0,220000.0,46533,Petrol,Dealer,Manual,First Owner,18.9 kmpl,998 CC,67.1 bhp,5.0
Maruti,Omni,2008.0,114999.0,58632,Petrol,Dealer,Manual,Second Owner,14.0 kmpl,796 CC,35 bhp,5.0
Mahindra,XUV500,2016.0,850000.0,80000,Diesel,Individual,Automatic,Second Owner,16.0 kmpl,2179 CC,140 bhp,
Maruti,Ertiga,2016.0,750000.0,70000,Diesel,Individual,Manual,First Owner,24.52 kmpl,1248 CC,88.5 bhp,7.0
Renault,KWID,2017.0,265000.0,90000,Petrol,Individual,Manual,First Owner,23.01 kmpl,999 CC,67 bhp,5.0
Ford,Classic,2014.0,450000.0,110000,Petrol,Individual,Manual,Second Owner,14.09 kmpl,1596 CC,99.6 bhp,5.0
Mahindra,Quanto,2013.0,225000.0,90000,Diesel,Individual,Manual,First Owner,17.21 kmpl,1493 CC,100 bhp,7.0
Mahindra,Scorpio,2015.0,1125000.0,70000,Diesel,Individual,Manual,First Owner,15.4 kmpl,2179 CC,120 bhp,7.0
Maruti,Swift,2009.0,270000.0,80000,Petrol,Individual,Manual,First Owner,16.6 kmpl,1197 CC,85 bhp,5.0
Maruti,Alto,2007.0,130000.0,78000,Petrol,Individual,Manual,First Owner,19.7 kmpl,796 CC,46.3 bhp,5.0
Mahindra,Bolero,2017.0,660000.0,45000,Diesel,Individual,Manual,First Owner,16.5 kmpl,1493 CC,70 bhp,7.0
Maruti,Alto,2015.0,,50000,Petrol,Individual,Manual,Second Owner,23.95 kmpl,998 CC,67.05 bhp,5.0
Maruti,Alto,2017.0,275000.0,58000,Petrol,Individual,Manual,First Owner,24.7 kmpl,796 CC,47.3 bhp,5.0
Toyota,Innova,2012.0,750000.0,120000,Diesel,Individual,Manual,First Owner,12.8 kmpl,2494 CC,102 bhp,8.0
Chevrolet,Aveo,2007.0,65000.0,30000,Petrol,Individual,Manual,Second Owner,14.7 kmpl,1150 CC,76 bhp,5.0
Tata,Safari,2017.0,850000.0,162000,Diesel,Individual,Manual,First Owner,14.1 kmpl,2179 CC,147.94 bhp,7.0
Maruti,Wagon,2016.0,300000.0,50000,CNG,Individual,Manual,Second Owner,26.6 km/kg,998 CC,58.16 bhp,5.0
Hyundai,i20,2018.0,555000.0,25000,Petrol,Individual,Manual,Second Owner,18.6 kmpl,1197 CC,81.83 bhp,5.0
Mahindra,Scorpio,2015.0,825000.0,60000,Diesel,Individual,Manual,First Owner,15.4 kmpl,1997 CC,120 bhp,7.0
Hyundai,Santro,2010.0,150000.0,70000,LPG,Individual,Manual,Third Owner,13.45 km/kg,1086 CC,62.1 bhp,5.0
Maruti,Swift,2009.0,185000.0,138000,Diesel,Individual,Manual,Second Owner,19.3 kmpl,1248 CC,73.9 bhp,5.0
Hyundai,i10,2010.0,180000.0,70000,Petrol,Individual,Manual,Second Owner,20.36 kmpl,1197 CC,78.9 bhp,5.0
Maruti,Alto,2010.0,160000.0,48000,Petrol,Individual,Manual,Second Owner,19.7 kmpl,796 CC,46.3 bhp,5.0
Ford,Endeavour,2012.0,500000.0,110000,Diesel,Individual,Automatic,First Owner,11.4 kmpl,2953 CC,153.86 bhp,7.0
Maruti,Swift,2014.0,375000.0,88000,Diesel,Individual,Manual,Second Owner,25.2 kmpl,1248 CC,74 bhp,5.0
Toyota,Innova,2015.0,900000.0,68000,Diesel,Individual,Manual,First Owner,12.99 kmpl,2494 CC,100.6 bhp,7.0
Hyundai,Grand,2017.0,459999.0,70000,Petrol,Individual,Manual,First Owner,18.9 kmpl,1197 CC,82 bhp,5.0
Renault,Duster,2014.0,480000.0,80000,Diesel,Individual,Manual,First Owner,20.45 kmpl,1461 CC,83.8 bhp,5.0
Maruti,,2013.0,320000.0,100000,Diesel,Individual,Manual,Third Owner,22.9 kmpl,1248 CC,74 bhp,5.0
Maruti,Swift,2013.0,370000.0,96000,Diesel,Individual,Manual,Second Owner,22.9 kmpl,1248 CC,74 bhp,5.0
Maruti,Zen,2002.0,75000.0,30000,Petrol,Individual,Manual,Third Owner,17.3 kmpl,993 CC,60 bhp,5.0
Maruti,Ritz,2016.0,400000.0,60000,Diesel,Individual,Manual,Third Owner,23.2 kmpl,1248 CC,73.94 bhp,5.0
Maruti,Swift,2014.0,425000.0,65000,Diesel,Individual,Manual,First Owner,25.2 kmpl,1248 CC,74 bhp,5.0
Maruti,Celerio,2014.0,325000.0,48000,Petrol,Individual,Manual,First Owner,23.1 kmpl,998 CC,67.04 bhp,5.0
Hyundai,Grand,2016.0,350000.0,65300,Petrol,Individual,Manual,Second Owner,18.9 kmpl,1197 CC,82 bhp,5.0
Hyundai,i20,2018.0,600000.0,40000,Petrol,Individual,Manual,First Owner,18.6 kmpl,1197 CC,81.83 bhp,5.0
Chevrolet,Beat,2012.0,120000.0,60000,Diesel,Individual,Manual,Second Owner,25.44 kmpl,936 CC,57.6 bhp,5.0
Maruti,Alto,2012.0,200000.0,70000,Petrol,Individual,Manual,Second Owner,20.92 kmpl,998 CC,67.1 bhp,5.0
Maruti,Alto,2008.0,100000.0,70000,Petrol,Individual,Manual,Third Owner,19.7 kmpl,796 CC,46.3 bhp,5.0
Hyundai,Grand,2014.0,350000.0,70000,Diesel,Individual,Manual,Second Owner,24.0 kmpl,1120 CC,70 bhp,5.0
Maruti,Alto,2006.0,85000.0,150000,Petrol,Individual,Manual,Second Owner,19.7 kmpl,796 CC,46.3 bhp,5.0
Maruti,Alto,,399000.0,10000,Petrol,Individual,Manual,First Owner,23.95 kmpl,998 CC,67.05 bhp,5.0
Hyundai,Verna,2014.0,580000.0,56000,Diesel,Individual,Manual,First Owner,22.32 kmpl,1582 CC,126.3 bhp,5.0
Datsun,RediGO,2017.0,290000.0,30000,Petrol,Individual,Manual,First Owner,22.7 kmpl,799 CC,53.64 bhp,5.0
Hyundai,Grand,2014.0,380000.0,50000,Petrol,Individual,Manual,Second Owner,18.9 kmpl,1197 CC,82 bhp,5.0
Ford,,2010.0,200000.0,120000,Diesel,Individual,Manual,First Owner,20.0 kmpl,1399 CC,68 bhp,5.0
Maruti,Wagon,2018.0,390000.0,40000,CNG,Individual,Manual,First Owner,26.6 km/kg,998 CC,58.16 bhp,5.0
Hyundai,Grand,2017.0,500000.0,27500,Petrol,Individual,Manual,First Owner,18.9 kmpl,1197 CC,81.86 bhp,5.0
Maruti,Ertiga,2012.0,520000.0,73000,Diesel,Individual,Manual,First Owner,20.77 kmpl,1248 CC,88.76 bhp,7.0
Maruti,Swift,2017.0,650000.0,75000,Diesel,Individual,Manual,First Owner,26.59 kmpl,1248 CC,74 bhp,5.0
Renault,KWID,2018.0,380000.0,5000,Petrol,Individual,Manual,First Owner,23.01 kmpl,999 CC,67 bhp,5.0
Maruti,Wagon,2010.0,275000.0,50000,LPG,Individual,Manual,First Owner,26.2 km/kg,998 CC,58.2 bhp,5.0
Maruti,,2015.0,520000.0,70000,Diesel,Individual,Manual,First Owner,26.59 kmpl,1248 CC,74 bhp,5.0
Maruti,Swift,2015.0,610000.0,60000,Diesel,Individual,Manual,First Owner,26.59 kmpl,1248 CC,74 bhp,5.0
Maruti,Wagon,2004.0,85000.0,110000,Petrol,Individual,Manual,First Owner,18.9 kmpl,998 CC,67.1 bhp,5.0
Renault,Duster,2013.0,490000.0,95000,Diesel,Individual,Manual,First Owner,20.46 kmpl,1461 CC,83.8 bhp,5.0
Hyundai,EON,2015.0,,34000,Petrol,Individual,Manual,Second Owner,21.1 kmpl,814 CC,55.2 bhp,5.0
Hyundai,Grand,2015.0,411000.0,25000,Petrol,Individual,Manual,First Owner,18.9 kmpl,1197 CC,82 bhp,5.0
Maruti,,2019.0,362000.0,120000,CNG,Individual,Manual,Second Owner,21.94 km/kg,1196 CC,61.7 bhp,5.0
Toyota,Etios,2014.0,550000.0,31000,Diesel,Individual,Manual,First Owner,23.59 kmpl,1364 CC,67.06 bhp,5.0
Maruti,Wagon,2018.0,459999.0,70000,CNG,Individual,Manual,First Owner,26.6 km/kg,998 CC,58.16 bhp,5.0
Maruti,Ritz,2011.0,190000.0,47000,Petrol,Individual,Manual,First Owner,18.5 kmpl,1197 CC,85.80 bhp,5.0
Hyundai,Santro,2019.0,499000.0,5000,Petrol,Individual,Automatic,First Owner,20.3 kmpl,1086 CC,68 bhp,5.0
Maruti,Eeco,2018.0,358000.0,44000,Petrol,Individual,Manual,First Owner,15.37 kmpl,1196 CC,73 bhp,7.0
Toyota,Etios,2012.0,278000.0,120000,Diesel,Individual,Manual,Second Owner,23.59 kmpl,1364 CC,67.1 bhp,5.0
Fiat,Grande,2014.0,320000.0,39395,Diesel,Individual,Manual,First Owner,21.2 kmpl,1248 CC,75 bhp,5.0
Renault,Fluence,2013.0,580000.0,67000,Diesel,Individual,Manual,Second Owner,20.4 kmpl,1461 CC,108.5 bhp,5.0
Honda,City,2019.0,1300000.0,20000,Petrol,Individual,Automatic,First Owner,17.4 kmpl,1497 CC,117.6 bhp,5.0
Honda,Amaze,2018.0,825000.0,40000,Diesel,Individual,Manual,First Owner,25.8 kmpl,1498 CC,98.6 bhp,5.0
Toyota,Corolla,2004.0,170000.0,120000,Petrol,Individual,Manual,Second Owner,13.4 kmpl,1794 CC,125 bhp,5.0
Toyota,Fortuner,2014.0,1700000.0,80000,Diesel,Individual,Manual,Second Owner,12.55 kmpl,2982 CC,168.5 bhp,7.0
Hyundai,Santro,2018.0,490000.0,7000,Petrol,Individual,Manual,First Owner,20.3 kmpl,1086 CC,68 bhp,5.0
Mahindra,XUV500,2018.0,1050000.0,15000,Diesel,Individual,Manual,First Owner,16.0 kmpl,2179 CC,140 bhp,7.0
Chevrolet,Beat,2016.0,210000.0,50000,Petrol,Individual,Manual,First Owner,18.6 kmpl,1199 CC,76.8 bhp,5.0
Mahindra,Scorpio,2016.0,1250000.0,30000,Diesel,Individual,Manual,First Owner,15.4 kmpl,2179 CC,120 bhp,7.0
Maruti,,2012.0,320000.0,120000,Diesel,Individual,Manual,Second Owner,22.9 kmpl,1248 CC,74 bhp,5.0
Chevrolet,Optra,2012.0,400000.0,64000,Diesel,Individual,Manual,First Owner,16.52 kmpl,1991 CC,123.7 bhp,5.0
Maruti,Ritz,2013.0,320000.0,120000,Diesel,Individual,Manual,First Owner,23.2 kmpl,1248 CC,73.94 bhp,5.0
Toyota,Corolla,2012.0,600000.0,85000,Diesel,Individual,Manual,First Owner,21.43 kmpl,1364 CC,87.2 bhp,5.0
Maruti,Alto,2012.0,275000.0,50000,Petrol,Individual,Manual,First Owner,20.92 kmpl,998 CC,67.1 bhp,5.0
Maruti,Alto,2009.0,170000.0,59000,Petrol,Individual,Manual,Second Owner,19.7 kmpl,796 CC,46.3 bhp,5.0
Chevrolet,Beat,2012.0,155000.0,98000,Diesel,Individual,Manual,First Owner,25.44 kmpl,936 CC,57.6 bhp,5.0
Renault,Duster,2015.0,620000.0,140000,Diesel,Individual,Manual,Second Owner,20.45 kmpl,1461 CC,83.8 bhp,5.0
Hyundai,Grand,2017.0,530000.0,50000,Petrol,Individual,Manual,First Owner,18.9 kmpl,1197 CC,81.86 bhp,5.0
Toyota,Etios,2015.0,550000.0,40000,Diesel,Individual,Manual,First Owner,23.59 kmpl,1364 CC,67.04 bhp,5.0
Honda,City,2014.0,600000.0,90000,Diesel,Individual,Manual,First Owner,26.0 kmpl,1498 CC,98.6 bhp,5.0
Mahindra,XUV500,2014.0,649000.0,117000,Diesel,Individual,Manual,Third Owner,15.1 kmpl,2179 CC,140 bhp,7.0
Honda,City,2014.0,625000.0,90000,Diesel,Individual,Manual,First Owner,26.0 kmpl,1498 CC,98.6 bhp,5.0
Chevrolet,Spark,2010.0,125000.0,70000,Petrol,Individual,Manual,First Owner,16.0 kmpl,995 CC,63 bhp,5.0
Chevrolet,Tavera,2009.0,,230000,Diesel,Individual,Manual,Second Owner,13.58 kmpl,2499 CC,72.4 bhp,9.0
Maruti,SX4,2010.0,,155000,Petrol,Individual,Manual,Second Owner,15.5 kmpl,1586 CC,103.3 bhp,5.0
,Xenon,2015.0,600000.0,60000,Diesel,Individual,Manual,Second Owner,13.49 kmpl,2179 CC,138.03 bhp,5.0
Mahindra,KUV,2016.0,,110000,Petrol,Individual,Manual,First Owner,18.15 kmpl,1198 CC,82 bhp,6.0
Tata,Indica,2010.0,180000.0,120000,Diesel,Individual,Manual,First Owner,17.0 kmpl,1405 CC,71 bhp,5.0
Hyundai,Verna,2011.0,400000.0,100000,Diesel,Individual,Manual,Second Owner,22.32 kmpl,1582 CC,126.32 bhp,5.0
Chevrolet,Beat,2010.0,120000.0,40000,Petrol,Individual,Manual,Second Owner,18.6 kmpl,1199 CC,79.4 bhp,5.0
Tata,Manza,2012.0,300000.0,110000,Diesel,Individual,Manual,Second Owner,21.12 kmpl,1248 CC,88.8 bhp,5.0
Maruti,Alto,2011.0,190000.0,92500,Petrol,Individual,Manual,Second Owner,20.92 kmpl,998 CC,67.1 bhp,5.0
Maruti,Alto,2017.0,310000.0,20000,Petrol,Individual,Manual,First Owner,24.7 kmpl,796 CC,47.3 bhp,5.0
Renault,KWID,2019.0,380000.0,15000,Petrol,Individual,Manual,First Owner,25.17 kmpl,799 CC,53.3 bhp,5.0
Mahindra,Bolero,2019.0,740000.0,14000,Diesel,Individual,Manual,First Owner,16.5 kmpl,1493 CC,70 bhp,7.0
Datsun,RediGO,2016.0,260000.0,35000,Petrol,Individual,Manual,First Owner,22.7 kmpl,799 CC,53.64 bhp,5.0
Maruti,Alto,2017.0,320000.0,32000,Petrol,Individual,Manual,Second Owner,23.95 kmpl,998 CC,67.05 bhp,5.0
Maruti,Wagon,2013.0,211000.0,90000,CNG,Individual,Manual,First Owner,26.6 km/kg,998 CC,58.16 bhp,5.0
Maruti,Swift,2018.0,650000.0,35000,Petrol,Individual,Manual,First Owner,22.0 kmpl,1197 CC,81.80 bhp,5.0
Maruti,Swift,2017.0,651000.0,32500,Diesel,Individual,Manual,Second Owner,28.4 kmpl,1248 CC,74.02 bhp,5.0
Maruti,Alto,2019.0,380000.0,14000,Petrol,Individual,Automatic,First Owner,23.95 kmpl,998 CC,67.05 bhp,5.0
Chevrolet,Beat,2014.0,160000.0,70000,Diesel,Individual,Manual,Third Owner,25.44 kmpl,936 CC,56.3 bhp,5.0
Hyundai,Verna,2019.0,1270000.0,20000,Petrol,Individual,Automatic,First Owner,17.0 kmpl,1591 CC,121.3 bhp,5.0
Maruti,Wagon,2011.0,300000.0,300000,LPG,Individual,Manual,First Owner,26.2 km/kg,998 CC,58.2 bhp,5.0
Maruti,Swift,2015.0,405000.0,100000,Diesel,Individual,Manual,First Owner,25.2 kmpl,1248 CC,74 bhp,5.0
Mahindra,XUV500,2015.0,850000.0,64800,Diesel,Individual,Manual,First Owner,15.1 kmpl,2179 CC,140 bhp,7.0
Mahindra,Bolero,2017.0,680000.0,90000,Diesel,Individual,Manual,First Owner,16.5 kmpl,1493 CC,70 bhp,7.0
Hyundai,,2014.0,426999.0,80000,Petrol,Individual,Manual,First Owner,19.1 kmpl,1197 CC,82 bhp,5.0
Hyundai,Verna,2015.0,525000.0,248000,Diesel,Individual,Manual,First Owner,24.8 kmpl,1396 CC,88.7 bhp,5.0
Toyota,Innova,2014.0,1019999.0,60000,Diesel,Individual,Manual,Second Owner,12.99 kmpl,2494 CC,100.6 bhp,7.0
Toyota,Innova,2005.0,245000.0,120000,Diesel,Individual,Manual,First Owner,12.8 kmpl,2494 CC,102 bhp,8.0
Hyundai,Elantra,2015.0,869999.0,120000,Diesel,Individual,Manual,First Owner,22.7 kmpl,1582 CC,126.2 bhp,5.0
Maruti,Wagon,2010.0,160000.0,66444,LPG,Individual,Manual,First Owner,26.2 km/kg,998 CC,58.2 bhp,5.0
Maruti,,2016.0,700000.0,86000,Diesel,Individual,Manual,First Owner,24.3 kmpl,1248 CC,88.5 bhp,5.0
Nissan,Sunny,2012.0,300000.0,90000,Diesel,Individual,Manual,First Owner,21.64 kmpl,1461 CC,84.8 bhp,5.0
Honda,Civic,2007.0,175000.0,218463,Petrol,Individual,Automatic,First Owner,12.9 kmpl,1799 CC,130 bhp,5.0
Toyota,Innova,2012.0,960000.0,153000,Diesel,Individual,Manual,First Owner,12.8 kmpl,2494 CC,102 bhp,8.0
Mahindra,Thar,2014.0,525000.0,70000,Diesel,Individual,Manual,Second Owner,16.55 kmpl,2498 CC,105 bhp,6.0
Hyundai,Grand,2015.0,345000.0,60000,Diesel,Individual,Manual,First Owner,24.0 kmpl,1120 CC,70 bhp,5.0
Honda,Amaze,2015.0,390000.0,50000,Petrol,Individual,Manual,First Owner,18.0 kmpl,1198 CC,86.7 bhp,5.0
Datsun,GO,2015.0,275000.0,20000,Petrol,Individual,Manual,First Owner,20.63 kmpl,1198 CC,67 bhp,5.0
Chevrolet,Sail,2014.0,310000.0,35000,Petrol,Individual,Manual,First Owner,18.2 kmpl,1199 CC,82.4 bhp,5.0
Hyundai,Grand,2017.0,500000.0,20000,Petrol,Individual,Manual,First Owner,18.9 kmpl,1197 CC,81.86 bhp,5.0
Chevrolet,Sail,2013.0,200000.0,70000,Diesel,Individual,Manual,First Owner,22.1 kmpl,1248 CC,76.9 bhp,5.0
Volkswagen,Polo,2018.0,650000.0,53000,Diesel,Individual,Manual,First Owner,20.14 kmpl,1498 CC,88 bhp,5.0
Honda,City,2018.0,1031000.0,60000,Diesel,Individual,Manual,First Owner,25.6 kmpl,1498 CC,97.9 bhp,5.0
Hyundai,EON,2018.0,330000.0,70000,Petrol,Individual,Manual,First Owner,20.3 kmpl,998 CC,68.05 bhp,5.0
Hyundai,Santro,2019.0,399000.0,4000,Petrol,Individual,Manual,First Owner,20.3 kmpl,1086 CC,68 bhp,5.0
Hyundai,i10,2012.0,,103000,Petrol,Individual,Manual,First Owner,20.36 kmpl,1197 CC,78.9 bhp,5.0
Hyundai,Grand,2017.0,600000.0,20000,Diesel,Individual,Manual,First Owner,24.0 kmpl,1186 CC,73.97 bhp,5.0
Maruti,Swift,2013.0,375000.0,77000,Diesel,Individual,Manual,First Owner,22.9 kmpl,1248 CC,74 bhp,5.0
Volkswagen,Vento,2012.0,375000.0,90000,Diesel,Individual,Manual,First Owner,20.54 kmpl,1598 CC,103.6 bhp,5.0
Hyundai,Verna,2013.0,445000.0,87185,Diesel,Individual,Manual,Second Owner,22.32 kmpl,1582 CC,126.3 bhp,5.0
Maruti,Wagon,2003.0,55000.0,167000,Petrol,Individual,Manual,Second Owner,18.9 kmpl,998 CC,67.1 bhp,5.0
Hyundai,i20,2016.0,611000.0,77000,Diesel,Individual,Manual,First Owner,22.54 kmpl,1396 CC,88.73 bhp,5.0
Hyundai,Verna,2014.0,459999.0,110000,Diesel,Individual,Manual,Second Owner,24.8 kmpl,1396 CC,88.7 bhp,5.0
Ford,Fiesta,2011.0,275000.0,120000,Diesel,Individual,Manual,Second Owner,17.8 kmpl,1399 CC,68 bhp,5.0
Hyundai,Santro,2011.0,185000.0,170000,CNG,Individual,Manual,First Owner,11.88 km/kg,1086 CC,62.1 bhp,5.0
Hyundai,Verna,2012.0,390000.0,100000,Diesel,Individual,Manual,Second Owner,22.32 kmpl,1582 CC,126.32 bhp,5.0
Chevrolet,Spark,2007.0,72000.0,40000,Petrol,Individual,Manual,Second Owner,18.0 kmpl,995 CC,62 bhp,5.0
Tata,Indica,2007.0,90000.0,50000,Diesel,Individual,Manual,First Owner,17.88 kmpl,1396 CC,52.8 bhp,5.0
Toyota,Etios,2015.0,500000.0,125000,Diesel,Individual,Manual,First Owner,23.59 kmpl,1364 CC,67.05 bhp,5.0
Maruti,Wagon,2011.0,200000.0,137000,CNG,Individual,Manual,First Owner,26.2 km/kg,998 CC,58.2 bhp,5.0
Mahindra,XUV500,2019.0,1575000.0,18000,Diesel,Individual,Manual,First Owner,15.1 kmpl,2179 CC,152.87 bhp,7.0
Hyundai,Grand,2015.0,511000.0,30000,Petrol,Individual,Manual,First Owner,18.9 kmpl,1197 CC,82 bhp,5.0
Fiat,Grande,2009.0,150000.0,55000,Petrol,Individual,Manual,First Owner,14.6 kmpl,1368 CC,88.7 bhp,5.0
Toyota,Innova,2020.0,1500000.0,40000,Petrol,Individual,Automatic,First Owner,10.75 kmpl,2694 CC,163.7 bhp,8.0
Maruti,Alto,2013.0,185000.0,80000,Petrol,Individual,Manual,Second Owner,22.74 kmpl,796 CC,47.3 bhp,5.0
Maruti,Baleno,2018.0,550000.0,30000,Petrol,Individual,Manual,First Owner,21.4 kmpl,1197 CC,83.1 bhp,5.0
Maruti,Alto,2017.0,325000.0,3564,Petrol,Individual,Manual,First Owner,23.95 kmpl,998 CC,67.05 bhp,5.0
Maruti,Swift,2015.0,525000.0,80000,Diesel,Individual,Manual,First Owner,26.59 kmpl,1248 CC,74 bhp,5.0
Force,One,2018.0,1050000.0,13000,Diesel,Individual,Manual,First Owner,17.0 kmpl,2200 CC,139.01 bhp,7.0
Tata,Indigo,2012.0,,120000,Diesel,Individual,Manual,First Owner,25.0 kmpl,1396 CC,69 bhp,5.0
Chevrolet,Beat,2011.0,120000.0,90000,Petrol,Individual,Manual,First Owner,18.6 kmpl,1199 CC,79.4 bhp,5.0
Hyundai,Santro,2011.0,170000.0,50000,Petrol,Individual,Manual,Third Owner,17.92 kmpl,1086 CC,62.1 bhp,5.0
Tata,Indigo,2010.0,320000.0,42000,Diesel,Individual,Manual,First Owner,23.03 kmpl,1396 CC,69 bhp,5.0
Maruti,Celerio,2016.0,350000.0,17000,Petrol,Individual,Automatic,First Owner,23.1 kmpl,998 CC,67.04 bhp,5.0
Maruti,Swift,2018.0,500000.0,40000,Petrol,Individual,Automatic,First Owner,22.0 kmpl,1197 CC,81.80 bhp,5.0
Tata,Indigo,2009.0,135000.0,137000,Diesel,Individual,Manual,Second Owner,17.0 kmpl,1405 CC,70 bhp,5.0
Renault,KWID,2018.0,340000.0,20000,Petrol,Individual,Manual,First Owner,25.17 kmpl,799 CC,53.3 bhp,5.0
Hyundai,Grand,2020.0,330000.0,70000,Petrol,Individual,Manual,Second Owner,18.9 kmpl,1197 CC,81.86 bhp,5.0
Maruti,SX4,2011.0,350000.0,48756,Petrol,Individual,Manual,Second Owner,15.5 kmpl,1586 CC,103.3 bhp,5.0
Toyota,Fortuner,2015.0,1850000.0,30000,Diesel,Individual,Automatic,Second Owner,12.55 kmpl,2982 CC,168.5 bhp,7.0
Hyundai,Xcent,2016.0,400000.0,110000,Diesel,Individual,Manual,First Owner,24.4 kmpl,1120 CC,71 bhp,5.0
Ford,Fiesta,2014.0,325000.0,80322,Diesel,Dealer,Manual,First Owner,17.8 kmpl,1399 CC,67 bhp,5.0
Mahindra,Scorpio,2015.0,1000000.0,35000,Diesel,Individual,Manual,First Owner,15.4 kmpl,1997 CC,120 bhp,7.0
Maruti,SX4,2012.0,350000.0,70000,Diesel,Individual,Manual,Second Owner,21.5 kmpl,1248 CC,88.8 bhp,5.0
Honda,Mobilio,2015.0,550000.0,120000,Diesel,Individual,Manual,Second Owner,24.5 kmpl,1498 CC,98.6 bhp,7.0
Tata,Safari,2015.0,925000.0,60000,Diesel,Individual,Manual,First Owner,14.0 kmpl,2179 CC,138.1 bhp,7.0
Mahindra,Scorpio,2010.0,509999.0,97000,Diesel,Individual,Automatic,Second Owner,11.79 kmpl,2179 CC,120 bhp,8.0
Mahindra,Xylo,2011.0,250000.0,100000,Diesel,Individual,Manual,Second Owner,13.0 kmpl,2489 CC,95 bhp,8.0
Hyundai,i20,2015.0,500000.0,36000,Petrol,Individual,Manual,First Owner,17.19 kmpl,1197 CC,81.86 bhp,5.0
Hyundai,Creta,2019.0,1050000.0,27000,Diesel,Individual,Manual,First Owner,21.38 kmpl,1396 CC,88.7 bhp,5.0
Maruti,Swift,2014.0,490000.0,50000,Diesel,Individual,Manual,First Owner,23.4 kmpl,1248 CC,74 bhp,5.0
Maruti,Eeco,2020.0,415000.0,15000,Petrol,Individual,Manual,First Owner,15.37 kmpl,1196 CC,73 bhp,5.0
Maruti,Alto,2013.0,190000.0,60000,Petrol,Individual,Manual,Second Owner,22.74 kmpl,796 CC,47.3 bhp,5.0
Maruti,Swift,2018.0,680000.0,120000,Diesel,Individual,Manual,First Owner,28.4 kmpl,1248 CC,74.02 bhp,
Mahindra,Scorpio,2013.0,479000.0,173000,Diesel,Individual,Manual,First Owner,12.05 kmpl,2179 CC,120 bhp,7.0
Maruti,Alto,2016.0,270000.0,60000,Petrol,Individual,Manual,Second Owner,22.74 kmpl,796 CC,47.3 bhp,5.0
Hyundai,i10,2008.0,170000.0,70000,Petrol,Individual,Manual,Third Owner,19.81 kmpl,1086 CC,68.05 bhp,5.0
Maruti,Ciaz,2018.0,764000.0,25000,Petrol,Individual,Manual,First Owner,20.73 kmpl,1373 CC,91.1 bhp,5.0
Mahindra,Bolero,2019.0,710000.0,30000,Diesel,Individual,Manual,First Owner,15.96 kmpl,2523 CC,62.1 bhp,7.0
Maruti,Alto,2017.0,310000.0,35000,Petrol,Individual,Manual,First Owner,24.7 kmpl,796 CC,47.3 bhp,5.0
Mahindra,Bolero,2017.0,620000.0,100000,Diesel,Individual,Manual,Second Owner,16.5 kmpl,1493 CC,70 bhp,7.0
Hyundai,EON,2017.0,280000.0,31000,Petrol,Individual,Manual,Second Owner,21.1 kmpl,814 CC,55.2 bhp,5.0
Toyota,Fortuner,2015.0,1500000.0,80000,Diesel,Individual,Automatic,Second Owner,12.55 kmpl,2982 CC,168.5 bhp,7.0
Hyundai,Grand,2016.0,450000.0,40000,Petrol,Individual,Manual,First Owner,18.9 kmpl,1197 CC,82 bhp,5.0
Mercedes-Benz,GLA,2017.0,2199000.0,10000,Diesel,Individual,Automatic,Second Owner,17.9 kmpl,2143 CC,136 bhp,5.0
Mercedes-Benz,M-Class,2013.0,3600000.0,50000,Diesel,Individual,Automatic,First Owner,11.74 kmpl,2987 CC,254.8 bhp,5.0
Ford,Fiesta,2008.0,285000.0,60000,Petrol,Individual,Manual,Second Owner,15.3 kmpl,1596 CC,99.6 bhp,5.0
Toyota,Innova,2007.0,465000.0,210000,Diesel,Individual,Manual,Second Owner,12.8 kmpl,2494 CC,102 bhp,8.0
BMW,3,2009.0,1100000.0,60000,Diesel,Individual,Automatic,Second Owner,16.07 kmpl,1995 CC,181 bhp,5.0
Volkswagen,Vento,2011.0,,110000,Diesel,Individual,Manual,Second Owner,20.54 kmpl,1598 CC,103.6 bhp,5.0
Maruti,Ertiga,2017.0,600000.0,35000,Petrol,Individual,Manual,First Owner,17.5 kmpl,1373 CC,91.1 bhp,7.0
Maruti,Baleno,2017.0,570000.0,35000,Petrol,Individual,Manual,First Owner,21.4 kmpl,1197 CC,83.1 bhp,5.0
Maruti,Alto,2016.0,325000.0,20000,Petrol,Individual,Manual,First Owner,23.95 kmpl,998 CC,67.05 bhp,5.0
Mahindra,XUV500,2016.0,975000.0,54000,Diesel,Individual,Automatic,First Owner,16.0 kmpl,1997 CC,140 bhp,7.0
Hyundai,i20,2015.0,480000.0,60000,Petrol,Individual,Manual,First Owner,18.6 kmpl,1197 CC,81.83 bhp,5.0
Maruti,Alto,2014.0,185000.0,10300,Petrol,Individual,Manual,First Owner,22.74 kmpl,796 CC,47.3 bhp,5.0
Hyundai,Creta,2015.0,1050000.0,50000,Diesel,Individual,Automatic,First Owner,17.01 kmpl,1582 CC,126.2 bhp,5.0
Maruti,Baleno,2019.0,760000.0,3000,Petrol,Individual,Manual,First Owner,21.01 kmpl,1197 CC,81.80 bhp,5.0
Volkswagen,Polo,2019.0,570000.0,5000,Petrol,Individual,Manual,First Owner,18.78 kmpl,999 CC,75 bhp,5.0
Maruti,Baleno,2018.0,700000.0,13000,Petrol,Individual,Manual,First Owner,21.4 kmpl,1197 CC,83.1 bhp,5.0
Ford,EcoSport,2015.0,775000.0,30000,Petrol,Individual,Automatic,First Owner,15.63 kmpl,1499 CC,110.4 bhp,5.0
BMW,7,2007.0,750000.0,60000,Diesel,Individual,Automatic,Second Owner,14.49 kmpl,2993 CC,258 bhp,5.0
Chevrolet,Spark,2010.0,140000.0,100000,Petrol,Individual,Manual,Second Owner,18.0 kmpl,995 CC,62 bhp,5.0
Maruti,Alto,2016.0,220000.0,40000,Petrol,Individual,Manual,First Owner,22.74 kmpl,796 CC,47.3 bhp,5.0
Hyundai,Santro,2013.0,184000.0,15000,Petrol,Individual,Manual,First Owner,0.0 kmpl,1086 CC,62.1 bhp,5.0
Hyundai,i20,2017.0,440000.0,50000,Petrol,Individual,Manual,Second Owner,18.6 kmpl,1197 CC,81.83 bhp,5.0
Hyundai,i20,2017.0,650000.0,80000,Diesel,Individual,Manual,First Owner,21.19 kmpl,1396 CC,88.73 bhp,5.0
Mahindra,TUV,2017.0,660000.0,50000,Diesel,Individual,Automatic,First Owner,18.49 kmpl,1493 CC,100 bhp,7.0
Maruti,Eeco,2017.0,380000.0,30000,CNG,Individual,Manual,First Owner,21.94 km/kg,1196 CC,61.7 bhp,5.0
Toyota,Corolla,2012.0,415000.0,125000,Diesel,Individual,Manual,Second Owner,21.43 kmpl,1364 CC,87.2 bhp,5.0
Hyundai,i10,2012.0,225000.0,110000,Petrol,Individual,Manual,First Owner,19.81 kmpl,1086 CC,68.05 bhp,5.0
Maruti,Ertiga,2013.0,600000.0,30000,Diesel,Individual,Manual,Second Owner,20.77 kmpl,1248 CC,88.76 bhp,7.0
Maruti,Ertiga,2014.0,620000.0,148000,Diesel,Individual,Manual,Second Owner,20.77 kmpl,1248 CC,88.8 bhp,7.0
Mahindra,TUV,2016.0,750000.0,35000,Diesel,Individual,Manual,First Owner,18.49 kmpl,1493 CC,100 bhp,7.0
Hyundai,Grand,2016.0,400000.0,80000,Petrol,Individual,Manual,Second Owner,18.9 kmpl,1197 CC,82 bhp,5.0
Maruti,Wagon,2005.0,110000.0,110000,Petrol,Individual,Manual,First Owner,18.9 kmpl,998 CC,67.1 bhp,5.0
Tata,Indica,2012.0,119000.0,95000,Diesel,Individual,Manual,Second Owner,19.4 kmpl,1405 CC,70 bhp,5.0
Honda,Amaze,2015.0,600000.0,25000,Diesel,Individual,Manual,First Owner,25.8 kmpl,1498 CC,98.6 bhp,5.0
Maruti,Zen,2011.0,200000.0,80000,CNG,Individual,Manual,First Owner,26.3 km/kg,998 CC,67.1 bhp,5.0
Tata,Zest,2014.0,280000.0,60000,Diesel,Individual,Manual,Second Owner,23.0 kmpl,1248 CC,88.7 bhp,5.0
Skoda,Rapid,2013.0,375000.0,100000,Petrol,Individual,Manual,First Owner,15.0 kmpl,1598 CC,105 bhp,5.0
Datsun,GO,2016.0,350000.0,50000,Petrol,Individual,Manual,First Owner,19.44 kmpl,1198 CC,67 bhp,7.0
Hyundai,Xcent,2017.0,620000.0,31000,Diesel,Individual,Manual,First Owner,25.4 kmpl,1186 CC,73.97 bhp,5.0
Maruti,Swift,2017.0,570000.0,120000,Diesel,Individual,Manual,First Owner,26.59 kmpl,1248 CC,74 bhp,5.0
Maruti,Swift,2012.0,290000.0,105000,Diesel,Individual,Manual,Second Owner,19.3 kmpl,1248 CC,73.9 bhp,5.0
Maruti,,2016.0,,120000,Diesel,Individual,Manual,First Owner,24.52 kmpl,1248 CC,88.5 bhp,7.0
Maruti,Swift,2012.0,370000.0,60000,Diesel,Individual,Manual,First Owner,22.9 kmpl,1248 CC,74 bhp,5.0
Maruti,Dzire,2020.0,550000.0,15000,Petrol,Individual,Manual,First Owner,23.26 kmpl,1197 CC,88.50 bhp,5.0
Maruti,Swift,2013.0,325000.0,150000,Petrol,Individual,Manual,Second Owner,18.6 kmpl,1197 CC,85.8 bhp,5.0
Honda,Amaze,2018.0,670000.0,93000,Diesel,Individual,Manual,First Owner,27.4 kmpl,1498 CC,98.63 bhp,5.0
Hyundai,i10,2017.0,385000.0,42000,Petrol,Individual,Manual,Second Owner,19.81 kmpl,1086 CC,68.05 bhp,5.0
Hyundai,Santro,2008.0,114999.0,80000,Petrol,Individual,Manual,Second Owner,17.92 kmpl,1086 CC,62.1 bhp,5.0
Hyundai,Santro,2010.0,200000.0,90000,Petrol,Individual,Manual,First Owner,17.92 kmpl,1086 CC,62.1 bhp,5.0
Maruti,Vitara,2019.0,860000.0,6500,Diesel,Individual,Automatic,First Owner,24.3 kmpl,1248 CC,88.5 bhp,5.0
Maruti,Baleno,2018.0,600000.0,60000,Diesel,Individual,Manual,First Owner,27.39 kmpl,1248 CC,74 bhp,5.0
Maruti,Alto,2016.0,265000.0,110000,Petrol,Individual,Manual,First Owner,23.95 kmpl,998 CC,67.05 bhp,5.0
Tata,Indica,2015.0,155000.0,60000,CNG,Individual,Manual,Second Owner,23.7 km/kg,1193 CC,55.23 bhp,5.0
,S-Cross,2019.0,900000.0,60000,Diesel,Individual,Manual,First Owner,25.1 kmpl,1248 CC,88.5 bhp,5.0
Maruti,Ertiga,2013.0,650000.0,170000,Diesel,Individual,Manual,Third Owner,20.77 kmpl,1248 CC,88.76 bhp,7.0
Maruti,800,2004.0,70000.0,220000,Petrol,Individual,Manual,Second Owner,16.1 kmpl,796 CC,37 bhp,4.0
Maruti,Alto,2012.0,180000.0,80000,Petrol,Individual,Manual,First Owner,22.74 kmpl,796 CC,47.3 bhp,5.0
Hyundai,EON,2013.0,200000.0,57000,Petrol,Individual,Manual,First Owner,21.1 kmpl,814 CC,55.2 bhp,5.0
Hyundai,i10,2014.0,300000.0,100000,Petrol,Individual,Manual,First Owner,19.81 kmpl,1086 CC,68.05 bhp,5.0
Hyundai,Verna,2015.0,650000.0,40000,Petrol,Individual,Manual,First Owner,17.01 kmpl,1591 CC,121.3 bhp,5.0
Maruti,Alto,2014.0,267000.0,40000,Petrol,Individual,Manual,First Owner,22.74 kmpl,796 CC,47.3 bhp,5.0
Maruti,Wagon,2018.0,450000.0,50000,CNG,Individual,Manual,First Owner,26.6 km/kg,998 CC,58.16 bhp,5.0
Hyundai,Grand,2014.0,400000.0,90000,Petrol,Individual,Manual,Second Owner,18.9 kmpl,1197 CC,82 bhp,5.0
Mahindra,Xylo,2012.0,310000.0,86000,Diesel,Individual,Manual,First Owner,14.0 kmpl,2498 CC,112 bhp,8.0
Tata,Nano,2009.0,70000.0,15000,Petrol,Individual,Manual,First Owner,26.0 kmpl,624 CC,35 bhp,4.0
Mahindra,Bolero,2017.0,675000.0,70000,Diesel,Individual,Manual,Second Owner,15.96 kmpl,2523 CC,62.1 bhp,7.0
Ford,Classic,2013.0,350000.0,120000,Petrol,Individual,Manual,First Owner,14.09 kmpl,1596 CC,99.6 bhp,5.0
Maruti,Alto,2014.0,240000.0,80000,Petrol,Individual,Manual,Second Owner,23.95 kmpl,998 CC,67.05 bhp,5.0
Tata,Indigo,2014.0,185000.0,80000,Diesel,Individual,Manual,Second Owner,19.09 kmpl,1405 CC,69.01 bhp,5.0
Hyundai,EON,2017.0,250000.0,50000,Petrol,Individual,Manual,First Owner,21.1 kmpl,814 CC,55.2 bhp,5.0
Maruti,Alto,2009.0,135000.0,100000,Petrol,Individual,Manual,First Owner,19.7 kmpl,796 CC,46.3 bhp,5.0
Hyundai,Verna,2011.0,500000.0,80000,Diesel,Individual,Manual,First Owner,22.32 kmpl,1582 CC,126.32 bhp,5.0
Tata,New,2010.0,300000.0,108957,Diesel,Individual,Manual,First Owner,13.93 kmpl,2179 CC,138 bhp,7.0
Tata,Tiago,2017.0,328000.0,68000,Petrol,Individual,Manual,Second Owner,23.84 kmpl,1199 CC,84 bhp,5.0
,Bolero,2015.0,509999.0,65000,Diesel,Individual,Manual,First Owner,15.96 kmpl,2523 CC,62.1 bhp,7.0
Mahindra,Xylo,2015.0,575000.0,110000,Diesel,Individual,Manual,Second Owner,14.02 kmpl,2179 CC,118.3 bhp,8.0
Mahindra,Xylo,2012.0,700000.0,50000,Diesel,Individual,Manual,First Owner,12.2 kmpl,2498 CC,112 bhp,8.0
Maruti,Wagon,2008.0,,100000,Petrol,Individual,Manual,Third Owner,18.9 kmpl,1061 CC,67 bhp,5.0
Maruti,800,2008.0,60000.0,80000,Petrol,Individual,Manual,Second Owner,16.1 kmpl,796 CC,37 bhp,4.0
Maruti,Alto,2008.0,112999.0,80000,Petrol,Individual,Manual,Third Owner,19.7 kmpl,796 CC,46.3 bhp,5.0
Tata,Indica,2015.0,229999.0,120000,Diesel,Individual,Manual,Second Owner,19.1 kmpl,1405 CC,70 bhp,5.0
Ford,Figo,2012.0,325000.0,150000,Diesel,Individual,Manual,First Owner,20.0 kmpl,1399 CC,68 bhp,5.0
Hyundai,i20,2017.0,650000.0,20000,Petrol,Individual,Manual,First Owner,18.6 kmpl,1197 CC,81.83 bhp,5.0
Tata,,2009.0,85000.0,80000,Diesel,Individual,Manual,Second Owner,17.0 kmpl,1405 CC,70 bhp,5.0
Honda,Mobilio,2015.0,570000.0,93000,Diesel,Individual,Manual,Second Owner,24.5 kmpl,1498 CC,98.6 bhp,7.0
Maruti,Swift,2015.0,525000.0,134000,Diesel,Individual,Manual,First Owner,25.2 kmpl,1248 CC,74 bhp,5.0
Hyundai,i20,2013.0,350000.0,90000,Petrol,Individual,Manual,Second Owner,18.5 kmpl,1197 CC,82.85 bhp,5.0
Maruti,Swift,2007.0,250000.0,60000,Petrol,Individual,Manual,First Owner,16.6 kmpl,1197 CC,85 bhp,5.0
Mahindra,,2010.0,300000.0,120000,Diesel,Individual,Manual,Second Owner,14.0 kmpl,2489 CC,95 bhp,8.0
Jeep,Compass,2017.0,1325000.0,30000,Diesel,Individual,Manual,First Owner,17.1 kmpl,1956 CC,170 bhp,5.0
,i20,2017.0,650000.0,22200,Diesel,Individual,Manual,First Owner,22.54 kmpl,1396 CC,88.73 bhp,5.0
Hyundai,Grand,2018.0,520000.0,6000,Petrol,Individual,Manual,First Owner,18.9 kmpl,1197 CC,81.86 bhp,5.0
Maruti,Swift,2016.0,500000.0,32000,Petrol,Individual,Manual,First Owner,20.4 kmpl,1197 CC,81.80 bhp,5.0
Renault,KWID,2016.0,220000.0,90000,Petrol,Individual,Manual,First Owner,25.17 kmpl,799 CC,53.3 bhp,5.0
Maruti,Ciaz,2017.0,650000.0,78000,Diesel,Individual,Manual,Third Owner,28.09 kmpl,1248 CC,88.5 bhp,5.0
,WR-V,2017.0,819999.0,12000,Petrol,Individual,Manual,First Owner,17.5 kmpl,1199 CC,88.7 bhp,5.0
Renault,Duster,2016.0,645000.0,120000,Diesel,Individual,Manual,First Owner,19.87 kmpl,1461 CC,83.8 bhp,5.0
Maruti,Ertiga,2015.0,780000.0,40000,Diesel,Individual,Manual,First Owner,24.52 kmpl,1248 CC,88.5 bhp,7.0
Honda,City,2008.0,215000.0,110000,Petrol,Individual,Manual,Second Owner,17.7 kmpl,1497 CC,78 bhp,5.0
Toyota,Innova,2007.0,600000.0,260000,Diesel,Individual,Manual,Third Owner,12.8 kmpl,2494 CC,102 bhp,7.0
Maruti,Alto,2011.0,114999.0,10000,Petrol,Individual,Manual,First Owner,19.7 kmpl,796 CC,46.3 bhp,5.0
Tata,Indica,2012.0,75000.0,12000,Petrol,Individual,Manual,First Owner,16.84 kmpl,1193 CC,64.4 bhp,5.0
Chevrolet,,2011.0,120000.0,60000,Petrol,Individual,Manual,First Owner,18.6 kmpl,1199 CC,79.4 bhp,5.0
Renault,KWID,2016.0,250000.0,41000,Petrol,Individual,Manual,First Owner,25.17 kmpl,799 CC,53.3 bhp,5.0
Maruti,Omni,2018.0,200000.0,25000,Petrol,Individual,Manual,First Owner,16.8 kmpl,796 CC,34.2 bhp,8.0
,Xcent,2015.0,380000.0,30000,Petrol,Individual,Manual,First Owner,19.1 kmpl,1197 CC,82 bhp,5.0
Honda,Amaze,2018.0,560000.0,50000,Diesel,Individual,Manual,First Owner,25.8 kmpl,1498 CC,98.6 bhp,5.0
Maruti,Ignis,2018.0,575000.0,10000,Petrol,Individual,Manual,First Owner,20.89 kmpl,1197 CC,81.80 bhp,5.0
Mahindra,Bolero,2017.0,620000.0,40000,Diesel,Individual,Manual,First Owner,16.5 kmpl,1493 CC,70 bhp,7.0
Mahindra,Scorpio,2012.0,525000.0,120000,Diesel,Individual,Manual,First Owner,12.05 kmpl,2179 CC,120 bhp,8.0
Maruti,Swift,2017.0,635000.0,40000,Diesel,Individual,Manual,First Owner,26.59 kmpl,1248 CC,74 bhp,5.0
Renault,Duster,2016.0,650000.0,80000,Diesel,Individual,Manual,First Owner,19.72 kmpl,1461 CC,108.45 bhp,5.0
Maruti,800,2001.0,39000.0,42108,Petrol,Individual,Manual,First Owner,16.1 kmpl,796 CC,37 bhp,4.0
Ford,Figo,2017.0,550000.0,70000,Diesel,Individual,Manual,Second Owner,25.83 kmpl,1498 CC,99 bhp,5.0
Maruti,Ritz,2009.0,145000.0,150000,Diesel,Individual,Manual,Third Owner,21.1 kmpl,1248 CC,73.9 bhp,5.0
Tata,Indigo,2007.0,130000.0,100000,Diesel,Individual,Manual,Third Owner,16.1 kmpl,1405 CC,70 bhp,5.0
Maruti,Ertiga,2017.0,825000.0,79000,Diesel,Dealer,Manual,First Owner,25.47 kmpl,1248 CC,88.50 bhp,7.0
Toyota,Fortuner,2015.0,1650000.0,91000,Diesel,Dealer,Automatic,Second Owner,12.55 kmpl,2982 CC,168.5 bhp,7.0
Maruti,Vitara,2018.0,875000.0,50000,Diesel,Dealer,Manual,First Owner,24.3 kmpl,1248 CC,88.5 bhp,5.0
,Ciaz,2016.0,650000.0,81000,Diesel,Dealer,Manual,Second Owner,28.09 kmpl,1248 CC,88.5 bhp,5.0
Jaguar,XF,2014.0,2000000.0,51000,Diesel,Individual,Automatic,First Owner,14.74 kmpl,2993 CC,270.9 bhp,5.0
BMW,X1,2018.0,2850000.0,27000,Diesel,Dealer,Automatic,First Owner,17.05 kmpl,1995 CC,184 bhp,5.0
Audi,Q3,2018.0,2800000.0,26000,Diesel,Dealer,Automatic,First Owner,15.73 kmpl,1968 CC,174.33 bhp,5.0
BMW,5,2018.0,3900000.0,17100,Diesel,Dealer,Automatic,First Owner,22.48 kmpl,1995 CC,187.74 bhp,5.0
Chevrolet,Sail,2013.0,246000.0,56000,Diesel,Dealer,Manual,First Owner,22.1 kmpl,1248 CC,74 bhp,5.0
Honda,Amaze,2013.0,325000.0,60000,Diesel,Dealer,Manual,Second Owner,24.7 kmpl,1498 CC,98.63 bhp,5.0
Jeep,Compass,2019.0,1450000.0,22000,Petrol,Dealer,Automatic,First Owner,16.0 kmpl,1368 CC,160 bhp,5.0
Honda,BRV,2017.0,850000.0,30000,Petrol,Dealer,Automatic,First Owner,15.4 kmpl,1497 CC,117.3 bhp,7.0
Volkswagen,Vento,2015.0,560000.0,43001,Diesel,Dealer,Manual,First Owner,22.27 kmpl,1498 CC,108.6 bhp,5.0
Maruti,Ertiga,2015.0,575000.0,60000,Diesel,Dealer,Manual,First Owner,25.47 kmpl,1248 CC,88.50 bhp,7.0
Maruti,Celerio,2019.0,470000.0,9000,Petrol,Dealer,Automatic,First Owner,21.63 kmpl,998 CC,67.04 bhp,5.0
Tata,Indigo,2014.0,221000.0,65000,Diesel,Dealer,Manual,First Owner,19.09 kmpl,1405 CC,69.01 bhp,5.0
Toyota,Innova,2014.0,680000.0,95000,Diesel,Dealer,Manual,First Owner,12.99 kmpl,2494 CC,100.6 bhp,8.0
Ford,Endeavour,2013.0,700000.0,62000,Diesel,Dealer,Manual,First Owner,13.1 kmpl,2499 CC,141 bhp,7.0
Volvo,S60,2016.0,1950000.0,48000,Diesel,Dealer,Automatic,First Owner,9.0 kmpl,1984 CC,181 bhp,5.0
Hyundai,Creta,2015.0,875000.0,72000,Diesel,Dealer,Automatic,First Owner,17.01 kmpl,1582 CC,126.2 bhp,5.0
Hyundai,Verna,2017.0,850000.0,35000,Diesel,Individual,Manual,Third Owner,22.0 kmpl,1582 CC,126.2 bhp,5.0
Renault,Duster,2013.0,550000.0,100600,Diesel,Individual,Manual,Third Owner,20.46 kmpl,1461 CC,83.8 bhp,5.0
Maruti,Swift,2013.0,480000.0,105000,Diesel,Individual,Manual,Third Owner,23.4 kmpl,1248 CC,74 bhp,5.0
Mahindra,Scorpio,2017.0,1050000.0,90000,Diesel,Individual,Manual,First Owner,15.4 kmpl,2179 CC,120 bhp,7.0
Mahindra,Bolero,2016.0,631000.0,92385,Diesel,Individual,Manual,First Owner,15.96 kmpl,2523 CC,62.1 bhp,7.0
Tata,Nano,2015.0,165000.0,25000,Petrol,Individual,Manual,First Owner,25.4 kmpl,624 CC,37.5 bhp,4.0
Maruti,Ritz,2010.0,320000.0,60000,Petrol,Individual,Manual,Second Owner,21.1 kmpl,1197 CC,85.80 bhp,5.0
Maruti,Ritz,2012.0,360000.0,100000,Petrol,Individual,Manual,Second Owner,18.5 kmpl,1197 CC,85.80 bhp,5.0
Hyundai,Elantra,2006.0,175000.0,25000,Petrol,Individual,Manual,Third Owner,13.0 kmpl,1795 CC,127 bhp,5.0
Hyundai,i20,2016.0,725000.0,120000,Diesel,Individual,Manual,First Owner,22.54 kmpl,1396 CC,88.73 bhp,5.0
Fiat,Linea,2014.0,280000.0,185000,Diesel,Individual,Manual,Third Owner,19.5 kmpl,1248 CC,75 bhp,5.0
Volkswagen,Polo,2011.0,325000.0,134000,Diesel,Individual,Manual,Second Owner,22.07 kmpl,1199 CC,73.9 bhp,5.0
Ford,Figo,2014.0,320000.0,120000,Diesel,Individual,Manual,Third Owner,20.0 kmpl,1399 CC,68.05 bhp,5.0
Hyundai,Grand,2018.0,500000.0,120000,Petrol,Individual,Manual,First Owner,18.9 kmpl,1197 CC,81.86 bhp,5.0
Mahindra,XUV500,2014.0,825000.0,165000,Diesel,Individual,Manual,Second Owner,15.1 kmpl,2179 CC,140 bhp,7.0
Maruti,Ritz,2016.0,350000.0,120000,Diesel,Individual,Manual,Third Owner,23.2 kmpl,1248 CC,73.94 bhp,5.0
Hyundai,i20,2011.0,470000.0,89000,Diesel,Individual,Manual,First Owner,23.0 kmpl,1396 CC,90 bhp,5.0
Mahindra,Renault,2009.0,125000.0,120000,Diesel,Individual,Manual,Third Owner,19.2 kmpl,1461 CC,65 bhp,5.0
Hyundai,Elantra,2006.0,140000.0,120000,Petrol,Individual,Automatic,First Owner,13.1 kmpl,1795 CC,127 bhp,5.0
Honda,Amaze,2013.0,484999.0,50000,Diesel,Individual,Manual,First Owner,25.8 kmpl,1498 CC,98.6 bhp,5.0
Maruti,Alto,2018.0,308000.0,15000,Petrol,Individual,Manual,First Owner,24.7 kmpl,796 CC,47.3 bhp,5.0
Hyundai,Grand,2019.0,570000.0,13000,Petrol,Individual,Manual,First Owner,18.9 kmpl,1197 CC,81.86 bhp,5.0
Toyota,Fortuner,2010.0,900000.0,240000,Diesel,Individual,Manual,First Owner,11.5 kmpl,2982 CC,171 bhp,7.0
Jeep,Compass,2017.0,1800000.0,45000,Diesel,Individual,Manual,First Owner,16.3 kmpl,1956 CC,170 bhp,5.0
Maruti,Swift,2018.0,680000.0,28000,Petrol,Individual,Automatic,First Owner,21.21 kmpl,1197 CC,81.80 bhp,5.0
Maruti,Swift,2017.0,700000.0,70000,Diesel,Individual,Manual,First Owner,28.4 kmpl,1248 CC,74.02 bhp,5.0
Mahindra,Xylo,2011.0,240000.0,116000,Diesel,Individual,Manual,First Owner,14.0 kmpl,2498 CC,112 bhp,7.0
Hyundai,,2014.0,280000.0,90000,Petrol,Individual,Manual,First Owner,21.1 kmpl,814 CC,55.2 bhp,5.0
Tata,Indica,2010.0,125000.0,120000,Diesel,Individual,Manual,Second Owner,17.0 kmpl,1405 CC,71 bhp,5.0
Volvo,V40,2013.0,1200000.0,72500,Diesel,Individual,Automatic,Second Owner,23.3 kmpl,1984 CC,150 bhp,5.0
Volkswagen,Vento,2013.0,400000.0,120000,Diesel,Individual,Manual,Second Owner,20.54 kmpl,1598 CC,103.6 bhp,5.0
Mahindra,XUV500,2014.0,850000.0,120000,Diesel,Individual,Manual,First Owner,15.1 kmpl,2179 CC,140 bhp,7.0
Hyundai,i20,2014.0,475000.0,83000,Diesel,Individual,Manual,Second Owner,22.54 kmpl,1396 CC,88.73 bhp,5.0
Ford,Ikon,2003.0,150000.0,40000,Petrol,Individual,Manual,Third Owner,14.2 kmpl,1597 CC,92 bhp,5.0
Toyota,,2018.0,2900000.0,46000,Diesel,Individual,Manual,First Owner,14.24 kmpl,2755 CC,174.5 bhp,7.0
Toyota,Innova,2015.0,1100000.0,137000,Diesel,Individual,Manual,First Owner,12.99 kmpl,2494 CC,100.6 bhp,7.0
Maruti,Alto,2017.0,285000.0,25000,Petrol,Individual,Manual,Second Owner,24.7 kmpl,796 CC,47.3 bhp,5.0
Hyundai,Grand,2018.0,650000.0,50000,Diesel,Individual,Manual,First Owner,24.0 kmpl,1186 CC,73.97 bhp,5.0
Maruti,A-Star,2012.0,275000.0,60000,Petrol,Individual,Manual,First Owner,19.0 kmpl,998 CC,66.1 bhp,5.0
Maruti,,2000.0,60000.0,100000,Petrol,Individual,Manual,Second Owner,16.1 kmpl,796 CC,37 bhp,4.0
Mahindra,Logan,2011.0,229999.0,105000,Diesel,Individual,Manual,Second Owner,19.2 kmpl,1461 CC,65 bhp,5.0
Maruti,Alto,2015.0,300000.0,20000,Petrol,Individual,Manual,First Owner,23.95 kmpl,998 CC,67.05 bhp,5.0
Maruti,Ertiga,2016.0,940000.0,50000,Diesel,Individual,Manual,First Owner,24.52 kmpl,1248 CC,88.5 bhp,7.0
Maruti,Ciaz,2015.0,600000.0,120000,Diesel,Individual,Manual,Second Owner,26.21 kmpl,1248 CC,88.5 bhp,5.0
Maruti,Baleno,2017.0,800000.0,70000,Diesel,Individual,Manual,First Owner,27.39 kmpl,1248 CC,74 bhp,5.0
Nissan,Sunny,2017.0,580000.0,90000,Diesel,Individual,Manual,Second Owner,22.71 kmpl,1461 CC,84.8 bhp,5.0
Tata,Tigor,2018.0,450000.0,75000,Petrol,Individual,Manual,First Owner,20.3 kmpl,1199 CC,84 bhp,5.0
Chevrolet,Optra,2011.0,290000.0,82500,Diesel,Individual,Manual,Second Owner,16.52 kmpl,1991 CC,123.7 bhp,5.0
Honda,Amaze,2014.0,530000.0,110000,Diesel,Individual,Manual,First Owner,25.8 kmpl,1498 CC,98.6 bhp,5.0
Hyundai,Verna,2019.0,,20000,Diesel,Individual,Manual,First Owner,24.0 kmpl,1396 CC,88.76 bhp,5.0
Honda,City,2009.0,290000.0,110000,Petrol,Individual,Manual,Third Owner,17.0 kmpl,1497 CC,118 bhp,5.0
Mitsubishi,Lancer,2008.0,160000.0,100000,Diesel,Individual,Manual,First Owner,14.8 kmpl,1998 CC,68 bhp,5.0
Maruti,Celerio,2017.0,400000.0,52000,Petrol,Individual,Manual,First Owner,21.63 kmpl,998 CC,67 bhp,5.0
Maruti,Vitara,2017.0,700000.0,90000,Diesel,Individual,Manual,First Owner,24.3 kmpl,1248 CC,88.5 bhp,5.0
Volkswagen,Vento,2012.0,361000.0,90000,Diesel,Individual,Manual,First Owner,20.54 kmpl,1598 CC,103.6 bhp,5.0
Hyundai,i20,2013.0,390000.0,53000,Diesel,Individual,Manual,Second Owner,21.9 kmpl,1396 CC,88.76 bhp,5.0
Tata,,2012.0,200000.0,180000,Diesel,Individual,Manual,First Owner,18.4 kmpl,1248 CC,75 bhp,5.0
Maruti,Swift,2013.0,500000.0,53000,Diesel,Individual,Manual,First Owner,22.9 kmpl,1248 CC,74 bhp,5.0
Maruti,,2011.0,200000.0,50600,Petrol,Individual,Manual,First Owner,19.7 kmpl,796 CC,46.3 bhp,5.0
Ford,EcoSport,2015.0,680000.0,50000,Petrol,Individual,Manual,First Owner,15.85 kmpl,1499 CC,110.4 bhp,5.0
Maruti,Alto,2013.0,235000.0,52000,Petrol,Dealer,Manual,First Owner,24.7 kmpl,796 CC,47.3 bhp,5.0
Mahindra,XUV500,2018.0,1700000.0,15000,Diesel,Individual,Manual,First Owner,15.1 kmpl,2179 CC,152.87 bhp,7.0
Mahindra,XUV500,2015.0,1200000.0,50000,Diesel,Individual,Automatic,Second Owner,16.0 kmpl,2179 CC,140 bhp,7.0
Honda,City,2014.0,630000.0,56000,Diesel,Individual,Manual,Second Owner,25.1 kmpl,1498 CC,98.6 bhp,5.0
Ford,Figo,2018.0,640000.0,82000,Diesel,Individual,Manual,First Owner,25.83 kmpl,1498 CC,99 bhp,5.0
Hyundai,Xcent,2014.0,355000.0,121000,Petrol,Dealer,Manual,First Owner,19.1 kmpl,1197 CC,82 bhp,5.0
Mahindra,Scorpio,2012.0,560000.0,101903,Diesel,Individual,Manual,Second Owner,12.05 kmpl,2179 CC,120 bhp,8.0
Maruti,Swift,2018.0,580000.0,120000,Diesel,Individual,Manual,First Owner,23.4 kmpl,1248 CC,74 bhp,5.0
Ford,Figo,2010.0,185000.0,85568,Diesel,Dealer,Manual,First Owner,18.5 kmpl,1399 CC,68 bhp,5.0
Maruti,Baleno,2019.0,,10000,Petrol,Individual,Automatic,First Owner,21.4 kmpl,1197 CC,83.1 bhp,5.0
Hyundai,EON,2014.0,220000.0,10000,Petrol,Individual,Manual,First Owner,20.3 kmpl,998 CC,68.05 bhp,5.0
Hyundai,Santro,2007.0,150000.0,60000,Petrol,Individual,Manual,Fourth & Above Owner,17.92 kmpl,1086 CC,62.1 bhp,5.0
Mahindra,Scorpio,2011.0,484999.0,80000,Diesel,Individual,Manual,Second Owner,13.5 kmpl,2179 CC,115 bhp,5.0
Maruti,Swift,2019.0,509999.0,10000,Petrol,Individual,Manual,First Owner,21.21 kmpl,1197 CC,81.80 bhp,5.0
Mahindra,Bolero,2014.0,515000.0,60000,Diesel,Individual,Manual,First Owner,15.96 kmpl,2523 CC,62.1 bhp,7.0
Mercedes-Benz,B,2014.0,1250000.0,42000,Petrol,Individual,Automatic,First Owner,11.9 kmpl,1595 CC,120.7 bhp,5.0
Chevrolet,Enjoy,2014.0,350000.0,50000,Diesel,Individual,Manual,Fourth & Above Owner,18.2 kmpl,1248 CC,73.8 bhp,8.0
Maruti,Alto,2018.0,375000.0,11500,Petrol,Individual,Manual,First Owner,23.95 kmpl,998 CC,67.05 bhp,5.0
Hyundai,Creta,2019.0,950000.0,15000,Diesel,Individual,Manual,First Owner,22.1 kmpl,1396 CC,88.7 bhp,5.0
Maruti,Swift,2015.0,615000.0,32000,Diesel,Individual,Manual,First Owner,26.59 kmpl,1248 CC,74 bhp,5.0
Maruti,Swift,2011.0,275000.0,50000,Petrol,Individual,Manual,First Owner,18.6 kmpl,1197 CC,85.8 bhp,5.0
BMW,X7,2020.0,7200000.0,5000,Diesel,Individual,Automatic,First Owner,13.38 kmpl,2993 CC,265 bhp,7.0
Maruti,Eeco,2017.0,400000.0,10000,Petrol,Individual,Manual,First Owner,15.37 kmpl,1196 CC,73 bhp,5.0
Maruti,S-Cross,2019.0,930000.0,15000,Diesel,Individual,Manual,First Owner,25.1 kmpl,1248 CC,88.5 bhp,5.0
Maruti,Swift,2012.0,310000.0,100000,Petrol,Individual,Manual,First Owner,19.1 kmpl,1197 CC,85.8 bhp,5.0
Toyota,Innova,2016.0,1670000.0,25000,Diesel,Individual,Manual,Second Owner,13.68 kmpl,2393 CC,147.8 bhp,7.0
Maruti,Swift,2013.0,356000.0,70000,Diesel,Individual,Manual,Second Owner,23.4 kmpl,1248 CC,74 bhp,5.0
Honda,City,2013.0,500000.0,32000,Petrol,Individual,Manual,First Owner,16.8 kmpl,1497 CC,116.3 bhp,5.0
Tata,Tiago,2018.0,409999.0,35000,Petrol,Individual,Manual,Second Owner,23.84 kmpl,1199 CC,84 bhp,5.0
Maruti,Vitara,2019.0,980000.0,50000,Diesel,Individual,Manual,First Owner,24.3 kmpl,1248 CC,88.5 bhp,5.0
Mahindra,Bolero,2005.0,150000.0,100000,Diesel,Individual,Manual,Second Owner,13.6 kmpl,2523 CC,63 bhp,7.0
Honda,Jazz,2019.0,750000.0,3100,Petrol,Individual,Automatic,First Owner,18.2 kmpl,1199 CC,88.7 bhp,5.0
Skoda,Superb,2013.0,500000.0,60000,Petrol,Individual,Automatic,First Owner,13.7 kmpl,1798 CC,157.75 bhp,5.0
Maruti,Swift,2013.0,355000.0,170000,Diesel,Individual,Manual,First Owner,22.9 kmpl,1248 CC,74 bhp,5.0
Tata,Indica,2011.0,200000.0,50000,Diesel,Individual,Manual,Second Owner,17.0 kmpl,1405 CC,71 bhp,5.0
Toyota,Innova,2008.0,370000.0,120000,Diesel,Individual,Manual,Second Owner,12.8 kmpl,2494 CC,102 bhp,8.0
Hyundai,Xcent,2015.0,450000.0,20000,Petrol,Individual,Manual,First Owner,19.1 kmpl,1197 CC,82 bhp,5.0
Hyundai,Grand,2015.0,486000.0,10000,Petrol,Individual,Manual,First Owner,18.9 kmpl,1197 CC,82 bhp,5.0
Maruti,SX4,2011.0,242000.0,120000,Diesel,Individual,Manual,First Owner,21.5 kmpl,1248 CC,88.8 bhp,5.0
Hyundai,Grand,2018.0,580000.0,25000,Petrol,Individual,Manual,First Owner,18.9 kmpl,1197 CC,81.86 bhp,5.0
Ford,EcoSport,2014.0,500000.0,130000,Diesel,Individual,Manual,Second Owner,22.77 kmpl,1498 CC,98.59 bhp,5.0
Mahindra,Quanto,2013.0,300000.0,40000,Diesel,Individual,Manual,First Owner,17.21 kmpl,1493 CC,100 bhp,7.0
Mahindra,Thar,2016.0,710000.0,60000,Diesel,Individual,Manual,First Owner,18.06 kmpl,2523 CC,63 bhp,7.0
Skoda,Fabia,2012.0,220000.0,70000,Diesel,Individual,Manual,Third Owner,20.86 kmpl,1199 CC,75 bhp,5.0
Maruti,Swift,2020.0,654000.0,1000,Petrol,Individual,Automatic,First Owner,21.21 kmpl,1197 CC,81.80 bhp,
Skoda,Rapid,2019.0,835000.0,10000,Petrol,Individual,Automatic,First Owner,14.84 kmpl,1598 CC,103.2 bhp,5.0
Ford,Fiesta,2010.0,250000.0,47000,Petrol,Individual,Manual,First Owner,15.3 kmpl,1596 CC,101 bhp,5.0
Maruti,,2019.0,600000.0,18000,Petrol,Individual,Manual,First Owner,21.21 kmpl,1197 CC,81.80 bhp,5.0
Maruti,Swift,2016.0,459999.0,60000,Petrol,Individual,Manual,First Owner,20.85 kmpl,1197 CC,83.14 bhp,5.0
Renault,KWID,2018.0,275000.0,20000,Petrol,Individual,Manual,First Owner,23.01 kmpl,999 CC,67 bhp,5.0
Ford,Figo,2017.0,408000.0,60000,Petrol,Individual,Manual,First Owner,18.16 kmpl,1196 CC,86.8 bhp,5.0
,XUV500,2018.0,1200000.0,25000,Diesel,Individual,Manual,First Owner,15.1 kmpl,2179 CC,152.87 bhp,7.0
Hyundai,Xcent,2014.0,375000.0,52000,Petrol,Individual,Manual,First Owner,19.1 kmpl,1197 CC,81.86 bhp,5.0
Maruti,Alto,2006.0,94500.0,44000,Petrol,Individual,Manual,First Owner,19.7 kmpl,796 CC,46.3 bhp,5.0
Volkswagen,Polo,2011.0,300000.0,17000,Petrol,Individual,Manual,First Owner,16.47 kmpl,1198 CC,73.9 bhp,5.0
Honda,City,2009.0,350000.0,35000,Petrol,Individual,Manual,First Owner,17.0 kmpl,1497 CC,118 bhp,5.0
Toyota,Fortuner,2011.0,975000.0,120000,Diesel,Individual,Manual,Third Owner,11.5 kmpl,2982 CC,171 bhp,7.0
Hyundai,i20,2015.0,600000.0,100000,Petrol,Individual,Manual,First Owner,18.6 kmpl,1197 CC,81.83 bhp,5.0
Toyota,Innova,2014.0,700000.0,300000,Diesel,Individual,Manual,Second Owner,12.99 kmpl,2494 CC,100.6 bhp,7.0
Mahindra,Bolero,2017.0,640000.0,90000,Diesel,Individual,Manual,First Owner,16.5 kmpl,1493 CC,70 bhp,7.0
Hyundai,Creta,2017.0,1110000.0,186000,Diesel,Individual,Manual,First Owner,19.67 kmpl,1582 CC,126.2 bhp,5.0
Maruti,Ertiga,2014.0,,79000,Diesel,Individual,Manual,Second Owner,20.77 kmpl,1248 CC,88.76 bhp,7.0
Toyota,Innova,2010.0,451999.0,120000,Diesel,Individual,Manual,First Owner,12.8 kmpl,2494 CC,102 bhp,7.0
Renault,KWID,2016.0,240000.0,59300,Petrol,Individual,Manual,First Owner,25.17 kmpl,799 CC,53.3 bhp,5.0
Mahindra,Scorpio,2014.0,680000.0,120000,Diesel,Individual,Manual,First Owner,15.4 kmpl,2523 CC,75 bhp,7.0
Tata,Zest,2015.0,350000.0,60000,Diesel,Individual,Manual,First Owner,22.95 kmpl,1248 CC,74 bhp,5.0
Volkswagen,Vento,2012.0,360000.0,60000,Petrol,Individual,Manual,Third Owner,15.04 kmpl,1598 CC,103.6 bhp,5.0
Ford,Figo,2010.0,250000.0,80000,Petrol,Individual,Manual,Second Owner,15.6 kmpl,1196 CC,70 bhp,5.0
Maruti,Swift,2019.0,550000.0,11500,Petrol,Individual,Manual,First Owner,21.21 kmpl,1197 CC,81.80 bhp,5.0
Hyundai,EON,2012.0,180000.0,56000,Petrol,Individual,Manual,First Owner,21.1 kmpl,814 CC,55.2 bhp,5.0
Honda,Jazz,2016.0,425000.0,68000,Diesel,Individual,Manual,First Owner,27.3 kmpl,1498 CC,98.6 bhp,5.0
Tata,Tiago,2019.0,409999.0,25000,Petrol,Individual,Manual,First Owner,23.84 kmpl,1199 CC,84 bhp,5.0
Tata,Tiago,2018.0,438999.0,25000,Petrol,Individual,Manual,First Owner,23.84 kmpl,1199 CC,84 bhp,5.0
Nissan,Micra,2014.0,225000.0,100000,Petrol,Individual,Manual,First Owner,19.49 kmpl,1198 CC,67.04 bhp,5.0
Mahindra,Bolero,2017.0,580000.0,95000,Diesel,Individual,Manual,First Owner,15.96 kmpl,2523 CC,63 bhp,9.0
Maruti,Swift,2008.0,200000.0,100000,Petrol,Individual,Manual,First Owner,17.5 kmpl,1298 CC,85.8 bhp,5.0
Fiat,,2013.0,250000.0,47000,Diesel,Individual,Manual,First Owner,20.3 kmpl,1248 CC,75 bhp,5.0
Maruti,Ritz,2011.0,170000.0,175000,Diesel,Individual,Manual,Second Owner,21.1 kmpl,1248 CC,73.9 bhp,5.0
Maruti,Swift,2010.0,300000.0,60000,Petrol,Individual,Manual,Second Owner,17.5 kmpl,1197 CC,85.8 bhp,5.0
Mahindra,Bolero,2005.0,160000.0,300000,Diesel,Individual,Manual,Third Owner,13.6 kmpl,2523 CC,63 bhp,7.0
Maruti,Swift,2014.0,409999.0,150000,Diesel,Individual,Manual,Third Owner,23.4 kmpl,1248 CC,74 bhp,5.0
Hyundai,i20,2012.0,350000.0,110000,Diesel,Individual,Manual,Third Owner,23.0 kmpl,1396 CC,90 bhp,5.0
Renault,KWID,2019.0,,25000,Petrol,Individual,Manual,First Owner,25.17 kmpl,799 CC,53.3 bhp,5.0
Maruti,Alto,2010.0,,95000,Petrol,Individual,Manual,Third Owner,19.7 kmpl,796 CC,46.3 bhp,5.0
Maruti,Ritz,2010.0,220000.0,100000,Diesel,Individual,Manual,First Owner,21.1 kmpl,1248 CC,73.9 bhp,5.0
Hyundai,Grand,2017.0,570000.0,20000,Petrol,Individual,Manual,First Owner,18.9 kmpl,1197 CC,81.86 bhp,5.0
Maruti,Swift,2014.0,500000.0,84000,Diesel,Individual,Manual,First Owner,23.4 kmpl,1248 CC,74 bhp,5.0
Hyundai,i20,2016.0,875000.0,40000,Diesel,Individual,Manual,First Owner,22.54 kmpl,1396 CC,88.73 bhp,5.0
Tata,Indica,2011.0,210000.0,100000,Diesel,Individual,Manual,First Owner,19.1 kmpl,1405 CC,70 bhp,5.0
Tata,Indica,2011.0,210000.0,120000,Diesel,Individual,Manual,First Owner,19.4 kmpl,1405 CC,70 bhp,5.0
Hyundai,Santro,2010.0,200000.0,80000,LPG,Individual,Manual,Second Owner,13.45 km/kg,1086 CC,62.1 bhp,5.0
Maruti,Alto,2011.0,175000.0,175000,Petrol,Individual,Manual,Second Owner,19.7 kmpl,796 CC,46.3 bhp,5.0
Hyundai,i20,2017.0,700000.0,30000,Petrol,Individual,Manual,First Owner,18.6 kmpl,1197 CC,81.83 bhp,5.0
Hyundai,Grand,2019.0,550000.0,28000,Petrol,Individual,Automatic,First Owner,18.9 kmpl,1197 CC,81.86 bhp,5.0
Hyundai,Santro,2019.0,420000.0,20000,Petrol,Individual,Manual,Second Owner,20.3 kmpl,1086 CC,68 bhp,5.0
Hyundai,i20,2009.0,210000.0,89322,Petrol,Individual,Manual,Second Owner,17.0 kmpl,1197 CC,80 bhp,5.0
Chevrolet,Beat,2013.0,175000.0,76000,Diesel,Individual,Manual,First Owner,25.44 kmpl,936 CC,57.6 bhp,5.0
Maruti,Alto,2012.0,180000.0,70000,Petrol,Individual,Manual,Second Owner,19.7 kmpl,796 CC,46.3 bhp,5.0
Maruti,Alto,2007.0,118000.0,110000,Petrol,Individual,Manual,Second Owner,19.7 kmpl,796 CC,46.3 bhp,5.0
Hyundai,Verna,2007.0,170000.0,120000,Diesel,Individual,Manual,Second Owner,16.8 kmpl,1493 CC,110 bhp,5.0
Maruti,Zen,2009.0,120000.0,110000,Petrol,Individual,Manual,Second Owner,18.2 kmpl,1061 CC,64 bhp,5.0
Maruti,Alto,2009.0,170000.0,90000,Petrol,Individual,Manual,Third Owner,19.7 kmpl,796 CC,46.3 bhp,5.0
Maruti,Swift,2018.0,700000.0,60000,Diesel,Individual,Manual,First Owner,28.4 kmpl,1248 CC,74 bhp,5.0
Mahindra,Bolero,2014.0,500000.0,48300,Diesel,Individual,Manual,Second Owner,15.96 kmpl,2523 CC,62.1 bhp,7.0
Maruti,Wagon,2007.0,80000.0,63000,Petrol,Individual,Automatic,Third Owner,18.9 kmpl,1061 CC,67 bhp,5.0
Honda,City,2008.0,105000.0,110000,Petrol,Individual,Manual,Second Owner,17.7 kmpl,1497 CC,78 bhp,5.0
Maruti,Swift,2016.0,425000.0,120000,Diesel,Individual,Manual,Third Owner,26.59 kmpl,1248 CC,74 bhp,5.0
Hyundai,i20,2017.0,625000.0,23511,Petrol,Individual,Manual,First Owner,18.6 kmpl,1197 CC,81.83 bhp,5.0
Hyundai,i20,2017.0,640000.0,22512,Petrol,Individual,Manual,First Owner,18.6 kmpl,1197 CC,81.83 bhp,5.0
Hyundai,i10,2010.0,180000.0,120000,Petrol,Individual,Manual,First Owner,20.36 kmpl,1197 CC,78.9 bhp,5.0
Maruti,Ritz,2009.0,155000.0,120000,Diesel,Individual,Manual,First Owner,21.1 kmpl,1248 CC,73.9 bhp,5.0
Maruti,Wagon,2007.0,85000.0,100000,Petrol,Individual,Manual,Third Owner,18.9 kmpl,1061 CC,67 bhp,5.0
Hyundai,i10,2011.0,250000.0,70000,Petrol,Individual,Manual,First Owner,20.36 kmpl,1197 CC,78.9 bhp,5.0
Hyundai,Verna,2017.0,1000000.0,15000,Petrol,Individual,Automatic,First Owner,17.01 kmpl,1591 CC,121.3 bhp,5.0
Datsun,GO,2016.0,350000.0,16500,Petrol,Individual,Manual,First Owner,20.63 kmpl,1198 CC,67 bhp,5.0
Maruti,Swift,2018.0,740000.0,50000,Diesel,Individual,Manual,First Owner,28.4 kmpl,1248 CC,74.02 bhp,5.0
Datsun,RediGO,,300000.0,19000,Petrol,Individual,Manual,First Owner,22.5 kmpl,999 CC,67 bhp,5.0
Volkswagen,Ameo,2017.0,550000.0,50000,Diesel,Individual,Manual,First Owner,21.66 kmpl,1498 CC,108.62 bhp,5.0
Mahindra,Bolero,2017.0,710000.0,70000,Diesel,Individual,Manual,First Owner,15.96 kmpl,2523 CC,62.1 bhp,7.0
Mahindra,Bolero,2017.0,700000.0,70000,Diesel,Individual,Manual,First Owner,15.96 kmpl,2523 CC,62.1 bhp,7.0
Mahindra,Bolero,2016.0,550000.0,120000,Diesel,Individual,Manual,First Owner,15.96 kmpl,2523 CC,62.1 bhp,7.0
Hyundai,i10,2015.0,375000.0,60000,LPG,Individual,Manual,First Owner,19.2 km/kg,1086 CC,68.05 bhp,5.0
Tata,,2015.0,600000.0,60000,Diesel,Individual,Manual,First Owner,13.93 kmpl,2179 CC,138.03 bhp,7.0
Maruti,Swift,2013.0,380000.0,76000,Diesel,Individual,Manual,Second Owner,22.9 kmpl,1248 CC,74 bhp,5.0
Maruti,800,1998.0,45000.0,80000,Petrol,Individual,Manual,Fourth & Above Owner,16.1 kmpl,796 CC,37 bhp,4.0
Toyota,Innova,2010.0,450000.0,210000,Diesel,Individual,Manual,Second Owner,12.8 kmpl,2494 CC,102 bhp,8.0
Mahindra,Bolero,2015.0,475000.0,128000,Diesel,Individual,Manual,Third Owner,15.96 kmpl,2523 CC,63 bhp,9.0
Renault,Triber,2019.0,650000.0,5000,Petrol,Individual,Manual,First Owner,20.0 kmpl,999 CC,72 bhp,7.0
Maruti,Wagon,2011.0,200000.0,70000,LPG,Individual,Manual,First Owner,26.2 km/kg,998 CC,58.2 bhp,5.0
Maruti,Swift,2013.0,350000.0,85000,Diesel,Individual,Manual,First Owner,22.9 kmpl,1248 CC,74 bhp,5.0
Maruti,Vitara,2018.0,911999.0,25000,Diesel,Individual,Automatic,First Owner,24.3 kmpl,1248 CC,88.5 bhp,5.0
Maruti,Swift,2018.0,650000.0,15000,Petrol,Individual,Manual,First Owner,21.21 kmpl,1197 CC,81.80 bhp,5.0
Maruti,Swift,2012.0,,30000,Petrol,Individual,Manual,First Owner,17.5 kmpl,1298 CC,85.8 bhp,5.0
Maruti,Omni,2016.0,190000.0,80000,Petrol,Individual,Manual,Second Owner,16.8 kmpl,796 CC,34.2 bhp,8.0
Hyundai,Verna,2019.0,1200000.0,40000,Diesel,Individual,Manual,First Owner,22.0 kmpl,1582 CC,126.2 bhp,5.0
Mahindra,Bolero,2013.0,305000.0,160000,Diesel,Individual,Manual,First Owner,15.96 kmpl,2523 CC,62.1 bhp,7.0
Hyundai,Creta,2015.0,850000.0,108000,Diesel,Individual,Manual,First Owner,19.67 kmpl,1582 CC,126.2 bhp,5.0
Volkswagen,Jetta,2011.0,350000.0,120000,Diesel,Individual,Manual,Second Owner,15.0 kmpl,1896 CC,105 bhp,5.0
Hyundai,Santro,2010.0,180000.0,55000,Petrol,Individual,Manual,Fourth & Above Owner,17.92 kmpl,1086 CC,62.1 bhp,5.0
Tata,New,2008.0,200000.0,110000,Diesel,Individual,Manual,First Owner,13.93 kmpl,2179 CC,138.1 bhp,7.0
Honda,Brio,2012.0,,110000,Petrol,Individual,Manual,First Owner,19.4 kmpl,1198 CC,86.8 bhp,5.0
Maruti,Wagon,2006.0,135000.0,62900,Petrol,Individual,Manual,First Owner,18.9 kmpl,998 CC,67.1 bhp,5.0
Volkswagen,Jetta,2011.0,425000.0,120000,Diesel,Individual,Manual,Second Owner,19.33 kmpl,1968 CC,138.1 bhp,5.0
Mahindra,XUV500,2016.0,1350000.0,70000,Diesel,Individual,Manual,First Owner,16.0 kmpl,2179 CC,140 bhp,7.0
Ford,Endeavour,2009.0,480000.0,70000,Diesel,Individual,Manual,Third Owner,10.9 kmpl,2499 CC,143 bhp,7.0
Maruti,Swift,2017.0,455000.0,60000,Diesel,Individual,Manual,First Owner,28.4 kmpl,1248 CC,74.02 bhp,5.0
Maruti,Wagon,2015.0,320000.0,60000,Petrol,Individual,Manual,First Owner,20.51 kmpl,998 CC,67.04 bhp,5.0
Hyundai,Elite,2019.0,693000.0,4000,Petrol,Individual,Manual,First Owner,18.6 kmpl,1197 CC,81.86 bhp,5.0
Maruti,Vitara,2017.0,830000.0,35000,Diesel,Individual,Manual,First Owner,24.3 kmpl,1248 CC,88.5 bhp,5.0
Hyundai,Grand,2016.0,470000.0,13500,Petrol,Individual,Manual,First Owner,18.9 kmpl,1197 CC,82 bhp,5.0
Honda,City,2017.0,1100000.0,26000,Petrol,Individual,Automatic,First Owner,18.0 kmpl,1497 CC,117.3 bhp,5.0
Tata,Zest,2016.0,325000.0,50000,Diesel,Individual,Manual,First Owner,23.0 kmpl,1248 CC,88.7 bhp,5.0
Hyundai,EON,2014.0,215000.0,50000,Petrol,Individual,Manual,First Owner,21.1 kmpl,814 CC,55.2 bhp,5.0
Maruti,Swift,2018.0,560000.0,25000,Petrol,Individual,Manual,First Owner,22.0 kmpl,1197 CC,81.80 bhp,5.0
Maruti,Celerio,2017.0,400000.0,30000,Petrol,Individual,Automatic,Second Owner,23.1 kmpl,998 CC,67.04 bhp,5.0
Ford,EcoSport,2017.0,725000.0,45000,Diesel,Individual,Manual,First Owner,23.0 kmpl,1498 CC,98.96 bhp,5.0
Honda,Brio,2014.0,325000.0,52442,Petrol,Trustmark Dealer,Manual,Second Owner,18.5 kmpl,1198 CC,86.8 bhp,5.0
Hyundai,i10,2013.0,229999.0,39000,Petrol,Dealer,Manual,First Owner,20.36 kmpl,1197 CC,78.9 bhp,5.0
Mercedes-Benz,New,2007.0,400000.0,42000,Petrol,Dealer,Automatic,First Owner,11.74 kmpl,1796 CC,186 bhp,5.0
Volkswagen,Polo,2015.0,449000.0,34156,Petrol,Dealer,Manual,First Owner,16.47 kmpl,1198 CC,74 bhp,5.0
Hyundai,Grand,2017.0,455000.0,34152,Petrol,Dealer,Manual,First Owner,18.9 kmpl,1197 CC,81.86 bhp,5.0
Audi,A4,2015.0,1750000.0,37000,Diesel,Dealer,Automatic,First Owner,18.25 kmpl,1968 CC,187.74 bhp,5.0
Toyota,Innova,2017.0,1390000.0,98000,Diesel,Dealer,Automatic,First Owner,11.36 kmpl,2755 CC,171.5 bhp,7.0
Hyundai,Creta,2019.0,1150000.0,31000,Petrol,Dealer,Manual,First Owner,15.8 kmpl,1591 CC,121.3 bhp,5.0
Hyundai,i20,2018.0,650000.0,62841,Petrol,Trustmark Dealer,Manual,First Owner,18.6 kmpl,1197 CC,81.83 bhp,5.0
Hyundai,Creta,2016.0,950000.0,38600,Diesel,Dealer,Manual,First Owner,19.67 kmpl,1582 CC,126.2 bhp,5.0
Maruti,Swift,2018.0,698000.0,27654,Diesel,Dealer,Automatic,First Owner,28.4 kmpl,1248 CC,74.02 bhp,5.0
Hyundai,Creta,2017.0,975000.0,48698,Diesel,Dealer,Manual,First Owner,19.67 kmpl,1582 CC,126.2 bhp,5.0
Maruti,Wagon,2018.0,445000.0,32995,Petrol,Dealer,Automatic,First Owner,20.52 kmpl,1197 CC,81.80 bhp,5.0
Tata,Zest,2018.0,,60000,Diesel,Individual,Manual,First Owner,22.95 kmpl,1248 CC,74 bhp,5.0
Maruti,Swift,2010.0,350000.0,110000,Diesel,Individual,Manual,Fourth & Above Owner,17.8 kmpl,1248 CC,75 bhp,5.0
Mahindra,Scorpio,2011.0,550000.0,260000,Diesel,Individual,Manual,Fourth & Above Owner,12.05 kmpl,2179 CC,120 bhp,8.0
Renault,Duster,2015.0,550000.0,130000,Diesel,Individual,Manual,Second Owner,20.45 kmpl,1461 CC,83.8 bhp,5.0
Volkswagen,Polo,2011.0,330000.0,120000,Diesel,Individual,Manual,First Owner,22.07 kmpl,1199 CC,73.9 bhp,5.0
Hyundai,EON,2014.0,220000.0,80000,Petrol,Individual,Manual,Third Owner,21.1 kmpl,814 CC,55.2 bhp,5.0
Maruti,Ritz,2013.0,415000.0,60000,Petrol,Individual,Manual,Second Owner,18.5 kmpl,1197 CC,85.80 bhp,5.0
Maruti,Alto,2007.0,150000.0,75000,Petrol,Individual,Manual,First Owner,19.7 kmpl,796 CC,46.3 bhp,5.0
Hyundai,Getz,2005.0,150000.0,89000,Petrol,Individual,Manual,Second Owner,15.3 kmpl,1341 CC,83 bhp,5.0
Hyundai,Verna,2007.0,240000.0,110000,Diesel,Individual,Manual,First Owner,18.1 kmpl,1493 CC,110 bhp,5.0
Maruti,Alto,2009.0,170000.0,90000,Petrol,Individual,Manual,Second Owner,19.7 kmpl,796 CC,46.3 bhp,5.0
Maruti,Ciaz,2015.0,550000.0,40000,Diesel,Individual,Manual,Third Owner,28.09 kmpl,1248 CC,88.5 bhp,5.0
Nissan,Micra,2017.0,500000.0,26000,Petrol,Individual,Automatic,First Owner,19.34 kmpl,1198 CC,76 bhp,5.0
Mahindra,Xylo,2011.0,,120000,Diesel,Individual,Manual,Second Owner,13.0 kmpl,2489 CC,95 bhp,8.0
Mahindra,KUV,2017.0,360000.0,29000,Petrol,Individual,Manual,First Owner,18.15 kmpl,1198 CC,82 bhp,6.0
Maruti,Swift,2014.0,400000.0,120000,Petrol,Individual,Manual,First Owner,19.1 kmpl,1197 CC,85.8 bhp,5.0
Hyundai,Accent,2009.0,120000.0,70000,Petrol,Individual,Manual,Second Owner,13.2 kmpl,1495 CC,94 bhp,5.0
Maruti,Vitara,2016.0,765000.0,100000,Diesel,Individual,Manual,Second Owner,24.3 kmpl,1248 CC,88.5 bhp,5.0
Maruti,Vitara,2016.0,919999.0,90150,Diesel,Individual,Manual,First Owner,24.3 kmpl,1248 CC,88.5 bhp,5.0
Toyota,Platinum,2018.0,730000.0,90000,Diesel,Individual,Manual,First Owner,23.59 kmpl,1364 CC,67.05 bhp,5.0
Tata,Zest,2016.0,320000.0,120000,Diesel,Individual,Manual,First Owner,22.95 kmpl,1248 CC,74 bhp,5.0
Honda,Amaze,2015.0,455000.0,90000,Diesel,Individual,Manual,Second Owner,25.8 kmpl,1498 CC,98.6 bhp,5.0
Datsun,GO,2015.0,350000.0,50000,Petrol,Individual,Manual,First Owner,20.63 kmpl,1198 CC,67 bhp,5.0
Mahindra,TUV,2016.0,509999.0,110000,Diesel,Individual,Manual,First Owner,18.49 kmpl,1493 CC,100 bhp,7.0
Tata,Indigo,2011.0,175000.0,85700,Diesel,Individual,Manual,Second Owner,17.0 kmpl,1405 CC,70 bhp,5.0
Mahindra,Bolero,2013.0,325000.0,178000,Diesel,Individual,Manual,First Owner,15.96 kmpl,2523 CC,63 bhp,9.0
Tata,Indigo,2011.0,120000.0,70000,Petrol,Individual,Manual,Second Owner,15.2 kmpl,1193 CC,65 bhp,5.0
Hyundai,i10,2014.0,300000.0,30000,Petrol,Individual,Manual,Second Owner,20.36 kmpl,1197 CC,78.9 bhp,5.0
Honda,City,2015.0,500000.0,100000,Diesel,Individual,Manual,First Owner,26.0 kmpl,1498 CC,98.6 bhp,5.0
Maruti,Baleno,2016.0,562000.0,25339,Petrol,Individual,Manual,First Owner,21.4 kmpl,1197 CC,83.1 bhp,5.0
Hyundai,EON,2014.0,250000.0,10000,Petrol,Individual,Manual,First Owner,21.1 kmpl,814 CC,55.2 bhp,5.0
Tata,Zest,2017.0,484999.0,35000,Diesel,Individual,Manual,First Owner,20.65 kmpl,1248 CC,88.7 bhp,5.0
Hyundai,i10,2013.0,280000.0,35000,Petrol,Individual,Manual,Second Owner,20.36 kmpl,1197 CC,78.9 bhp,5.0
Maruti,Ertiga,2015.0,571000.0,68000,Diesel,Individual,Manual,Second Owner,20.77 kmpl,1248 CC,88.76 bhp,7.0
Maruti,Swift,2013.0,400000.0,40000,Petrol,Individual,Manual,First Owner,18.6 kmpl,1197 CC,85.8 bhp,5.0
Tata,Indigo,2015.0,295000.0,120000,Diesel,Individual,Manual,Second Owner,19.09 kmpl,1405 CC,69.01 bhp,5.0
Ford,Figo,2011.0,,25000,Petrol,Individual,Manual,First Owner,15.6 kmpl,1196 CC,70 bhp,5.0
Mahindra,Bolero,2015.0,610000.0,40000,Diesel,Individual,Manual,Second Owner,15.96 kmpl,2523 CC,62.1 bhp,7.0
Tata,Indica,2012.0,175000.0,60000,Diesel,Individual,Manual,First Owner,22.3 kmpl,1248 CC,74 bhp,5.0
Ford,Figo,2011.0,204999.0,70000,Diesel,Individual,Manual,Second Owner,20.0 kmpl,1399 CC,68 bhp,5.0
Mahindra,XUV500,2013.0,750000.0,80000,Diesel,Individual,Manual,Second Owner,15.1 kmpl,2179 CC,140 bhp,
Maruti,Swift,2017.0,589000.0,41232,Diesel,Dealer,Manual,First Owner,26.59 kmpl,1248 CC,74 bhp,5.0
Toyota,Innova,2005.0,310000.0,200000,Diesel,Individual,Manual,Second Owner,12.8 kmpl,2494 CC,102 bhp,8.0
Tata,Sumo,2016.0,445000.0,63000,Diesel,Dealer,Manual,First Owner,15.3 kmpl,2956 CC,83.8 bhp,9.0
Mahindra,Bolero,2015.0,445000.0,62000,Diesel,Dealer,Manual,First Owner,21.0 kmpl,1498 CC,74.96 bhp,7.0
Tata,New,2012.0,450000.0,68240,Diesel,Dealer,Manual,First Owner,13.93 kmpl,2956 CC,138.1 bhp,7.0
Mahindra,Scorpio,2008.0,450000.0,78000,Diesel,Dealer,Manual,First Owner,15.4 kmpl,1997 CC,120 bhp,7.0
Maruti,Wagon,2010.0,200000.0,35000,Petrol,Dealer,Manual,First Owner,18.9 kmpl,998 CC,67.1 bhp,5.0
Maruti,Swift,2018.0,611000.0,9000,Petrol,Dealer,Manual,First Owner,19.1 kmpl,1197 CC,85.8 bhp,5.0
Hyundai,Creta,2016.0,819999.0,39000,Diesel,Dealer,Manual,First Owner,19.67 kmpl,1582 CC,126.2 bhp,5.0
Hyundai,Creta,2016.0,825000.0,39000,Diesel,Dealer,Manual,First Owner,21.38 kmpl,1396 CC,88.7 bhp,5.0
Ford,,2015.0,599000.0,92651,Diesel,Dealer,Manual,First Owner,21.7 kmpl,1498 CC,98.96 bhp,5.0
Maruti,Swift,2018.0,490000.0,28000,Petrol,Dealer,Manual,First Owner,16.1 kmpl,1197 CC,85 bhp,5.0
Tata,Zest,2020.0,500000.0,40000,Petrol,Individual,Manual,First Owner,17.57 kmpl,1193 CC,88.7 bhp,5.0
Mahindra,XUV500,2017.0,,88754,Diesel,Dealer,Manual,First Owner,16.0 kmpl,2179 CC,140 bhp,7.0
Ford,Aspire,2019.0,675000.0,7000,Petrol,Individual,Manual,First Owner,19.4 kmpl,1194 CC,94.93 bhp,5.0
Mahindra,XUV500,2018.0,1350000.0,40000,Diesel,Individual,Manual,First Owner,16.0 kmpl,2179 CC,138 bhp,7.0
Hyundai,Grand,2018.0,570000.0,20000,Petrol,Individual,Manual,First Owner,18.9 kmpl,1197 CC,81.86 bhp,5.0
Hyundai,Grand,2017.0,455000.0,50000,Diesel,Individual,Manual,First Owner,24.0 kmpl,1186 CC,73.97 bhp,5.0
Hyundai,EON,2013.0,165000.0,45000,Petrol,Individual,Manual,Second Owner,21.1 kmpl,814 CC,55.2 bhp,5.0
Honda,City,2016.0,925000.0,22000,Petrol,Individual,Manual,First Owner,17.8 kmpl,1497 CC,117.3 bhp,5.0
Tata,Indigo,2014.0,215000.0,100000,Diesel,Individual,Manual,Second Owner,25.0 kmpl,1396 CC,69.01 bhp,5.0
Maruti,Swift,2016.0,470000.0,23700,Petrol,Individual,Manual,First Owner,20.4 kmpl,1197 CC,81.80 bhp,5.0
Maruti,Ciaz,2017.0,650000.0,60000,Diesel,Individual,Manual,First Owner,28.09 kmpl,1248 CC,88.5 bhp,5.0
,Captur,2017.0,900000.0,50000,Diesel,Individual,Manual,First Owner,20.37 kmpl,1461 CC,108.45 bhp,5.0
Ford,Fiesta,2009.0,190000.0,100000,Diesel,Individual,Manual,Second Owner,17.8 kmpl,1399 CC,67 bhp,5.0
Hyundai,i20,2017.0,715000.0,60000,Diesel,Individual,Manual,First Owner,21.19 kmpl,1396 CC,88.73 bhp,5.0
Tata,Indigo,2013.0,227999.0,60000,Diesel,Individual,Manual,Second Owner,25.0 kmpl,1396 CC,69.01 bhp,5.0
Chevrolet,Beat,2015.0,200000.0,40000,Diesel,Individual,Manual,First Owner,25.44 kmpl,936 CC,56.3 bhp,5.0
Maruti,Wagon,2017.0,400000.0,110000,CNG,Individual,Manual,First Owner,26.6 km/kg,998 CC,58.16 bhp,5.0
Maruti,Ertiga,2016.0,725000.0,110000,Diesel,Individual,Manual,First Owner,24.52 kmpl,1248 CC,88.5 bhp,7.0
Ford,Figo,2014.0,300000.0,80000,Diesel,Individual,Manual,First Owner,20.0 kmpl,1399 CC,68.05 bhp,5.0
Toyota,Innova,2016.0,1151000.0,69500,Diesel,Individual,Manual,Second Owner,12.99 kmpl,2494 CC,100.6 bhp,8.0
Datsun,GO,2014.0,225000.0,33000,Petrol,Individual,Manual,First Owner,20.63 kmpl,1198 CC,67 bhp,5.0
Hyundai,i10,2016.0,380000.0,80000,Petrol,Individual,Manual,First Owner,19.81 kmpl,1086 CC,68.05 bhp,5.0
Hyundai,Elite,2019.0,630000.0,5000,Petrol,Individual,Manual,First Owner,18.6 kmpl,1197 CC,81.86 bhp,5.0
Hyundai,,2014.0,351000.0,25000,Petrol,Individual,Manual,First Owner,20.36 kmpl,1197 CC,78.9 bhp,5.0
Skoda,Fabia,2012.0,199000.0,50000,Diesel,Individual,Manual,Second Owner,20.86 kmpl,1199 CC,75 bhp,5.0
Tata,Hexa,2017.0,850000.0,50000,Diesel,Individual,Manual,First Owner,17.6 kmpl,2179 CC,147.94 bhp,7.0
Tata,Indica,2010.0,105000.0,120000,Diesel,Individual,Manual,Second Owner,18.0 kmpl,1248 CC,75 bhp,5.0
Tata,Manza,2010.0,300000.0,120000,Diesel,Individual,Manual,Third Owner,18.8 kmpl,1248 CC,90 bhp,5.0
Toyota,Innova,2016.0,950000.0,80000,Diesel,Individual,Manual,First Owner,12.99 kmpl,2494 CC,100.6 bhp,7.0
Mahindra,TUV,2015.0,430000.0,110000,Diesel,Individual,Manual,Second Owner,18.49 kmpl,1493 CC,100 bhp,7.0
Ford,Endeavour,2016.0,2100000.0,80000,Diesel,Individual,Automatic,First Owner,10.91 kmpl,3198 CC,197 bhp,7.0
Hyundai,Grand,2018.0,540000.0,30000,Diesel,Individual,Manual,First Owner,24.0 kmpl,1186 CC,73.97 bhp,5.0
Hyundai,Santro,2012.0,175000.0,60000,LPG,Individual,Manual,Second Owner,17.8 km/kg,1086 CC,63 bhp,5.0
Hyundai,Creta,2018.0,1150000.0,44000,Diesel,Individual,Automatic,First Owner,17.01 kmpl,1582 CC,126.2 bhp,5.0
Maruti,Alto,2020.0,350000.0,5000,Petrol,Individual,Manual,First Owner,22.05 kmpl,796 CC,47.3 bhp,5.0
Hyundai,Elite,2019.0,690000.0,18000,Petrol,Individual,Manual,First Owner,18.6 kmpl,1197 CC,81.86 bhp,5.0
Hyundai,i20,2015.0,535000.0,80000,Diesel,Individual,Manual,First Owner,22.54 kmpl,1396 CC,88.73 bhp,5.0
Maruti,Vitara,2016.0,,100000,Diesel,Individual,Manual,First Owner,24.3 kmpl,1248 CC,88.5 bhp,5.0
Hyundai,EON,2016.0,280000.0,19000,Petrol,Individual,Manual,First Owner,21.1 kmpl,814 CC,55.2 bhp,5.0
Maruti,,2019.0,650000.0,33000,Petrol,Individual,Automatic,First Owner,21.21 kmpl,1197 CC,81.80 bhp,5.0
Toyota,Innova,2012.0,520000.0,162000,Diesel,Individual,Manual,Fourth & Above Owner,12.8 kmpl,2494 CC,102 bhp,7.0
Hyundai,Xcent,2020.0,360000.0,65000,Petrol,Individual,Manual,Second Owner,20.14 kmpl,1197 CC,81.86 bhp,5.0
Maruti,Swift,2011.0,250000.0,170000,Diesel,Individual,Manual,First Owner,19.3 kmpl,1248 CC,73.9 bhp,5.0
Volkswagen,Ameo,2017.0,575000.0,40000,Diesel,Individual,Manual,First Owner,21.66 kmpl,1498 CC,108.62 bhp,5.0
Tata,Indigo,2012.0,170000.0,120000,Diesel,Individual,Manual,Third Owner,19.09 kmpl,1396 CC,69 bhp,5.0
Maruti,Vitara,2017.0,711000.0,53000,Diesel,Individual,Manual,First Owner,24.3 kmpl,1248 CC,88.5 bhp,5.0
Maruti,Wagon,2013.0,250000.0,90000,Petrol,Individual,Manual,First Owner,18.9 kmpl,998 CC,67.1 bhp,5.0
,Swift,2017.0,675000.0,35000,Diesel,Individual,Manual,First Owner,26.59 kmpl,1248 CC,74 bhp,5.0
Maruti,Wagon,2016.0,325000.0,50000,Petrol,Individual,Manual,First Owner,20.51 kmpl,998 CC,67.04 bhp,5.0
Maruti,Alto,2016.0,250000.0,20000,Petrol,Individual,Manual,First Owner,22.74 kmpl,796 CC,47.3 bhp,5.0
Maruti,Swift,2019.0,740000.0,38000,Diesel,Individual,Automatic,First Owner,28.4 kmpl,1248 CC,74 bhp,5.0
Honda,CR-V,2017.0,1750000.0,73000,Petrol,Dealer,Automatic,First Owner,12.0 kmpl,2354 CC,187.4 bhp,5.0
Maruti,Ciaz,2017.0,800000.0,28050,Diesel,Dealer,Manual,First Owner,28.09 kmpl,1248 CC,88.5 bhp,5.0
Honda,CR-V,2017.0,1825000.0,58000,Petrol,Dealer,Automatic,First Owner,12.0 kmpl,2354 CC,187.4 bhp,5.0
Tata,Hexa,2017.0,1295000.0,58000,Diesel,Dealer,Automatic,First Owner,17.6 kmpl,2179 CC,153.86 bhp,7.0
Renault,Duster,2014.0,425000.0,69000,Diesel,Dealer,Manual,First Owner,19.87 kmpl,1461 CC,83.8 bhp,5.0
Mercedes-Benz,GL-Class,2016.0,4090000.0,70000,Diesel,Dealer,Automatic,First Owner,12.0 kmpl,2987 CC,224 bhp,7.0
Hyundai,Creta,2015.0,910000.0,40000,Diesel,Dealer,Automatic,First Owner,17.6 kmpl,1582 CC,126.2 bhp,5.0
Mahindra,Bolero,2011.0,325000.0,142000,Diesel,Individual,Manual,First Owner,15.96 kmpl,2523 CC,62.1 bhp,7.0
Maruti,Swift,2016.0,500000.0,22947,Petrol,Individual,Manual,First Owner,20.4 kmpl,1197 CC,81.80 bhp,5.0
Hyundai,i10,2013.0,300000.0,30000,Petrol,Individual,Manual,Second Owner,20.36 kmpl,1197 CC,78.9 bhp,5.0
Hyundai,EON,2016.0,270000.0,7672,Petrol,Individual,Manual,First Owner,21.1 kmpl,814 CC,55.2 bhp,5.0
Maruti,Alto,2010.0,160000.0,36659,Petrol,Individual,Manual,First Owner,19.7 kmpl,796 CC,46.3 bhp,5.0
Maruti,Omni,2016.0,210000.0,60000,Petrol,Individual,Manual,First Owner,16.8 kmpl,796 CC,34.2 bhp,8.0
Mahindra,XUV500,2014.0,880000.0,120000,Diesel,Individual,Manual,First Owner,15.1 kmpl,2179 CC,140 bhp,7.0
Maruti,Zen,2010.0,150000.0,39000,Petrol,Individual,Manual,First Owner,16.9 kmpl,1061 CC,64.9 bhp,5.0
Mahindra,TUV,2015.0,775000.0,45000,Diesel,Individual,Automatic,First Owner,18.49 kmpl,1493 CC,100 bhp,7.0
Maruti,Alto,2009.0,160000.0,70000,Petrol,Individual,Manual,Third Owner,19.7 kmpl,796 CC,46.3 bhp,5.0
Ford,Figo,2012.0,220000.0,100000,Diesel,Individual,Manual,Second Owner,20.0 kmpl,1399 CC,68 bhp,5.0
Hyundai,i20,2017.0,670000.0,48000,Diesel,Individual,Manual,First Owner,22.54 kmpl,1396 CC,88.73 bhp,5.0
Hyundai,i20,2018.0,780000.0,35000,Diesel,Individual,Manual,First Owner,22.54 kmpl,1396 CC,88.73 bhp,5.0
Maruti,Baleno,2017.0,515000.0,23000,Petrol,Individual,Manual,First Owner,21.4 kmpl,1197 CC,83.1 bhp,5.0
Hyundai,i20,2017.0,,14000,Diesel,Individual,Manual,First Owner,22.54 kmpl,1396 CC,88.73 bhp,5.0
Mahindra,XUV500,2014.0,850000.0,60000,Diesel,Individual,Manual,First Owner,15.1 kmpl,2179 CC,140 bhp,7.0
Hyundai,EON,2013.0,200000.0,60000,Petrol,Individual,Manual,Second Owner,21.1 kmpl,814 CC,55.2 bhp,5.0
Skoda,Fabia,2008.0,140000.0,150000,Diesel,Individual,Manual,Third Owner,19.4 kmpl,1422 CC,70 bhp,5.0
Hyundai,Verna,2016.0,,80000,Petrol,Individual,Automatic,Second Owner,17.01 kmpl,1591 CC,121.3 bhp,5.0
Maruti,Alto,2013.0,250000.0,35000,Petrol,Individual,Manual,First Owner,20.92 kmpl,998 CC,67.1 bhp,5.0
Maruti,S-Cross,2017.0,800000.0,44500,Diesel,Individual,Manual,First Owner,25.1 kmpl,1248 CC,88.5 bhp,5.0
Maruti,Ciaz,2015.0,600000.0,60000,Diesel,Individual,Manual,Third Owner,26.21 kmpl,1248 CC,88.5 bhp,5.0
Renault,Fluence,2012.0,250000.0,120000,Diesel,Individual,Manual,Third Owner,21.8 kmpl,1461 CC,78 bhp,5.0
Honda,Amaze,2016.0,500000.0,80000,Diesel,Individual,Manual,Second Owner,25.8 kmpl,1498 CC,98.6 bhp,5.0
Maruti,Gypsy,2019.0,750000.0,9900,Petrol,Individual,Manual,First Owner,11.96 kmpl,1298 CC,80 bhp,8.0
Maruti,Swift,2014.0,,68000,Diesel,Individual,Manual,First Owner,22.9 kmpl,1248 CC,74 bhp,5.0
Honda,BRV,2016.0,950000.0,60000,Diesel,Individual,Manual,First Owner,21.9 kmpl,1498 CC,98.6 bhp,7.0
Chevrolet,Tavera,2015.0,580000.0,110000,Diesel,Individual,Manual,Second Owner,13.58 kmpl,2499 CC,72.4 bhp,10.0
Hyundai,Grand,2019.0,640000.0,10000,Petrol,Individual,Manual,First Owner,18.9 kmpl,1197 CC,81.86 bhp,5.0
Mahindra,Scorpio,2014.0,800000.0,80000,Diesel,Individual,Automatic,First Owner,11.79 kmpl,2179 CC,120 bhp,8.0
Maruti,A-Star,2011.0,,30000,Petrol,Individual,Manual,First Owner,19.0 kmpl,998 CC,66.1 bhp,5.0
Mahindra,XUV500,2014.0,1000000.0,120000,Diesel,Individual,Manual,Third Owner,15.1 kmpl,2179 CC,140 bhp,7.0
Hyundai,EON,2016.0,300000.0,35000,Petrol,Individual,Manual,First Owner,21.1 kmpl,814 CC,55.2 bhp,5.0
Tata,Tigor,2017.0,,40000,Petrol,Individual,Manual,First Owner,20.3 kmpl,1199 CC,84 bhp,5.0
Hyundai,Grand,2014.0,370000.0,60000,Petrol,Individual,Manual,First Owner,18.9 kmpl,1197 CC,82 bhp,5.0
Maruti,Swift,2008.0,250000.0,90000,Diesel,Individual,Manual,Fourth & Above Owner,19.3 kmpl,1248 CC,73.9 bhp,5.0
Datsun,RediGO,2017.0,300000.0,20000,Petrol,Individual,Manual,First Owner,22.5 kmpl,999 CC,67 bhp,5.0
Renault,KWID,2017.0,450000.0,40000,Petrol,Individual,Automatic,First Owner,24.04 kmpl,999 CC,67 bhp,5.0
Ford,Figo,2010.0,185000.0,124316,Diesel,Dealer,Manual,Second Owner,20.0 kmpl,1399 CC,68 bhp,5.0
,XUV300,2019.0,1225000.0,6544,Diesel,Individual,Manual,First Owner,20.0 kmpl,1497 CC,115 bhp,5.0
Toyota,,2015.0,1000000.0,50000,Diesel,Individual,Manual,First Owner,12.99 kmpl,2494 CC,100.6 bhp,8.0
Hyundai,i20,2016.0,,10000,Petrol,Individual,Manual,First Owner,18.6 kmpl,1197 CC,81.83 bhp,5.0
Mahindra,XUV500,2018.0,1100000.0,50000,Diesel,Individual,Manual,First Owner,15.1 kmpl,2179 CC,152.87 bhp,7.0
Hyundai,Grand,2015.0,360000.0,30000,Petrol,Individual,Manual,Second Owner,18.9 kmpl,1197 CC,81.86 bhp,5.0
Maruti,Swift,2012.0,285000.0,69000,Petrol,Individual,Manual,First Owner,17.5 kmpl,1298 CC,85.8 bhp,5.0
Mahindra,,2016.0,350000.0,49600,Diesel,Individual,Manual,Second Owner,25.32 kmpl,1198 CC,77 bhp,6.0
Hyundai,i10,2008.0,130000.0,30000,Petrol,Individual,Manual,Second Owner,19.81 kmpl,1086 CC,68.05 bhp,5.0
Chevrolet,Enjoy,2016.0,500000.0,198000,Diesel,Individual,Manual,First Owner,18.2 kmpl,1248 CC,73.74 bhp,8.0
Hyundai,i20,2010.0,350000.0,80000,Petrol,Individual,Manual,First Owner,17.0 kmpl,1197 CC,80 bhp,5.0
Maruti,Baleno,2019.0,685000.0,19000,Petrol,Individual,Automatic,First Owner,21.4 kmpl,1197 CC,83.1 bhp,5.0
Maruti,Eeco,2020.0,399000.0,5000,CNG,Individual,Manual,First Owner,21.94 km/kg,1196 CC,61.7 bhp,5.0
Hyundai,Grand,2017.0,525000.0,10000,Petrol,Individual,Manual,First Owner,18.9 kmpl,1197 CC,81.86 bhp,5.0
Maruti,Ertiga,2017.0,765000.0,40000,Petrol,Individual,Manual,First Owner,17.5 kmpl,1373 CC,91.1 bhp,7.0
Maruti,Swift,2012.0,450000.0,97000,Diesel,Individual,Manual,Third Owner,22.9 kmpl,1248 CC,74 bhp,5.0
Nissan,Micra,2014.0,390000.0,30000,Petrol,Individual,Manual,First Owner,19.69 kmpl,1198 CC,67.04 bhp,5.0
Maruti,Ertiga,2017.0,940000.0,120000,Diesel,Individual,Manual,First Owner,24.52 kmpl,1248 CC,88.5 bhp,7.0
Renault,Duster,2013.0,650000.0,120000,Diesel,Individual,Manual,Second Owner,19.01 kmpl,1461 CC,108.45 bhp,5.0
Ford,Figo,2012.0,320000.0,103994,Diesel,Individual,Manual,Fourth & Above Owner,20.0 kmpl,1399 CC,68 bhp,5.0
Toyota,Corolla,2003.0,145000.0,70000,Petrol,Individual,Manual,Second Owner,13.4 kmpl,1794 CC,125 bhp,5.0
Ford,Figo,2017.0,670000.0,70000,Diesel,Individual,Manual,First Owner,25.83 kmpl,1498 CC,99 bhp,5.0
Maruti,SX4,2011.0,350000.0,115000,Diesel,Individual,Manual,Fourth & Above Owner,21.5 kmpl,1248 CC,88.8 bhp,5.0
Tata,Indica,2012.0,285000.0,178000,Diesel,Individual,Manual,Second Owner,22.3 kmpl,1248 CC,74 bhp,5.0
Maruti,Zen,2011.0,,40000,Petrol,Individual,Manual,Third Owner,19.0 kmpl,998 CC,67.1 bhp,5.0
Ford,Figo,2011.0,300000.0,80000,Diesel,Individual,Manual,First Owner,20.0 kmpl,1399 CC,68 bhp,5.0
Audi,Q7,2009.0,810000.0,98000,Diesel,Individual,Automatic,Fourth & Above Owner,12.07 kmpl,2967 CC,241.4 bhp,7.0
Tata,Indica,2009.0,90000.0,118000,Diesel,Individual,Manual,Second Owner,16.8 kmpl,1405 CC,62 bhp,5.0
Maruti,Alto,2004.0,100000.0,100000,Petrol,Individual,Manual,Second Owner,19.7 kmpl,796 CC,46.3 bhp,5.0
Tata,Indica,2009.0,90000.0,120000,Diesel,Individual,Manual,Second Owner,17.88 kmpl,1396 CC,52.8 bhp,5.0
Mahindra,Scorpio,2013.0,459999.0,120000,Diesel,Individual,Manual,Second Owner,13.5 kmpl,2609 CC,115 bhp,5.0
Toyota,Innova,2009.0,525000.0,217000,Diesel,Individual,Manual,Fourth & Above Owner,12.8 kmpl,2494 CC,102 bhp,8.0
Maruti,Wagon,2011.0,250000.0,65000,Petrol,Individual,Manual,Second Owner,18.9 kmpl,998 CC,67.1 bhp,5.0
Hyundai,i10,2012.0,300000.0,41000,Petrol,Individual,Manual,Second Owner,20.36 kmpl,1197 CC,78.9 bhp,5.0
Maruti,Swift,2005.0,130000.0,120000,Petrol,Individual,Manual,Second Owner,16.1 kmpl,1298 CC,88.2 bhp,5.0
Maruti,Alto,2011.0,199000.0,70000,Petrol,Individual,Manual,Third Owner,20.92 kmpl,998 CC,67.1 bhp,5.0
Renault,Duster,2012.0,545000.0,90000,Diesel,Individual,Manual,Second Owner,20.46 kmpl,1461 CC,83.8 bhp,5.0
Maruti,Ertiga,2014.0,570000.0,80000,Diesel,Individual,Manual,Second Owner,20.77 kmpl,1248 CC,88.8 bhp,7.0
Honda,City,2006.0,150000.0,120000,Petrol,Individual,Manual,Second Owner,16.9 kmpl,1497 CC,100 bhp,5.0
Maruti,Alto,2009.0,114999.0,100000,Petrol,Individual,Manual,First Owner,19.7 kmpl,796 CC,46.3 bhp,5.0
Tata,Tigor,2018.0,450000.0,35000,Petrol,Individual,Manual,First Owner,20.3 kmpl,1199 CC,84 bhp,5.0
,Triber,,600000.0,5000,Petrol,Individual,Manual,First Owner,20.0 kmpl,999 CC,72 bhp,7.0
Maruti,Vitara,2016.0,610000.0,110000,Diesel,Individual,Manual,First Owner,24.3 kmpl,1248 CC,88.5 bhp,5.0
Hyundai,i20,2017.0,690000.0,20000,Petrol,Individual,Manual,First Owner,18.6 kmpl,1197 CC,81.83 bhp,5.0
Tata,Nexon,2018.0,790000.0,15000,Petrol,Individual,Manual,First Owner,17.0 kmpl,1198 CC,108.5 bhp,5.0
Maruti,Alto,2014.0,254999.0,40000,Petrol,Individual,Manual,Second Owner,20.92 kmpl,998 CC,67.1 bhp,5.0
Honda,Jazz,2016.0,500000.0,41000,Petrol,Individual,Manual,First Owner,18.7 kmpl,1199 CC,88.7 bhp,5.0
Mahindra,Bolero,2011.0,340000.0,100000,Diesel,Individual,Manual,Second Owner,13.6 kmpl,2523 CC,63 bhp,7.0
Mahindra,Bolero,2007.0,245000.0,110000,Diesel,Individual,Manual,Third Owner,13.6 kmpl,2523 CC,63 bhp,7.0
Ford,Fiesta,2012.0,340000.0,120000,Diesel,Individual,Manual,Third Owner,17.8 kmpl,1399 CC,67 bhp,5.0
Maruti,Wagon,2008.0,221000.0,35008,Petrol,Dealer,Manual,First Owner,21.79 kmpl,998 CC,67.05 bhp,5.0
Datsun,RediGO,2017.0,270000.0,31100,Petrol,Dealer,Manual,First Owner,22.7 kmpl,799 CC,53.64 bhp,5.0
Hyundai,Xcent,2014.0,455000.0,42312,Diesel,Dealer,Manual,First Owner,24.4 kmpl,1120 CC,71 bhp,5.0
Toyota,Etios,2011.0,300000.0,72000,Petrol,Dealer,Manual,First Owner,17.6 kmpl,1496 CC,88.7 bhp,5.0
Toyota,Etios,2014.0,480000.0,54891,Diesel,Dealer,Manual,First Owner,23.59 kmpl,1364 CC,67.04 bhp,5.0
Hyundai,Verna,2018.0,1000000.0,30000,Diesel,Individual,Automatic,First Owner,22.0 kmpl,1582 CC,126.2 bhp,5.0
BMW,3,2017.0,2600000.0,44000,Diesel,Dealer,Automatic,First Owner,22.69 kmpl,1995 CC,190 bhp,5.0
Toyota,Innova,2017.0,1850000.0,18890,Diesel,Dealer,Automatic,First Owner,11.36 kmpl,2755 CC,171.5 bhp,7.0
Renault,Koleos,2013.0,1000000.0,75010,Diesel,Dealer,Automatic,First Owner,13.73 kmpl,1995 CC,148 bhp,5.0
Renault,Pulse,2012.0,245000.0,100000,Diesel,Dealer,Manual,First Owner,23.08 kmpl,1461 CC,63.1 bhp,5.0
Hyundai,Grand,2019.0,625000.0,4337,Petrol,Dealer,Automatic,First Owner,18.9 kmpl,1197 CC,82 bhp,5.0
Volkswagen,Polo,2018.0,560000.0,14495,Petrol,Dealer,Manual,First Owner,18.78 kmpl,999 CC,75 bhp,5.0
Mahindra,XUV500,,1475000.0,24000,Diesel,Dealer,Manual,First Owner,15.1 kmpl,2179 CC,152.87 bhp,7.0
Toyota,Corolla,2010.0,425000.0,83585,Diesel,Dealer,Manual,First Owner,21.43 kmpl,1364 CC,87.2 bhp,5.0
Volkswagen,Polo,2014.0,550000.0,31000,Petrol,Dealer,Automatic,Second Owner,17.21 kmpl,1197 CC,103.6 bhp,5.0
Toyota,Innova,2016.0,1475000.0,100000,Diesel,Dealer,Manual,First Owner,13.68 kmpl,2393 CC,147.8 bhp,7.0
Renault,Duster,2017.0,750000.0,48406,Diesel,Dealer,Manual,First Owner,19.87 kmpl,1461 CC,83.8 bhp,5.0
Hyundai,i20,2016.0,570000.0,56239,Diesel,Dealer,Manual,First Owner,22.54 kmpl,1396 CC,88.73 bhp,5.0
Maruti,Baleno,2015.0,585000.0,33243,Petrol,Dealer,Manual,First Owner,21.4 kmpl,1197 CC,83.1 bhp,5.0
Honda,Jazz,2016.0,600000.0,26000,Petrol,Dealer,Automatic,First Owner,19.0 kmpl,1199 CC,88.7 bhp,5.0
Hyundai,i20,2016.0,,120000,Petrol,Individual,Manual,Second Owner,17.19 kmpl,1197 CC,81.86 bhp,5.0
Ford,Ikon,2005.0,150000.0,15858,Petrol,Individual,Manual,First Owner,13.8 kmpl,1299 CC,70 bhp,5.0
Maruti,Alto,2017.0,310000.0,15000,Petrol,Individual,Manual,First Owner,24.7 kmpl,796 CC,47.3 bhp,5.0
Chevrolet,Tavera,2014.0,500000.0,50000,Diesel,Individual,Manual,First Owner,13.58 kmpl,2499 CC,72.4 bhp,9.0
Chevrolet,Beat,2013.0,200000.0,60000,Diesel,Individual,Manual,Second Owner,25.44 kmpl,936 CC,57.6 bhp,5.0
Renault,Lodgy,2018.0,900000.0,35000,Diesel,Individual,Manual,First Owner,21.04 kmpl,1461 CC,83.8 bhp,7.0
Ambassador,CLASSIC,2000.0,75000.0,90000,Diesel,Individual,Manual,Second Owner,12.8 kmpl,1489 CC,35.5 bhp,5.0
Maruti,Swift,2015.0,400000.0,50000,Petrol,Individual,Manual,First Owner,20.4 kmpl,1197 CC,83.11 bhp,5.0
Honda,Mobilio,2015.0,650000.0,110000,Diesel,Individual,Manual,First Owner,24.5 kmpl,1498 CC,98.6 bhp,7.0
Maruti,Swift,2015.0,480000.0,87847,Diesel,Dealer,Manual,First Owner,28.4 kmpl,1248 CC,74 bhp,5.0
Maruti,Alto,2009.0,140000.0,35000,Petrol,Individual,Manual,First Owner,19.7 kmpl,796 CC,46.3 bhp,5.0
Maruti,Wagon,2017.0,380000.0,29000,Petrol,Individual,Automatic,First Owner,20.51 kmpl,998 CC,67 bhp,5.0
Tata,Indigo,2016.0,440000.0,20000,Diesel,Individual,Manual,First Owner,19.09 kmpl,1405 CC,69.01 bhp,5.0
Maruti,Swift,2018.0,630000.0,15000,Petrol,Individual,Manual,First Owner,21.21 kmpl,1197 CC,81.80 bhp,5.0
Renault,KWID,2017.0,250000.0,40000,Petrol,Individual,Manual,First Owner,25.17 kmpl,799 CC,53.3 bhp,5.0
Maruti,Alto,2009.0,120000.0,17000,Petrol,Individual,Manual,First Owner,19.7 kmpl,796 CC,46.3 bhp,5.0
Tata,Manza,2012.0,287000.0,120000,Diesel,Individual,Manual,First Owner,21.12 kmpl,1248 CC,88.8 bhp,5.0
Maruti,Baleno,2016.0,550000.0,45000,Petrol,Individual,Manual,First Owner,21.4 kmpl,1197 CC,83.1 bhp,5.0
Mahindra,Scorpio,2016.0,950000.0,60000,Diesel,Individual,Manual,Third Owner,15.4 kmpl,1997 CC,120 bhp,7.0
Tata,Harrier,2019.0,1630000.0,25000,Diesel,Individual,Manual,First Owner,17.0 kmpl,1956 CC,138.1 bhp,5.0
Ford,Fiesta,2015.0,501000.0,80000,Diesel,Individual,Manual,Second Owner,25.01 kmpl,1498 CC,89.75 bhp,5.0
Mahindra,Bolero,2014.0,550000.0,70000,Diesel,Individual,Manual,First Owner,15.96 kmpl,2523 CC,62.1 bhp,7.0
Maruti,Alto,2016.0,300000.0,25000,Petrol,Individual,Manual,First Owner,22.74 kmpl,796 CC,47.3 bhp,5.0
Maruti,Wagon,2015.0,300000.0,50000,Petrol,Individual,Manual,Third Owner,20.51 kmpl,998 CC,67.04 bhp,5.0
Chevrolet,Sail,2016.0,550000.0,15000,Petrol,Individual,Manual,First Owner,18.2 kmpl,1199 CC,82.4 bhp,5.0
Mahindra,XUV500,2012.0,700000.0,100000,Diesel,Individual,Manual,Second Owner,15.1 kmpl,2179 CC,140 bhp,
Tata,Indigo,2011.0,181000.0,70000,Petrol,Individual,Manual,First Owner,15.64 kmpl,1193 CC,64.1 bhp,5.0
Mahindra,Scorpio,2009.0,365000.0,110000,Diesel,Individual,Automatic,Second Owner,11.79 kmpl,2179 CC,120 bhp,8.0
Maruti,Alto,2017.0,400000.0,10000,Petrol,Individual,Automatic,First Owner,23.95 kmpl,998 CC,67.1 bhp,5.0
Hyundai,i10,2010.0,210000.0,110000,Petrol,Individual,Manual,First Owner,20.36 kmpl,1197 CC,78.9 bhp,5.0
Hyundai,Verna,2013.0,500000.0,87000,Diesel,Individual,Manual,Second Owner,22.32 kmpl,1582 CC,126.32 bhp,5.0
,XE,2017.0,2711000.0,9000,Diesel,Dealer,Automatic,First Owner,13.6 kmpl,1999 CC,177 bhp,5.0
Tata,,2017.0,550000.0,120000,Petrol,Individual,Manual,First Owner,17.57 kmpl,1193 CC,88.7 bhp,5.0
Maruti,Ertiga,2013.0,509999.0,148000,Diesel,Individual,Manual,First Owner,20.77 kmpl,1248 CC,88.8 bhp,7.0
Hyundai,i20,2013.0,459999.0,60000,Diesel,Individual,Manual,Second Owner,21.27 kmpl,1396 CC,88.76 bhp,5.0
Maruti,Alto,2015.0,310000.0,18000,Petrol,Individual,Manual,First Owner,22.74 kmpl,796 CC,47.3 bhp,5.0
Tata,Zest,2018.0,775000.0,80000,Diesel,Individual,Manual,First Owner,22.95 kmpl,1248 CC,74 bhp,5.0
Maruti,,2004.0,105000.0,96000,Petrol,Individual,Manual,Third Owner,19.7 kmpl,796 CC,46.3 bhp,5.0
Honda,Amaze,2015.0,430000.0,97000,Diesel,Individual,Manual,Second Owner,25.8 kmpl,1498 CC,98.6 bhp,5.0
Hyundai,i20,2013.0,360000.0,210000,Diesel,Individual,Manual,Third Owner,21.9 kmpl,1396 CC,88.76 bhp,5.0
Volkswagen,Vento,2012.0,400000.0,60000,Diesel,Individual,Manual,Third Owner,20.5 kmpl,1598 CC,105 bhp,5.0
Maruti,Swift,2014.0,600000.0,90000,Diesel,Individual,Manual,First Owner,23.4 kmpl,1248 CC,74 bhp,5.0
,,2019.0,580000.0,35000,Petrol,Individual,Manual,First Owner,17.5 kmpl,1199 CC,88.7 bhp,5.0
Mahindra,Verito,2012.0,140000.0,120000,Diesel,Individual,Manual,Second Owner,21.03 kmpl,1461 CC,65 bhp,5.0
Tata,Indigo,2008.0,210000.0,100000,Diesel,Individual,Manual,First Owner,19.61 kmpl,1405 CC,70 bhp,5.0
Hyundai,Grand,2017.0,550000.0,20000,Petrol,Individual,Manual,First Owner,18.9 kmpl,1197 CC,82 bhp,5.0
Chevrolet,Sail,2013.0,120000.0,110000,Petrol,Individual,Manual,Second Owner,18.2 kmpl,1199 CC,84.8 bhp,5.0
Toyota,Innova,2013.0,400000.0,35000,Diesel,Individual,Manual,First Owner,12.99 kmpl,2494 CC,100.6 bhp,7.0
Honda,WR-V,,1035000.0,15000,Diesel,Individual,Manual,First Owner,25.5 kmpl,1498 CC,98.6 bhp,5.0
Maruti,Ciaz,2015.0,625000.0,90000,Diesel,Individual,Manual,First Owner,26.21 kmpl,1248 CC,88.5 bhp,5.0
Hyundai,,2008.0,200000.0,40000,Petrol,Individual,Manual,First Owner,20.36 kmpl,1197 CC,78.9 bhp,5.0
Tata,Manza,2013.0,316000.0,140000,Diesel,Individual,Manual,First Owner,21.02 kmpl,1248 CC,88.76 bhp,5.0
Maruti,Vitara,2017.0,813000.0,110000,Diesel,Individual,Manual,First Owner,24.3 kmpl,1248 CC,88.5 bhp,5.0
Toyota,Innova,2016.0,1575000.0,55000,Diesel,Individual,Automatic,First Owner,11.36 kmpl,2755 CC,171.5 bhp,7.0
Toyota,Innova,2013.0,900000.0,73000,Diesel,Individual,Manual,First Owner,12.99 kmpl,2494 CC,100 bhp,8.0
Maruti,Ertiga,2015.0,650000.0,100000,Diesel,Individual,Manual,First Owner,20.77 kmpl,1248 CC,88.76 bhp,7.0
Ford,Figo,2015.0,459999.0,32000,Diesel,Individual,Manual,Second Owner,25.83 kmpl,1498 CC,99 bhp,5.0
Nissan,Sunny,2012.0,290000.0,112072,Diesel,Individual,Manual,First Owner,21.64 kmpl,1461 CC,84.8 bhp,5.0
Ford,,2014.0,400000.0,30000,Diesel,Individual,Manual,First Owner,20.0 kmpl,1399 CC,68.05 bhp,5.0
Maruti,Swift,2016.0,565000.0,70000,Diesel,Individual,Manual,Second Owner,25.2 kmpl,1248 CC,74 bhp,5.0
Chevrolet,Spark,2009.0,150000.0,80000,Petrol,Individual,Manual,Second Owner,18.0 kmpl,995 CC,62 bhp,5.0
BMW,,2007.0,480000.0,110000,Diesel,Individual,Automatic,Fourth & Above Owner,16.07 kmpl,1995 CC,181 bhp,5.0
Maruti,Zen,2007.0,70000.0,80000,Petrol,Individual,Manual,Second Owner,18.2 kmpl,1061 CC,64 bhp,5.0
Mercedes-Benz,E-Class,2011.0,1190000.0,80000,Petrol,Individual,Automatic,Second Owner,10.93 kmpl,2497 CC,204 bhp,5.0
Ford,EcoSport,2018.0,900000.0,19000,Diesel,Individual,Manual,First Owner,23.0 kmpl,1498 CC,98.96 bhp,5.0
Hyundai,i20,2015.0,600000.0,40000,Diesel,Individual,Manual,First Owner,22.54 kmpl,1396 CC,88.73 bhp,5.0
Mahindra,Scorpio,2015.0,1100000.0,52269,Diesel,Individual,Manual,First Owner,15.4 kmpl,2179 CC,120 bhp,7.0
Maruti,Omni,2010.0,120000.0,170000,LPG,Individual,Manual,Second Owner,10.9 km/kg,796 CC,32.8 bhp,5.0
Hyundai,i20,2009.0,229999.0,60000,Petrol,Individual,Manual,Third Owner,18.5 kmpl,1197 CC,80 bhp,5.0
Honda,Amaze,2017.0,570000.0,15780,Petrol,Individual,Manual,First Owner,17.8 kmpl,1198 CC,86.7 bhp,5.0
Hyundai,Verna,2014.0,575000.0,106000,Diesel,Individual,Manual,First Owner,22.32 kmpl,1582 CC,126.32 bhp,5.0
Volkswagen,Vento,2012.0,280000.0,80000,Diesel,Individual,Manual,Third Owner,20.54 kmpl,1598 CC,103.6 bhp,5.0
Hyundai,i20,2015.0,580000.0,74000,Diesel,Individual,Manual,Second Owner,21.19 kmpl,1396 CC,88.73 bhp,5.0
Maruti,Ertiga,2018.0,875000.0,35000,Diesel,Individual,Manual,Second Owner,25.47 kmpl,1248 CC,88.50 bhp,7.0
Hyundai,Verna,2013.0,500000.0,70000,Diesel,Individual,Manual,Third Owner,22.32 kmpl,1582 CC,126.32 bhp,5.0
Maruti,Ciaz,2015.0,700000.0,60000,Diesel,Individual,Manual,First Owner,26.21 kmpl,1248 CC,88.5 bhp,5.0
Ford,Figo,2016.0,388000.0,50000,Petrol,Individual,Manual,Second Owner,18.16 kmpl,1196 CC,86.8 bhp,5.0
Hyundai,i10,2011.0,225000.0,80000,Petrol,Individual,Manual,Second Owner,20.36 kmpl,1197 CC,78.9 bhp,5.0
Tata,Indigo,2011.0,90000.0,90000,Petrol,Individual,Manual,Second Owner,15.64 kmpl,1193 CC,64.08 bhp,5.0
Renault,Duster,2014.0,600000.0,114000,Diesel,Individual,Manual,First Owner,19.01 kmpl,1461 CC,108.45 bhp,5.0
Hyundai,i20,2009.0,235000.0,100000,Petrol,Individual,Manual,First Owner,18.5 kmpl,1197 CC,80 bhp,5.0
Hyundai,i20,2011.0,350000.0,100000,Diesel,Individual,Manual,Second Owner,23.0 kmpl,1396 CC,90 bhp,5.0
Hyundai,i10,2011.0,235000.0,80000,Petrol,Individual,Manual,Second Owner,20.36 kmpl,1197 CC,78.9 bhp,5.0
Maruti,Alto,2010.0,190000.0,35000,Petrol,Individual,Manual,First Owner,19.7 kmpl,796 CC,46.3 bhp,5.0
Tata,Manza,2011.0,,79000,Diesel,Individual,Manual,First Owner,21.12 kmpl,1248 CC,88.8 bhp,5.0
Hyundai,i20,2007.0,550000.0,2360457,Petrol,Individual,Manual,Second Owner,18.6 kmpl,1197 CC,81.83 bhp,5.0
Volkswagen,Vento,2011.0,300000.0,120000,Diesel,Individual,Manual,Third Owner,20.54 kmpl,1598 CC,103.6 bhp,5.0
Tata,Tigor,2017.0,,10000,Petrol,Individual,Manual,First Owner,20.3 kmpl,1199 CC,84 bhp,5.0
Mahindra,XUV500,2013.0,720000.0,150000,Diesel,Individual,Manual,Second Owner,15.1 kmpl,2179 CC,140 bhp,7.0
Nissan,Micra,2011.0,110000.0,110000,Petrol,Individual,Manual,First Owner,18.06 kmpl,1198 CC,75 bhp,5.0
Maruti,Alto,2018.0,310000.0,10000,Petrol,Individual,Manual,First Owner,24.7 kmpl,796 CC,47.3 bhp,5.0
Maruti,Wagon,2010.0,150000.0,70000,LPG,Individual,Manual,Second Owner,26.2 km/kg,998 CC,58.2 bhp,5.0
Tata,Indica,2012.0,260000.0,46000,Diesel,Individual,Manual,First Owner,19.4 kmpl,1405 CC,70 bhp,5.0
Hyundai,Accent,2002.0,55000.0,120000,Petrol,Individual,Manual,Fourth & Above Owner,13.2 kmpl,1495 CC,94 bhp,5.0
Maruti,Swift,2013.0,450000.0,108800,Diesel,Individual,Manual,Third Owner,22.9 kmpl,1248 CC,74 bhp,5.0
Hyundai,i10,2009.0,199000.0,70000,Petrol,Individual,Manual,Second Owner,20.36 kmpl,1197 CC,78.9 bhp,5.0
Mahindra,Scorpio,2018.0,1000000.0,35000,Diesel,Individual,Manual,First Owner,15.4 kmpl,2523 CC,75 bhp,7.0
Ford,Figo,2011.0,240000.0,72000,Diesel,Individual,Manual,First Owner,20.0 kmpl,1399 CC,68 bhp,5.0
Renault,KWID,2018.0,350000.0,40000,Petrol,Individual,Manual,First Owner,25.17 kmpl,799 CC,53.3 bhp,5.0
Mahindra,Bolero,2014.0,530000.0,120000,Diesel,Individual,Manual,Third Owner,15.96 kmpl,2523 CC,62.1 bhp,7.0
Chevrolet,Spark,2011.0,150000.0,35000,Petrol,Individual,Manual,First Owner,18.0 kmpl,995 CC,62 bhp,5.0
Hyundai,Elite,2019.0,625000.0,12500,Petrol,Individual,Manual,First Owner,18.6 kmpl,1197 CC,81.86 bhp,5.0
Hyundai,Grand,2014.0,378000.0,80000,Petrol,Individual,Manual,First Owner,18.9 kmpl,1197 CC,82 bhp,5.0
Renault,KWID,2015.0,210000.0,210000,Petrol,Individual,Manual,Second Owner,25.17 kmpl,799 CC,53.3 bhp,5.0
Maruti,Swift,2018.0,700000.0,100000,Diesel,Individual,Manual,Second Owner,28.4 kmpl,1248 CC,74.02 bhp,5.0
Hyundai,Santro,2011.0,156000.0,110000,Petrol,Individual,Manual,Second Owner,17.92 kmpl,1086 CC,62.1 bhp,5.0
Mahindra,Bolero,2016.0,,103000,Diesel,Individual,Manual,First Owner,16.5 kmpl,1493 CC,70 bhp,7.0
Maruti,Wagon,2010.0,194000.0,577414,Petrol,Individual,Manual,Second Owner,18.9 kmpl,1061 CC,67 bhp,5.0
Maruti,Alto,2006.0,120000.0,100000,Petrol,Individual,Manual,Second Owner,19.7 kmpl,796 CC,46.3 bhp,5.0
Honda,Amaze,2015.0,415000.0,45000,Petrol,Individual,Automatic,First Owner,15.5 kmpl,1198 CC,86.7 bhp,5.0
Honda,Amaze,2015.0,450000.0,45000,Petrol,Individual,Automatic,First Owner,15.5 kmpl,1198 CC,86.7 bhp,5.0
Honda,Brio,2014.0,325000.0,40000,Petrol,Individual,Manual,Third Owner,19.4 kmpl,1198 CC,86.8 bhp,5.0
Mahindra,Bolero,2014.0,525000.0,200000,Diesel,Individual,Manual,First Owner,15.96 kmpl,2523 CC,62.1 bhp,9.0
Hyundai,EON,2017.0,265000.0,100000,Petrol,Individual,Manual,First Owner,21.1 kmpl,814 CC,55.2 bhp,5.0
Maruti,Omni,2008.0,100000.0,120000,Petrol,Individual,Manual,Second Owner,19.7 kmpl,796 CC,35 bhp,8.0
Tata,Zest,2015.0,400000.0,100000,Diesel,Individual,Manual,First Owner,23.0 kmpl,1248 CC,88.7 bhp,5.0
Hyundai,i20,2013.0,345000.0,40000,Diesel,Individual,Manual,First Owner,21.9 kmpl,1396 CC,88.8 bhp,5.0
Mahindra,Thar,2018.0,850000.0,15000,Diesel,Individual,Manual,Second Owner,16.55 kmpl,2498 CC,105 bhp,6.0
Maruti,Ignis,2018.0,620000.0,15000,Petrol,Individual,Automatic,First Owner,20.89 kmpl,1197 CC,81.80 bhp,5.0
Maruti,Baleno,2018.0,700000.0,10000,Petrol,Individual,Manual,Second Owner,21.4 kmpl,1197 CC,83.1 bhp,5.0
Tata,Indica,2012.0,,90000,Diesel,Individual,Manual,First Owner,22.3 kmpl,1248 CC,74 bhp,5.0
Mahindra,Bolero,2017.0,660000.0,80000,Diesel,Individual,Manual,First Owner,16.5 kmpl,1493 CC,70 bhp,7.0
Mitsubishi,Pajero,2015.0,1700000.0,39000,Diesel,Individual,Manual,First Owner,13.5 kmpl,2477 CC,175.56 bhp,7.0
Tata,Indica,2009.0,90000.0,60000,Diesel,Individual,Manual,Second Owner,17.88 kmpl,1396 CC,52.8 bhp,5.0
Mahindra,XUV500,2015.0,1050000.0,28000,Diesel,Individual,Manual,Second Owner,15.1 kmpl,2179 CC,140 bhp,7.0
Ford,Figo,2010.0,160000.0,90000,Petrol,Individual,Manual,Second Owner,15.6 kmpl,1196 CC,70 bhp,5.0
Honda,Civic,2006.0,150000.0,80000,Petrol,Individual,Manual,Third Owner,13.5 kmpl,1799 CC,130 bhp,5.0
Maruti,Zen,2010.0,200000.0,35000,Petrol,Individual,Manual,First Owner,19.0 kmpl,998 CC,67.1 bhp,5.0
Toyota,Corolla,2011.0,365000.0,185000,Diesel,Individual,Manual,Second Owner,21.43 kmpl,1364 CC,87.2 bhp,5.0
Fiat,Punto,2009.0,140000.0,110000,Petrol,Individual,Manual,Second Owner,15.7 kmpl,1172 CC,67 bhp,5.0
,Avventura,2016.0,360000.0,100000,Diesel,Individual,Manual,First Owner,20.5 kmpl,1248 CC,91.72 bhp,5.0
Honda,City,2008.0,200000.0,110000,Petrol,Individual,Manual,Second Owner,17.7 kmpl,1497 CC,78 bhp,5.0
Skoda,Laura,2010.0,250000.0,100000,Diesel,Individual,Manual,Second Owner,17.5 kmpl,1896 CC,106 bhp,5.0
Skoda,Laura,2008.0,229999.0,110000,Diesel,Individual,Manual,Second Owner,17.5 kmpl,1896 CC,106 bhp,5.0
Ford,Fiesta,2011.0,320000.0,130000,Diesel,Individual,Manual,Second Owner,17.8 kmpl,1399 CC,68 bhp,5.0
,Creta,2018.0,,27000,Petrol,Individual,Manual,First Owner,15.8 kmpl,1591 CC,121.3 bhp,5.0
Maruti,Baleno,2018.0,740000.0,9000,Petrol,Individual,Automatic,First Owner,21.4 kmpl,1197 CC,83.1 bhp,5.0
Maruti,Ignis,2019.0,570000.0,19000,Petrol,Individual,Automatic,Second Owner,20.89 kmpl,1197 CC,81.80 bhp,5.0
Tata,Indigo,2013.0,250000.0,100000,Diesel,Individual,Manual,First Owner,23.57 kmpl,1396 CC,70 bhp,5.0
Maruti,Wagon,2017.0,430000.0,20000,Petrol,Individual,Automatic,First Owner,20.51 kmpl,998 CC,67 bhp,5.0
Hyundai,EON,2014.0,225000.0,35000,Petrol,Individual,Manual,First Owner,21.1 kmpl,814 CC,55.2 bhp,5.0
Hyundai,i20,2014.0,440000.0,70000,Diesel,Individual,Manual,Second Owner,22.54 kmpl,1396 CC,88.73 bhp,5.0
Maruti,Vitara,2016.0,800000.0,70000,Diesel,Individual,Manual,First Owner,24.3 kmpl,1248 CC,88.5 bhp,5.0
Hyundai,Grand,2015.0,450000.0,53000,Diesel,Individual,Manual,First Owner,24.0 kmpl,1120 CC,70 bhp,5.0
Maruti,Swift,2013.0,420000.0,105000,Diesel,Individual,Manual,Second Owner,23.4 kmpl,1248 CC,74 bhp,5.0
Toyota,Innova,2011.0,500000.0,121941,Diesel,Dealer,Manual,First Owner,12.8 kmpl,2494 CC,102 bhp,8.0
Tata,Tiago,2016.0,350000.0,15000,Petrol,Individual,Manual,First Owner,23.84 kmpl,1199 CC,84 bhp,5.0
Mahindra,Xylo,2014.0,280000.0,100000,Diesel,Individual,Manual,First Owner,14.0 kmpl,2489 CC,95 bhp,8.0
Renault,Duster,2013.0,425000.0,152186,Diesel,Dealer,Manual,Second Owner,20.45 kmpl,1461 CC,83.8 bhp,5.0
Hyundai,i10,2013.0,295000.0,82246,Petrol,Dealer,Manual,First Owner,20.36 kmpl,1197 CC,78.9 bhp,5.0
Maruti,Swift,2016.0,540000.0,20000,Petrol,Individual,Manual,First Owner,20.4 kmpl,1197 CC,81.80 bhp,5.0
Maruti,Swift,2017.0,754000.0,40000,Diesel,Individual,Manual,First Owner,28.4 kmpl,1248 CC,74.02 bhp,5.0
Toyota,Innova,2011.0,650000.0,89580,Diesel,Dealer,Manual,Second Owner,12.8 kmpl,2494 CC,102 bhp,8.0
Toyota,Innova,2011.0,550000.0,250000,Diesel,Individual,Manual,Second Owner,12.8 kmpl,2494 CC,102 bhp,7.0
Ford,Figo,2019.0,675000.0,2789,Petrol,Dealer,Manual,First Owner,18.16 kmpl,1196 CC,86.8 bhp,5.0
Ford,Freestyle,2018.0,700000.0,35278,Diesel,Dealer,Manual,First Owner,23.8 kmpl,1499 CC,98.97 bhp,5.0
Ford,Freestyle,2018.0,795000.0,2860,Diesel,Dealer,Manual,First Owner,23.8 kmpl,1499 CC,98.97 bhp,5.0
Toyota,Innova,2010.0,515000.0,200000,Diesel,Individual,Manual,First Owner,12.8 kmpl,2494 CC,102 bhp,7.0
Mahindra,KUV,2018.0,450000.0,20000,Petrol,Individual,Manual,First Owner,18.15 kmpl,1198 CC,82 bhp,6.0
Hyundai,Getz,2008.0,155000.0,60000,Petrol,Individual,Manual,Third Owner,15.0 kmpl,1086 CC,66.6 bhp,5.0
Toyota,Etios,2011.0,350000.0,100000,Diesel,Individual,Manual,Second Owner,23.59 kmpl,1364 CC,67.1 bhp,5.0
Ford,Figo,2011.0,250000.0,78562,Diesel,Dealer,Manual,First Owner,20.0 kmpl,1399 CC,68 bhp,5.0
Hyundai,,2011.0,450000.0,96000,Diesel,Individual,Manual,Fourth & Above Owner,22.32 kmpl,1582 CC,126.32 bhp,5.0
Maruti,800,2003.0,55599.0,36088,Petrol,Individual,Manual,First Owner,16.1 kmpl,796 CC,37 bhp,4.0
Hyundai,i20,2014.0,420000.0,50000,Diesel,Individual,Manual,First Owner,22.54 kmpl,1396 CC,88.73 bhp,5.0
Maruti,S-Cross,2018.0,750000.0,40000,Diesel,Individual,Manual,First Owner,25.1 kmpl,1248 CC,88.5 bhp,5.0
Datsun,GO,2020.0,450000.0,10000,Petrol,Individual,Manual,First Owner,19.02 kmpl,1198 CC,67.05 bhp,5.0
Maruti,Swift,2008.0,175000.0,60000,Diesel,Individual,Manual,Second Owner,17.8 kmpl,1248 CC,75 bhp,5.0
Hyundai,i20,2019.0,650000.0,10000,Petrol,Individual,Manual,First Owner,17.19 kmpl,1197 CC,81.86 bhp,5.0
Maruti,Ertiga,2018.0,1050000.0,10000,Diesel,Individual,Manual,First Owner,25.47 kmpl,1248 CC,88.50 bhp,7.0
Hyundai,Verna,2011.0,375000.0,35000,Diesel,Individual,Manual,Second Owner,22.32 kmpl,1582 CC,126.32 bhp,5.0
Hyundai,,2014.0,1100000.0,80000,Diesel,Individual,Manual,First Owner,14.74 kmpl,2199 CC,194.3 bhp,7.0
Mahindra,,2019.0,1550000.0,28000,Diesel,Individual,Manual,First Owner,15.1 kmpl,2179 CC,152.87 bhp,7.0
Ford,Figo,2017.0,620000.0,35000,Diesel,Individual,Manual,First Owner,24.29 kmpl,1498 CC,99 bhp,5.0
Jeep,Compass,2017.0,1511000.0,32000,Diesel,Individual,Manual,First Owner,16.3 kmpl,1956 CC,170 bhp,5.0
Maruti,Wagon,2003.0,135000.0,40000,Petrol,Individual,Manual,First Owner,18.9 kmpl,998 CC,67.1 bhp,5.0
Renault,KWID,2019.0,320000.0,10000,Petrol,Individual,Manual,First Owner,25.17 kmpl,799 CC,53.3 bhp,5.0
,,2019.0,1650000.0,25000,Diesel,Individual,Automatic,Second Owner,15.1 kmpl,2179 CC,152.87 bhp,7.0
Maruti,Alto,2016.0,320000.0,50000,Petrol,Individual,Manual,First Owner,23.95 kmpl,998 CC,67.05 bhp,5.0
Maruti,Swift,2012.0,400000.0,129000,Diesel,Individual,Manual,First Owner,19.3 kmpl,1248 CC,73.9 bhp,5.0
Mahindra,XUV500,2015.0,900000.0,100000,Diesel,Individual,Automatic,Second Owner,16.0 kmpl,2179 CC,140 bhp,7.0
Maruti,Alto,2018.0,310000.0,30000,Petrol,Individual,Manual,First Owner,24.7 kmpl,796 CC,47.3 bhp,5.0
Tata,Nexon,,595000.0,28000,Petrol,Individual,Manual,Second Owner,17.0 kmpl,1198 CC,108.5 bhp,5.0
Mahindra,Verito,2013.0,350000.0,70000,Petrol,Individual,Manual,First Owner,13.87 kmpl,1598 CC,86 bhp,5.0
Tata,Indica,2013.0,275000.0,110000,Diesel,Individual,Manual,First Owner,19.1 kmpl,1405 CC,70 bhp,5.0
Maruti,Eeco,2019.0,420000.0,10000,Petrol,Individual,Manual,First Owner,15.37 kmpl,1196 CC,73 bhp,5.0
Hyundai,Verna,2008.0,,110000,Diesel,Individual,Manual,Second Owner,18.1 kmpl,1493 CC,110 bhp,5.0
Maruti,Swift,2007.0,250000.0,100000,Diesel,Individual,Manual,Second Owner,17.8 kmpl,1248 CC,75 bhp,5.0
Hyundai,Xcent,2016.0,525000.0,60000,Petrol,Individual,Automatic,First Owner,16.9 kmpl,1197 CC,82 bhp,5.0
Mahindra,Scorpio,2008.0,250000.0,110000,Diesel,Individual,Manual,Third Owner,10.5 kmpl,2609 CC,120 bhp,7.0
Maruti,Celerio,2017.0,,10000,Petrol,Individual,Manual,First Owner,23.1 kmpl,998 CC,67.04 bhp,5.0
Maruti,Baleno,2017.0,630000.0,35000,Petrol,Individual,Manual,First Owner,21.4 kmpl,1197 CC,83.1 bhp,5.0
Tata,Tigor,2018.0,550000.0,23000,Petrol,Individual,Manual,First Owner,20.3 kmpl,1199 CC,84 bhp,5.0
Maruti,Swift,2019.0,630000.0,15000,Diesel,Individual,Manual,Second Owner,28.4 kmpl,1248 CC,74 bhp,5.0
Mahindra,TUV,2018.0,850000.0,20000,Diesel,Individual,Manual,First Owner,18.49 kmpl,2179 CC,120 bhp,9.0
Mahindra,Bolero,2011.0,455000.0,90000,Diesel,Individual,Manual,First Owner,13.6 kmpl,2523 CC,63 bhp,7.0
Mahindra,Bolero,2011.0,445000.0,90000,Diesel,Individual,Manual,First Owner,13.6 kmpl,2523 CC,63 bhp,7.0
Hyundai,i20,2013.0,370000.0,80000,Diesel,Individual,Manual,First Owner,21.9 kmpl,1396 CC,88.76 bhp,5.0
Hyundai,Grand,2016.0,500000.0,50000,Petrol,Individual,Manual,First Owner,18.9 kmpl,1197 CC,82 bhp,5.0
Tata,Indica,2012.0,140000.0,185000,Diesel,Individual,Manual,Second Owner,19.4 kmpl,1405 CC,70 bhp,5.0
Maruti,Swift,2019.0,550000.0,40000,Petrol,Individual,Manual,First Owner,21.21 kmpl,1197 CC,81.80 bhp,5.0
Renault,KWID,2017.0,300000.0,30000,Petrol,Individual,Manual,First Owner,23.01 kmpl,999 CC,67 bhp,5.0
Tata,Indigo,2011.0,150000.0,120000,Diesel,Individual,Manual,First Owner,23.03 kmpl,1396 CC,69 bhp,5.0
Maruti,Wagon,2011.0,229999.0,500000,Petrol,Individual,Manual,Second Owner,18.9 kmpl,998 CC,67.1 bhp,5.0
Mahindra,,2017.0,880000.0,46000,Diesel,Individual,Manual,First Owner,15.4 kmpl,2179 CC,120 bhp,7.0
Toyota,Fortuner,2011.0,900000.0,120000,Diesel,Individual,Manual,First Owner,11.5 kmpl,2982 CC,171 bhp,7.0
Mahindra,,2015.0,720000.0,80000,Diesel,Individual,Manual,First Owner,15.4 kmpl,2523 CC,75 bhp,9.0
Hyundai,i20,2016.0,550000.0,90000,Diesel,Individual,Manual,Second Owner,22.54 kmpl,1396 CC,88.73 bhp,5.0
Mahindra,Scorpio,2015.0,720000.0,90000,Diesel,Individual,Manual,First Owner,15.4 kmpl,2523 CC,75 bhp,9.0
Maruti,Swift,2016.0,535000.0,70000,Diesel,Individual,Manual,First Owner,25.2 kmpl,1248 CC,74 bhp,5.0
Hyundai,Xcent,2015.0,320000.0,91000,Diesel,Individual,Manual,Third Owner,24.4 kmpl,1120 CC,71 bhp,5.0
Hyundai,i20,2015.0,500000.0,90000,Diesel,Individual,Manual,First Owner,22.54 kmpl,1396 CC,88.73 bhp,5.0
Maruti,Ertiga,2014.0,525000.0,110000,Diesel,Individual,Manual,Second Owner,20.77 kmpl,1248 CC,88.76 bhp,7.0
Renault,KWID,2019.0,220000.0,90000,Petrol,Individual,Manual,First Owner,23.01 kmpl,999 CC,67 bhp,5.0
Tata,Tiago,2018.0,350000.0,50000,Petrol,Individual,Manual,First Owner,23.84 kmpl,1199 CC,84 bhp,5.0
Mahindra,TUV,2016.0,530000.0,60000,Diesel,Individual,Manual,First Owner,18.49 kmpl,1493 CC,100 bhp,7.0
Maruti,Alto,2013.0,215000.0,35000,Petrol,Individual,Manual,First Owner,22.74 kmpl,796 CC,47.3 bhp,5.0
Volkswagen,Vento,2012.0,335000.0,100000,Diesel,Individual,Manual,First Owner,20.54 kmpl,1598 CC,103.6 bhp,5.0
Hyundai,Xcent,2015.0,320000.0,90000,Diesel,Individual,Manual,Second Owner,24.4 kmpl,1120 CC,71 bhp,5.0
Ford,Figo,2011.0,135000.0,120000,Diesel,Individual,Manual,Second Owner,20.0 kmpl,1399 CC,68 bhp,5.0
Maruti,A-Star,2009.0,175000.0,95000,Petrol,Individual,Manual,Second Owner,19.0 kmpl,998 CC,66.1 bhp,5.0
Mahindra,Bolero,2017.0,800000.0,35000,Diesel,Individual,Manual,First Owner,15.96 kmpl,2523 CC,62.1 bhp,7.0
Tata,Indica,2007.0,78000.0,38000,Petrol,Individual,Manual,Second Owner,15.3 kmpl,1193 CC,65.3 bhp,5.0
Honda,City,2014.0,565000.0,56000,Petrol,Individual,Manual,Second Owner,17.4 kmpl,1497 CC,117.3 bhp,5.0
Hyundai,,2017.0,575000.0,50000,Diesel,Individual,Manual,First Owner,22.54 kmpl,1396 CC,88.73 bhp,5.0
Hyundai,EON,2014.0,170000.0,70000,Petrol,Individual,Manual,Second Owner,21.1 kmpl,814 CC,55.2 bhp,5.0
Maruti,Alto,2014.0,250999.0,30000,Petrol,Individual,Manual,First Owner,22.74 kmpl,796 CC,47.3 bhp,5.0
Mahindra,XUV500,2015.0,950000.0,188000,Diesel,Individual,Manual,First Owner,16.0 kmpl,2179 CC,140 bhp,7.0
Honda,City,2014.0,650000.0,60000,Petrol,Individual,Manual,First Owner,17.8 kmpl,1497 CC,117.3 bhp,5.0
Tata,Safari,2013.0,550000.0,133000,Diesel,Individual,Manual,First Owner,14.0 kmpl,2179 CC,138.1 bhp,7.0
Toyota,Innova,2010.0,650000.0,160000,Diesel,Individual,Manual,First Owner,12.8 kmpl,2494 CC,102 bhp,7.0
Mahindra,XUV500,2013.0,800000.0,150000,Diesel,Individual,Manual,Second Owner,15.1 kmpl,2179 CC,140 bhp,7.0
Maruti,Alto,2020.0,250999.0,30000,Petrol,Individual,Manual,First Owner,22.05 kmpl,796 CC,47.3 bhp,5.0
Maruti,Alto,2013.0,170000.0,60000,Petrol,Individual,Manual,Second Owner,22.74 kmpl,796 CC,47.3 bhp,5.0
Tata,Indigo,2013.0,250000.0,30000,Diesel,Individual,Manual,First Owner,19.09 kmpl,1396 CC,69 bhp,5.0
Chevrolet,Enjoy,2014.0,312000.0,80000,Petrol,Individual,Manual,First Owner,13.7 kmpl,1399 CC,98.82 bhp,7.0
Maruti,Alto,2014.0,250000.0,20000,Petrol,Individual,Manual,First Owner,22.74 kmpl,796 CC,47.3 bhp,5.0
Hyundai,EON,2013.0,200000.0,80000,Petrol,Individual,Manual,First Owner,21.1 kmpl,814 CC,55.2 bhp,5.0
Mahindra,Scorpio,2016.0,670000.0,73000,Diesel,Individual,Manual,First Owner,15.4 kmpl,2523 CC,75 bhp,7.0
Hyundai,EON,2017.0,270000.0,50000,Petrol,Individual,Manual,First Owner,21.1 kmpl,814 CC,55.2 bhp,5.0
Mahindra,Bolero,2012.0,360000.0,200000,Diesel,Individual,Manual,First Owner,15.96 kmpl,2523 CC,62.1 bhp,7.0
Maruti,Swift,2018.0,630000.0,46000,Diesel,Individual,Manual,First Owner,28.4 kmpl,1248 CC,74 bhp,5.0
Mahindra,Supro,2018.0,400000.0,50000,Diesel,Individual,Manual,First Owner,23.5 kmpl,909 CC,45 bhp,8.0
Maruti,XL6,2019.0,1000000.0,15000,Petrol,Individual,Manual,First Owner,19.01 kmpl,1462 CC,103.2 bhp,6.0
Maruti,,2017.0,650000.0,44000,Diesel,Dealer,Manual,First Owner,23.65 kmpl,1248 CC,88.5 bhp,5.0
Maruti,Ritz,2010.0,217000.0,120000,Diesel,Individual,Manual,First Owner,21.1 kmpl,1248 CC,73.9 bhp,5.0
Maruti,Swift,2012.0,280000.0,70000,Petrol,Individual,Manual,Second Owner,18.6 kmpl,1197 CC,85.8 bhp,5.0
Ford,Classic,2013.0,350000.0,90000,Petrol,Individual,Manual,First Owner,14.09 kmpl,1596 CC,99.6 bhp,5.0
Mahindra,XUV500,2017.0,1150000.0,42000,Diesel,Individual,Manual,Second Owner,16.0 kmpl,2179 CC,140 bhp,7.0
Hyundai,Grand,2016.0,420000.0,30000,Petrol,Individual,Manual,Second Owner,18.9 kmpl,1197 CC,82 bhp,5.0
Maruti,Ciaz,2017.0,810000.0,80000,Petrol,Individual,Manual,First Owner,20.73 kmpl,1373 CC,91.1 bhp,5.0
Hyundai,i20,2011.0,290000.0,90000,Petrol,Individual,Manual,Third Owner,17.0 kmpl,1197 CC,80 bhp,5.0
Chevrolet,Beat,2012.0,180000.0,60000,Petrol,Individual,Manual,First Owner,18.6 kmpl,1199 CC,79.4 bhp,5.0
Maruti,Eeco,2010.0,160000.0,162000,Petrol,Individual,Manual,First Owner,15.37 kmpl,1196 CC,73 bhp,5.0
Tata,Nano,2017.0,66000.0,70000,Petrol,Individual,Manual,Third Owner,23.9 kmpl,624 CC,37.48 bhp,4.0
Maruti,Wagon,2015.0,369000.0,20000,Petrol,Individual,Manual,Second Owner,20.51 kmpl,998 CC,67.04 bhp,5.0
Tata,New,2012.0,300000.0,80000,Diesel,Individual,Manual,Second Owner,13.93 kmpl,2179 CC,138.1 bhp,7.0
Mahindra,Bolero,2008.0,350000.0,90000,Diesel,Individual,Manual,First Owner,13.6 kmpl,2523 CC,63 bhp,7.0
Hyundai,i10,2008.0,220000.0,120000,Petrol,Individual,Automatic,Second Owner,19.2 kmpl,1197 CC,80 bhp,5.0
Chevrolet,Tavera,2005.0,160000.0,220000,Diesel,Individual,Manual,First Owner,14.8 kmpl,2499 CC,80 bhp,10.0
Maruti,Swift,2009.0,221000.0,100000,Diesel,Individual,Manual,Second Owner,17.8 kmpl,1248 CC,75 bhp,5.0
Tata,Zest,2017.0,400000.0,35000,Petrol,Individual,Manual,First Owner,17.57 kmpl,1193 CC,88.7 bhp,5.0
Toyota,Camry,2004.0,250000.0,120000,Petrol,Individual,Manual,Second Owner,13.4 kmpl,2362 CC,164.7 bhp,5.0
Mahindra,Bolero,2011.0,390000.0,120000,Diesel,Individual,Manual,Fourth & Above Owner,13.6 kmpl,2523 CC,63 bhp,7.0
Maruti,Eeco,2012.0,190000.0,110000,Petrol,Individual,Manual,First Owner,15.37 kmpl,1196 CC,73 bhp,5.0
Renault,KWID,2017.0,300000.0,60000,Petrol,Individual,Manual,First Owner,25.17 kmpl,799 CC,53.3 bhp,5.0
Hyundai,i20,2017.0,750000.0,27000,Diesel,Individual,Manual,First Owner,22.54 kmpl,1396 CC,88.73 bhp,5.0
Maruti,Swift,2016.0,650000.0,50000,Diesel,Individual,Manual,First Owner,26.59 kmpl,1248 CC,74 bhp,5.0
Honda,Amaze,2018.0,635000.0,40000,Petrol,Individual,Manual,First Owner,17.8 kmpl,1198 CC,86.7 bhp,5.0
Hyundai,Verna,2013.0,520000.0,88000,Diesel,Individual,Manual,Second Owner,22.32 kmpl,1582 CC,126.32 bhp,5.0
Mahindra,Scorpio,2020.0,1500000.0,50000,Diesel,Individual,Manual,First Owner,16.36 kmpl,2179 CC,140 bhp,7.0
Hyundai,Verna,2012.0,415000.0,80000,Diesel,Individual,Manual,Second Owner,22.32 kmpl,1582 CC,126.32 bhp,5.0
Hyundai,Elite,2019.0,700000.0,60000,Diesel,Individual,Manual,First Owner,22.54 kmpl,1396 CC,88.76 bhp,5.0
Maruti,Swift,2017.0,484999.0,26000,Petrol,Individual,Manual,Second Owner,21.21 kmpl,1197 CC,81.80 bhp,5.0
Ford,Fiesta,2007.0,120000.0,80000,Petrol,Individual,Manual,Second Owner,16.6 kmpl,1388 CC,68 bhp,5.0
Hyundai,EON,2014.0,220000.0,60000,Petrol,Individual,Manual,Second Owner,21.1 kmpl,814 CC,55.2 bhp,5.0
Hyundai,i10,2014.0,320000.0,80000,Petrol,Individual,Manual,Second Owner,20.36 kmpl,1197 CC,78.9 bhp,5.0
Maruti,Swift,2011.0,375000.0,90000,Diesel,Individual,Manual,Second Owner,22.9 kmpl,1248 CC,74 bhp,5.0
Hyundai,Verna,2012.0,440000.0,80000,Diesel,Individual,Manual,Second Owner,22.32 kmpl,1582 CC,126.32 bhp,5.0
Hyundai,Grand,2019.0,550000.0,15000,Petrol,Individual,Automatic,First Owner,18.9 kmpl,1197 CC,81.86 bhp,5.0
Maruti,Swift,2017.0,640000.0,35000,Diesel,Individual,Manual,Second Owner,25.2 kmpl,1248 CC,74 bhp,5.0
Toyota,Etios,2014.0,420000.0,120000,Diesel,Individual,Manual,First Owner,23.59 kmpl,1364 CC,67.04 bhp,5.0
Hyundai,Grand,2016.0,330000.0,63000,Diesel,Individual,Manual,Third Owner,24.0 kmpl,1120 CC,70 bhp,5.0
,Ameo,2019.0,,25000,Diesel,Individual,Manual,First Owner,21.66 kmpl,1498 CC,108.62 bhp,5.0
Maruti,Wagon,2011.0,240000.0,64500,Petrol,Individual,Manual,First Owner,18.9 kmpl,998 CC,67.1 bhp,5.0
,KUV,2016.0,360000.0,100000,Diesel,Individual,Manual,Second Owner,25.32 kmpl,1198 CC,77 bhp,6.0
Hyundai,Verna,2017.0,750000.0,40000,Diesel,Individual,Manual,First Owner,23.9 kmpl,1582 CC,126.2 bhp,5.0
Hyundai,i20,2017.0,570000.0,15000,Petrol,Individual,Manual,Second Owner,18.6 kmpl,1197 CC,81.83 bhp,5.0
Toyota,Etios,2015.0,450000.0,25000,Diesel,Individual,Manual,First Owner,23.59 kmpl,1364 CC,67.04 bhp,5.0
Maruti,Ritz,2016.0,270000.0,82000,Petrol,Individual,Manual,Third Owner,18.5 kmpl,1197 CC,85.80 bhp,5.0
Maruti,Ertiga,2012.0,459999.0,87000,Diesel,Individual,Manual,First Owner,20.77 kmpl,1248 CC,88.76 bhp,7.0
Maruti,Alto,2015.0,240000.0,80000,Petrol,Individual,Manual,Second Owner,23.95 kmpl,998 CC,67.05 bhp,5.0
Renault,Duster,2012.0,320000.0,110000,Diesel,Individual,Manual,Third Owner,19.01 kmpl,1461 CC,108.45 bhp,5.0
Tata,Manza,2011.0,149000.0,148000,Diesel,Individual,Manual,Second Owner,21.12 kmpl,1248 CC,88.8 bhp,5.0
Mahindra,Scorpio,2018.0,1500000.0,40000,Diesel,Individual,Manual,First Owner,16.36 kmpl,2179 CC,140 bhp,7.0
Hyundai,Accent,2011.0,180000.0,70000,Petrol,Individual,Manual,First Owner,16.36 kmpl,1495 CC,93.7 bhp,5.0
Hyundai,Santro,2012.0,185000.0,70000,LPG,Individual,Manual,Second Owner,13.45 km/kg,1086 CC,62.1 bhp,5.0
Maruti,800,2008.0,,40000,Petrol,Individual,Manual,Second Owner,16.1 kmpl,796 CC,37 bhp,4.0
Tata,Indigo,2010.0,130000.0,120000,Diesel,Individual,Manual,First Owner,17.0 kmpl,1405 CC,70 bhp,5.0
Ford,Fiesta,2012.0,,60000,Diesel,Individual,Manual,First Owner,17.8 kmpl,1399 CC,67 bhp,5.0
Tata,Manza,2011.0,190000.0,90000,Diesel,Dealer,Manual,First Owner,18.8 kmpl,1248 CC,90 bhp,5.0
Maruti,Swift,2014.0,501000.0,68000,Diesel,Dealer,Manual,First Owner,22.9 kmpl,1248 CC,74 bhp,5.0
Honda,Amaze,2017.0,600000.0,24500,Diesel,Dealer,Manual,First Owner,25.8 kmpl,1498 CC,98.6 bhp,5.0
Mahindra,,2012.0,570000.0,77000,Diesel,Dealer,Manual,Second Owner,15.1 kmpl,2179 CC,140 bhp,7.0
Honda,Amaze,2015.0,450000.0,85000,Diesel,Dealer,Manual,First Owner,25.8 kmpl,1498 CC,98.6 bhp,5.0
Toyota,Etios,2011.0,285000.0,45500,Petrol,Dealer,Manual,First Owner,16.78 kmpl,1496 CC,88.73 bhp,5.0
Maruti,Swift,2014.0,490000.0,67000,Diesel,Dealer,Manual,First Owner,28.4 kmpl,1248 CC,74 bhp,5.0
Maruti,Swift,2014.0,500000.0,77000,Diesel,Dealer,Manual,First Owner,28.4 kmpl,1248 CC,74 bhp,5.0
Hyundai,EON,2016.0,275000.0,47000,Petrol,Dealer,Manual,First Owner,21.1 kmpl,814 CC,55.2 bhp,5.0
Tata,Tiago,2017.0,440000.0,57000,Petrol,Dealer,Manual,First Owner,23.84 kmpl,1199 CC,84.48 bhp,5.0
Hyundai,i20,2018.0,825000.0,71500,Diesel,Dealer,Manual,First Owner,22.54 kmpl,1396 CC,88.73 bhp,5.0
Toyota,Etios,2012.0,411000.0,110000,Diesel,Dealer,Manual,First Owner,23.59 kmpl,1364 CC,67.04 bhp,5.0
Maruti,Swift,2013.0,470000.0,82000,Diesel,Dealer,Manual,Second Owner,26.59 kmpl,1248 CC,74 bhp,5.0
Maruti,Swift,2013.0,445000.0,70000,Diesel,Dealer,Manual,Second Owner,28.4 kmpl,1248 CC,74 bhp,5.0
Maruti,Baleno,2017.0,752000.0,28000,Diesel,Dealer,Manual,First Owner,27.39 kmpl,1248 CC,74 bhp,5.0
Skoda,Rapid,2016.0,,125000,Diesel,Dealer,Manual,Second Owner,21.14 kmpl,1498 CC,103.52 bhp,5.0
Maruti,Swift,2013.0,450000.0,67000,Diesel,Dealer,Manual,Second Owner,28.4 kmpl,1248 CC,74 bhp,5.0
Honda,City,2011.0,350000.0,93500,Petrol,Dealer,Manual,Third Owner,17.0 kmpl,1497 CC,118 bhp,5.0
Maruti,Swift,2012.0,511000.0,8500,Petrol,Dealer,Manual,First Owner,22.0 kmpl,1197 CC,81.80 bhp,5.0
Maruti,Baleno,2016.0,700000.0,80000,Diesel,Dealer,Manual,First Owner,27.39 kmpl,1248 CC,74 bhp,5.0
Ford,Fiesta,2007.0,142000.0,97000,Petrol,Individual,Manual,First Owner,16.6 kmpl,1388 CC,68 bhp,5.0
Tata,New,2012.0,725000.0,90000,Diesel,Individual,Manual,First Owner,13.93 kmpl,2179 CC,138 bhp,7.0
Hyundai,i20,2017.0,630000.0,30000,Petrol,Individual,Manual,First Owner,18.6 kmpl,1197 CC,81.83 bhp,5.0
Hyundai,i20,2015.0,480000.0,50000,Petrol,Individual,Manual,First Owner,18.6 kmpl,1197 CC,81.83 bhp,5.0
Maruti,Alto,2016.0,330000.0,30000,Petrol,Individual,Manual,First Owner,23.95 kmpl,998 CC,67.05 bhp,5.0
Maruti,Gypsy,2017.0,500000.0,20000,Petrol,Individual,Manual,First Owner,11.96 kmpl,1298 CC,80 bhp,8.0
Volkswagen,Polo,2012.0,300000.0,60300,Diesel,Individual,Manual,First Owner,22.07 kmpl,1199 CC,73.9 bhp,5.0
Tata,,2015.0,400000.0,35000,Diesel,Individual,Manual,First Owner,23.0 kmpl,1248 CC,88.7 bhp,5.0
Tata,Safari,2011.0,320000.0,80000,Diesel,Individual,Manual,First Owner,13.93 kmpl,2179 CC,138.03 bhp,7.0
Hyundai,i10,2008.0,180000.0,44391,Petrol,Individual,Manual,Second Owner,19.81 kmpl,1086 CC,68.05 bhp,5.0
Maruti,Baleno,2016.0,530000.0,58000,Diesel,Individual,Manual,First Owner,27.39 kmpl,1248 CC,74 bhp,5.0
Mahindra,Bolero,2015.0,600000.0,40000,Diesel,Individual,Manual,First Owner,15.96 kmpl,2523 CC,62.1 bhp,7.0
Maruti,Ertiga,2017.0,780000.0,66000,Diesel,Individual,Manual,Second Owner,24.52 kmpl,1248 CC,88.5 bhp,7.0
Honda,City,2016.0,700000.0,110000,Diesel,Individual,Manual,First Owner,26.0 kmpl,1498 CC,98.6 bhp,5.0
Chevrolet,Beat,2013.0,175000.0,56315,Diesel,Individual,Manual,First Owner,25.44 kmpl,936 CC,57.6 bhp,5.0
Mahindra,Bolero,2017.0,735000.0,70000,Diesel,Individual,Manual,First Owner,16.5 kmpl,1493 CC,70 bhp,7.0
Toyota,Etios,2013.0,325000.0,120000,Diesel,Individual,Manual,First Owner,23.59 kmpl,1364 CC,67.06 bhp,5.0
Chevrolet,Tavera,2006.0,225000.0,100000,Diesel,Individual,Manual,First Owner,14.8 kmpl,2499 CC,80 bhp,10.0
Tata,Zest,2015.0,350000.0,90000,Diesel,Individual,Manual,Second Owner,23.0 kmpl,1248 CC,88.7 bhp,5.0
Maruti,Wagon,2006.0,110000.0,120000,LPG,Individual,Manual,Third Owner,17.3 km/kg,1061 CC,57.5 bhp,5.0
Maruti,Zen,2007.0,85000.0,160000,Petrol,Individual,Manual,Fourth & Above Owner,18.2 kmpl,998 CC,67.1 bhp,5.0
Toyota,Corolla,2006.0,150000.0,100000,Petrol,Individual,Manual,Fourth & Above Owner,13.4 kmpl,1794 CC,125 bhp,5.0
Maruti,Swift,2009.0,225000.0,120000,Diesel,Individual,Manual,Third Owner,19.3 kmpl,1248 CC,73.9 bhp,5.0
Tata,Indica,2010.0,111000.0,100000,Diesel,Individual,Manual,Second Owner,18.0 kmpl,1248 CC,75 bhp,5.0
Maruti,Wagon,2007.0,150000.0,70000,Petrol,Individual,Manual,Third Owner,18.9 kmpl,1061 CC,67 bhp,5.0
Hyundai,EON,2017.0,300000.0,15151,Petrol,Individual,Manual,Second Owner,21.1 kmpl,814 CC,55.2 bhp,5.0
Mahindra,Scorpio,2015.0,630000.0,60000,Diesel,Individual,Manual,First Owner,15.4 kmpl,1997 CC,120 bhp,7.0
Hyundai,i10,2011.0,206000.0,100000,Petrol,Individual,Manual,First Owner,19.81 kmpl,1086 CC,68.05 bhp,5.0
Maruti,Wagon,2006.0,70000.0,110000,Petrol,Individual,Manual,Fourth & Above Owner,18.9 kmpl,998 CC,67.1 bhp,5.0
Hyundai,Grand,2019.0,567000.0,7000,Petrol,Individual,Automatic,First Owner,18.9 kmpl,1197 CC,81.86 bhp,5.0
Ford,EcoSport,2013.0,500000.0,70000,Petrol,Individual,Manual,Second Owner,15.85 kmpl,1499 CC,110.4 bhp,5.0
Hyundai,Grand,2015.0,400000.0,128000,Petrol,Individual,Manual,First Owner,18.9 kmpl,1197 CC,82 bhp,5.0
Toyota,Innova,2012.0,850000.0,120000,Diesel,Individual,Manual,Second Owner,12.8 kmpl,2494 CC,102 bhp,8.0
Maruti,Swift,2014.0,570000.0,15000,Diesel,Individual,Manual,First Owner,25.2 kmpl,1248 CC,74 bhp,5.0
Maruti,Swift,2017.0,699000.0,60000,Diesel,Individual,Manual,First Owner,28.4 kmpl,1248 CC,74.02 bhp,5.0
Honda,Brio,2013.0,355000.0,80000,Petrol,Individual,Manual,First Owner,19.4 kmpl,1198 CC,86.8 bhp,5.0
Maruti,Swift,2016.0,690000.0,80000,Diesel,Individual,Manual,First Owner,26.59 kmpl,1248 CC,74 bhp,5.0
Ford,Fiesta,2006.0,180000.0,114321,Diesel,Individual,Manual,Second Owner,17.8 kmpl,1399 CC,68 bhp,5.0
Tata,Indica,2013.0,200000.0,120000,Diesel,Individual,Manual,First Owner,19.4 kmpl,1405 CC,70 bhp,5.0
Mahindra,Scorpio,2012.0,575000.0,120000,Diesel,Individual,Manual,Second Owner,12.05 kmpl,2179 CC,120 bhp,8.0
Toyota,Etios,2014.0,415000.0,146000,Diesel,Individual,Manual,First Owner,23.59 kmpl,1364 CC,67.06 bhp,5.0
Hyundai,i10,2012.0,350000.0,30000,LPG,Individual,Manual,First Owner,19.2 km/kg,1086 CC,68.05 bhp,5.0
Hyundai,EON,2017.0,350000.0,20000,Petrol,Individual,Manual,First Owner,21.1 kmpl,814 CC,55.2 bhp,5.0
Toyota,Platinum,2017.0,632000.0,150000,Diesel,Individual,Manual,First Owner,23.59 kmpl,1364 CC,67.05 bhp,5.0
Maruti,Eeco,2014.0,325000.0,70000,CNG,Individual,Manual,Second Owner,21.94 km/kg,1196 CC,61.7 bhp,5.0
Hyundai,Elantra,2013.0,511000.0,90000,Petrol,Individual,Manual,Second Owner,16.3 kmpl,1797 CC,147.5 bhp,5.0
Honda,,2010.0,300000.0,100000,Petrol,Individual,Manual,Third Owner,17.0 kmpl,1497 CC,118 bhp,5.0
Maruti,Wagon,2005.0,70000.0,188000,Petrol,Individual,Manual,Fourth & Above Owner,18.9 kmpl,998 CC,67.1 bhp,5.0
Hyundai,i10,2008.0,180000.0,100000,Petrol,Individual,Manual,Third Owner,19.81 kmpl,1086 CC,68.05 bhp,5.0
Hyundai,i20,2017.0,730000.0,37333,Petrol,Individual,Manual,First Owner,18.6 kmpl,1197 CC,81.83 bhp,5.0
Maruti,Ertiga,2014.0,450000.0,15000,Diesel,Individual,Manual,Second Owner,20.77 kmpl,1248 CC,88.76 bhp,7.0
Hyundai,Sonata,2012.0,550000.0,330000,Petrol,Individual,Manual,Second Owner,13.44 kmpl,2359 CC,198.25 bhp,5.0
Maruti,Wagon,2017.0,,60000,CNG,Individual,Manual,First Owner,26.6 km/kg,998 CC,58.16 bhp,5.0
Toyota,Etios,2016.0,509999.0,80000,Diesel,Individual,Manual,Second Owner,23.59 kmpl,1364 CC,67.05 bhp,5.0
Toyota,Innova,2015.0,905000.0,110000,Diesel,Individual,Manual,First Owner,12.99 kmpl,2494 CC,100.6 bhp,7.0
Maruti,Alto,2011.0,,72000,Petrol,Individual,Manual,Second Owner,19.7 kmpl,796 CC,46.3 bhp,5.0
Toyota,Innova,2006.0,300000.0,140000,Diesel,Individual,Manual,Second Owner,12.8 kmpl,2494 CC,102 bhp,8.0
Maruti,Ritz,2015.0,300000.0,80000,Petrol,Individual,Manual,Second Owner,18.5 kmpl,1197 CC,85.80 bhp,5.0
Maruti,Swift,2010.0,,120000,Diesel,Individual,Manual,Second Owner,19.3 kmpl,1248 CC,73.9 bhp,5.0
Toyota,Innova,2015.0,860000.0,90000,Diesel,Individual,Manual,Second Owner,12.99 kmpl,2494 CC,100.6 bhp,8.0
Renault,Duster,2012.0,400000.0,100000,Diesel,Individual,Manual,Second Owner,20.46 kmpl,1461 CC,83.8 bhp,5.0
Maruti,Swift,2009.0,190000.0,90000,Petrol,Individual,Manual,Third Owner,17.5 kmpl,1298 CC,85.8 bhp,5.0
Honda,Amaze,2013.0,350000.0,140000,Diesel,Individual,Manual,Third Owner,25.8 kmpl,1498 CC,98.6 bhp,5.0
Chevrolet,Spark,2010.0,75000.0,120000,Petrol,Individual,Manual,First Owner,18.0 kmpl,995 CC,62 bhp,5.0
Maruti,Vitara,2019.0,860000.0,35000,Diesel,Individual,Automatic,First Owner,24.3 kmpl,1248 CC,88.5 bhp,5.0
Maruti,Alto,2014.0,250000.0,50000,Petrol,Individual,Manual,Second Owner,23.95 kmpl,998 CC,67.05 bhp,5.0
Hyundai,Verna,2017.0,700000.0,82000,Diesel,Individual,Manual,First Owner,24.8 kmpl,1396 CC,88.7 bhp,5.0
Maruti,Swift,2014.0,399000.0,70000,Diesel,Individual,Manual,Third Owner,25.2 kmpl,1248 CC,74 bhp,5.0
Maruti,Ritz,2016.0,320000.0,90000,Petrol,Individual,Manual,First Owner,18.5 kmpl,1197 CC,85.80 bhp,5.0
Skoda,Octavia,2014.0,1100000.0,79000,Diesel,Individual,Manual,Second Owner,20.6 kmpl,1968 CC,141 bhp,5.0
Toyota,Innova,2011.0,750000.0,291000,Diesel,Individual,Manual,Second Owner,12.8 kmpl,2494 CC,102 bhp,7.0
Toyota,Innova,2010.0,750000.0,250000,Diesel,Individual,Manual,Second Owner,12.8 kmpl,2494 CC,102 bhp,7.0
Mahindra,Bolero,2018.0,530000.0,20000,Diesel,Individual,Manual,First Owner,15.96 kmpl,2523 CC,63 bhp,9.0
Maruti,Ciaz,2017.0,750000.0,53000,Diesel,Individual,Manual,First Owner,28.09 kmpl,1248 CC,88.5 bhp,5.0
Nissan,Micra,2017.0,560000.0,21500,Petrol,Individual,Automatic,First Owner,19.34 kmpl,1198 CC,76 bhp,5.0
Tata,Tiago,2017.0,450000.0,89000,Diesel,Individual,Manual,First Owner,27.28 kmpl,1047 CC,69 bhp,5.0
Maruti,Swift,2013.0,459999.0,35000,Petrol,Individual,Manual,Second Owner,19.1 kmpl,1197 CC,85.8 bhp,5.0
Maruti,Zen,2013.0,235000.0,43000,Petrol,Individual,Manual,Second Owner,19.0 kmpl,998 CC,67.1 bhp,5.0
Hyundai,Santro,2009.0,180000.0,80000,Petrol,Individual,Manual,Second Owner,17.92 kmpl,1086 CC,62.1 bhp,5.0
Hyundai,Santro,2007.0,140000.0,80000,Petrol,Individual,Manual,Second Owner,17.8 kmpl,1086 CC,63 bhp,5.0
Hyundai,i20,2014.0,620000.0,110000,Diesel,Individual,Manual,First Owner,22.54 kmpl,1396 CC,88.73 bhp,5.0
Hyundai,EON,2012.0,190000.0,100000,Petrol,Individual,Manual,First Owner,21.1 kmpl,814 CC,55.2 bhp,5.0
Hyundai,EON,2018.0,380000.0,25000,Petrol,Individual,Manual,First Owner,21.1 kmpl,814 CC,55.2 bhp,5.0
Ford,EcoSport,2019.0,1145000.0,20000,Diesel,Individual,Manual,First Owner,23.0 kmpl,1498 CC,98.96 bhp,5.0
Tata,Zest,2017.0,540000.0,70000,Diesel,Individual,Manual,First Owner,22.95 kmpl,1248 CC,74 bhp,5.0
Toyota,Innova,2011.0,800000.0,197000,Diesel,Individual,Manual,First Owner,12.8 kmpl,2494 CC,102 bhp,7.0
Maruti,Wagon,2006.0,150000.0,100000,Petrol,Individual,Manual,Second Owner,14.0 kmpl,1061 CC,64 bhp,5.0
Maruti,800,1995.0,55000.0,70000,Petrol,Individual,Manual,First Owner,16.1 kmpl,796 CC,37 bhp,4.0
Mahindra,XUV500,2015.0,919999.0,140000,Diesel,Individual,Manual,First Owner,16.0 kmpl,2179 CC,140 bhp,7.0
Maruti,Alto,2009.0,135000.0,50000,Petrol,Individual,Manual,First Owner,19.7 kmpl,796 CC,46.3 bhp,5.0
Tata,Tiago,2017.0,340000.0,40300,Petrol,Individual,Manual,First Owner,23.84 kmpl,1199 CC,84 bhp,5.0
Toyota,Innova,2010.0,525000.0,120000,Diesel,Individual,Manual,Second Owner,12.8 kmpl,2494 CC,102 bhp,8.0
Maruti,Celerio,2016.0,411000.0,25000,Petrol,Individual,Manual,Second Owner,23.1 kmpl,998 CC,67.04 bhp,5.0
Maruti,Wagon,2010.0,150000.0,155000,Petrol,Individual,Manual,Third Owner,18.9 kmpl,998 CC,67.1 bhp,5.0
Honda,Jazz,2015.0,575000.0,50000,Petrol,Individual,Automatic,First Owner,19.0 kmpl,1199 CC,88.7 bhp,5.0
,i20,2017.0,595000.0,30030,Petrol,Dealer,Manual,First Owner,18.6 kmpl,1197 CC,81.83 bhp,5.0
Hyundai,Xcent,2017.0,525000.0,29029,Petrol,Dealer,Manual,First Owner,19.1 kmpl,1197 CC,82 bhp,5.0
Maruti,Ritz,2012.0,335000.0,72072,Diesel,Dealer,Manual,First Owner,21.1 kmpl,1248 CC,73.9 bhp,5.0
Ford,Figo,2012.0,300000.0,54000,Diesel,Individual,Manual,First Owner,20.0 kmpl,1399 CC,68 bhp,5.0
Hyundai,i20,2012.0,415000.0,82082,Diesel,Dealer,Manual,First Owner,22.54 kmpl,1396 CC,88.73 bhp,5.0
Mahindra,XUV500,2016.0,925000.0,48000,Diesel,Individual,Manual,Second Owner,16.0 kmpl,2179 CC,140 bhp,7.0
Maruti,Ertiga,2016.0,750000.0,20000,Petrol,Individual,Manual,First Owner,17.5 kmpl,1373 CC,91.1 bhp,7.0
Hyundai,Verna,2018.0,1150000.0,49000,Diesel,Individual,Automatic,First Owner,22.0 kmpl,1582 CC,126.2 bhp,5.0
Datsun,GO,2015.0,260000.0,35000,Petrol,Individual,Manual,Third Owner,19.44 kmpl,1198 CC,67 bhp,7.0
Maruti,Alto,2017.0,260000.0,67000,CNG,Individual,Manual,First Owner,33.44 km/kg,796 CC,40.3 bhp,4.0
Maruti,Swift,2011.0,347000.0,80600,Diesel,Individual,Manual,First Owner,19.3 kmpl,1248 CC,73.9 bhp,5.0
Hyundai,EON,2013.0,195000.0,58609,Petrol,Individual,Manual,Second Owner,21.1 kmpl,814 CC,55.2 bhp,5.0
Fiat,Punto,2016.0,265000.0,33003,Petrol,Individual,Manual,First Owner,15.7 kmpl,1172 CC,67 bhp,5.0
Maruti,Wagon,2016.0,320000.0,43000,CNG,Individual,Manual,Second Owner,26.6 km/kg,998 CC,58.16 bhp,5.0
Hyundai,,2016.0,590000.0,16500,Petrol,Individual,Manual,First Owner,18.6 kmpl,1197 CC,81.83 bhp,5.0
Toyota,Innova,2012.0,650000.0,138000,Diesel,Individual,Manual,Second Owner,12.8 kmpl,2494 CC,102 bhp,8.0
Mahindra,Scorpio,2013.0,509999.0,165500,Diesel,Individual,Manual,Second Owner,14.0 kmpl,2523 CC,75 bhp,9.0
Maruti,Swift,2011.0,350000.0,120000,Diesel,Individual,Manual,Second Owner,19.3 kmpl,1248 CC,73.9 bhp,5.0
Tata,Nexon,2018.0,749000.0,30000,Diesel,Individual,Manual,First Owner,21.5 kmpl,1497 CC,108.5 bhp,5.0
Tata,Indigo,2010.0,150000.0,70000,Diesel,Individual,Manual,Second Owner,19.09 kmpl,1396 CC,69 bhp,5.0
Maruti,Zen,2003.0,58000.0,170000,Petrol,Individual,Manual,Third Owner,17.3 kmpl,993 CC,60 bhp,5.0
Mahindra,Verito,2011.0,200000.0,120000,Diesel,Individual,Manual,Third Owner,21.0 kmpl,1461 CC,64.1 bhp,5.0
Tata,Indica,2014.0,240000.0,168000,Diesel,Individual,Manual,Second Owner,22.3 kmpl,1248 CC,74 bhp,5.0
Honda,Amaze,2017.0,515000.0,60000,Diesel,Individual,Manual,Second Owner,25.8 kmpl,1498 CC,98.6 bhp,5.0
Maruti,Alto,2008.0,145000.0,120000,Petrol,Individual,Manual,Second Owner,19.7 kmpl,796 CC,46.3 bhp,5.0
Maruti,Wagon,2016.0,450000.0,5800,Petrol,Individual,Manual,Second Owner,20.51 kmpl,998 CC,67.04 bhp,5.0
Maruti,A-Star,2010.0,179000.0,68700,Petrol,Individual,Manual,Third Owner,19.0 kmpl,998 CC,66.1 bhp,5.0
Hyundai,Verna,2007.0,220000.0,108000,Petrol,Individual,Manual,Third Owner,13.9 kmpl,1599 CC,103.2 bhp,5.0
Ford,EcoSport,,850000.0,90000,Petrol,Individual,Manual,First Owner,17.0 kmpl,1497 CC,121.36 bhp,5.0
Volkswagen,Polo,2011.0,270000.0,60000,Petrol,Individual,Manual,Second Owner,16.47 kmpl,1198 CC,73.9 bhp,5.0
Hyundai,EON,2016.0,335000.0,17000,Petrol,Individual,Manual,First Owner,21.1 kmpl,814 CC,55.2 bhp,5.0
Maruti,Wagon,2018.0,459999.0,5000,Petrol,Individual,Manual,First Owner,20.51 kmpl,998 CC,67.04 bhp,5.0
Maruti,Vitara,2017.0,710000.0,60000,Diesel,Individual,Manual,First Owner,24.3 kmpl,1248 CC,88.5 bhp,5.0
Maruti,Swift,2015.0,,140000,Diesel,Individual,Manual,Second Owner,26.59 kmpl,1248 CC,74 bhp,5.0
Jeep,Compass,2017.0,1515000.0,15000,Diesel,Individual,Manual,First Owner,17.1 kmpl,1956 CC,170 bhp,5.0
Tata,Nexon,2018.0,750000.0,25000,Petrol,Individual,Manual,First Owner,17.0 kmpl,1198 CC,108.5 bhp,5.0
Chevrolet,Spark,2016.0,160000.0,50000,Petrol,Individual,Manual,Second Owner,16.2 kmpl,995 CC,62.1 bhp,5.0
Chevrolet,Beat,2016.0,215000.0,60000,Diesel,Individual,Manual,Second Owner,25.44 kmpl,936 CC,56.3 bhp,5.0
Tata,Nano,2012.0,,40000,Petrol,Individual,Manual,Second Owner,25.4 kmpl,624 CC,38 bhp,4.0
Maruti,Swift,2014.0,480000.0,72000,Petrol,Individual,Manual,First Owner,19.1 kmpl,1197 CC,85.8 bhp,5.0
Tata,Manza,2012.0,140000.0,195000,Diesel,Individual,Manual,Second Owner,21.12 kmpl,1248 CC,88.8 bhp,5.0
Hyundai,EON,2012.0,200000.0,70000,Petrol,Individual,Manual,First Owner,21.1 kmpl,814 CC,55.2 bhp,5.0
Nissan,Micra,2013.0,400000.0,83000,Diesel,Individual,Manual,First Owner,23.08 kmpl,1461 CC,63.1 bhp,5.0
Hyundai,EON,2012.0,180000.0,100000,Petrol,Individual,Manual,Second Owner,21.1 kmpl,814 CC,55.2 bhp,5.0
Maruti,Swift,2015.0,550000.0,25000,Petrol,Individual,Manual,First Owner,20.4 kmpl,1197 CC,81.80 bhp,5.0
Maruti,Swift,2016.0,550000.0,50000,Diesel,Individual,Manual,First Owner,25.2 kmpl,1248 CC,74 bhp,5.0
Maruti,Ertiga,2012.0,550000.0,67000,Diesel,Individual,Manual,First Owner,20.77 kmpl,1248 CC,88.76 bhp,7.0
Maruti,Zen,2011.0,,30000,Petrol,Individual,Manual,First Owner,19.0 kmpl,998 CC,67.1 bhp,5.0
Renault,Pulse,2013.0,315000.0,85000,Diesel,Individual,Manual,First Owner,23.08 kmpl,1461 CC,63.12 bhp,5.0
Mahindra,Thar,2018.0,,25000,Diesel,Individual,Manual,First Owner,16.55 kmpl,2498 CC,105 bhp,6.0
Toyota,Innova,2007.0,400000.0,170000,Diesel,Individual,Manual,First Owner,12.8 kmpl,2494 CC,102 bhp,8.0
Mahindra,Scorpio,2014.0,540000.0,110000,Diesel,Individual,Manual,First Owner,14.0 kmpl,2523 CC,75 bhp,8.0
Maruti,Wagon,2017.0,350000.0,60000,CNG,Individual,Manual,First Owner,26.6 km/kg,998 CC,58.16 bhp,5.0
Hyundai,Verna,2011.0,360000.0,80000,Diesel,Individual,Manual,Second Owner,22.32 kmpl,1582 CC,126.32 bhp,5.0
Maruti,Wagon,2014.0,300000.0,31000,Petrol,Individual,Manual,First Owner,20.51 kmpl,998 CC,67.04 bhp,5.0
Hyundai,Grand,2014.0,350000.0,100000,Diesel,Individual,Manual,First Owner,24.0 kmpl,1120 CC,70 bhp,5.0
Mahindra,NuvoSport,2016.0,650000.0,130000,Diesel,Individual,Manual,First Owner,17.45 kmpl,1493 CC,100 bhp,7.0
Maruti,Wagon,2016.0,350000.0,20000,Petrol,Individual,Manual,First Owner,20.51 kmpl,998 CC,67.04 bhp,5.0
Ford,EcoSport,2017.0,700000.0,60000,Diesel,Individual,Manual,First Owner,22.77 kmpl,1498 CC,98.59 bhp,5.0
Maruti,Swift,2013.0,415000.0,102996,Diesel,Individual,Manual,Second Owner,23.4 kmpl,1248 CC,74 bhp,5.0
Hyundai,i20,2015.0,550000.0,60000,Diesel,Individual,Manual,First Owner,22.54 kmpl,1396 CC,88.73 bhp,5.0
Mahindra,XUV500,2012.0,595000.0,129000,Diesel,Individual,Manual,Third Owner,15.1 kmpl,2179 CC,140 bhp,7.0
Fiat,Grande,2015.0,550000.0,67000,Diesel,Individual,Manual,First Owner,21.2 kmpl,1248 CC,75 bhp,5.0
Toyota,Fortuner,2015.0,2000000.0,120000,Diesel,Individual,Manual,First Owner,13.0 kmpl,2494 CC,142 bhp,7.0
Tata,Safari,2010.0,400000.0,120000,Diesel,Individual,Manual,Fourth & Above Owner,13.93 kmpl,2179 CC,138.03 bhp,7.0
Fiat,Avventura,2015.0,500000.0,96500,Diesel,Individual,Manual,First Owner,20.5 kmpl,1248 CC,91.72 bhp,5.0
Maruti,Wagon,2017.0,340000.0,52412,Petrol,Dealer,Manual,First Owner,18.9 kmpl,998 CC,67.1 bhp,5.0
Mahindra,Scorpio,2012.0,480000.0,85472,Diesel,Dealer,Manual,First Owner,12.05 kmpl,2179 CC,120 bhp,8.0
Ford,EcoSport,2013.0,480000.0,87452,Diesel,Dealer,Manual,Second Owner,22.77 kmpl,1498 CC,98.59 bhp,5.0
,EcoSport,2018.0,750000.0,17000,Diesel,Individual,Manual,First Owner,23.0 kmpl,1498 CC,98.96 bhp,5.0
Maruti,Wagon,2008.0,100000.0,66530,Petrol,Individual,Manual,Second Owner,18.9 kmpl,1061 CC,67 bhp,5.0
Hyundai,i20,2013.0,290000.0,40000,Petrol,Individual,Manual,First Owner,18.5 kmpl,1197 CC,82.85 bhp,5.0
Fiat,Avventura,2015.0,,96500,Diesel,Individual,Manual,First Owner,20.5 kmpl,1248 CC,91.72 bhp,5.0
Honda,City,2010.0,285000.0,79000,Petrol,Individual,Manual,First Owner,16.8 kmpl,1497 CC,116.3 bhp,5.0
Mahindra,TUV,2016.0,625000.0,50000,Diesel,Individual,Manual,First Owner,18.49 kmpl,1493 CC,100 bhp,7.0
Fiat,Grande,2012.0,170000.0,60000,Diesel,Individual,Manual,Second Owner,20.3 kmpl,1248 CC,75 bhp,5.0
Tata,Zest,2018.0,459999.0,35000,Petrol,Individual,Manual,First Owner,17.57 kmpl,1193 CC,88.7 bhp,5.0
Fiat,Avventura,2015.0,450000.0,120000,Diesel,Individual,Manual,First Owner,20.5 kmpl,1248 CC,91.72 bhp,5.0
Maruti,Swift,2019.0,,10000,Petrol,Individual,Automatic,First Owner,21.21 kmpl,1197 CC,81.80 bhp,5.0
Hyundai,i20,2017.0,600000.0,15000,Petrol,Individual,Manual,First Owner,17.19 kmpl,1197 CC,81.86 bhp,5.0
Maruti,Alto,2013.0,178000.0,70000,CNG,Individual,Manual,Second Owner,30.46 km/kg,796 CC,47.3 bhp,5.0
Maruti,Alto,2016.0,300000.0,5000,Petrol,Individual,Manual,First Owner,22.74 kmpl,796 CC,47.3 bhp,5.0
Maruti,Alto,2009.0,150000.0,40000,Petrol,Individual,Manual,First Owner,19.7 kmpl,796 CC,46.3 bhp,5.0
Hyundai,Elite,2019.0,590000.0,10000,Petrol,Individual,Manual,First Owner,18.6 kmpl,1197 CC,81.86 bhp,5.0
Hyundai,EON,2016.0,310000.0,25000,Petrol,Individual,Manual,First Owner,21.1 kmpl,814 CC,55.2 bhp,5.0
Tata,Zest,2017.0,400000.0,53000,Petrol,Individual,Manual,First Owner,17.57 kmpl,1193 CC,88.7 bhp,5.0
Mahindra,Scorpio,2014.0,520000.0,110000,Diesel,Individual,Manual,Second Owner,12.05 kmpl,2179 CC,120 bhp,9.0
Ashok,Leyland,2013.0,300000.0,200000,Diesel,Individual,Manual,Second Owner,20.07 kmpl,1461 CC,75 bhp,8.0
,XUV300,2019.0,1000000.0,22000,Petrol,Individual,Manual,First Owner,17.0 kmpl,1197 CC,110 bhp,5.0
Maruti,Wagon,2003.0,65000.0,70000,Petrol,Individual,Manual,Fourth & Above Owner,18.9 kmpl,998 CC,67.1 bhp,5.0
Honda,Amaze,2015.0,509999.0,75000,Diesel,Individual,Manual,Second Owner,25.8 kmpl,1498 CC,98.6 bhp,5.0
Maruti,Wagon,2012.0,221000.0,70000,Petrol,Individual,Manual,First Owner,18.9 kmpl,998 CC,67.1 bhp,5.0
Volkswagen,Vento,2014.0,,64000,Petrol,Individual,Manual,Third Owner,15.04 kmpl,1598 CC,103.2 bhp,5.0
Maruti,Gypsy,2002.0,350000.0,60000,Petrol,Individual,Manual,First Owner,11.96 kmpl,1298 CC,80 bhp,8.0
Maruti,Alto,2009.0,195000.0,40000,Petrol,Individual,Manual,First Owner,19.7 kmpl,796 CC,46.3 bhp,5.0
Audi,Q7,2010.0,1750000.0,110000,Diesel,Individual,Automatic,Second Owner,12.07 kmpl,2967 CC,241.4 bhp,7.0
Mahindra,Scorpio,2013.0,600000.0,60000,Diesel,Individual,Manual,First Owner,12.05 kmpl,2179 CC,120 bhp,8.0
Hyundai,i20,2015.0,615000.0,72000,Diesel,Individual,Manual,First Owner,22.54 kmpl,1396 CC,88.73 bhp,5.0
Hyundai,i20,2013.0,350000.0,70000,Diesel,Individual,Manual,Second Owner,21.9 kmpl,1396 CC,88.76 bhp,5.0
Chevrolet,Beat,2012.0,140000.0,75000,Diesel,Individual,Manual,First Owner,25.44 kmpl,936 CC,57.6 bhp,5.0
Hyundai,i20,2017.0,650000.0,32331,Diesel,Individual,Manual,Second Owner,22.54 kmpl,1396 CC,88.73 bhp,5.0
Hyundai,Creta,2016.0,1100000.0,70000,Diesel,Individual,Manual,First Owner,19.67 kmpl,1582 CC,126.2 bhp,5.0
Hyundai,i20,2010.0,285000.0,80000,Diesel,Individual,Manual,Second Owner,23.0 kmpl,1396 CC,90 bhp,5.0
Chevrolet,Spark,2011.0,190000.0,20000,Petrol,Individual,Manual,Second Owner,18.0 kmpl,995 CC,62 bhp,5.0
Nissan,Sunny,2012.0,350000.0,110000,Petrol,Individual,Manual,First Owner,16.95 kmpl,1498 CC,97.7 bhp,5.0
Hyundai,Grand,2014.0,400000.0,40000,Petrol,Individual,Manual,Second Owner,18.9 kmpl,1197 CC,82 bhp,5.0
Toyota,Innova,2016.0,2100000.0,40000,Petrol,Individual,Automatic,First Owner,10.75 kmpl,2694 CC,163.7 bhp,7.0
,i20,2015.0,434999.0,90000,Petrol,Individual,Manual,Second Owner,18.6 kmpl,1197 CC,81.83 bhp,5.0
Maruti,Swift,2014.0,450000.0,50000,Petrol,Individual,Manual,Second Owner,19.1 kmpl,1197 CC,85.8 bhp,5.0
Daewoo,Matiz,2001.0,45000.0,137000,Petrol,Individual,Manual,First Owner,18.5 kmpl,796 CC,53 bhp,5.0
Hyundai,i20,2015.0,450000.0,60000,Petrol,Individual,Manual,First Owner,18.6 kmpl,1197 CC,81.83 bhp,5.0
Maruti,Swift,2017.0,580000.0,30000,Diesel,Individual,Manual,First Owner,25.2 kmpl,1248 CC,74 bhp,5.0
Hyundai,Creta,2016.0,900000.0,98000,Diesel,Individual,Manual,First Owner,19.67 kmpl,1582 CC,126.2 bhp,5.0
Maruti,Ertiga,2016.0,750000.0,50000,Diesel,Individual,Manual,First Owner,24.52 kmpl,1248 CC,88.5 bhp,7.0
Tata,Indigo,2009.0,140000.0,120000,Diesel,Individual,Manual,Third Owner,19.09 kmpl,1396 CC,69 bhp,5.0
Hyundai,Grand,2017.0,525000.0,30000,Petrol,Individual,Manual,First Owner,18.9 kmpl,1197 CC,81.86 bhp,5.0
Tata,Indigo,2009.0,114999.0,120000,Diesel,Individual,Manual,Third Owner,19.09 kmpl,1396 CC,69 bhp,5.0
Tata,Tiago,2016.0,,40000,Petrol,Individual,Manual,First Owner,23.84 kmpl,1199 CC,84 bhp,5.0
Tata,Indica,2012.0,275000.0,90000,Diesel,Individual,Manual,Second Owner,19.0 kmpl,1405 CC,71 bhp,5.0
Hyundai,i20,2011.0,340000.0,80000,Diesel,Individual,Manual,Second Owner,21.9 kmpl,1396 CC,90 bhp,5.0
Hyundai,EON,2012.0,222000.0,120000,LPG,Individual,Manual,First Owner,21.1 km/kg,814 CC,55.2 bhp,5.0
Mahindra,Ssangyong,2013.0,850000.0,200000,Diesel,Individual,Automatic,First Owner,11.18 kmpl,2696 CC,184 bhp,7.0
Tata,Indica,2007.0,70000.0,110000,Diesel,Individual,Manual,Second Owner,17.2 kmpl,1396 CC,53.5 bhp,5.0
Tata,,2017.0,430000.0,38000,Petrol,Individual,Manual,Second Owner,23.84 kmpl,1199 CC,84 bhp,5.0
,Tiago,2017.0,430000.0,35000,Petrol,Individual,Manual,Second Owner,23.84 kmpl,1199 CC,84 bhp,5.0
Maruti,Wagon,2014.0,320000.0,70000,Petrol,Individual,Manual,First Owner,20.51 kmpl,998 CC,67.04 bhp,5.0
Renault,Fluence,2012.0,500000.0,120000,Diesel,Individual,Manual,Second Owner,21.8 kmpl,1461 CC,78 bhp,5.0
Renault,Duster,2012.0,500000.0,110000,Diesel,Individual,Manual,Second Owner,19.01 kmpl,1461 CC,108.45 bhp,5.0
Tata,Indica,2010.0,229999.0,140000,Diesel,Individual,Manual,First Owner,18.4 kmpl,1248 CC,75 bhp,5.0
Mahindra,Scorpio,2009.0,,155000,Diesel,Individual,Automatic,Second Owner,11.79 kmpl,2179 CC,120 bhp,8.0
Renault,Pulse,2017.0,500000.0,80000,Diesel,Individual,Manual,Second Owner,23.08 kmpl,1461 CC,63.1 bhp,5.0
Mahindra,Bolero,2010.0,315000.0,120000,Diesel,Individual,Manual,Second Owner,13.6 kmpl,2523 CC,63 bhp,7.0
Maruti,Wagon,2011.0,265000.0,80000,Petrol,Individual,Manual,First Owner,18.9 kmpl,998 CC,67.1 bhp,5.0
Ford,Figo,2015.0,350000.0,110000,Diesel,Individual,Manual,Second Owner,25.83 kmpl,1498 CC,99 bhp,5.0
Tata,Indigo,2012.0,200000.0,230000,Diesel,Individual,Manual,First Owner,23.57 kmpl,1396 CC,70 bhp,5.0
Tata,Indica,2011.0,114999.0,172000,Diesel,Individual,Manual,Second Owner,17.88 kmpl,1396 CC,52.8 bhp,5.0
Hyundai,i20,2014.0,425000.0,25000,Petrol,Individual,Manual,First Owner,18.6 kmpl,1197 CC,81.83 bhp,5.0
Ford,EcoSport,2019.0,900000.0,35000,Diesel,Individual,Manual,First Owner,23.0 kmpl,1498 CC,98.96 bhp,5.0
Mahindra,Scorpio,2014.0,550000.0,126000,Diesel,Individual,Manual,First Owner,12.05 kmpl,2179 CC,120 bhp,7.0
Honda,WR-V,2018.0,900000.0,30000,Diesel,Individual,Manual,First Owner,25.5 kmpl,1498 CC,98.6 bhp,5.0
Hyundai,i10,2011.0,165000.0,97000,Petrol,Individual,Manual,Third Owner,19.81 kmpl,1086 CC,68.05 bhp,5.0
,Verna,2016.0,850000.0,120000,Diesel,Individual,Automatic,First Owner,19.08 kmpl,1582 CC,126.2 bhp,5.0
Hyundai,Verna,2016.0,850000.0,120000,Diesel,Individual,Manual,First Owner,23.9 kmpl,1582 CC,126.32 bhp,5.0
Mahindra,Thar,2014.0,550000.0,80000,Diesel,Individual,Manual,Second Owner,16.55 kmpl,2498 CC,105 bhp,6.0
Maruti,Swift,2011.0,500000.0,60000,Diesel,Individual,Manual,Second Owner,19.3 kmpl,1248 CC,73.9 bhp,5.0
Hyundai,i10,2011.0,160000.0,60000,Petrol,Individual,Manual,First Owner,19.81 kmpl,1086 CC,68.05 bhp,5.0
Honda,City,2015.0,670000.0,60000,Diesel,Individual,Manual,First Owner,25.1 kmpl,1498 CC,98.6 bhp,5.0
Maruti,Swift,2014.0,430000.0,90000,Diesel,Individual,Manual,First Owner,22.9 kmpl,1248 CC,74 bhp,5.0
Hyundai,Xcent,2015.0,375000.0,30000,Petrol,Individual,Manual,First Owner,19.1 kmpl,1197 CC,82 bhp,5.0
Hyundai,i20,2016.0,650000.0,35000,Petrol,Individual,Manual,First Owner,18.6 kmpl,1197 CC,81.83 bhp,5.0
Maruti,Swift,2016.0,500000.0,35000,Diesel,Individual,Manual,First Owner,26.59 kmpl,1248 CC,74 bhp,5.0
Mahindra,XUV500,2017.0,1350000.0,25000,Diesel,Individual,Manual,First Owner,16.0 kmpl,2179 CC,140 bhp,7.0
Volkswagen,Ameo,2018.0,600000.0,40000,Diesel,Individual,Manual,First Owner,21.66 kmpl,1498 CC,108.62 bhp,5.0
Hyundai,Creta,2017.0,1200000.0,25000,Diesel,Individual,Manual,First Owner,19.67 kmpl,1582 CC,126.2 bhp,5.0
Hyundai,,2017.0,550000.0,23456,Petrol,Dealer,Manual,First Owner,18.9 kmpl,1197 CC,82 bhp,5.0
Mahindra,XUV500,2015.0,1225000.0,39000,Diesel,Dealer,Manual,First Owner,16.0 kmpl,2179 CC,140 bhp,7.0
Honda,WR-V,2017.0,700000.0,15000,Petrol,Individual,Manual,First Owner,17.5 kmpl,1199 CC,88.7 bhp,5.0
Maruti,Swift,2013.0,530000.0,40000,Diesel,Individual,Manual,First Owner,23.4 kmpl,1248 CC,74 bhp,5.0
Chevrolet,Beat,2010.0,,70000,Petrol,Individual,Manual,First Owner,18.6 kmpl,1199 CC,79.4 bhp,5.0
Maruti,Swift,2014.0,475000.0,40000,Petrol,Individual,Manual,First Owner,19.1 kmpl,1197 CC,85.8 bhp,5.0
Mahindra,Scorpio,2008.0,375000.0,136500,Diesel,Individual,Manual,Fourth & Above Owner,12.7 kmpl,2609 CC,120 bhp,8.0
Mahindra,KUV,2016.0,425000.0,70000,Diesel,Individual,Manual,Second Owner,25.32 kmpl,1198 CC,77 bhp,6.0
Honda,City,2015.0,800000.0,90000,Diesel,Individual,Manual,Second Owner,25.1 kmpl,1498 CC,98.6 bhp,5.0
Maruti,800,1996.0,40000.0,32000,Petrol,Individual,Manual,Second Owner,16.1 kmpl,796 CC,37 bhp,4.0
Maruti,Wagon,2018.0,509999.0,8000,Petrol,Individual,Automatic,Second Owner,20.51 kmpl,998 CC,67 bhp,5.0
Toyota,Etios,2015.0,387000.0,170000,Diesel,Individual,Manual,First Owner,23.59 kmpl,1364 CC,67.04 bhp,5.0
Maruti,Alto,2014.0,235000.0,25000,Petrol,Individual,Manual,First Owner,22.74 kmpl,796 CC,47.3 bhp,5.0
Tata,Sumo,2000.0,95000.0,120000,Diesel,Individual,Manual,Fourth & Above Owner,12.2 kmpl,1948 CC,68 bhp,10.0
Maruti,Swift,2010.0,340000.0,110000,Diesel,Individual,Manual,Third Owner,17.8 kmpl,1248 CC,75 bhp,5.0
Mahindra,XUV500,2016.0,,100000,Diesel,Individual,Manual,First Owner,16.0 kmpl,2179 CC,140 bhp,7.0
Ford,Ikon,2009.0,160000.0,115000,Diesel,Individual,Manual,Second Owner,13.8 kmpl,1399 CC,68 bhp,5.0
Mahindra,Scorpio,2008.0,365000.0,120000,Diesel,Individual,Manual,Fourth & Above Owner,12.7 kmpl,2609 CC,120 bhp,8.0
Skoda,Fabia,2011.0,300000.0,265000,Diesel,Individual,Manual,Second Owner,20.86 kmpl,1199 CC,75 bhp,5.0
Maruti,Swift,2008.0,260000.0,90000,Diesel,Individual,Manual,Second Owner,17.8 kmpl,1248 CC,75 bhp,5.0
Honda,Jazz,2018.0,860000.0,40000,Petrol,Individual,Automatic,First Owner,18.2 kmpl,1199 CC,88.7 bhp,5.0
Hyundai,Verna,2008.0,114999.0,55000,Petrol,Individual,Manual,Second Owner,13.9 kmpl,1599 CC,103.2 bhp,5.0
Maruti,Alto,2007.0,100000.0,90000,Petrol,Individual,Manual,Second Owner,19.7 kmpl,796 CC,46.3 bhp,5.0
Volkswagen,Vento,2014.0,565000.0,111000,Diesel,Individual,Manual,First Owner,20.34 kmpl,1498 CC,103.2 bhp,5.0
Mahindra,Xylo,2013.0,450000.0,120000,Diesel,Individual,Manual,Second Owner,11.68 kmpl,2498 CC,112 bhp,7.0
,Baleno,2017.0,625000.0,15000,Petrol,Individual,Manual,First Owner,21.4 kmpl,1197 CC,83.1 bhp,5.0
Maruti,Alto,2016.0,280000.0,30000,Petrol,Individual,Manual,Second Owner,22.74 kmpl,796 CC,47.3 bhp,5.0
Maruti,Alto,2017.0,330000.0,50000,Petrol,Individual,Manual,First Owner,23.95 kmpl,998 CC,67.05 bhp,5.0
Hyundai,Creta,2015.0,1300000.0,40000,Diesel,Individual,Manual,First Owner,19.67 kmpl,1582 CC,126.2 bhp,5.0
Tata,Indica,2008.0,65000.0,50000,Petrol,Individual,Manual,Second Owner,15.3 kmpl,1396 CC,70 bhp,5.0
Tata,Tiago,2018.0,480000.0,45000,Petrol,Individual,Manual,Second Owner,23.84 kmpl,1199 CC,84 bhp,5.0
,Tiago,2016.0,400000.0,35000,Diesel,Individual,Manual,Second Owner,27.28 kmpl,1047 CC,69 bhp,5.0
Tata,New,2009.0,500000.0,80000,Diesel,Individual,Manual,First Owner,13.93 kmpl,2179 CC,138 bhp,7.0
Mahindra,Xylo,2012.0,320000.0,120000,Diesel,Individual,Manual,First Owner,11.68 kmpl,2498 CC,112 bhp,7.0
Mahindra,XUV500,2014.0,750000.0,90000,Diesel,Individual,Manual,Second Owner,15.1 kmpl,2179 CC,140 bhp,7.0
Mahindra,Bolero,2017.0,620000.0,100000,Diesel,Individual,Manual,First Owner,16.5 kmpl,1493 CC,70 bhp,7.0
Maruti,Swift,2011.0,300000.0,120000,Diesel,Individual,Manual,Third Owner,19.3 kmpl,1248 CC,73.9 bhp,5.0
Hyundai,Creta,2018.0,1405000.0,15000,Petrol,Individual,Manual,First Owner,15.8 kmpl,1591 CC,121.3 bhp,5.0
Maruti,Alto,2017.0,282000.0,15000,Petrol,Individual,Manual,First Owner,24.7 kmpl,796 CC,47.3 bhp,5.0
Maruti,Swift,2017.0,700000.0,15000,Petrol,Individual,Automatic,First Owner,21.21 kmpl,1197 CC,81.80 bhp,5.0
Ford,Figo,2017.0,700000.0,70000,Diesel,Individual,Manual,First Owner,25.83 kmpl,1498 CC,99 bhp,5.0
Ford,EcoSport,2015.0,600000.0,135000,Diesel,Individual,Manual,First Owner,22.77 kmpl,1498 CC,98.59 bhp,5.0
Skoda,Rapid,2012.0,290000.0,80000,Diesel,Individual,Manual,Second Owner,20.5 kmpl,1598 CC,103.5 bhp,5.0
Chevrolet,Cruze,2011.0,430000.0,80000,Diesel,Individual,Automatic,Second Owner,18.1 kmpl,1991 CC,147.9 bhp,4.0
Hyundai,i20,2017.0,575000.0,19000,Petrol,Individual,Manual,First Owner,18.6 kmpl,1197 CC,81.83 bhp,5.0
Hyundai,Creta,2017.0,875000.0,42000,Petrol,Individual,Manual,First Owner,15.29 kmpl,1591 CC,121.3 bhp,5.0
Maruti,Wagon,2010.0,180000.0,77000,Petrol,Individual,Manual,First Owner,18.9 kmpl,998 CC,67.1 bhp,5.0
Maruti,Ritz,2012.0,229999.0,120000,Diesel,Individual,Manual,First Owner,23.2 kmpl,1248 CC,73.94 bhp,5.0
Toyota,Glanza,2019.0,800000.0,10000,Petrol,Individual,Automatic,First Owner,19.56 kmpl,1197 CC,81.80 bhp,5.0
Chevrolet,Spark,2009.0,60000.0,110000,Petrol,Individual,Manual,Third Owner,16.5 kmpl,995 CC,63 bhp,5.0
Maruti,SX4,2009.0,150000.0,110000,Petrol,Individual,Manual,First Owner,15.0 kmpl,1586 CC,104.68 bhp,5.0
Tata,Indigo,2007.0,100000.0,90000,Diesel,Individual,Manual,Third Owner,23.57 kmpl,1396 CC,70 bhp,5.0
Hyundai,Creta,2015.0,900000.0,90000,Petrol,Individual,Manual,First Owner,15.29 kmpl,1591 CC,121.3 bhp,5.0
Hyundai,i20,2018.0,850000.0,50000,Diesel,Individual,Manual,First Owner,22.54 kmpl,1396 CC,88.73 bhp,5.0
Chevrolet,Beat,2014.0,220000.0,50000,Diesel,Individual,Manual,First Owner,25.44 kmpl,936 CC,56.3 bhp,5.0
Maruti,Alto,2014.0,250000.0,40000,Petrol,Individual,Manual,Second Owner,22.74 kmpl,796 CC,47.3 bhp,5.0
Tata,Indica,2012.0,125000.0,120000,Diesel,Individual,Manual,First Owner,22.3 kmpl,1248 CC,74 bhp,5.0
Tata,Tiago,2017.0,400000.0,40000,Petrol,Individual,Manual,First Owner,23.84 kmpl,1199 CC,84 bhp,5.0
Maruti,800,2002.0,50000.0,62000,Petrol,Individual,Manual,First Owner,16.1 kmpl,796 CC,37 bhp,4.0
Hyundai,Verna,2018.0,1000000.0,10000,Petrol,Individual,Manual,First Owner,17.0 kmpl,1591 CC,121.3 bhp,5.0
Honda,City,2014.0,600000.0,160000,Diesel,Individual,Manual,First Owner,25.1 kmpl,1498 CC,98.6 bhp,5.0
Hyundai,i20,2010.0,250000.0,60000,Petrol,Individual,Manual,First Owner,17.0 kmpl,1197 CC,80 bhp,5.0
Mahindra,Bolero,2009.0,310000.0,110000,Diesel,Individual,Manual,First Owner,13.6 kmpl,2523 CC,63 bhp,7.0
Maruti,Wagon,2005.0,120000.0,60000,Petrol,Individual,Manual,Fourth & Above Owner,18.9 kmpl,998 CC,67.1 bhp,5.0
Mahindra,Xylo,2014.0,390000.0,78000,Diesel,Individual,Manual,First Owner,11.68 kmpl,2498 CC,112 bhp,7.0
Hyundai,Santro,2019.0,458000.0,30000,Petrol,Individual,Manual,First Owner,20.3 kmpl,1086 CC,68 bhp,5.0
Ford,EcoSport,2018.0,950000.0,20000,Diesel,Individual,Manual,First Owner,23.0 kmpl,1498 CC,98.96 bhp,5.0
Maruti,Swift,2017.0,650000.0,21000,Petrol,Individual,Manual,First Owner,22.0 kmpl,1197 CC,81.80 bhp,5.0
Maruti,Swift,2013.0,400000.0,70000,Diesel,Individual,Manual,First Owner,22.9 kmpl,1248 CC,74 bhp,5.0
,Grand,2015.0,400000.0,70000,Petrol,Individual,Automatic,Second Owner,18.9 kmpl,1197 CC,82 bhp,5.0
Maruti,Alto,2006.0,100000.0,42500,Petrol,Individual,Manual,First Owner,19.7 kmpl,796 CC,46.3 bhp,5.0
Hyundai,i10,2012.0,350000.0,25000,Petrol,Individual,Manual,First Owner,20.36 kmpl,1197 CC,78.9 bhp,5.0
Tata,Aria,2013.0,450000.0,80000,Diesel,Individual,Manual,Second Owner,13.7 kmpl,2197 CC,138.1 bhp,7.0
Mahindra,Scorpio,2006.0,350000.0,90000,Diesel,Individual,Manual,First Owner,12.7 kmpl,2609 CC,116.6 bhp,8.0
Volkswagen,Polo,2010.0,250000.0,80000,Diesel,Individual,Manual,Fourth & Above Owner,22.07 kmpl,1199 CC,73.9 bhp,5.0
Mahindra,Bolero,2013.0,450000.0,146000,Diesel,Individual,Manual,Second Owner,15.96 kmpl,2523 CC,62.1 bhp,7.0
Maruti,800,2013.0,157000.0,47200,Petrol,Individual,Manual,Third Owner,16.1 kmpl,796 CC,37 bhp,4.0
Mahindra,XUV500,2018.0,1500000.0,60000,Diesel,Individual,Manual,First Owner,15.1 kmpl,2179 CC,152.87 bhp,7.0
Tata,Indica,2007.0,75000.0,100000,Petrol,Individual,Manual,Second Owner,15.3 kmpl,1193 CC,65.3 bhp,5.0
Chevrolet,Tavera,2010.0,280000.0,100000,Diesel,Individual,Manual,Second Owner,14.8 kmpl,2499 CC,80 bhp,10.0
Tata,Sumo,2012.0,250999.0,120000,Diesel,Individual,Manual,Fourth & Above Owner,15.3 kmpl,2956 CC,83.8 bhp,7.0
Toyota,Corolla,2010.0,350000.0,80000,Petrol,Individual,Manual,Second Owner,12.5 kmpl,1794 CC,132 bhp,5.0
Renault,KWID,2016.0,300000.0,34000,Petrol,Individual,Manual,First Owner,23.01 kmpl,999 CC,67 bhp,5.0
Renault,Duster,2017.0,819999.0,50000,Diesel,Individual,Manual,First Owner,19.87 kmpl,1461 CC,83.8 bhp,5.0
Tata,Indigo,2010.0,409999.0,100000,Diesel,Individual,Manual,Second Owner,19.61 kmpl,1405 CC,70 bhp,5.0
Hyundai,Verna,2008.0,275000.0,52000,Petrol,Individual,Manual,Second Owner,13.9 kmpl,1599 CC,103.2 bhp,5.0
Maruti,Ertiga,2013.0,497000.0,110000,Diesel,Individual,Manual,First Owner,20.77 kmpl,1248 CC,88.76 bhp,7.0
,i20,2015.0,500000.0,70000,Petrol,Individual,Manual,First Owner,18.6 kmpl,1197 CC,81.83 bhp,5.0
Mahindra,,2006.0,170000.0,120000,Diesel,Individual,Manual,Second Owner,14.0 kmpl,2523 CC,83 bhp,7.0
Isuzu,MUX,2019.0,2700000.0,10000,Diesel,Individual,Automatic,First Owner,13.8 kmpl,2999 CC,174.57 bhp,7.0
Ford,EcoSport,2019.0,975000.0,30000,Diesel,Individual,Manual,First Owner,23.0 kmpl,1498 CC,98.96 bhp,5.0
Ford,Aspire,2018.0,620000.0,15000,Petrol,Individual,Manual,First Owner,20.4 kmpl,1194 CC,94.93 bhp,5.0
Honda,City,2019.0,1227000.0,5000,Petrol,Individual,Automatic,First Owner,18.0 kmpl,1497 CC,117.6 bhp,5.0
Ford,EcoSport,2018.0,,40000,Diesel,Individual,Manual,First Owner,23.0 kmpl,1498 CC,98.96 bhp,5.0
MG,Hector,2019.0,1700000.0,16500,Petrol,Dealer,Automatic,First Owner,13.96 kmpl,1451 CC,141 bhp,5.0
Maruti,,2014.0,545000.0,110000,Diesel,Individual,Manual,First Owner,20.77 kmpl,1248 CC,88.76 bhp,7.0
Maruti,Swift,2011.0,400000.0,72000,Diesel,Individual,Manual,First Owner,22.9 kmpl,1248 CC,74 bhp,5.0
Maruti,Baleno,2015.0,562000.0,60000,Diesel,Individual,Manual,First Owner,27.39 kmpl,1248 CC,74 bhp,5.0
Tata,Sumo,2002.0,96000.0,120000,Diesel,Individual,Manual,First Owner,14.07 kmpl,2956 CC,83.1 bhp,7.0
Mitsubishi,Lancer,1999.0,155000.0,100000,Diesel,Individual,Manual,Third Owner,14.8 kmpl,1998 CC,68 bhp,5.0
Ford,Fiesta,2015.0,590000.0,80000,Diesel,Individual,Manual,First Owner,25.01 kmpl,1498 CC,89.75 bhp,5.0
Hyundai,Xcent,2016.0,350000.0,120000,Diesel,Individual,Manual,Second Owner,24.4 kmpl,1120 CC,71 bhp,5.0
Maruti,Ignis,2017.0,484999.0,30000,Petrol,Individual,Manual,First Owner,20.89 kmpl,1197 CC,81.80 bhp,5.0
Tata,Indica,2015.0,240000.0,110000,Diesel,Individual,Manual,Second Owner,19.1 kmpl,1405 CC,70 bhp,5.0
Toyota,Innova,2008.0,500000.0,219000,Diesel,Individual,Manual,Second Owner,12.8 kmpl,2494 CC,102 bhp,8.0
Maruti,Alto,2017.0,300000.0,80000,Petrol,Individual,Manual,First Owner,24.7 kmpl,796 CC,47.3 bhp,5.0
Maruti,Ciaz,2016.0,750000.0,80000,Diesel,Individual,Manual,First Owner,28.09 kmpl,1248 CC,88.5 bhp,5.0
Maruti,Swift,2016.0,574000.0,35000,Petrol,Individual,Manual,Second Owner,20.85 kmpl,1197 CC,83.14 bhp,5.0
Tata,Indica,2013.0,200000.0,167000,Diesel,Individual,Manual,First Owner,22.3 kmpl,1248 CC,88.8 bhp,5.0
Hyundai,Creta,2016.0,1100000.0,94000,Diesel,Individual,Manual,First Owner,19.67 kmpl,1582 CC,126.2 bhp,5.0
Hyundai,Santro,2012.0,350000.0,80000,Petrol,Individual,Manual,First Owner,17.92 kmpl,1086 CC,62.1 bhp,5.0
Maruti,800,1998.0,,100000,Petrol,Individual,Manual,Second Owner,16.1 kmpl,796 CC,37 bhp,4.0
Ford,Ikon,2005.0,120000.0,90000,Petrol,Individual,Manual,Second Owner,13.8 kmpl,1299 CC,70 bhp,5.0
Toyota,Innova,2012.0,700000.0,246000,Diesel,Individual,Manual,Second Owner,12.99 kmpl,2494 CC,100 bhp,7.0
Maruti,Baleno,2019.0,500000.0,10000,Petrol,Individual,Manual,First Owner,21.4 kmpl,1197 CC,83.1 bhp,5.0
Tata,Indigo,2016.0,370000.0,90000,Diesel,Individual,Manual,First Owner,19.09 kmpl,1405 CC,69.01 bhp,5.0
Tata,Tigor,2019.0,600000.0,5200,Petrol,Individual,Manual,First Owner,20.3 kmpl,1199 CC,83.81 bhp,5.0
Maruti,Zen,2006.0,100000.0,120000,Petrol,Individual,Manual,Second Owner,17.3 kmpl,993 CC,60 bhp,5.0
Maruti,Swift,2013.0,409999.0,90000,Diesel,Individual,Manual,Second Owner,22.9 kmpl,1248 CC,74 bhp,5.0
Honda,City,2016.0,750000.0,50000,Petrol,Individual,Automatic,First Owner,18.0 kmpl,1497 CC,117.3 bhp,5.0
Hyundai,,2017.0,600000.0,5000,Petrol,Individual,Manual,First Owner,18.9 kmpl,1197 CC,81.86 bhp,5.0
Mahindra,KUV,2018.0,550000.0,10500,Petrol,Individual,Manual,First Owner,18.15 kmpl,1198 CC,82 bhp,6.0
Renault,Duster,,950000.0,26000,Diesel,Individual,Manual,First Owner,19.6 kmpl,1461 CC,108.45 bhp,5.0
Mahindra,Scorpio,2014.0,645000.0,139000,Diesel,Individual,Automatic,First Owner,11.79 kmpl,2179 CC,120 bhp,8.0
Mahindra,XUV500,2014.0,750000.0,60000,Diesel,Individual,Manual,Second Owner,15.1 kmpl,2179 CC,140 bhp,7.0
Mercedes-Benz,New,2006.0,650000.0,40000,Petrol,Individual,Manual,First Owner,11.7 kmpl,1796 CC,178 bhp,5.0
Ford,,2015.0,800000.0,25000,Petrol,Individual,Manual,First Owner,15.85 kmpl,1499 CC,110.4 bhp,
Toyota,Corolla,2010.0,350000.0,60000,Petrol,Individual,Manual,Second Owner,14.53 kmpl,1798 CC,138 bhp,5.0
Ford,EcoSport,2015.0,700000.0,25000,Petrol,Individual,Manual,First Owner,15.85 kmpl,1499 CC,110.4 bhp,5.0
Maruti,Swift,2011.0,335000.0,15000,Petrol,Individual,Manual,First Owner,17.5 kmpl,1298 CC,85.8 bhp,5.0
Maruti,Swift,2012.0,270000.0,110000,Diesel,Individual,Manual,First Owner,19.3 kmpl,1248 CC,73.9 bhp,5.0
Maruti,Swift,2010.0,320000.0,100000,Diesel,Individual,Manual,Second Owner,19.3 kmpl,1248 CC,73.9 bhp,5.0
Hyundai,Santro,2007.0,120000.0,120000,Petrol,Individual,Manual,First Owner,17.8 kmpl,1086 CC,63 bhp,5.0
Audi,A4,2010.0,730000.0,55000,Petrol,Individual,Automatic,Second Owner,12.3 kmpl,1781 CC,163.2 bhp,5.0
Maruti,SX4,2007.0,125000.0,120000,Petrol,Individual,Manual,Third Owner,15.0 kmpl,1586 CC,104.68 bhp,5.0
Maruti,Zen,2007.0,150000.0,35000,Petrol,Individual,Manual,First Owner,18.2 kmpl,1061 CC,64 bhp,5.0
Maruti,Alto,2018.0,310000.0,13000,Petrol,Individual,Manual,First Owner,24.7 kmpl,796 CC,47.3 bhp,5.0
Maruti,Swift,2015.0,625000.0,50000,Diesel,Individual,Manual,First Owner,26.59 kmpl,1248 CC,74 bhp,5.0
Hyundai,i10,2012.0,267000.0,40000,Petrol,Individual,Manual,First Owner,20.36 kmpl,1197 CC,78.9 bhp,5.0
Hyundai,i20,2016.0,600000.0,25000,Petrol,Individual,Manual,First Owner,17.19 kmpl,1197 CC,81.86 bhp,5.0
Maruti,Eeco,2011.0,180000.0,110000,Petrol,Individual,Manual,Second Owner,15.37 kmpl,1196 CC,73 bhp,7.0
Toyota,Glanza,2019.0,700000.0,5000,Petrol,Individual,Manual,First Owner,23.87 kmpl,1197 CC,88.50 bhp,5.0
Maruti,800,2013.0,121000.0,50000,Petrol,Individual,Manual,Second Owner,16.1 kmpl,796 CC,37 bhp,4.0
Hyundai,Grand,2014.0,350000.0,80000,Petrol,Individual,Manual,Third Owner,18.9 kmpl,1197 CC,82 bhp,5.0
Toyota,Innova,2012.0,869999.0,225000,Diesel,Individual,Manual,Second Owner,12.99 kmpl,2494 CC,100 bhp,8.0
Maruti,Wagon,2008.0,80000.0,100000,Petrol,Individual,Manual,Third Owner,17.3 kmpl,1061 CC,64 bhp,5.0
Hyundai,i10,2008.0,120000.0,93331,Petrol,Individual,Manual,Second Owner,19.81 kmpl,1086 CC,68.05 bhp,5.0
Mahindra,Scorpio,2012.0,370000.0,120000,Diesel,Individual,Manual,Second Owner,13.5 kmpl,2179 CC,115 bhp,5.0
Nissan,Terrano,2015.0,750000.0,70000,Diesel,Individual,Manual,First Owner,19.01 kmpl,1461 CC,108.5 bhp,5.0
Mahindra,Bolero,2015.0,484999.0,100000,Diesel,Individual,Manual,First Owner,15.96 kmpl,2523 CC,63 bhp,9.0
Hyundai,Accent,2006.0,120000.0,90000,Diesel,Individual,Manual,Second Owner,13.1 kmpl,1493 CC,82 bhp,5.0
Toyota,Fortuner,2016.0,3100000.0,90000,Diesel,Individual,Automatic,First Owner,15.04 kmpl,2755 CC,174.5 bhp,7.0
,Swift,,750000.0,6500,Petrol,Individual,Automatic,First Owner,21.21 kmpl,1197 CC,81.80 bhp,5.0
Maruti,Gypsy,2010.0,350000.0,80000,Petrol,Individual,Manual,First Owner,11.96 kmpl,1298 CC,80 bhp,8.0
Mahindra,Scorpio,2008.0,400000.0,100000,Diesel,Individual,Manual,Third Owner,12.05 kmpl,2179 CC,120 bhp,7.0
Toyota,Etios,2015.0,570000.0,120000,Diesel,Individual,Manual,Second Owner,23.59 kmpl,1364 CC,67.05 bhp,5.0
Hyundai,EON,2012.0,180000.0,120000,Petrol,Individual,Manual,Second Owner,21.1 kmpl,814 CC,55.2 bhp,5.0
Opel,Astra,1998.0,68000.0,110000,Petrol,Individual,Manual,Third Owner,13.1 kmpl,1598 CC,77 bhp,5.0
Skoda,Octavia,2006.0,280000.0,150000,Diesel,Individual,Manual,Third Owner,18.7 kmpl,1896 CC,66 bhp,5.0
Tata,Indigo,2005.0,90000.0,120000,Diesel,Individual,Manual,Fourth & Above Owner,16.1 kmpl,1405 CC,70 bhp,5.0
Mercedes-Benz,M-Class,2015.0,2600000.0,100000,Diesel,Individual,Automatic,Second Owner,15.26 kmpl,2143 CC,203.2 bhp,5.0
Tata,Sumo,2018.0,700000.0,63000,Diesel,Individual,Manual,First Owner,15.3 kmpl,2956 CC,83.83 bhp,7.0
Mercedes-Benz,GLA,2016.0,1850000.0,40000,Diesel,Individual,Automatic,Second Owner,17.9 kmpl,2143 CC,136 bhp,5.0
Ford,Ecosport,2015.0,685000.0,109000,Diesel,Dealer,Manual,First Owner,22.7 kmpl,1498 CC,89.84 bhp,5.0
Maruti,Swift,2015.0,565000.0,114000,Diesel,Dealer,Manual,First Owner,25.2 kmpl,1248 CC,73.94 bhp,5.0
,Octavia,2017.0,1600000.0,33000,Petrol,Dealer,Automatic,Second Owner,14.7 kmpl,1798 CC,177.5 bhp,5.0
Hyundai,Grand,2014.0,395000.0,160000,Diesel,Dealer,Manual,Third Owner,24.0 kmpl,1120 CC,70 bhp,5.0
Hyundai,i20,2013.0,425000.0,101000,Diesel,Dealer,Manual,First Owner,21.9 kmpl,1396 CC,88.76 bhp,5.0
Volkswagen,Vento,2019.0,1350000.0,5400,Diesel,Dealer,Manual,Test Drive Car,22.27 kmpl,1498 CC,108.6 bhp,5.0
Hyundai,Tucson,2016.0,1950000.0,45000,Diesel,Dealer,Automatic,Second Owner,16.38 kmpl,1995 CC,183 bhp,5.0
Renault,KWID,2018.0,535000.0,31000,Petrol,Dealer,Automatic,First Owner,24.04 kmpl,999 CC,67 bhp,5.0
Renault,KWID,2018.0,,31000,Petrol,Dealer,Manual,First Owner,23.01 kmpl,999 CC,67 bhp,5.0
Maruti,Wagon,2016.0,434999.0,55000,Petrol,Dealer,Manual,First Owner,20.52 kmpl,1197 CC,81.80 bhp,5.0
Tata,Nano,2018.0,250000.0,55000,Petrol,Dealer,Automatic,First Owner,21.9 kmpl,624 CC,37.48 bhp,4.0
Hyundai,,2014.0,700000.0,117000,Diesel,Dealer,Manual,First Owner,22.32 kmpl,1582 CC,126.32 bhp,5.0
BMW,3,2010.0,1100000.0,102000,Diesel,Dealer,Automatic,First Owner,19.62 kmpl,1995 CC,187.74 bhp,5.0
Volkswagen,Passat,2012.0,900000.0,108000,Diesel,Dealer,Automatic,First Owner,17.42 kmpl,1968 CC,175 bhp,5.0
Maruti,Wagon,2015.0,425000.0,75000,Petrol,Dealer,Manual,First Owner,20.52 kmpl,1197 CC,81.80 bhp,5.0
Mercedes-Benz,E-Class,2011.0,1600000.0,74000,Diesel,Dealer,Automatic,First Owner,10.0 kmpl,2148 CC,170 bhp,5.0
Ford,Figo,2013.0,325000.0,158000,Diesel,Dealer,Manual,First Owner,24.4 kmpl,1499 CC,98.96 bhp,5.0
Tata,Nexon,2019.0,,10000,Diesel,Individual,Automatic,First Owner,21.5 kmpl,1497 CC,108.5 bhp,5.0
Tata,Hexa,2017.0,980000.0,53000,Diesel,Individual,Manual,First Owner,17.6 kmpl,2179 CC,147.94 bhp,7.0
Jeep,Compass,2017.0,,20000,Diesel,Individual,Manual,Second Owner,16.3 kmpl,1956 CC,170 bhp,5.0
Volkswagen,Polo,2020.0,808000.0,5000,Petrol,Individual,Manual,First Owner,18.24 kmpl,999 CC,108.6 bhp,5.0
Maruti,Swift,2014.0,550000.0,30000,Petrol,Individual,Manual,First Owner,19.1 kmpl,1197 CC,85.8 bhp,5.0
Maruti,Alto,2010.0,215000.0,64000,Petrol,Individual,Manual,First Owner,19.7 kmpl,796 CC,46.3 bhp,5.0
Ford,Figo,2016.0,,10500,Petrol,Individual,Manual,First Owner,18.16 kmpl,1196 CC,86.8 bhp,5.0
Maruti,Alto,2011.0,215000.0,50000,Petrol,Individual,Manual,Second Owner,19.7 kmpl,796 CC,46.3 bhp,5.0
Skoda,Rapid,2012.0,500000.0,60000,Diesel,Individual,Manual,First Owner,20.5 kmpl,1598 CC,103.5 bhp,5.0
,Rapid,2015.0,700000.0,35000,Diesel,Individual,Manual,First Owner,21.14 kmpl,1498 CC,103.52 bhp,5.0
Tata,Safari,2012.0,525000.0,135000,Diesel,Individual,Manual,First Owner,13.93 kmpl,2179 CC,138.03 bhp,7.0
Mahindra,Scorpio,2011.0,550000.0,70000,Diesel,Individual,Manual,Second Owner,12.05 kmpl,2179 CC,120 bhp,9.0
Maruti,Vitara,2016.0,750000.0,80000,Diesel,Individual,Manual,First Owner,24.3 kmpl,1248 CC,88.5 bhp,5.0
Maruti,Celerio,2017.0,,25000,Petrol,Individual,Manual,First Owner,21.63 kmpl,998 CC,67 bhp,5.0
Hyundai,i20,2017.0,675000.0,5000,Petrol,Individual,Manual,First Owner,18.6 kmpl,1197 CC,81.83 bhp,5.0
Hyundai,Santro,2008.0,140000.0,80000,Petrol,Individual,Manual,Third Owner,17.92 kmpl,1086 CC,62.1 bhp,5.0
Mahindra,Scorpio,2011.0,430000.0,120000,Diesel,Individual,Manual,Second Owner,12.05 kmpl,2179 CC,120 bhp,8.0
Maruti,Wagon,2014.0,300000.0,10000,Petrol,Individual,Manual,First Owner,20.51 kmpl,998 CC,67.04 bhp,5.0
Chevrolet,Sail,2013.0,355000.0,68000,Diesel,Individual,Manual,First Owner,22.1 kmpl,1248 CC,76.9 bhp,5.0
Maruti,,2015.0,180000.0,35000,Petrol,Individual,Manual,Second Owner,22.74 kmpl,796 CC,47.3 bhp,5.0
Tata,Indica,2007.0,125000.0,50000,Petrol,Individual,Manual,First Owner,15.3 kmpl,1193 CC,65.3 bhp,5.0
Maruti,S-Cross,2018.0,810000.0,29700,Diesel,Individual,Manual,First Owner,25.1 kmpl,1248 CC,88.5 bhp,5.0
Hyundai,i20,2018.0,671000.0,20000,Petrol,Individual,Automatic,First Owner,18.6 kmpl,1368 CC,98.63 bhp,5.0
Maruti,Alto,2018.0,295000.0,20000,Petrol,Individual,Manual,First Owner,24.7 kmpl,796 CC,47.3 bhp,5.0
Maruti,Ertiga,2017.0,850000.0,40000,Diesel,Individual,Manual,First Owner,24.52 kmpl,1248 CC,88.5 bhp,7.0
Maruti,Swift,2013.0,409999.0,90000,Diesel,Individual,Manual,First Owner,22.9 kmpl,1248 CC,74 bhp,5.0
Maruti,Ertiga,2015.0,600000.0,90000,Petrol,Individual,Manual,First Owner,16.02 kmpl,1373 CC,93.7 bhp,7.0
Mahindra,Bolero,2015.0,600000.0,80000,Diesel,Individual,Manual,First Owner,15.96 kmpl,2523 CC,62.1 bhp,7.0
Maruti,Wagon,2012.0,220000.0,60000,Petrol,Individual,Manual,Third Owner,18.9 kmpl,998 CC,67.1 bhp,5.0
Maruti,Swift,2013.0,550000.0,56000,Diesel,Individual,Manual,First Owner,23.4 kmpl,1248 CC,74 bhp,5.0
Mahindra,Scorpio,2014.0,650000.0,50000,Diesel,Individual,Manual,First Owner,14.0 kmpl,2523 CC,75 bhp,8.0
Mahindra,Scorpio,2014.0,655000.0,50000,Diesel,Individual,Manual,Second Owner,14.0 kmpl,2523 CC,75 bhp,9.0
Tata,Sumo,2006.0,130000.0,74000,Diesel,Individual,Manual,First Owner,13.7 kmpl,1948 CC,68 bhp,7.0
Renault,,2014.0,400000.0,123000,Diesel,Individual,Manual,First Owner,19.01 kmpl,1461 CC,108.45 bhp,5.0
Maruti,Alto,2009.0,155000.0,54000,Petrol,Individual,Manual,First Owner,19.7 kmpl,796 CC,46.3 bhp,5.0
Tata,Indigo,2013.0,250000.0,50000,Petrol,Individual,Manual,First Owner,15.64 kmpl,1193 CC,64.1 bhp,5.0
Hyundai,Grand,2014.0,400000.0,80000,Petrol,Individual,Manual,Second Owner,18.9 kmpl,1197 CC,82 bhp,5.0
Datsun,GO,2019.0,500000.0,10000,Petrol,Individual,Manual,First Owner,19.02 kmpl,1198 CC,67.05 bhp,5.0
Hyundai,Santro,2018.0,565000.0,10000,Petrol,Individual,Automatic,First Owner,20.3 kmpl,1086 CC,68 bhp,5.0
,EcoSport,2018.0,900000.0,40000,Diesel,Individual,Manual,First Owner,23.0 kmpl,1498 CC,98.96 bhp,5.0
Mahindra,Bolero,2017.0,650000.0,120000,Diesel,Individual,Manual,First Owner,16.5 kmpl,1493 CC,70 bhp,7.0
Mahindra,Bolero,2013.0,600000.0,45000,Diesel,Individual,Manual,First Owner,15.96 kmpl,2523 CC,62.1 bhp,7.0
Maruti,Swift,2018.0,800000.0,35000,Diesel,Individual,Manual,First Owner,28.4 kmpl,1248 CC,74.02 bhp,5.0
Hyundai,i20,2015.0,575000.0,60000,Diesel,Individual,Manual,First Owner,22.54 kmpl,1396 CC,88.73 bhp,5.0
Ford,Figo,2016.0,550000.0,40000,Petrol,Individual,Automatic,First Owner,17.01 kmpl,1499 CC,110.4 bhp,5.0
Maruti,SX4,2011.0,190000.0,80000,Petrol,Individual,Manual,Third Owner,15.5 kmpl,1586 CC,103.3 bhp,5.0
,EcoSport,2017.0,750000.0,37000,Diesel,Individual,Manual,First Owner,23.0 kmpl,1498 CC,98.96 bhp,5.0
,Baleno,2018.0,625000.0,22000,Petrol,Individual,Manual,First Owner,21.4 kmpl,1197 CC,83.1 bhp,5.0
Hyundai,i20,2018.0,799000.0,60000,Diesel,Individual,Manual,Second Owner,22.54 kmpl,1396 CC,88.73 bhp,5.0
Maruti,Wagon,2013.0,300000.0,57000,Petrol,Individual,Manual,Second Owner,20.51 kmpl,998 CC,67.04 bhp,5.0
Maruti,Ciaz,2017.0,850000.0,27000,Petrol,Individual,Manual,First Owner,20.73 kmpl,1373 CC,91.1 bhp,5.0
Chevrolet,Spark,2012.0,,70000,Petrol,Individual,Manual,First Owner,18.0 kmpl,995 CC,62 bhp,5.0
Maruti,Alto,2011.0,229999.0,40000,Petrol,Individual,Manual,Second Owner,20.92 kmpl,998 CC,67.1 bhp,5.0
Maruti,Celerio,2015.0,400000.0,60000,Petrol,Individual,Manual,First Owner,23.1 kmpl,998 CC,67.04 bhp,5.0
Mahindra,Thar,2018.0,900000.0,35000,Diesel,Individual,Manual,First Owner,16.55 kmpl,2498 CC,105 bhp,6.0
Mahindra,Scorpio,2015.0,800000.0,70000,Diesel,Individual,Manual,First Owner,15.4 kmpl,1997 CC,120 bhp,7.0
Hyundai,EON,2015.0,,43000,Petrol,Individual,Manual,Second Owner,21.1 kmpl,814 CC,55.2 bhp,5.0
Tata,Manza,2011.0,250000.0,110000,Petrol,Individual,Manual,Second Owner,15.0 kmpl,1368 CC,90 bhp,5.0
Fiat,Punto,2009.0,100000.0,100000,Petrol,Individual,Manual,Second Owner,15.7 kmpl,1172 CC,67 bhp,5.0
Maruti,Swift,2016.0,450000.0,64000,Petrol,Individual,Manual,First Owner,20.4 kmpl,1197 CC,81.80 bhp,5.0
Renault,Duster,2017.0,575000.0,96000,Diesel,Individual,Manual,First Owner,19.87 kmpl,1461 CC,83.8 bhp,5.0
Renault,Duster,2013.0,400000.0,96000,Diesel,Individual,Manual,First Owner,20.46 kmpl,1461 CC,83.8 bhp,5.0
Maruti,Celerio,2019.0,480000.0,7600,Petrol,Individual,Manual,First Owner,21.63 kmpl,998 CC,67 bhp,5.0
Maruti,Celerio,2019.0,490000.0,7000,Petrol,Individual,Manual,First Owner,21.63 kmpl,998 CC,67 bhp,5.0
Tata,Indigo,2007.0,150000.0,120000,Diesel,Individual,Manual,Second Owner,17.0 kmpl,1405 CC,70 bhp,5.0
Tata,Bolt,2017.0,600000.0,50000,Diesel,Individual,Manual,First Owner,22.95 kmpl,1248 CC,74 bhp,5.0
Hyundai,Xcent,2015.0,500000.0,50000,Diesel,Individual,Manual,Second Owner,24.4 kmpl,1120 CC,71 bhp,5.0
Tata,Zest,2015.0,425000.0,80000,Diesel,Individual,Manual,First Owner,23.0 kmpl,1248 CC,88.7 bhp,5.0
Hyundai,Accent,2003.0,108000.0,200000,Diesel,Individual,Manual,Second Owner,13.1 kmpl,1493 CC,82 bhp,5.0
Toyota,Innova,2015.0,1030000.0,190000,Diesel,Individual,Manual,First Owner,12.99 kmpl,2494 CC,100.6 bhp,7.0
Maruti,Wagon,2015.0,360000.0,34000,Petrol,Individual,Manual,First Owner,20.51 kmpl,998 CC,67.04 bhp,5.0
Volkswagen,Polo,2012.0,290000.0,80000,Petrol,Individual,Manual,Second Owner,16.47 kmpl,1198 CC,73.9 bhp,5.0
Maruti,Esteem,2003.0,70000.0,20000,Diesel,Individual,Manual,First Owner,15.9 kmpl,1527 CC,57 bhp,5.0
Tata,Sumo,2012.0,320000.0,70000,Diesel,Individual,Manual,Second Owner,15.3 kmpl,2956 CC,83.8 bhp,7.0
Hyundai,Verna,2014.0,755000.0,29340,Diesel,Individual,Manual,First Owner,22.32 kmpl,1582 CC,126.32 bhp,5.0
Ford,Figo,2011.0,215000.0,120000,Diesel,Individual,Manual,First Owner,20.0 kmpl,1399 CC,68 bhp,5.0
Toyota,Innova,2011.0,735000.0,200000,Diesel,Individual,Manual,Second Owner,12.8 kmpl,2494 CC,102 bhp,7.0
Hyundai,i10,2007.0,190000.0,70000,Petrol,Individual,Manual,Second Owner,19.81 kmpl,1086 CC,68.05 bhp,5.0
Toyota,Innova,2014.0,1365000.0,80800,Diesel,Individual,Manual,Second Owner,12.99 kmpl,2494 CC,100.6 bhp,8.0
Honda,,2018.0,675000.0,24265,Petrol,Dealer,Manual,First Owner,18.7 kmpl,1199 CC,88.7 bhp,5.0
Maruti,Swift,2014.0,438999.0,81000,Diesel,Dealer,Manual,First Owner,23.4 kmpl,1248 CC,74 bhp,5.0
Renault,,2015.0,550000.0,240000,Diesel,Individual,Manual,First Owner,19.98 kmpl,1461 CC,108.5 bhp,7.0
Maruti,Swift,2013.0,409999.0,35000,Petrol,Individual,Manual,First Owner,19.1 kmpl,1197 CC,85.8 bhp,5.0
Renault,KWID,2019.0,350000.0,15000,Petrol,Individual,Manual,First Owner,25.17 kmpl,799 CC,53.3 bhp,5.0
Chevrolet,Beat,2012.0,135000.0,49000,Diesel,Individual,Manual,Third Owner,25.44 kmpl,936 CC,57.6 bhp,5.0
Toyota,Innova,2016.0,1490000.0,56900,Diesel,Individual,Manual,Second Owner,13.68 kmpl,2393 CC,147.8 bhp,8.0
Maruti,Swift,2014.0,520000.0,70000,Diesel,Individual,Manual,Second Owner,25.2 kmpl,1248 CC,74 bhp,5.0
Maruti,Swift,2010.0,315000.0,180000,Diesel,Individual,Manual,First Owner,19.3 kmpl,1248 CC,73.9 bhp,5.0
Maruti,A-Star,2010.0,235000.0,50000,Petrol,Individual,Manual,First Owner,19.0 kmpl,998 CC,66.1 bhp,5.0
Hyundai,Accent,2005.0,80500.0,50000,Petrol,Individual,Manual,Third Owner,13.2 kmpl,1495 CC,94 bhp,5.0
Maruti,Ritz,2013.0,375000.0,88200,Diesel,Individual,Manual,First Owner,23.2 kmpl,1248 CC,73.94 bhp,5.0
Maruti,Swift,2006.0,189000.0,93000,Petrol,Individual,Manual,Second Owner,16.1 kmpl,1197 CC,85 bhp,5.0
Honda,Amaze,2017.0,550000.0,120000,Diesel,Individual,Manual,First Owner,25.8 kmpl,1498 CC,98.6 bhp,5.0
Ford,Fiesta,2011.0,260000.0,110000,Diesel,Individual,Manual,Second Owner,17.8 kmpl,1399 CC,68 bhp,5.0
Maruti,,2015.0,300000.0,40000,Petrol,Individual,Manual,First Owner,23.95 kmpl,998 CC,67.05 bhp,5.0
Honda,City,2010.0,350000.0,120000,Petrol,Individual,Manual,Second Owner,17.0 kmpl,1497 CC,118 bhp,5.0
Maruti,Vitara,2019.0,892000.0,10000,Diesel,Individual,Manual,First Owner,24.3 kmpl,1248 CC,88.5 bhp,5.0
Fiat,Grande,2012.0,285000.0,70000,Diesel,Individual,Manual,Second Owner,20.3 kmpl,1248 CC,92 bhp,5.0
Hyundai,i10,2012.0,300000.0,60000,LPG,Individual,Manual,First Owner,19.2 km/kg,1086 CC,68.05 bhp,5.0
Maruti,Ciaz,2016.0,620000.0,90000,Diesel,Individual,Manual,First Owner,28.09 kmpl,1248 CC,88.5 bhp,5.0
Maruti,Vitara,2017.0,750000.0,90000,Diesel,Individual,Manual,First Owner,24.3 kmpl,1248 CC,88.5 bhp,
Maruti,,2016.0,270000.0,35000,Petrol,Individual,Manual,First Owner,22.74 kmpl,796 CC,47.3 bhp,5.0
Hyundai,Santro,2012.0,300000.0,40000,Petrol,Individual,Manual,Second Owner,17.92 kmpl,1086 CC,62.1 bhp,5.0
Tata,Indigo,2011.0,220000.0,80000,Diesel,Individual,Manual,First Owner,23.03 kmpl,1396 CC,69 bhp,5.0
Maruti,SX4,2012.0,260000.0,99000,Petrol,Individual,Manual,Second Owner,15.5 kmpl,1586 CC,103.3 bhp,5.0
Maruti,Swift,2019.0,600000.0,7500,Petrol,Individual,Automatic,First Owner,21.21 kmpl,1197 CC,81.80 bhp,5.0
Tata,Nano,2015.0,80000.0,60000,Petrol,Individual,Manual,First Owner,23.9 kmpl,624 CC,37.48 bhp,4.0
Hyundai,EON,2016.0,300000.0,40800,Petrol,Individual,Manual,First Owner,21.1 kmpl,814 CC,55.2 bhp,5.0
Tata,Zest,2015.0,300000.0,70000,Petrol,Individual,Manual,First Owner,17.57 kmpl,1193 CC,88.7 bhp,5.0
,KUV,2016.0,400000.0,100000,Petrol,Individual,Manual,First Owner,18.15 kmpl,1198 CC,82 bhp,5.0
Maruti,Swift,2016.0,550000.0,8588,Petrol,Individual,Manual,First Owner,22.0 kmpl,1197 CC,81.80 bhp,5.0
Honda,City,2019.0,1200000.0,40000,Diesel,Individual,Manual,First Owner,25.6 kmpl,1498 CC,97.9 bhp,5.0
,Figo,2015.0,500000.0,60000,Diesel,Individual,Manual,First Owner,25.83 kmpl,1498 CC,99 bhp,5.0
Maruti,Esteem,2005.0,93000.0,80000,Petrol,Individual,Manual,Third Owner,15.9 kmpl,1298 CC,85 bhp,5.0
Honda,City,2014.0,500000.0,110000,Diesel,Individual,Manual,First Owner,26.0 kmpl,1498 CC,98.6 bhp,5.0
Toyota,Platinum,2018.0,670000.0,150000,Diesel,Individual,Manual,First Owner,23.59 kmpl,1364 CC,67.05 bhp,5.0
Toyota,Innova,2012.0,,120000,Diesel,Individual,Manual,Second Owner,12.8 kmpl,2494 CC,102 bhp,7.0
Maruti,Alto,2017.0,370000.0,30000,Petrol,Individual,Manual,First Owner,23.95 kmpl,998 CC,67.05 bhp,5.0
Maruti,800,2012.0,100000.0,70000,Petrol,Individual,Manual,Second Owner,16.1 kmpl,796 CC,37 bhp,4.0
,i10,2016.0,425000.0,50000,Petrol,Individual,Manual,First Owner,19.81 kmpl,1086 CC,68.05 bhp,5.0
Toyota,Innova,2006.0,370000.0,305000,Diesel,Individual,Manual,Fourth & Above Owner,12.8 kmpl,2494 CC,102 bhp,8.0
Tata,New,2009.0,229999.0,212000,Diesel,Individual,Manual,Third Owner,11.57 kmpl,2179 CC,138.1 bhp,7.0
Maruti,Ertiga,2016.0,850000.0,35000,Diesel,Individual,Manual,First Owner,24.52 kmpl,1248 CC,88.5 bhp,7.0
Mahindra,Verito,2018.0,750000.0,22000,Diesel,Individual,Manual,First Owner,21.03 kmpl,1461 CC,65 bhp,5.0
Tata,Winger,2010.0,235000.0,50000,Diesel,Individual,Manual,First Owner,10.71 kmpl,1948 CC,90 bhp,14.0
Honda,WR-V,2017.0,700000.0,70000,Diesel,Individual,Manual,First Owner,25.5 kmpl,1498 CC,98.6 bhp,5.0
Hyundai,Grand,2016.0,,56000,Diesel,Individual,Manual,First Owner,24.0 kmpl,1120 CC,70 bhp,5.0
Tata,Zest,2016.0,475000.0,50000,Diesel,Individual,Manual,First Owner,22.95 kmpl,1248 CC,74 bhp,5.0
Skoda,Rapid,2015.0,610000.0,120000,Diesel,Individual,Manual,First Owner,21.14 kmpl,1498 CC,103.52 bhp,5.0
Toyota,Innova,2011.0,650000.0,120000,Diesel,Individual,Manual,Second Owner,12.8 kmpl,2494 CC,102 bhp,8.0
Honda,WR-V,2017.0,800000.0,70000,Diesel,Individual,Manual,First Owner,25.5 kmpl,1498 CC,98.6 bhp,5.0
Tata,New,2015.0,520000.0,120000,Diesel,Individual,Manual,First Owner,11.57 kmpl,2179 CC,138.1 bhp,7.0
Tata,,2014.0,160000.0,90000,Diesel,Individual,Manual,First Owner,25.0 kmpl,1396 CC,69 bhp,5.0
Maruti,S-Cross,2018.0,1000000.0,70000,Diesel,Individual,Manual,First Owner,25.1 kmpl,1248 CC,88.5 bhp,5.0
,Ertiga,2015.0,700000.0,120000,Diesel,Individual,Manual,Second Owner,20.77 kmpl,1248 CC,88.76 bhp,7.0
Honda,Amaze,2017.0,,70000,Diesel,Individual,Manual,Second Owner,25.8 kmpl,1498 CC,98.6 bhp,5.0
Maruti,Wagon,2002.0,140000.0,80000,Petrol,Individual,Manual,Second Owner,18.9 kmpl,998 CC,67.1 bhp,5.0
Mahindra,TUV,2017.0,725000.0,100000,Diesel,Individual,Manual,Second Owner,18.49 kmpl,1493 CC,100 bhp,7.0
Toyota,Innova,2017.0,1680000.0,157000,Diesel,Individual,Manual,First Owner,13.68 kmpl,2393 CC,147.8 bhp,7.0
Maruti,Swift,2015.0,550000.0,50000,Diesel,Individual,Manual,First Owner,26.59 kmpl,1248 CC,74 bhp,5.0
Maruti,Ritz,2012.0,240000.0,90000,Diesel,Individual,Manual,Second Owner,23.2 kmpl,1248 CC,73.94 bhp,5.0
Chevrolet,Captiva,2013.0,667000.0,65000,Diesel,Individual,Manual,First Owner,14.6 kmpl,2231 CC,184 bhp,7.0
Honda,Jazz,2017.0,670000.0,50000,Diesel,Individual,Manual,First Owner,27.3 kmpl,1498 CC,98.6 bhp,5.0
Maruti,Swift,2015.0,550000.0,110000,Diesel,Individual,Manual,First Owner,26.59 kmpl,1248 CC,74 bhp,5.0
Maruti,Celerio,2015.0,400000.0,30000,Petrol,Individual,Manual,First Owner,23.1 kmpl,998 CC,67.04 bhp,5.0
Hyundai,Verna,2014.0,545000.0,80000,Diesel,Individual,Manual,Second Owner,22.32 kmpl,1582 CC,126.32 bhp,5.0
Maruti,Ertiga,2015.0,599000.0,70000,Petrol,Individual,Manual,First Owner,16.02 kmpl,1373 CC,93.7 bhp,7.0
Hyundai,Creta,2016.0,725000.0,100000,Diesel,Individual,Manual,First Owner,21.38 kmpl,1396 CC,88.7 bhp,5.0
Honda,City,2015.0,525000.0,120000,Petrol,Individual,Manual,Second Owner,17.4 kmpl,1497 CC,117.3 bhp,5.0
Maruti,Ritz,2011.0,204999.0,85000,Diesel,Individual,Manual,Second Owner,21.1 kmpl,1248 CC,73.9 bhp,5.0
Skoda,Fabia,2012.0,190000.0,110000,Diesel,Individual,Manual,First Owner,21.0 kmpl,1199 CC,75 bhp,5.0
Hyundai,Grand,2015.0,310000.0,60000,Diesel,Individual,Manual,Fourth & Above Owner,24.0 kmpl,1120 CC,70 bhp,5.0
Hyundai,Grand,2016.0,380000.0,90000,Diesel,Individual,Manual,Second Owner,24.0 kmpl,1120 CC,70 bhp,5.0
Maruti,Alto,2012.0,204000.0,110000,Petrol,Individual,Manual,Third Owner,20.92 kmpl,998 CC,67.1 bhp,5.0
Hyundai,EON,2018.0,350000.0,25000,Petrol,Individual,Manual,First Owner,20.3 kmpl,998 CC,68.05 bhp,5.0
Volkswagen,Vento,2013.0,350000.0,100000,Diesel,Individual,Manual,First Owner,20.54 kmpl,1598 CC,103.6 bhp,5.0
Ford,Figo,2012.0,175000.0,120000,Diesel,Individual,Manual,Second Owner,20.0 kmpl,1399 CC,68 bhp,5.0
Volkswagen,Vento,2011.0,340000.0,90000,Diesel,Individual,Manual,First Owner,20.54 kmpl,1598 CC,103.6 bhp,5.0
Honda,City,2017.0,950000.0,35000,Petrol,Individual,Manual,First Owner,17.4 kmpl,1497 CC,117.6 bhp,5.0
Honda,City,2017.0,894999.0,35000,Petrol,Individual,Manual,First Owner,17.8 kmpl,1497 CC,117.3 bhp,5.0
Tata,Sumo,2014.0,350000.0,101200,Diesel,Individual,Manual,Second Owner,15.3 kmpl,2956 CC,83.83 bhp,7.0
Tata,Indigo,2005.0,100000.0,90000,Petrol,Individual,Manual,Second Owner,12.8 kmpl,1396 CC,85 bhp,5.0
Maruti,Swift,2016.0,550000.0,76000,Diesel,Individual,Manual,First Owner,26.59 kmpl,1248 CC,74 bhp,5.0
Tata,Indigo,2004.0,100000.0,60000,Diesel,Individual,Manual,Third Owner,16.1 kmpl,1405 CC,70 bhp,5.0
Mahindra,XUV500,2016.0,800000.0,90000,Diesel,Individual,Manual,First Owner,16.0 kmpl,2179 CC,140 bhp,7.0
Mahindra,Bolero,2013.0,525000.0,80000,Diesel,Individual,Manual,Second Owner,15.96 kmpl,2523 CC,62.1 bhp,7.0
Tata,New,2008.0,500000.0,179150,Diesel,Individual,Manual,Second Owner,11.57 kmpl,2179 CC,138.1 bhp,7.0
Maruti,800,2003.0,42000.0,62000,Petrol,Individual,Manual,First Owner,16.1 kmpl,796 CC,37 bhp,4.0
Maruti,Swift,2009.0,190000.0,160000,Petrol,Individual,Manual,Third Owner,17.5 kmpl,1197 CC,85.8 bhp,5.0
Maruti,Swift,2019.0,694000.0,35000,Diesel,Individual,Manual,First Owner,28.4 kmpl,1248 CC,74.02 bhp,5.0
,XUV500,2016.0,861999.0,120000,Diesel,Individual,Automatic,First Owner,16.0 kmpl,2179 CC,140 bhp,7.0
Honda,Amaze,2017.0,650000.0,50000,Diesel,Individual,Manual,First Owner,25.8 kmpl,1498 CC,98.6 bhp,5.0
Maruti,Swift,2011.0,310000.0,70000,Diesel,Individual,Manual,Second Owner,19.3 kmpl,1248 CC,73.9 bhp,5.0
Maruti,Swift,2013.0,360000.0,97000,Diesel,Individual,Manual,First Owner,22.9 kmpl,1248 CC,74 bhp,5.0
Maruti,Swift,2011.0,240000.0,90000,Diesel,Individual,Manual,Second Owner,19.3 kmpl,1248 CC,73.9 bhp,5.0
Mahindra,XUV500,2012.0,500000.0,84487,Diesel,Individual,Manual,Fourth & Above Owner,15.1 kmpl,2179 CC,140 bhp,7.0
Toyota,Innova,2010.0,475000.0,100000,Diesel,Individual,Manual,Second Owner,12.8 kmpl,2494 CC,102 bhp,7.0
Maruti,,2007.0,100000.0,60000,Petrol,Individual,Manual,Third Owner,19.7 kmpl,796 CC,46.3 bhp,5.0
Maruti,SX4,2009.0,200000.0,110000,Petrol,Individual,Manual,Third Owner,15.0 kmpl,1586 CC,104.68 bhp,5.0
Toyota,Innova,2006.0,430000.0,264000,Diesel,Individual,Manual,First Owner,12.8 kmpl,2494 CC,102 bhp,8.0
Mahindra,Xylo,2010.0,245000.0,146000,Diesel,Individual,Manual,Fourth & Above Owner,14.0 kmpl,2498 CC,112 bhp,7.0
Maruti,Swift,2014.0,450000.0,70000,Diesel,Individual,Manual,First Owner,23.4 kmpl,1248 CC,74 bhp,5.0
Maruti,Vitara,2017.0,800000.0,51146,Diesel,Individual,Manual,First Owner,24.3 kmpl,1248 CC,88.5 bhp,5.0
Maruti,Ritz,2011.0,215000.0,40000,Petrol,Individual,Manual,First Owner,21.1 kmpl,1197 CC,85.80 bhp,5.0
Maruti,Vitara,2017.0,760000.0,50000,Diesel,Individual,Manual,First Owner,24.3 kmpl,1248 CC,88.5 bhp,5.0
Volkswagen,Polo,2015.0,416000.0,80000,Diesel,Individual,Manual,First Owner,20.14 kmpl,1498 CC,88.8 bhp,5.0
Maruti,Wagon,2011.0,195000.0,120000,Petrol,Individual,Manual,First Owner,18.9 kmpl,998 CC,67.1 bhp,5.0
Maruti,Alto,2017.0,325000.0,23000,Petrol,Individual,Manual,First Owner,24.7 kmpl,796 CC,47.3 bhp,5.0
Maruti,Alto,2010.0,145000.0,70000,Petrol,Individual,Manual,Second Owner,20.92 kmpl,998 CC,67.1 bhp,5.0
Maruti,Swift,2018.0,675000.0,23000,Diesel,Individual,Manual,First Owner,28.4 kmpl,1248 CC,74 bhp,5.0
Maruti,Wagon,2016.0,340000.0,30000,Petrol,Individual,Manual,Second Owner,20.51 kmpl,998 CC,67.04 bhp,5.0
Tata,Manza,2011.0,340000.0,50000,Diesel,Individual,Manual,First Owner,19.0 kmpl,1248 CC,90 bhp,5.0
Maruti,Omni,2014.0,260000.0,40000,Petrol,Individual,Manual,First Owner,16.8 kmpl,796 CC,34.2 bhp,5.0
Maruti,Alto,2015.0,300000.0,50000,Petrol,Individual,Manual,First Owner,22.74 kmpl,796 CC,47.3 bhp,5.0
Maruti,800,2007.0,75000.0,60000,Petrol,Individual,Manual,Second Owner,16.1 kmpl,796 CC,37 bhp,4.0
Tata,Indica,2011.0,350000.0,80000,Diesel,Individual,Manual,First Owner,19.4 kmpl,1405 CC,70 bhp,5.0
Tata,,2010.0,170000.0,150000,Diesel,Individual,Manual,Third Owner,21.12 kmpl,1248 CC,88.8 bhp,5.0
Maruti,Swift,2018.0,600000.0,40000,Petrol,Individual,Manual,First Owner,19.0 kmpl,1197 CC,85.8 bhp,5.0
Honda,City,2010.0,800000.0,25000,Petrol,Individual,Automatic,First Owner,16.8 kmpl,1497 CC,118 bhp,5.0
Force,One,2018.0,850000.0,120000,Diesel,Individual,Manual,Second Owner,17.0 kmpl,2650 CC,80.84 bhp,7.0
Mahindra,XUV500,2014.0,980000.0,120000,Diesel,Individual,Manual,Second Owner,15.1 kmpl,2179 CC,140 bhp,7.0
Ford,Endeavour,2011.0,850000.0,298000,Diesel,Individual,Manual,Second Owner,13.1 kmpl,2499 CC,141 bhp,7.0
Tata,Sumo,2012.0,340000.0,270000,Diesel,Individual,Manual,Third Owner,14.07 kmpl,2956 CC,68.4 bhp,7.0
Maruti,Vitara,2018.0,900000.0,50000,Diesel,Individual,Automatic,Second Owner,24.3 kmpl,1248 CC,88.5 bhp,
Maruti,Swift,2010.0,310000.0,120000,Diesel,Individual,Manual,Second Owner,19.3 kmpl,1248 CC,73.9 bhp,5.0
Maruti,Ertiga,2013.0,600000.0,60000,Diesel,Individual,Manual,Third Owner,20.77 kmpl,1248 CC,88.8 bhp,7.0
Maruti,Swift,2008.0,270000.0,149000,Diesel,Individual,Manual,Second Owner,19.3 kmpl,1248 CC,73.9 bhp,5.0
Hyundai,Santro,2019.0,509999.0,5000,Petrol,Individual,Manual,First Owner,20.3 kmpl,1086 CC,68 bhp,5.0
Tata,Indica,2013.0,225000.0,70000,Diesel,Individual,Manual,Second Owner,19.4 kmpl,1405 CC,70 bhp,5.0
Hyundai,i10,2015.0,280000.0,55000,Petrol,Individual,Manual,First Owner,20.36 kmpl,1197 CC,78.9 bhp,5.0
Tata,Tiago,2016.0,490000.0,100000,Diesel,Individual,Manual,First Owner,27.28 kmpl,1047 CC,69 bhp,5.0
Mahindra,,2013.0,440000.0,120000,Diesel,Individual,Manual,First Owner,15.96 kmpl,2523 CC,62.1 bhp,9.0
Tata,Safari,2014.0,500000.0,291977,Diesel,Individual,Manual,First Owner,14.0 kmpl,2179 CC,138.1 bhp,7.0
Honda,CR-V,2005.0,476999.0,85000,Petrol,Individual,Manual,Third Owner,11.1 kmpl,2354 CC,158.8 bhp,5.0
Hyundai,i20,2015.0,590000.0,70000,Petrol,Individual,Manual,Third Owner,17.19 kmpl,1197 CC,81.86 bhp,5.0
Ford,Endeavour,2010.0,500000.0,120000,Diesel,Individual,Manual,First Owner,13.1 kmpl,2499 CC,141 bhp,7.0
Ford,EcoSport,2015.0,600000.0,40000,Diesel,Individual,Manual,First Owner,22.77 kmpl,1498 CC,98.59 bhp,5.0
,Scorpio,2016.0,750000.0,70000,Diesel,Individual,Manual,First Owner,15.4 kmpl,1997 CC,120 bhp,7.0
BMW,3,2017.0,2950000.0,39000,Diesel,Dealer,Automatic,First Owner,19.59 kmpl,1995 CC,187.74 bhp,5.0
BMW,5,2019.0,5200000.0,10000,Diesel,Dealer,Automatic,First Owner,18.12 kmpl,1995 CC,190 bhp,5.0
Volkswagen,Polo,2019.0,695000.0,36800,Diesel,Dealer,Manual,First Owner,20.14 kmpl,1498 CC,88 bhp,5.0
Maruti,Swift,2018.0,690000.0,52200,Diesel,Dealer,Manual,First Owner,26.59 kmpl,1248 CC,74 bhp,5.0
Hyundai,Grand,2016.0,409999.0,78000,Diesel,Dealer,Manual,First Owner,24.0 kmpl,1186 CC,73.97 bhp,5.0
Tata,Harrier,2020.0,1650000.0,16000,Diesel,Dealer,Manual,First Owner,17.0 kmpl,1956 CC,167.67 bhp,5.0
Audi,Q3,2016.0,2375000.0,30000,Diesel,Dealer,Automatic,First Owner,15.73 kmpl,1968 CC,174.33 bhp,5.0
Hyundai,Grand,2017.0,525000.0,29000,Diesel,Dealer,Manual,Second Owner,24.0 kmpl,1186 CC,73.97 bhp,5.0
Jeep,Compass,2019.0,2150000.0,25000,Diesel,Dealer,Manual,First Owner,16.3 kmpl,1956 CC,170.63 bhp,5.0
Mahindra,XUV500,2013.0,540000.0,60000,Diesel,Individual,Manual,Second Owner,15.1 kmpl,2179 CC,140 bhp,7.0
Toyota,Fortuner,2017.0,2750000.0,60000,Diesel,Dealer,Automatic,Second Owner,12.55 kmpl,2982 CC,168.5 bhp,7.0
Mahindra,Scorpio,2016.0,1000000.0,112000,Diesel,Dealer,Manual,Second Owner,15.4 kmpl,1997 CC,120 bhp,7.0
Audi,A4,2018.0,2900000.0,15000,Diesel,Dealer,Automatic,First Owner,18.25 kmpl,1968 CC,187.74 bhp,5.0
Mahindra,TUV,2017.0,725000.0,40000,Diesel,Dealer,Manual,First Owner,18.49 kmpl,1493 CC,100 bhp,7.0
Maruti,Ciaz,2018.0,975000.0,36000,Diesel,Dealer,Manual,First Owner,28.09 kmpl,1248 CC,88.50 bhp,5.0
Maruti,Wagon,2016.0,355000.0,60000,Petrol,Dealer,Manual,First Owner,21.79 kmpl,998 CC,67.05 bhp,5.0
Honda,CR-V,2008.0,400000.0,120000,Petrol,Individual,Manual,First Owner,11.1 kmpl,2354 CC,158.8 bhp,5.0
Maruti,Alto,2015.0,265000.0,48000,Petrol,Dealer,Manual,First Owner,24.7 kmpl,796 CC,47.3 bhp,5.0
Volkswagen,Polo,2018.0,650000.0,40000,Diesel,Dealer,Manual,First Owner,20.14 kmpl,1498 CC,88 bhp,5.0
Maruti,Ciaz,2017.0,,60000,Diesel,Individual,Manual,First Owner,28.09 kmpl,1248 CC,88.5 bhp,5.0
Hyundai,Verna,2016.0,850000.0,25000,Petrol,Individual,Manual,First Owner,17.01 kmpl,1591 CC,121.3 bhp,5.0
Maruti,Alto,2015.0,290000.0,42000,Petrol,Individual,Manual,First Owner,23.95 kmpl,998 CC,67.05 bhp,5.0
Mercedes-Benz,E-Class,2010.0,1200000.0,35000,Petrol,Individual,Automatic,Second Owner,10.93 kmpl,2497 CC,204 bhp,5.0
Mahindra,TUV,2016.0,600000.0,90000,Diesel,Individual,Automatic,Second Owner,18.49 kmpl,1493 CC,100 bhp,7.0
Maruti,Ritz,2011.0,300000.0,90000,Diesel,Individual,Manual,Second Owner,21.1 kmpl,1248 CC,73.9 bhp,5.0
Renault,Pulse,2012.0,225000.0,110000,Diesel,Individual,Manual,Second Owner,23.08 kmpl,1461 CC,63.12 bhp,5.0
Maruti,Swift,2009.0,240000.0,70000,Diesel,Individual,Manual,Second Owner,19.3 kmpl,1248 CC,73.9 bhp,5.0
Hyundai,Verna,2014.0,700000.0,80000,Diesel,Individual,Manual,First Owner,22.32 kmpl,1582 CC,126.32 bhp,5.0
Maruti,Swift,2014.0,470000.0,70000,Diesel,Individual,Manual,Second Owner,25.2 kmpl,1248 CC,74 bhp,5.0
Hyundai,i20,2016.0,800000.0,80000,Diesel,Individual,Manual,First Owner,21.19 kmpl,1396 CC,88.73 bhp,5.0
Renault,Duster,2012.0,450000.0,90000,Diesel,Individual,Manual,First Owner,19.01 kmpl,1461 CC,108.45 bhp,5.0
Tata,Indica,2007.0,90000.0,90000,Diesel,Individual,Manual,Third Owner,17.2 kmpl,1396 CC,53.5 bhp,5.0
Toyota,Corolla,2010.0,450000.0,120000,Diesel,Individual,Manual,Second Owner,21.43 kmpl,1364 CC,87.2 bhp,5.0
Toyota,Innova,2017.0,1465000.0,62000,Diesel,Dealer,Automatic,First Owner,11.36 kmpl,2755 CC,171.5 bhp,7.0
Hyundai,Creta,2016.0,925000.0,79000,Diesel,Dealer,Manual,First Owner,19.67 kmpl,1582 CC,126.2 bhp,5.0
Toyota,Innova,2016.0,1385000.0,60000,Diesel,Dealer,Manual,Second Owner,13.68 kmpl,2393 CC,147.8 bhp,7.0
Toyota,Fortuner,2015.0,2000000.0,20000,Diesel,Individual,Manual,First Owner,12.55 kmpl,2982 CC,168.5 bhp,7.0
Tata,Indigo,2004.0,80000.0,248200,Diesel,Individual,Manual,Second Owner,16.1 kmpl,1405 CC,70 bhp,5.0
Mahindra,Scorpio,2007.0,300000.0,110000,Diesel,Individual,Manual,Second Owner,10.5 kmpl,2179 CC,120 bhp,7.0
Maruti,Swift,2009.0,360000.0,100000,Diesel,Individual,Manual,First Owner,19.3 kmpl,1248 CC,73.9 bhp,5.0
Hyundai,Verna,2010.0,320000.0,70000,Diesel,Individual,Manual,Second Owner,16.2 kmpl,1493 CC,110 bhp,5.0
Ambassador,Classic,1994.0,99000.0,100000,Diesel,Individual,Manual,Second Owner,12.8 kmpl,1995 CC,52 bhp,5.0
Maruti,Ertiga,2016.0,780000.0,50000,Diesel,Individual,Manual,Second Owner,24.52 kmpl,1248 CC,88.5 bhp,
Maruti,Ertiga,2013.0,620000.0,139000,Diesel,Individual,Manual,First Owner,20.77 kmpl,1248 CC,88.76 bhp,7.0
Skoda,Octavia,2006.0,100000.0,120000,Petrol,Individual,Manual,Third Owner,13.1 kmpl,1781 CC,149.5 bhp,5.0
Tata,Indica,2014.0,210000.0,35000,Petrol,Individual,Manual,Second Owner,16.7 kmpl,1172 CC,64.1 bhp,5.0
,Triber,2019.0,786000.0,7720,Petrol,Individual,Manual,First Owner,20.0 kmpl,999 CC,71 bhp,7.0
Mahindra,XUV500,2014.0,1000000.0,50000,Diesel,Individual,Manual,First Owner,15.1 kmpl,2179 CC,140 bhp,7.0
Maruti,Zen,2002.0,120000.0,60000,Diesel,Individual,Manual,Second Owner,20.8 kmpl,1527 CC,58 bhp,5.0
Mahindra,Verito,2016.0,750000.0,100000,Diesel,Individual,Manual,First Owner,20.8 kmpl,1461 CC,64.1 bhp,5.0
Hyundai,i20,2016.0,550000.0,57882,Petrol,Individual,Manual,First Owner,18.6 kmpl,1197 CC,81.83 bhp,5.0
Tata,Safari,2018.0,875000.0,142000,Diesel,Individual,Manual,First Owner,14.1 kmpl,2179 CC,147.94 bhp,5.0
Tata,,2018.0,890000.0,140000,Diesel,Individual,Manual,Third Owner,14.1 kmpl,2179 CC,147.94 bhp,5.0
Mahindra,Bolero,2015.0,550000.0,30000,Diesel,Individual,Manual,First Owner,15.96 kmpl,2523 CC,62.1 bhp,7.0
Datsun,GO,2018.0,400000.0,10000,Petrol,Individual,Manual,First Owner,19.83 kmpl,1198 CC,67 bhp,5.0
Maruti,Celerio,2015.0,290000.0,30000,Petrol,Individual,Manual,Second Owner,23.1 kmpl,998 CC,67.04 bhp,5.0
Tata,Indigo,2012.0,150000.0,90000,Diesel,Individual,Manual,First Owner,19.09 kmpl,1396 CC,69 bhp,5.0
Maruti,Eeco,2015.0,300000.0,35000,Petrol,Individual,Manual,Second Owner,15.37 kmpl,1196 CC,73 bhp,7.0
Hyundai,Santro,2019.0,500000.0,5000,Petrol,Individual,Manual,First Owner,20.3 kmpl,1086 CC,68 bhp,5.0
Tata,Manza,2013.0,250000.0,50000,Diesel,Individual,Manual,First Owner,21.02 kmpl,1248 CC,88.8 bhp,5.0
Tata,Indigo,2013.0,220000.0,80000,Diesel,Individual,Manual,First Owner,23.03 kmpl,1396 CC,69 bhp,5.0
Toyota,Innova,2009.0,650000.0,242000,Diesel,Individual,Manual,Fourth & Above Owner,12.8 kmpl,2494 CC,102 bhp,7.0
BMW,6,2018.0,5500000.0,22000,Diesel,Individual,Automatic,First Owner,17.09 kmpl,2993 CC,261.4 bhp,4.0
Maruti,Swift,2017.0,875000.0,30000,Diesel,Dealer,Automatic,First Owner,28.4 kmpl,1248 CC,74.02 bhp,5.0
Hyundai,i20,2019.0,785000.0,9000,Petrol,Dealer,Manual,First Owner,18.6 kmpl,1197 CC,81.83 bhp,5.0
Honda,WR-V,2017.0,819999.0,30000,Petrol,Dealer,Manual,First Owner,17.5 kmpl,1199 CC,88.7 bhp,5.0
BMW,3,2016.0,2950000.0,60000,Diesel,Dealer,Automatic,First Owner,21.76 kmpl,1995 CC,188 bhp,5.0
Toyota,Innova,2016.0,1925000.0,27000,Diesel,Dealer,Manual,First Owner,13.68 kmpl,2393 CC,147.51 bhp,7.0
Honda,WR-V,2017.0,885000.0,39000,Diesel,Dealer,Manual,First Owner,25.5 kmpl,1498 CC,98.6 bhp,5.0
Ford,EcoSport,2015.0,680000.0,64000,Petrol,Dealer,Automatic,First Owner,16.05 kmpl,1499 CC,110.4 bhp,5.0
Ford,EcoSport,2017.0,960000.0,42000,Diesel,Dealer,Manual,First Owner,23.0 kmpl,1498 CC,98.96 bhp,5.0
Honda,Brio,2012.0,385000.0,45000,Petrol,Dealer,Manual,First Owner,18.5 kmpl,1198 CC,86.8 bhp,5.0
Tata,Harrier,2019.0,1650000.0,15000,Diesel,Dealer,Manual,First Owner,17.0 kmpl,1956 CC,167.67 bhp,5.0
Mahindra,TUV,2018.0,890000.0,55000,Diesel,Dealer,Manual,First Owner,18.49 kmpl,1493 CC,100 bhp,7.0
Ford,,2015.0,1275000.0,64000,Diesel,Dealer,Automatic,First Owner,11.4 kmpl,2953 CC,153.86 bhp,7.0
BMW,6,,6000000.0,27000,Diesel,Dealer,Automatic,First Owner,17.09 kmpl,2993 CC,261.4 bhp,4.0
Maruti,Ciaz,2019.0,1025000.0,15000,Petrol,Dealer,Automatic,First Owner,20.28 kmpl,1462 CC,103.25 bhp,5.0
Volkswagen,Polo,2016.0,675000.0,69000,Petrol,Dealer,Automatic,First Owner,17.2 kmpl,1197 CC,103.6 bhp,5.0
Maruti,Swift,2017.0,700000.0,80000,Petrol,Dealer,Manual,First Owner,22.0 kmpl,1197 CC,81.80 bhp,5.0
Ford,EcoSport,2016.0,780000.0,60000,Diesel,Dealer,Manual,First Owner,22.77 kmpl,1498 CC,98.59 bhp,5.0
Hyundai,Verna,2017.0,1050000.0,70000,Diesel,Dealer,Manual,First Owner,22.32 kmpl,1582 CC,126.32 bhp,5.0
Audi,Q5,2015.0,2700000.0,105000,Diesel,Dealer,Automatic,Second Owner,13.22 kmpl,2967 CC,241.4 bhp,5.0
Tata,Bolt,2016.0,400000.0,100000,Diesel,Individual,Manual,First Owner,22.95 kmpl,1248 CC,74 bhp,5.0
Mahindra,Bolero,2011.0,400000.0,100000,Diesel,Individual,Manual,First Owner,15.96 kmpl,2523 CC,62.1 bhp,9.0
Maruti,Alto,2009.0,85000.0,90000,Petrol,Individual,Manual,Second Owner,19.7 kmpl,796 CC,46.3 bhp,5.0
Tata,Hexa,2018.0,1300000.0,35000,Diesel,Individual,Manual,First Owner,17.6 kmpl,2179 CC,153.86 bhp,7.0
Mahindra,TUV,2018.0,819999.0,11500,Diesel,Individual,Manual,First Owner,18.49 kmpl,1493 CC,100 bhp,7.0
Mahindra,TUV,2015.0,620000.0,40000,Diesel,Individual,Automatic,First Owner,18.49 kmpl,1493 CC,100 bhp,7.0
Renault,KWID,2018.0,260000.0,50000,Petrol,Individual,Manual,First Owner,23.01 kmpl,999 CC,67 bhp,5.0
Hyundai,Grand,2015.0,484999.0,55380,Petrol,Dealer,Manual,First Owner,18.9 kmpl,1197 CC,82 bhp,5.0
Jaguar,XF,2015.0,2500000.0,13500,Diesel,Dealer,Automatic,First Owner,14.74 kmpl,2993 CC,270.9 bhp,5.0
Volkswagen,Ameo,2017.0,650000.0,18816,Petrol,Dealer,Manual,First Owner,17.0 kmpl,1198 CC,73.75 bhp,5.0
Toyota,Innova,2017.0,1748999.0,33019,Diesel,Dealer,Manual,First Owner,13.68 kmpl,2393 CC,147.8 bhp,7.0
Honda,City,2017.0,925000.0,18000,Petrol,Dealer,Automatic,First Owner,15.6 kmpl,1497 CC,116.3 bhp,5.0
Maruti,Ciaz,2017.0,810000.0,47747,Diesel,Dealer,Manual,First Owner,28.09 kmpl,1248 CC,88.5 bhp,5.0
Toyota,Innova,2013.0,910000.0,70000,Diesel,Individual,Manual,Second Owner,12.99 kmpl,2494 CC,100 bhp,8.0
Tata,Indica,2016.0,300000.0,60000,Diesel,Individual,Manual,Second Owner,17.88 kmpl,1405 CC,48.21 bhp,5.0
Maruti,Zen,2004.0,120000.0,80000,Petrol,Individual,Manual,Second Owner,17.3 kmpl,993 CC,60 bhp,5.0
Hyundai,i20,2015.0,490000.0,45900,Petrol,Individual,Manual,Second Owner,18.6 kmpl,1197 CC,81.83 bhp,5.0
Honda,Amaze,2013.0,425000.0,70000,Diesel,Individual,Manual,First Owner,25.8 kmpl,1498 CC,98.6 bhp,5.0
Maruti,Alto,2011.0,155000.0,40000,Petrol,Individual,Manual,First Owner,19.7 kmpl,796 CC,46.3 bhp,5.0
Mahindra,Scorpio,2013.0,490000.0,90000,Diesel,Individual,Manual,Second Owner,12.05 kmpl,2179 CC,120 bhp,8.0
Maruti,Alto,2010.0,132000.0,105000,Petrol,Individual,Manual,First Owner,19.7 kmpl,796 CC,46.3 bhp,5.0
Hyundai,Elite,,750000.0,30000,Diesel,Individual,Manual,First Owner,22.54 kmpl,1396 CC,88.76 bhp,5.0
Maruti,Wagon,2011.0,225000.0,20000,Petrol,Individual,Manual,First Owner,18.9 kmpl,998 CC,67.1 bhp,5.0
Hyundai,i10,2011.0,240000.0,80000,Petrol,Individual,Manual,First Owner,20.36 kmpl,1197 CC,78.9 bhp,5.0
Maruti,Wagon,2004.0,33351.0,90000,Petrol,Individual,Manual,Third Owner,18.9 kmpl,998 CC,67.1 bhp,5.0
Chevrolet,Spark,2010.0,80000.0,80000,Petrol,Individual,Manual,Second Owner,18.0 kmpl,995 CC,62 bhp,5.0
Maruti,800,2004.0,40000.0,120000,Petrol,Individual,Manual,First Owner,16.1 kmpl,796 CC,37 bhp,4.0
Honda,,2019.0,1100000.0,50000,Diesel,Individual,Manual,Second Owner,21.9 kmpl,1498 CC,98.6 bhp,7.0
Hyundai,Xcent,2016.0,380000.0,80000,Diesel,Individual,Manual,Second Owner,24.4 kmpl,1120 CC,71 bhp,5.0
Tata,New,2011.0,,120000,Diesel,Individual,Manual,Second Owner,11.57 kmpl,2179 CC,138.1 bhp,7.0
Maruti,Swift,2011.0,325000.0,70000,Diesel,Individual,Manual,First Owner,22.9 kmpl,1248 CC,74 bhp,5.0
Mahindra,KUV,2016.0,400000.0,130000,Diesel,Individual,Manual,First Owner,25.32 kmpl,1198 CC,77 bhp,6.0
Renault,Lodgy,2017.0,800000.0,50000,Diesel,Individual,Manual,First Owner,21.04 kmpl,1461 CC,83.8 bhp,8.0
Ford,EcoSport,2018.0,950000.0,80000,Diesel,Individual,Manual,First Owner,23.0 kmpl,1498 CC,98.96 bhp,5.0
Maruti,Swift,2013.0,300000.0,120000,Diesel,Individual,Manual,Fourth & Above Owner,22.9 kmpl,1248 CC,74 bhp,5.0
Mahindra,KUV,2017.0,,59000,Petrol,Individual,Manual,First Owner,18.15 kmpl,1198 CC,82 bhp,5.0
Chevrolet,Enjoy,2013.0,350000.0,100000,Diesel,Individual,Manual,Third Owner,18.2 kmpl,1248 CC,73.8 bhp,7.0
Hyundai,Sonata,2008.0,168000.0,50000,Petrol,Individual,Automatic,First Owner,11.0 kmpl,2359 CC,165 bhp,5.0
Renault,KWID,2016.0,240000.0,45000,Petrol,Individual,Manual,Second Owner,25.17 kmpl,799 CC,53.3 bhp,5.0
Maruti,Swift,2010.0,220000.0,80000,Diesel,Individual,Manual,Fourth & Above Owner,19.3 kmpl,1248 CC,73.9 bhp,5.0
Maruti,Wagon,2008.0,110000.0,80000,Petrol,Individual,Manual,Fourth & Above Owner,18.9 kmpl,1061 CC,67 bhp,5.0
,Vitara,2016.0,850000.0,100000,Diesel,Individual,Manual,First Owner,24.3 kmpl,1248 CC,88.5 bhp,
Toyota,Innova,2018.0,2064000.0,24000,Diesel,Individual,Manual,First Owner,13.68 kmpl,2393 CC,147.8 bhp,8.0
Maruti,S-Cross,,950000.0,25000,Diesel,Individual,Manual,First Owner,25.1 kmpl,1248 CC,88.5 bhp,5.0
Hyundai,EON,2013.0,200000.0,68697,Petrol,Individual,Manual,Third Owner,21.1 kmpl,814 CC,55.2 bhp,5.0
Maruti,Swift,2017.0,660000.0,30000,Diesel,Individual,Manual,First Owner,25.2 kmpl,1248 CC,74 bhp,5.0
Honda,,2013.0,420000.0,40000,Diesel,Individual,Manual,Second Owner,25.8 kmpl,1498 CC,98.6 bhp,5.0
Tata,Indica,2010.0,150000.0,29000,Petrol,Individual,Manual,First Owner,16.5 kmpl,1172 CC,65 bhp,5.0
Chevrolet,Beat,2013.0,,68000,Diesel,Individual,Manual,Second Owner,25.44 kmpl,936 CC,57.6 bhp,5.0
Honda,Amaze,2018.0,750000.0,15000,Petrol,Individual,Automatic,First Owner,18.1 kmpl,1199 CC,88.7 bhp,5.0
Maruti,Ritz,2014.0,425000.0,70000,Diesel,Individual,Manual,First Owner,23.2 kmpl,1248 CC,73.94 bhp,5.0
Toyota,Corolla,2015.0,790000.0,126000,Diesel,Individual,Manual,Third Owner,21.43 kmpl,1364 CC,87.2 bhp,5.0
Toyota,Innova,2011.0,,300000,Diesel,Individual,Manual,Third Owner,12.8 kmpl,2494 CC,102 bhp,7.0
Honda,Mobilio,2015.0,650000.0,94000,Diesel,Individual,Manual,Second Owner,24.5 kmpl,1498 CC,98.6 bhp,7.0
Toyota,Corolla,2015.0,780000.0,129000,Diesel,Individual,Manual,Third Owner,21.43 kmpl,1364 CC,87.2 bhp,5.0
Hyundai,,2010.0,180000.0,55000,Petrol,Individual,Manual,Second Owner,19.81 kmpl,1086 CC,68.05 bhp,5.0
Ford,EcoSport,2019.0,869999.0,40000,Diesel,Individual,Manual,First Owner,23.0 kmpl,1498 CC,98.96 bhp,5.0
Tata,Manza,2011.0,275000.0,50000,Diesel,Individual,Manual,First Owner,21.12 kmpl,1248 CC,88.8 bhp,5.0
Hyundai,i20,2017.0,630000.0,25000,Petrol,Individual,Manual,Second Owner,18.6 kmpl,1197 CC,81.83 bhp,5.0
Toyota,Corolla,2008.0,150000.0,60000,Petrol,Individual,Manual,Second Owner,13.4 kmpl,1794 CC,125 bhp,5.0
Maruti,Alto,2016.0,315000.0,25000,Petrol,Individual,Manual,First Owner,22.74 kmpl,796 CC,47.3 bhp,5.0
Tata,Indigo,2011.0,189000.0,70000,Diesel,Individual,Manual,Second Owner,23.57 kmpl,1396 CC,70 bhp,5.0
Maruti,Swift,2014.0,580000.0,120000,Diesel,Individual,Manual,First Owner,23.4 kmpl,1248 CC,74 bhp,5.0
Maruti,Vitara,2018.0,825000.0,35000,Diesel,Individual,Manual,First Owner,24.3 kmpl,1248 CC,88.5 bhp,5.0
Tata,Safari,2016.0,650000.0,60000,Diesel,Individual,Manual,Second Owner,14.1 kmpl,2179 CC,148 bhp,7.0
Honda,City,2004.0,50000.0,62000,Petrol,Individual,Manual,Second Owner,13.0 kmpl,1343 CC,90 bhp,5.0
Skoda,Fabia,2011.0,200000.0,120000,Petrol,Individual,Manual,Second Owner,16.25 kmpl,1198 CC,73.9 bhp,5.0
Tata,Venture,2013.0,135000.0,120000,Diesel,Individual,Manual,Third Owner,15.42 kmpl,1405 CC,70 bhp,7.0
Hyundai,i20,2017.0,680000.0,80000,Diesel,Individual,Manual,First Owner,22.54 kmpl,1396 CC,88.73 bhp,5.0
Hyundai,i20,2017.0,670000.0,80000,Diesel,Individual,Manual,First Owner,22.54 kmpl,1396 CC,88.73 bhp,5.0
BMW,5,2010.0,1000000.0,60000,Diesel,Individual,Automatic,First Owner,16.73 kmpl,1995 CC,218 bhp,5.0
Maruti,Alto,2010.0,240000.0,80000,Petrol,Individual,Manual,Second Owner,20.92 kmpl,998 CC,67.1 bhp,5.0
Force,One,2014.0,555000.0,147279,Diesel,Individual,Manual,Second Owner,17.0 kmpl,2200 CC,139.01 bhp,7.0
Skoda,Rapid,2013.0,455000.0,98000,Diesel,Individual,Manual,First Owner,20.5 kmpl,1598 CC,103.5 bhp,5.0
,,2018.0,750000.0,25000,Diesel,Individual,Manual,First Owner,28.4 kmpl,1248 CC,74.02 bhp,5.0
Maruti,Swift,2016.0,700000.0,90000,Diesel,Individual,Automatic,First Owner,26.59 kmpl,1248 CC,74 bhp,5.0
Tata,Nano,2016.0,220000.0,22000,Petrol,Individual,Automatic,First Owner,21.9 kmpl,624 CC,37.48 bhp,4.0
Tata,Indica,2014.0,160000.0,120000,Diesel,Individual,Manual,First Owner,25.0 kmpl,1396 CC,69 bhp,5.0
Chevrolet,Sail,2013.0,225000.0,100000,Diesel,Individual,Manual,Second Owner,22.1 kmpl,1248 CC,76.9 bhp,5.0
Tata,Indigo,2008.0,140000.0,120000,Diesel,Individual,Manual,Second Owner,19.09 kmpl,1396 CC,69 bhp,5.0
Maruti,Swift,2014.0,600000.0,70000,Diesel,Individual,Manual,Second Owner,23.4 kmpl,1248 CC,74 bhp,5.0
Mahindra,XUV500,2015.0,1000000.0,24700,Diesel,Individual,Manual,First Owner,16.0 kmpl,2179 CC,140 bhp,7.0
Chevrolet,Spark,2008.0,65000.0,100000,Petrol,Individual,Manual,Third Owner,18.0 kmpl,995 CC,62 bhp,5.0
,Ignis,2019.0,500000.0,10000,Petrol,Individual,Manual,First Owner,20.89 kmpl,1197 CC,81.80 bhp,5.0
Mahindra,XUV500,2017.0,1150000.0,43526,Diesel,Dealer,Manual,First Owner,16.0 kmpl,2179 CC,140 bhp,7.0
Skoda,Fabia,2012.0,320000.0,55885,Petrol,Dealer,Manual,First Owner,16.25 kmpl,1198 CC,75 bhp,5.0
Ford,Ecosport,2019.0,,16034,Diesel,Dealer,Manual,First Owner,21.7 kmpl,1498 CC,98.96 bhp,5.0
Ford,Figo,2012.0,250000.0,156040,Diesel,Dealer,Manual,First Owner,20.0 kmpl,1399 CC,68 bhp,5.0
Ford,Endeavour,2004.0,400000.0,93415,Diesel,Dealer,Manual,First Owner,13.1 kmpl,2499 CC,141 bhp,7.0
BMW,5,2008.0,1100000.0,122000,Diesel,Individual,Automatic,Second Owner,18.48 kmpl,1995 CC,177 bhp,5.0
Maruti,Baleno,2017.0,600000.0,20000,Diesel,Individual,Manual,First Owner,27.39 kmpl,1248 CC,74 bhp,5.0
Maruti,Swift,2017.0,509999.0,46000,Petrol,Individual,Manual,First Owner,22.0 kmpl,1197 CC,81.80 bhp,5.0
Skoda,Rapid,2016.0,395000.0,50000,Petrol,Individual,Manual,Third Owner,15.41 kmpl,1598 CC,103.2 bhp,5.0
Maruti,Wagon,,469000.0,5000,Petrol,Individual,Manual,First Owner,21.79 kmpl,998 CC,67.05 bhp,5.0
Maruti,Alto,2017.0,,42000,Petrol,Individual,Manual,First Owner,24.7 kmpl,796 CC,47.3 bhp,5.0
Chevrolet,Spark,2011.0,130000.0,68519,Petrol,Dealer,Manual,First Owner,16.2 kmpl,995 CC,62.1 bhp,5.0
Ford,EcoSport,2019.0,906000.0,30000,Diesel,Individual,Manual,First Owner,23.0 kmpl,1498 CC,98.96 bhp,5.0
Ford,Figo,2011.0,160000.0,85000,Diesel,Individual,Manual,First Owner,20.0 kmpl,1399 CC,68 bhp,5.0
Maruti,Swift,2012.0,300000.0,88000,Petrol,Individual,Manual,First Owner,17.5 kmpl,1298 CC,85.8 bhp,5.0
Maruti,,2010.0,60000.0,100000,Petrol,Individual,Manual,Fourth & Above Owner,14.0 kmpl,796 CC,37.5 bhp,5.0
Maruti,Swift,2014.0,400000.0,100000,Petrol,Individual,Manual,Second Owner,19.1 kmpl,1197 CC,85.8 bhp,5.0
Tata,Tiago,2018.0,450000.0,22966,Petrol,Dealer,Manual,First Owner,23.84 kmpl,1199 CC,84.48 bhp,5.0
Mahindra,Bolero,2014.0,465000.0,80000,Diesel,Individual,Manual,Second Owner,15.96 kmpl,2523 CC,62.1 bhp,7.0
Maruti,Swift,2012.0,325000.0,80000,Diesel,Individual,Manual,Second Owner,22.9 kmpl,1248 CC,74 bhp,5.0
Maruti,Alto,2008.0,150000.0,70000,Petrol,Individual,Manual,Second Owner,19.7 kmpl,796 CC,46.3 bhp,5.0
Hyundai,EON,2014.0,250000.0,2350,Petrol,Individual,Manual,First Owner,21.1 kmpl,814 CC,55.2 bhp,5.0
Maruti,Alto,2011.0,175000.0,50000,Petrol,Individual,Manual,First Owner,19.7 kmpl,796 CC,46.3 bhp,5.0
Maruti,Alto,2010.0,175000.0,58000,Petrol,Individual,Manual,First Owner,19.7 kmpl,796 CC,46.3 bhp,5.0
Honda,City,2006.0,150000.0,80000,Petrol,Individual,Manual,Second Owner,16.9 kmpl,1497 CC,100 bhp,5.0
Mahindra,Bolero,2018.0,797000.0,60000,Diesel,Individual,Manual,First Owner,16.5 kmpl,1493 CC,70 bhp,7.0
Hyundai,Elite,2019.0,800000.0,35000,Petrol,Individual,Manual,First Owner,18.6 kmpl,1197 CC,81.86 bhp,5.0
Mahindra,Bolero,2019.0,750000.0,59872,Diesel,Individual,Manual,First Owner,15.96 kmpl,2523 CC,62.1 bhp,7.0
Mahindra,Scorpio,2011.0,,140000,Diesel,Individual,Manual,Second Owner,13.5 kmpl,2179 CC,115 bhp,5.0
Maruti,Alto,2012.0,160000.0,110000,Petrol,Individual,Manual,First Owner,19.7 kmpl,796 CC,46.3 bhp,5.0
Mahindra,Bolero,2016.0,700000.0,91182,Diesel,Individual,Manual,First Owner,15.96 kmpl,2523 CC,62.1 bhp,7.0
Maruti,Alto,2010.0,160000.0,60000,Petrol,Individual,Manual,Third Owner,19.7 kmpl,796 CC,46.3 bhp,5.0
Hyundai,i20,2012.0,400000.0,100000,Diesel,Individual,Manual,First Owner,21.27 kmpl,1396 CC,88.76 bhp,5.0
Toyota,Etios,2013.0,451000.0,120000,Diesel,Individual,Manual,First Owner,23.59 kmpl,1364 CC,67.06 bhp,5.0
Maruti,800,2002.0,,80000,Petrol,Individual,Manual,First Owner,16.1 kmpl,796 CC,37 bhp,4.0
Tata,Manza,2012.0,300000.0,70000,Diesel,Individual,Manual,Third Owner,21.12 kmpl,1248 CC,88.8 bhp,5.0
Maruti,Celerio,2017.0,421000.0,59500,Petrol,Individual,Manual,Second Owner,23.1 kmpl,998 CC,67.04 bhp,5.0
Maruti,Omni,2000.0,80000.0,100000,CNG,Individual,Manual,Second Owner,10.9 km/kg,796 CC, bhp,8.0
Maruti,Vitara,2016.0,950000.0,45000,Diesel,Individual,Manual,First Owner,24.3 kmpl,1248 CC,88.5 bhp,5.0
Hyundai,i20,2011.0,395000.0,75500,Diesel,Individual,Manual,Second Owner,23.0 kmpl,1396 CC,90 bhp,5.0
Maruti,Vitara,2016.0,950000.0,46000,Diesel,Individual,Manual,Second Owner,24.3 kmpl,1248 CC,88.5 bhp,5.0
Maruti,Alto,2013.0,270000.0,60000,Petrol,Individual,Manual,First Owner,22.74 kmpl,796 CC,47.3 bhp,5.0
Hyundai,i20,2009.0,360000.0,60000,Petrol,Individual,Automatic,Second Owner,15.0 kmpl,1396 CC,100 bhp,5.0
Maruti,Swift,2008.0,235000.0,152500,Diesel,Individual,Manual,First Owner,17.8 kmpl,1248 CC,75 bhp,5.0
Mercedes-Benz,E-Class,2014.0,1850000.0,60000,Diesel,Individual,Automatic,Second Owner,13.0 kmpl,2143 CC,201.1 bhp,5.0
Jeep,Compass,2017.0,1650000.0,69123,Diesel,Dealer,Manual,First Owner,17.1 kmpl,1956 CC,170 bhp,5.0
Honda,Brio,2012.0,376000.0,26000,Petrol,Individual,Manual,First Owner,19.4 kmpl,1198 CC,86.8 bhp,5.0
Ford,Ecosport,2017.0,875000.0,77524,Diesel,Dealer,Manual,First Owner,22.7 kmpl,1498 CC,89.84 bhp,5.0
Hyundai,i20,2014.0,459999.0,40523,Petrol,Dealer,Manual,Second Owner,18.5 kmpl,1197 CC,82.85 bhp,5.0
Maruti,Swift,,755000.0,39000,Diesel,Dealer,Manual,First Owner,28.4 kmpl,1248 CC,74 bhp,5.0
Audi,A6,2019.0,,7800,Petrol,Dealer,Automatic,Test Drive Car,15.26 kmpl,1798 CC,187.74 bhp,5.0
Audi,A6,2019.0,5923000.0,11500,Petrol,Dealer,Automatic,Test Drive Car,15.26 kmpl,1798 CC,187.74 bhp,5.0
Audi,A6,2019.0,6523000.0,23600,Petrol,Dealer,Automatic,Test Drive Car,15.26 kmpl,1798 CC,187.74 bhp,5.0
Toyota,Fortuner,2010.0,1050000.0,220000,Diesel,Individual,Manual,Second Owner,11.5 kmpl,2982 CC,171 bhp,7.0
Mahindra,XUV500,2015.0,1050000.0,120000,Diesel,Individual,Manual,Second Owner,15.1 kmpl,2179 CC,140 bhp,7.0
Maruti,Baleno,,800000.0,25000,Petrol,Individual,Automatic,First Owner,21.4 kmpl,1197 CC,83.1 bhp,
Maruti,Swift,2015.0,600000.0,31000,Diesel,Individual,Manual,Second Owner,25.2 kmpl,1248 CC,74 bhp,5.0
Maruti,Baleno,2017.0,530000.0,42000,Petrol,Individual,Manual,First Owner,21.4 kmpl,1197 CC,83.1 bhp,5.0
Maruti,Swift,2015.0,450000.0,80000,Petrol,Individual,Manual,First Owner,20.85 kmpl,1197 CC,83.14 bhp,5.0
Maruti,Alto,2011.0,235000.0,60000,Petrol,Individual,Manual,First Owner,20.92 kmpl,998 CC,67.1 bhp,5.0
Maruti,Swift,2013.0,550000.0,240000,Diesel,Individual,Manual,First Owner,23.4 kmpl,1248 CC,74 bhp,5.0
Skoda,Rapid,2013.0,395000.0,35000,Petrol,Individual,Automatic,Second Owner,14.3 kmpl,1598 CC,103.5 bhp,5.0
Tata,Sumo,2008.0,150000.0,120000,Diesel,Individual,Manual,First Owner,12.2 kmpl,1948 CC,68 bhp,9.0
Volkswagen,Vento,2015.0,515000.0,120000,Diesel,Individual,Manual,Second Owner,20.34 kmpl,1498 CC,103.2 bhp,5.0
Ambassador,Grand,2008.0,122000.0,60000,Diesel,Individual,Manual,Second Owner,12.8 kmpl,1995 CC,52 bhp,5.0
Hyundai,i10,2009.0,160000.0,35000,Petrol,Individual,Manual,Third Owner,19.81 kmpl,1086 CC,68.05 bhp,5.0
Maruti,Alto,2007.0,110000.0,120000,Petrol,Individual,Manual,Second Owner,19.7 kmpl,796 CC,46.3 bhp,5.0
Maruti,Swift,2014.0,360000.0,70000,Diesel,Individual,Manual,First Owner,25.2 kmpl,1248 CC,74 bhp,5.0
Hyundai,Verna,2011.0,260000.0,90000,Diesel,Individual,Manual,Third Owner,16.2 kmpl,1493 CC,110 bhp,5.0
Maruti,Alto,2007.0,128000.0,60000,Petrol,Individual,Manual,Second Owner,19.7 kmpl,796 CC,46.3 bhp,5.0
Hyundai,Verna,2015.0,600000.0,80000,Diesel,Individual,Manual,Second Owner,23.9 kmpl,1582 CC,126.2 bhp,5.0
Toyota,Fortuner,2010.0,800000.0,151000,Diesel,Individual,Manual,Second Owner,11.5 kmpl,2982 CC,171 bhp,7.0
Maruti,Swift,2019.0,675000.0,25000,Diesel,Individual,Manual,First Owner,28.4 kmpl,1248 CC,74.02 bhp,5.0
Maruti,SX4,2010.0,300000.0,50000,Petrol,Individual,Manual,First Owner,15.0 kmpl,1586 CC,104.68 bhp,5.0
Maruti,800,2009.0,125000.0,80000,Petrol,Individual,Manual,First Owner,16.1 kmpl,796 CC,37 bhp,4.0
Hyundai,Grand,2017.0,550000.0,25000,Petrol,Individual,Manual,First Owner,18.9 kmpl,1197 CC,82 bhp,5.0
Maruti,Alto,2007.0,150000.0,80000,Petrol,Individual,Manual,Third Owner,19.7 kmpl,796 CC,46.3 bhp,5.0
Mahindra,Scorpio,2017.0,891000.0,80000,Diesel,Individual,Manual,First Owner,15.4 kmpl,2179 CC,120 bhp,7.0
Toyota,Innova,2015.0,1050000.0,70000,Diesel,Individual,Manual,First Owner,12.99 kmpl,2494 CC,100.6 bhp,7.0
Maruti,Baleno,2018.0,750000.0,15000,Petrol,Individual,Manual,First Owner,21.1 kmpl,998 CC,100.5 bhp,5.0
Hyundai,i20,2012.0,380000.0,27500,Petrol,Individual,Manual,First Owner,18.5 kmpl,1197 CC,82.9 bhp,5.0
Toyota,Innova,2013.0,800000.0,110000,Diesel,Individual,Manual,Second Owner,12.99 kmpl,2494 CC,100.6 bhp,8.0
Mahindra,Logan,2010.0,200000.0,120000,Petrol,Individual,Manual,First Owner,15.7 kmpl,1390 CC,75 bhp,5.0
Maruti,Ciaz,2016.0,700000.0,70000,Diesel,Individual,Manual,First Owner,28.09 kmpl,1248 CC,88.5 bhp,5.0
Toyota,Qualis,2002.0,229999.0,290000,Diesel,Individual,Manual,First Owner,13.1 kmpl,2446 CC,75 bhp,10.0
Honda,Accord,2010.0,300000.0,74000,Petrol,Individual,Manual,Second Owner,12.8 kmpl,2354 CC,177.6 bhp,5.0
Honda,Mobilio,2015.0,670000.0,120000,Diesel,Individual,Manual,First Owner,24.2 kmpl,1498 CC,98.6 bhp,7.0
Honda,City,2007.0,210000.0,140000,Petrol,Individual,Manual,First Owner,17.7 kmpl,1497 CC,78 bhp,5.0
Maruti,Ignis,2017.0,370000.0,40000,Petrol,Individual,Manual,First Owner,20.89 kmpl,1197 CC,81.80 bhp,5.0
Maruti,Baleno,2019.0,600000.0,20000,Petrol,Individual,Automatic,First Owner,21.4 kmpl,1197 CC,83.1 bhp,5.0
Maruti,Vitara,2020.0,810000.0,15000,Diesel,Individual,Manual,First Owner,24.3 kmpl,1248 CC,88.5 bhp,5.0
Tata,Tiago,2019.0,346000.0,16000,Petrol,Individual,Manual,First Owner,23.84 kmpl,1199 CC,84 bhp,5.0
Honda,City,2005.0,55000.0,130000,Petrol,Individual,Manual,First Owner,13.0 kmpl,1343 CC,90 bhp,5.0
Tata,Safari,2012.0,250000.0,118000,Diesel,Individual,Manual,Second Owner,13.93 kmpl,2179 CC,138.03 bhp,7.0
Maruti,Swift,2006.0,120000.0,44000,Petrol,Individual,Manual,Second Owner,16.1 kmpl,1298 CC,88.2 bhp,5.0
Maruti,,2013.0,600000.0,50000,Diesel,Individual,Manual,Second Owner,20.77 kmpl,1248 CC,88.8 bhp,7.0
Maruti,Eeco,2016.0,330000.0,60000,Petrol,Individual,Manual,First Owner,15.37 kmpl,1196 CC,73 bhp,5.0
Hyundai,i20,2014.0,400000.0,147000,Petrol,Individual,Manual,Second Owner,18.6 kmpl,1197 CC,81.83 bhp,5.0
Tata,Indica,2004.0,100000.0,40000,Diesel,Individual,Manual,Second Owner,16.8 kmpl,1405 CC,62 bhp,5.0
Maruti,Swift,2014.0,450000.0,100000,Petrol,Individual,Manual,Third Owner,19.1 kmpl,1197 CC,85.8 bhp,5.0
Maruti,Ertiga,2017.0,800000.0,55000,Diesel,Individual,Manual,First Owner,24.52 kmpl,1248 CC,88.5 bhp,7.0
Maruti,Celerio,2015.0,340000.0,40000,Diesel,Individual,Manual,Second Owner,27.62 kmpl,793 CC,47 bhp,5.0
Maruti,Ritz,2010.0,225000.0,64000,Diesel,Individual,Manual,Third Owner,21.1 kmpl,1248 CC,73.9 bhp,5.0
Maruti,Zen,2002.0,55000.0,100000,Petrol,Individual,Manual,Second Owner,17.3 kmpl,993 CC,60 bhp,5.0
Maruti,Ertiga,2016.0,900000.0,50000,Diesel,Individual,Manual,First Owner,24.52 kmpl,1248 CC,88.5 bhp,7.0
Volvo,S60,2014.0,2500000.0,30000,Diesel,Individual,Automatic,First Owner,9.0 kmpl,1984 CC,181 bhp,5.0
Maruti,Wagon,2018.0,465000.0,30000,Petrol,Individual,Manual,First Owner,20.51 kmpl,998 CC,67.04 bhp,5.0
Maruti,Zen,2004.0,70000.0,150000,Petrol,Individual,Manual,First Owner,17.3 kmpl,993 CC,60 bhp,5.0
,Zest,2016.0,400000.0,24177,Petrol,Individual,Manual,First Owner,17.57 kmpl,1193 CC,88.7 bhp,5.0
Tata,Indigo,2012.0,185000.0,80000,Diesel,Individual,Manual,First Owner,16.1 kmpl,1405 CC,70 bhp,5.0
Maruti,Wagon,2006.0,140000.0,150000,Petrol,Individual,Manual,Second Owner,18.9 kmpl,998 CC,67.1 bhp,5.0
Renault,Lodgy,2015.0,415000.0,120000,Diesel,Individual,Manual,Second Owner,21.04 kmpl,1461 CC,83.8 bhp,7.0
Mahindra,Scorpio,2012.0,532000.0,121779,Diesel,Individual,Manual,First Owner,12.05 kmpl,2179 CC,120 bhp,8.0
Maruti,,2017.0,600000.0,56000,Diesel,Individual,Manual,First Owner,27.39 kmpl,1248 CC,74 bhp,5.0
Maruti,SX4,2008.0,150000.0,100000,Petrol,Individual,Manual,Fourth & Above Owner,15.0 kmpl,1586 CC,104.68 bhp,5.0
Maruti,Swift,2018.0,459999.0,12000,Petrol,Individual,Manual,First Owner,20.4 kmpl,1197 CC,81.80 bhp,5.0
Maruti,Vitara,2017.0,800000.0,15381,Diesel,Individual,Manual,First Owner,24.3 kmpl,1248 CC,88.5 bhp,5.0
Mahindra,Bolero,2011.0,310000.0,5000,Diesel,Individual,Manual,First Owner,13.6 kmpl,2523 CC,63 bhp,7.0
Nissan,Terrano,2014.0,475000.0,40000,Diesel,Individual,Manual,First Owner,19.01 kmpl,1461 CC,108.5 bhp,5.0
Maruti,Wagon,2016.0,310000.0,35000,CNG,Individual,Manual,Second Owner,26.6 km/kg,998 CC,58.16 bhp,5.0
Maruti,Alto,2018.0,,10000,Petrol,Individual,Manual,First Owner,23.95 kmpl,998 CC,67.05 bhp,5.0
Mahindra,XUV500,2019.0,1800000.0,10000,Diesel,Individual,Manual,First Owner,16.0 kmpl,2179 CC,140 bhp,7.0
Maruti,Swift,2018.0,640000.0,25000,Petrol,Individual,Automatic,First Owner,22.0 kmpl,1197 CC,81.80 bhp,5.0
Maruti,Wagon,2017.0,,50000,Petrol,Individual,Automatic,First Owner,20.51 kmpl,998 CC,67 bhp,5.0
Tata,Nexon,2018.0,600000.0,30000,Petrol,Individual,Manual,First Owner,17.0 kmpl,1198 CC,108.5 bhp,5.0
Hyundai,Verna,2015.0,575000.0,23000,Diesel,Individual,Manual,First Owner,23.9 kmpl,1582 CC,126.2 bhp,5.0
Mahindra,Thar,2019.0,,15000,Diesel,Individual,Manual,First Owner,16.55 kmpl,2498 CC,105 bhp,6.0
Maruti,Wagon,,445000.0,5000,Petrol,Individual,Automatic,Second Owner,20.51 kmpl,998 CC,67 bhp,5.0
Maruti,Ertiga,2015.0,580000.0,15000,Diesel,Individual,Manual,Second Owner,20.77 kmpl,1248 CC,88.76 bhp,7.0
Hyundai,Creta,2020.0,1050000.0,20000,Diesel,Individual,Manual,First Owner,22.1 kmpl,1396 CC,88.7 bhp,5.0
Ford,EcoSport,2015.0,600000.0,50000,Diesel,Individual,Manual,First Owner,22.77 kmpl,1498 CC,98.59 bhp,5.0
Ford,Figo,2017.0,370000.0,40000,Petrol,Individual,Manual,Second Owner,18.16 kmpl,1196 CC,86.8 bhp,5.0
Maruti,Zen,2007.0,150000.0,70000,Petrol,Individual,Manual,Third Owner,18.2 kmpl,1061 CC,64 bhp,5.0
Maruti,Celerio,2017.0,483000.0,15000,Petrol,Individual,Manual,First Owner,23.1 kmpl,998 CC,67.04 bhp,5.0
Hyundai,Grand,2016.0,470000.0,10000,Petrol,Individual,Manual,First Owner,18.9 kmpl,1197 CC,82 bhp,5.0
Maruti,Vitara,2018.0,950000.0,25000,Diesel,Individual,Manual,First Owner,24.3 kmpl,1248 CC,88.5 bhp,5.0
Hyundai,,2013.0,450000.0,50000,Petrol,Individual,Manual,Third Owner,17.01 kmpl,1591 CC,121.3 bhp,5.0
Toyota,Etios,2011.0,345000.0,70000,Petrol,Individual,Manual,First Owner,17.6 kmpl,1496 CC,88.7 bhp,5.0
Maruti,Ignis,2020.0,600000.0,5000,Petrol,Individual,Automatic,First Owner,20.89 kmpl,1197 CC,81.80 bhp,5.0
Maruti,A-Star,2009.0,300000.0,60000,Petrol,Individual,Manual,First Owner,19.0 kmpl,998 CC,66.1 bhp,5.0
Maruti,Zen,2007.0,160000.0,74800,Petrol,Individual,Manual,Second Owner,18.2 kmpl,998 CC,67.1 bhp,5.0
Maruti,800,2004.0,120000.0,80000,Petrol,Individual,Manual,Second Owner,16.1 kmpl,796 CC,37 bhp,4.0
Maruti,Eeco,2012.0,220000.0,270000,CNG,Individual,Manual,First Owner,21.94 km/kg,1196 CC,61.7 bhp,5.0
Hyundai,EON,2018.0,340000.0,120000,Petrol,Individual,Manual,First Owner,20.3 kmpl,998 CC,68.05 bhp,5.0
Honda,City,2007.0,138000.0,120000,Petrol,Individual,Manual,Second Owner,17.7 kmpl,1497 CC,78 bhp,5.0
Maruti,Swift,2010.0,231000.0,80000,Petrol,Individual,Manual,Third Owner,17.5 kmpl,1298 CC,85.8 bhp,5.0
Mahindra,XUV500,2013.0,800000.0,120000,Diesel,Individual,Manual,Second Owner,15.1 kmpl,2179 CC,140 bhp,7.0
Mahindra,XUV300,2019.0,960000.0,20000,Petrol,Individual,Manual,First Owner,17.0 kmpl,1197 CC,108.6 bhp,5.0
Maruti,Wagon,2009.0,120000.0,70000,Petrol,Individual,Manual,Second Owner,18.9 kmpl,1061 CC,67 bhp,5.0
Maruti,,2012.0,270000.0,40000,Petrol,Individual,Manual,First Owner,18.9 kmpl,998 CC,67.1 bhp,5.0
Maruti,Ritz,2011.0,200000.0,100000,Petrol,Individual,Manual,Second Owner,21.1 kmpl,1197 CC,85.80 bhp,5.0
Maruti,Swift,2012.0,328000.0,123000,Petrol,Individual,Manual,First Owner,18.6 kmpl,1197 CC,85.8 bhp,5.0
Hyundai,Verna,2012.0,432000.0,77000,Diesel,Individual,Manual,First Owner,22.32 kmpl,1582 CC,126.32 bhp,5.0
Volkswagen,Polo,2019.0,565000.0,7000,Petrol,Individual,Manual,First Owner,18.78 kmpl,999 CC,75 bhp,5.0
Maruti,Eeco,2017.0,390000.0,70000,Petrol,Individual,Manual,First Owner,15.37 kmpl,1196 CC,73 bhp,5.0
Ford,Figo,2017.0,600000.0,30000,Diesel,Individual,Manual,First Owner,25.83 kmpl,1498 CC,99 bhp,5.0
Hyundai,i20,2011.0,250000.0,120000,Diesel,Individual,Manual,Third Owner,23.0 kmpl,1396 CC,90 bhp,5.0
Chevrolet,Spark,2011.0,165000.0,70000,Petrol,Individual,Manual,First Owner,18.0 kmpl,995 CC,62 bhp,5.0
Honda,City,2011.0,421000.0,105000,Petrol,Individual,Manual,First Owner,17.0 kmpl,1497 CC,118 bhp,5.0
Hyundai,Accent,2012.0,225000.0,109322,Petrol,Individual,Manual,Second Owner,16.36 kmpl,1495 CC,93.7 bhp,5.0
Nissan,Sunny,2013.0,350000.0,120000,Diesel,Individual,Manual,First Owner,21.64 kmpl,1461 CC,84.8 bhp,5.0
Jeep,Compass,,1757000.0,24000,Diesel,Individual,Manual,First Owner,17.1 kmpl,1956 CC,170 bhp,5.0
Maruti,Baleno,2015.0,,70000,Diesel,Individual,Manual,Second Owner,27.39 kmpl,1248 CC,74 bhp,5.0
,Tiago,2018.0,515000.0,35000,Petrol,Individual,Manual,First Owner,24.0 kmpl,1199 CC,83.81 bhp,5.0
Maruti,800,1999.0,80000.0,80000,Petrol,Individual,Manual,Third Owner,16.1 kmpl,796 CC,37 bhp,4.0
Maruti,SX4,2017.0,800000.0,70000,Diesel,Individual,Manual,Second Owner,23.65 kmpl,1248 CC,88.5 bhp,5.0
Mahindra,Scorpio,2004.0,120000.0,100000,Diesel,Individual,Manual,Fourth & Above Owner,10.5 kmpl,2179 CC,120 bhp,7.0
Maruti,Wagon,2017.0,475000.0,40000,Petrol,Individual,Manual,First Owner,20.51 kmpl,998 CC,67.04 bhp,5.0
Maruti,Wagon,2015.0,400000.0,20000,Petrol,Individual,Automatic,First Owner,20.51 kmpl,998 CC,67 bhp,5.0
Fiat,Grande,2011.0,300000.0,60000,Diesel,Individual,Manual,First Owner,20.3 kmpl,1248 CC,75 bhp,5.0
Mahindra,Scorpio,2011.0,400000.0,475000,Diesel,Individual,Manual,Third Owner,13.5 kmpl,2179 CC,115 bhp,5.0
Maruti,Wagon,2009.0,235000.0,70000,Petrol,Individual,Manual,Second Owner,17.3 kmpl,1061 CC,64 bhp,5.0
Maruti,Wagon,2015.0,350000.0,40000,Petrol,Individual,Manual,Second Owner,20.51 kmpl,998 CC,67.04 bhp,5.0
Maruti,Swift,2017.0,625000.0,34000,Diesel,Individual,Manual,Second Owner,28.4 kmpl,1248 CC,74.02 bhp,5.0
Mahindra,XUV500,2014.0,525000.0,120000,Diesel,Individual,Manual,First Owner,15.1 kmpl,2179 CC,140 bhp,7.0
,,2018.0,550000.0,10000,Petrol,Individual,Manual,First Owner,20.3 kmpl,1199 CC,84 bhp,5.0
Mahindra,Bolero,2015.0,550000.0,80000,Diesel,Individual,Manual,Second Owner,15.96 kmpl,2523 CC,62.1 bhp,7.0
Honda,City,2006.0,200000.0,100000,Petrol,Individual,Manual,Second Owner,17.7 kmpl,1497 CC,78 bhp,5.0
Mahindra,Xylo,2011.0,350000.0,120000,Diesel,Individual,Manual,First Owner,13.0 kmpl,2489 CC,95 bhp,8.0
Honda,City,2006.0,220000.0,100000,Petrol,Individual,Manual,Second Owner,17.7 kmpl,1497 CC,78 bhp,5.0
Hyundai,Grand,2016.0,412000.0,25000,Petrol,Individual,Manual,First Owner,18.9 kmpl,1197 CC,82 bhp,5.0
Maruti,Wagon,2009.0,126000.0,52000,Petrol,Individual,Manual,Second Owner,18.9 kmpl,1061 CC,67 bhp,5.0
Maruti,Swift,2013.0,430000.0,63000,Diesel,Individual,Manual,First Owner,23.4 kmpl,1248 CC,74 bhp,5.0
Maruti,A-Star,2009.0,130000.0,90000,Petrol,Individual,Manual,Second Owner,19.0 kmpl,998 CC,66.1 bhp,5.0
Tata,Tiago,2017.0,350000.0,60000,Petrol,Individual,Manual,First Owner,23.84 kmpl,1199 CC,84 bhp,5.0
Maruti,Alto,2011.0,,35000,Petrol,Individual,Manual,First Owner,19.7 kmpl,796 CC,46.3 bhp,5.0
Mahindra,Bolero,2011.0,380000.0,80000,Diesel,Individual,Manual,First Owner,13.6 kmpl,2523 CC,63 bhp,7.0
Ford,Figo,2010.0,200000.0,110000,Diesel,Individual,Manual,Second Owner,20.0 kmpl,1399 CC,68 bhp,5.0
Maruti,Swift,2017.0,620000.0,61000,Diesel,Individual,Manual,First Owner,26.59 kmpl,1248 CC,74 bhp,5.0
Maruti,Omni,2013.0,,66000,Petrol,Individual,Manual,First Owner,14.7 kmpl,796 CC,37 bhp,8.0
Datsun,GO,2018.0,450000.0,80000,Petrol,Individual,Manual,First Owner,20.62 kmpl,1198 CC,67 bhp,7.0
Hyundai,Creta,2017.0,1150000.0,27000,Diesel,Individual,Manual,Second Owner,19.67 kmpl,1582 CC,126.2 bhp,5.0
Mahindra,KUV,2018.0,500000.0,60000,Petrol,Individual,Manual,First Owner,18.15 kmpl,1198 CC,82 bhp,6.0
Maruti,Wagon,2011.0,246000.0,139000,Petrol,Individual,Manual,First Owner,18.9 kmpl,998 CC,67.1 bhp,5.0
Maruti,Eeco,2017.0,400000.0,60000,CNG,Individual,Manual,First Owner,21.94 km/kg,1196 CC,61.7 bhp,5.0
Maruti,800,2008.0,65000.0,10000,Petrol,Individual,Manual,Second Owner,16.1 kmpl,796 CC,37 bhp,4.0
,Ecosport,2016.0,725000.0,30000,Diesel,Individual,Manual,First Owner,21.7 kmpl,1498 CC,98.96 bhp,5.0
Hyundai,Verna,2014.0,736000.0,125000,Diesel,Individual,Automatic,First Owner,22.32 kmpl,1582 CC,126.32 bhp,5.0
Maruti,Swift,2018.0,700000.0,45000,Diesel,Individual,Manual,First Owner,28.4 kmpl,1248 CC,74.02 bhp,5.0
Chevrolet,Spark,2011.0,150000.0,30000,Petrol,Individual,Manual,First Owner,18.0 kmpl,995 CC,62 bhp,5.0
Maruti,Alto,2010.0,180000.0,80500,Petrol,Individual,Manual,Second Owner,19.7 kmpl,796 CC,46.3 bhp,5.0
Toyota,Etios,2014.0,409999.0,200000,Diesel,Individual,Manual,First Owner,23.59 kmpl,1364 CC,67.04 bhp,5.0
Mahindra,Bolero,2013.0,550000.0,60000,Diesel,Individual,Manual,First Owner,15.96 kmpl,2523 CC,62.1 bhp,7.0
Maruti,800,2004.0,50000.0,18000,Petrol,Individual,Manual,Second Owner,16.1 kmpl,796 CC,37 bhp,4.0
Maruti,Zen,2006.0,80000.0,110000,Diesel,Individual,Manual,Second Owner,20.8 kmpl,1527 CC,58 bhp,5.0
Maruti,Alto,2005.0,110000.0,90000,Petrol,Individual,Manual,Second Owner,19.7 kmpl,796 CC,46.3 bhp,5.0
Honda,City,2006.0,180000.0,120000,Petrol,Individual,Manual,Second Owner,17.7 kmpl,1497 CC,78 bhp,5.0
Audi,Q7,2009.0,1025000.0,120000,Diesel,Individual,Automatic,Third Owner,12.07 kmpl,2967 CC,241.4 bhp,7.0
,Hexa,2017.0,1300000.0,40000,Diesel,Individual,Automatic,First Owner,17.6 kmpl,2179 CC,153.86 bhp,7.0
Volkswagen,Ameo,2018.0,560000.0,18000,Diesel,Individual,Manual,First Owner,21.66 kmpl,1498 CC,108.62 bhp,5.0
Maruti,Vitara,2017.0,650000.0,70000,Diesel,Individual,Manual,First Owner,24.3 kmpl,1248 CC,88.5 bhp,5.0
Mahindra,XUV500,2018.0,1150000.0,29000,Diesel,Individual,Manual,First Owner,15.1 kmpl,2179 CC,152.87 bhp,7.0
Maruti,Baleno,2016.0,480000.0,65755,Petrol,Individual,Manual,First Owner,21.4 kmpl,1197 CC,83.1 bhp,5.0
Ford,EcoSport,,960000.0,2600,Diesel,Individual,Manual,First Owner,23.0 kmpl,1498 CC,98.96 bhp,5.0
Mahindra,XUV500,2017.0,1050000.0,46000,Diesel,Individual,Automatic,First Owner,16.0 kmpl,2179 CC,140 bhp,7.0
Hyundai,EON,2017.0,310000.0,15000,Petrol,Individual,Manual,Second Owner,21.1 kmpl,814 CC,55.2 bhp,5.0
Maruti,Swift,2014.0,500000.0,60000,Diesel,Individual,Manual,First Owner,23.4 kmpl,1248 CC,74 bhp,5.0
Maruti,Alto,2017.0,350000.0,15500,Petrol,Individual,Automatic,First Owner,23.95 kmpl,998 CC,67.1 bhp,5.0
Honda,Amaze,2015.0,365000.0,120000,Diesel,Individual,Manual,First Owner,25.8 kmpl,1498 CC,98.6 bhp,5.0
Mitsubishi,Lancer,2008.0,165000.0,120000,Diesel,Individual,Manual,Third Owner,14.8 kmpl,1998 CC,68 bhp,5.0
Tata,Spacio,2007.0,100000.0,120000,Diesel,Individual,Manual,Third Owner,14.6 kmpl,2956 CC,63 bhp,10.0
Mahindra,Bolero,2007.0,240000.0,80000,Diesel,Individual,Manual,Second Owner,13.6 kmpl,2523 CC,63 bhp,7.0
Mahindra,Marazzo,2019.0,925000.0,40000,Diesel,Individual,Manual,First Owner,17.3 kmpl,1497 CC,121 bhp,7.0
Ford,Figo,2018.0,590000.0,15000,Petrol,Individual,Manual,First Owner,18.16 kmpl,1196 CC,86.8 bhp,5.0
Tata,Aria,2013.0,525000.0,110000,Diesel,Individual,Manual,Second Owner,13.7 kmpl,2179 CC,138.1 bhp,7.0
Toyota,Innova,2014.0,720000.0,80000,Diesel,Individual,Manual,Second Owner,12.99 kmpl,2494 CC,100.6 bhp,8.0
Renault,Duster,2017.0,850000.0,50000,Diesel,Individual,Automatic,First Owner,19.6 kmpl,1461 CC,108.45 bhp,5.0
Mahindra,Scorpio,2010.0,490000.0,110000,Diesel,Individual,Automatic,First Owner,11.79 kmpl,2179 CC,120 bhp,8.0
Honda,Amaze,2013.0,325000.0,100000,Diesel,Individual,Manual,First Owner,25.8 kmpl,1498 CC,98.6 bhp,5.0
Hyundai,Verna,2019.0,1200000.0,20000,Diesel,Individual,Automatic,First Owner,22.0 kmpl,1582 CC,126.2 bhp,5.0
Mahindra,Bolero,2012.0,450000.0,135000,Diesel,Individual,Manual,First Owner,15.96 kmpl,2523 CC,62.1 bhp,7.0
Tata,Indigo,2014.0,300000.0,50700,Diesel,Individual,Manual,First Owner,19.09 kmpl,1405 CC,69.01 bhp,5.0
Volkswagen,Polo,2013.0,365000.0,70000,Diesel,Individual,Manual,Second Owner,22.07 kmpl,1199 CC,73.9 bhp,5.0
Mercedes-Benz,New,2007.0,500000.0,120000,Petrol,Individual,Automatic,First Owner,11.7 kmpl,1796 CC,178 bhp,5.0
Toyota,Innova,2014.0,900000.0,112000,Diesel,Individual,Manual,Second Owner,12.99 kmpl,2494 CC,100.6 bhp,8.0
Hyundai,Grand,2018.0,700000.0,35000,Diesel,Individual,Manual,First Owner,24.0 kmpl,1186 CC,73.97 bhp,5.0
Renault,Duster,2017.0,880000.0,50000,Diesel,Individual,Manual,First Owner,19.6 kmpl,1461 CC,108.45 bhp,5.0
Toyota,Innova,2014.0,700000.0,121000,Diesel,Individual,Manual,Third Owner,12.99 kmpl,2494 CC,100.6 bhp,7.0
Mahindra,Scorpio,2009.0,380000.0,120000,Diesel,Individual,Manual,Second Owner,12.05 kmpl,2179 CC,120 bhp,7.0
Toyota,Corolla,2006.0,150000.0,90000,Petrol,Individual,Manual,Third Owner,13.4 kmpl,1794 CC,125 bhp,5.0
Maruti,Zen,2014.0,235000.0,70000,CNG,Individual,Manual,Second Owner,26.3 km/kg,998 CC,67.1 bhp,5.0
Renault,KWID,2018.0,320000.0,20000,Petrol,Individual,Manual,First Owner,23.01 kmpl,999 CC,67 bhp,5.0
Renault,Duster,2015.0,550000.0,60000,Diesel,Individual,Manual,First Owner,20.45 kmpl,1461 CC,83.8 bhp,5.0
BMW,5,2016.0,3200000.0,40000,Diesel,Individual,Automatic,First Owner,18.12 kmpl,1995 CC,190 bhp,5.0
Toyota,,2013.0,750000.0,440000,Diesel,Individual,Manual,Second Owner,12.99 kmpl,2494 CC,100.6 bhp,7.0
Mahindra,TUV,2017.0,645000.0,60000,Diesel,Individual,Manual,First Owner,18.49 kmpl,1493 CC,100 bhp,7.0
Maruti,Wagon,2015.0,300000.0,110000,Petrol,Individual,Manual,First Owner,20.51 kmpl,998 CC,67.04 bhp,5.0
Hyundai,i20,2016.0,580000.0,152000,Diesel,Individual,Manual,First Owner,21.19 kmpl,1396 CC,88.73 bhp,5.0
Hyundai,i20,2011.0,220000.0,220000,Petrol,Individual,Manual,Fourth & Above Owner,17.0 kmpl,1197 CC,80 bhp,5.0
Mahindra,Bolero,2013.0,451000.0,70000,Diesel,Individual,Manual,First Owner,15.96 kmpl,2523 CC,62.1 bhp,7.0
Tata,Nexon,2018.0,850000.0,50000,Petrol,Individual,Manual,First Owner,17.0 kmpl,1198 CC,108.5 bhp,5.0
Maruti,,2011.0,300000.0,125000,Diesel,Individual,Manual,First Owner,19.3 kmpl,1248 CC,73.9 bhp,5.0
Ford,Figo,2016.0,350000.0,60000,Petrol,Individual,Manual,First Owner,18.16 kmpl,1196 CC,86.8 bhp,5.0
Maruti,Eeco,2014.0,300000.0,90000,CNG,Individual,Manual,First Owner,21.94 km/kg,1196 CC,63 bhp,5.0
Maruti,Eeco,2017.0,390000.0,30000,CNG,Individual,Manual,First Owner,21.94 km/kg,1196 CC,63 bhp,5.0
Toyota,Innova,2016.0,1200000.0,90000,Diesel,Individual,Manual,First Owner,12.99 kmpl,2494 CC,100.6 bhp,8.0
Volkswagen,Ameo,2017.0,550000.0,20000,Petrol,Individual,Manual,First Owner,17.0 kmpl,1198 CC,73.75 bhp,5.0
Maruti,Swift,2012.0,300000.0,110000,Diesel,Individual,Manual,Third Owner,22.9 kmpl,1248 CC,74 bhp,5.0
Volkswagen,Vento,2012.0,300000.0,150000,Diesel,Individual,Manual,Second Owner,20.54 kmpl,1598 CC,103.6 bhp,5.0
Hyundai,i20,2012.0,350000.0,110000,Diesel,Individual,Manual,First Owner,23.0 kmpl,1396 CC,90 bhp,5.0
Hyundai,Creta,2015.0,880000.0,120000,Diesel,Individual,Manual,Second Owner,19.67 kmpl,1582 CC,126.2 bhp,5.0
Hyundai,Accent,2010.0,160000.0,120000,CNG,Individual,Manual,Second Owner,13.2 km/kg,1495 CC,93.7 bhp,5.0
Tata,Sumo,2012.0,250000.0,80000,Diesel,Individual,Manual,Fourth & Above Owner,15.3 kmpl,2956 CC,83.8 bhp,7.0
Hyundai,i20,2016.0,660000.0,110000,Diesel,Individual,Manual,First Owner,21.19 kmpl,1396 CC,88.73 bhp,5.0
Tata,Zest,2015.0,450000.0,40000,Petrol,Individual,Manual,First Owner,17.57 kmpl,1193 CC,88.7 bhp,5.0
Volkswagen,Polo,2012.0,400000.0,110000,Diesel,Individual,Manual,Second Owner,19.7 kmpl,1598 CC,103.6 bhp,5.0
Mahindra,Scorpio,2019.0,1300000.0,20000,Diesel,Individual,Manual,First Owner,16.36 kmpl,2179 CC,120 bhp,7.0
Ford,Figo,2013.0,229999.0,230000,Diesel,Individual,Manual,First Owner,20.0 kmpl,1399 CC,68.1 bhp,5.0
Chevrolet,Beat,2010.0,140000.0,60000,Petrol,Individual,Manual,First Owner,18.6 kmpl,1199 CC,79.4 bhp,5.0
Maruti,Zen,2012.0,195000.0,35000,Petrol,Individual,Manual,Second Owner,19.0 kmpl,998 CC,67.1 bhp,5.0
Hyundai,i20,2015.0,500000.0,45000,Petrol,Individual,Manual,First Owner,17.19 kmpl,1197 CC,81.86 bhp,5.0
Tata,Nano,2012.0,60000.0,45000,Petrol,Individual,Manual,First Owner,25.4 kmpl,624 CC,38 bhp,4.0
Tata,Zest,2016.0,400000.0,25000,Petrol,Individual,Manual,First Owner,17.57 kmpl,1193 CC,88.7 bhp,5.0
Hyundai,i20,2014.0,400000.0,10000,Petrol,Individual,Manual,First Owner,18.6 kmpl,1197 CC,81.83 bhp,5.0
Maruti,Wagon,2018.0,380000.0,19000,Petrol,Individual,Manual,First Owner,20.51 kmpl,998 CC,67.04 bhp,5.0
Maruti,Baleno,2019.0,579000.0,10000,Petrol,Individual,Manual,First Owner,21.4 kmpl,1197 CC,83.1 bhp,5.0
Mahindra,KUV,2019.0,400000.0,25000,Petrol,Individual,Manual,First Owner,18.15 kmpl,1198 CC,82 bhp,6.0
Hyundai,i10,2012.0,270000.0,30000,Petrol,Individual,Manual,First Owner,20.36 kmpl,1197 CC,78.9 bhp,5.0
Mahindra,Bolero,2014.0,500000.0,90000,Diesel,Individual,Manual,First Owner,15.96 kmpl,2523 CC,62.1 bhp,7.0
Tata,Tiago,2017.0,475000.0,20000,Petrol,Individual,Manual,First Owner,23.84 kmpl,1199 CC,84 bhp,5.0
Nissan,Terrano,2018.0,850000.0,48000,Diesel,Individual,Manual,First Owner,19.87 kmpl,1461 CC,83.14 bhp,5.0
Mahindra,Scorpio,2009.0,475000.0,120000,Diesel,Individual,Manual,First Owner,12.05 kmpl,2179 CC,120 bhp,7.0
Maruti,Swift,2012.0,370000.0,210000,Diesel,Individual,Manual,Second Owner,19.3 kmpl,1248 CC,73.9 bhp,5.0
Hyundai,i10,2010.0,187000.0,200400,Petrol,Individual,Manual,Second Owner,19.81 kmpl,1086 CC,68.05 bhp,5.0
Hyundai,i10,2008.0,195000.0,110000,Petrol,Individual,Manual,Second Owner,20.36 kmpl,1197 CC,78.9 bhp,5.0
Tata,Safari,2014.0,459999.0,38000,Diesel,Individual,Manual,First Owner,13.93 kmpl,2179 CC,138.03 bhp,7.0
Toyota,Corolla,2004.0,135000.0,90000,Petrol,Individual,Manual,Second Owner,13.4 kmpl,1794 CC,125 bhp,5.0
,Ertiga,2017.0,850000.0,43000,Diesel,Individual,Manual,First Owner,24.52 kmpl,1248 CC,88.5 bhp,7.0
Hyundai,Santro,2018.0,500000.0,25000,Petrol,Individual,Manual,First Owner,20.3 kmpl,1086 CC,68 bhp,5.0
Maruti,Wagon,2016.0,385000.0,26000,Petrol,Individual,Manual,Second Owner,20.51 kmpl,998 CC,67.04 bhp,5.0
Hyundai,Verna,2006.0,135000.0,120000,Diesel,Individual,Manual,Second Owner,16.8 kmpl,1493 CC,110 bhp,5.0
Maruti,Alto,2008.0,120000.0,70000,Petrol,Individual,Manual,Third Owner,19.7 kmpl,796 CC,46.3 bhp,5.0
Honda,,2006.0,200000.0,60000,Petrol,Individual,Manual,Third Owner,11.9 kmpl,2354 CC,144 bhp,5.0
Tata,New,2007.0,200000.0,120000,Diesel,Individual,Manual,Second Owner,13.93 kmpl,2956 CC,138.1 bhp,7.0
Maruti,Ciaz,2016.0,700000.0,20000,Petrol,Individual,Manual,First Owner,20.73 kmpl,1373 CC,91.1 bhp,5.0
Tata,Indigo,2013.0,290000.0,25000,Diesel,Individual,Manual,First Owner,23.57 kmpl,1396 CC,70 bhp,5.0
Maruti,Swift,2017.0,725000.0,60000,Diesel,Individual,Manual,First Owner,28.4 kmpl,1248 CC,74.02 bhp,5.0
Tata,Sumo,2008.0,200000.0,80000,Diesel,Individual,Manual,First Owner,12.2 kmpl,1948 CC,68 bhp,10.0
Maruti,Omni,2014.0,155000.0,80000,Petrol,Individual,Manual,First Owner,16.8 kmpl,796 CC,34.2 bhp,8.0
Mercedes-Benz,E-Class,2019.0,5200000.0,17000,Petrol,Dealer,Automatic,First Owner,15.0 kmpl,1991 CC,194.4 bhp,5.0
BMW,5,2018.0,4000000.0,10000,Diesel,Dealer,Automatic,First Owner,22.48 kmpl,1995 CC,187.74 bhp,5.0
Hyundai,Venue,2019.0,1125000.0,3500,Petrol,Dealer,Automatic,First Owner,18.15 kmpl,998 CC,118.35 bhp,5.0
Audi,A4,2016.0,1898999.0,46000,Diesel,Dealer,Automatic,First Owner,18.25 kmpl,1968 CC,187.74 bhp,5.0
Honda,CR-V,2017.0,1650000.0,52000,Petrol,Dealer,Automatic,First Owner,12.0 kmpl,2354 CC,187.4 bhp,5.0
Maruti,Swift,2011.0,280000.0,20000,Petrol,Individual,Manual,Second Owner,18.6 kmpl,1197 CC,85.8 bhp,5.0
Tata,Tigor,2019.0,450000.0,25000,Petrol,Individual,Manual,First Owner,20.3 kmpl,1199 CC,84 bhp,5.0
Maruti,Esteem,2006.0,135000.0,70000,Petrol,Individual,Manual,Second Owner,15.9 kmpl,1298 CC,85 bhp,5.0
Mahindra,XUV500,2014.0,650000.0,40000,Diesel,Individual,Manual,First Owner,15.1 kmpl,2179 CC,140 bhp,7.0
Maruti,Baleno,2020.0,650000.0,7300,Petrol,Individual,Manual,First Owner,21.01 kmpl,1197 CC,81.80 bhp,5.0
Maruti,Ciaz,2018.0,750000.0,25000,Diesel,Individual,Manual,First Owner,28.09 kmpl,1248 CC,88.5 bhp,5.0
Maruti,Alto,2010.0,150000.0,100000,Petrol,Individual,Manual,First Owner,19.7 kmpl,796 CC,46.3 bhp,5.0
Mahindra,KUV,2017.0,500000.0,35000,Diesel,Individual,Manual,First Owner,25.32 kmpl,1198 CC,77 bhp,6.0
Hyundai,Verna,2013.0,425000.0,80000,Diesel,Individual,Manual,Second Owner,22.32 kmpl,1582 CC,126.32 bhp,5.0
Hyundai,i10,2010.0,260000.0,60000,Petrol,Individual,Manual,First Owner,20.36 kmpl,1197 CC,78.9 bhp,5.0
Volkswagen,Polo,2014.0,400000.0,110000,Diesel,Individual,Manual,Second Owner,20.14 kmpl,1498 CC,88.8 bhp,5.0
Hyundai,i20,2017.0,575000.0,70000,Diesel,Individual,Manual,Second Owner,22.54 kmpl,1396 CC,88.73 bhp,5.0
Hyundai,Santro,2008.0,175000.0,40000,Petrol,Individual,Manual,First Owner,0.0 kmpl,1086 CC,62 bhp,5.0
Maruti,SX4,2010.0,250000.0,90000,CNG,Individual,Manual,Second Owner,21.4 km/kg,1586 CC,103.3 bhp,5.0
Volkswagen,Polo,2012.0,400000.0,95000,Diesel,Individual,Manual,First Owner,19.7 kmpl,1598 CC,103.6 bhp,5.0
Mahindra,Bolero,2011.0,,200000,Diesel,Individual,Manual,Second Owner,13.6 kmpl,2523 CC,63 bhp,7.0
Maruti,Swift,2015.0,484999.0,30000,Diesel,Individual,Manual,First Owner,25.2 kmpl,1248 CC,74 bhp,5.0
Volkswagen,CrossPolo,2013.0,350000.0,70000,Diesel,Individual,Manual,Second Owner,20.14 kmpl,1498 CC,88.5 bhp,5.0
Toyota,Fortuner,2014.0,1400000.0,80000,Diesel,Individual,Automatic,Second Owner,12.55 kmpl,2982 CC,168.7 bhp,7.0
Maruti,Swift,2012.0,250000.0,100000,Diesel,Individual,Manual,Third Owner,19.3 kmpl,1248 CC,73.9 bhp,5.0
,Swift,2017.0,655000.0,70000,Diesel,Individual,Manual,First Owner,28.4 kmpl,1248 CC,74.02 bhp,5.0
Chevrolet,Beat,2016.0,300000.0,15000,Petrol,Individual,Manual,First Owner,18.6 kmpl,1199 CC,76.8 bhp,5.0
Ford,Figo,2018.0,650000.0,21000,Diesel,Individual,Manual,First Owner,25.83 kmpl,1498 CC,99 bhp,5.0
Maruti,Wagon,2014.0,300000.0,35000,Petrol,Individual,Manual,First Owner,20.52 kmpl,1197 CC,81.80 bhp,5.0
Honda,Jazz,2016.0,475000.0,25000,Petrol,Individual,Manual,First Owner,18.7 kmpl,1199 CC,88.7 bhp,5.0
Tata,Tiago,2017.0,450000.0,30000,Petrol,Individual,Manual,First Owner,23.84 kmpl,1199 CC,84 bhp,5.0
Maruti,Swift,2019.0,754000.0,10000,Diesel,Individual,Manual,First Owner,28.4 kmpl,1248 CC,74.02 bhp,5.0
Hyundai,i10,2013.0,300000.0,40000,Petrol,Individual,Manual,First Owner,20.36 kmpl,1197 CC,78.9 bhp,5.0
Hyundai,EON,2014.0,250000.0,25000,Petrol,Individual,Manual,First Owner,21.1 kmpl,814 CC,55.2 bhp,5.0
Maruti,,2018.0,725000.0,15000,Diesel,Individual,Manual,First Owner,28.4 kmpl,1248 CC,74.02 bhp,5.0
Maruti,Alto,2008.0,95000.0,70000,Petrol,Individual,Manual,First Owner,19.7 kmpl,796 CC,46.3 bhp,5.0
Hyundai,Santro,2018.0,475000.0,7800,Petrol,Individual,Manual,First Owner,20.3 kmpl,1086 CC,68 bhp,5.0
Tata,Safari,2014.0,575000.0,55000,Diesel,Individual,Manual,First Owner,14.0 kmpl,2179 CC,138.1 bhp,7.0
Tata,Tiago,2016.0,350000.0,30000,Petrol,Individual,Manual,First Owner,23.84 kmpl,1199 CC,84 bhp,5.0
Mahindra,Bolero,2013.0,330000.0,125000,Diesel,Individual,Manual,Second Owner,15.96 kmpl,2523 CC,62.1 bhp,7.0
Maruti,Swift,2016.0,482000.0,50000,Petrol,Individual,Manual,First Owner,20.4 kmpl,1197 CC,81.80 bhp,5.0
Ford,EcoSport,2017.0,625000.0,40000,Diesel,Individual,Manual,Fourth & Above Owner,22.77 kmpl,1498 CC,98.59 bhp,5.0
Tata,Tiago,2017.0,380000.0,30000,Petrol,Individual,Manual,First Owner,23.84 kmpl,1199 CC,84 bhp,5.0
Chevrolet,Beat,2016.0,310000.0,30000,Petrol,Individual,Manual,First Owner,18.6 kmpl,1199 CC,76.8 bhp,5.0
Maruti,Swift,2009.0,280000.0,35000,Petrol,Individual,Manual,First Owner,17.5 kmpl,1298 CC,85.8 bhp,5.0
Renault,Duster,2018.0,900000.0,30000,Petrol,Individual,Automatic,First Owner,14.99 kmpl,1498 CC,104.5 bhp,5.0
Maruti,Wagon,2010.0,250000.0,60000,Petrol,Individual,Manual,First Owner,18.9 kmpl,1061 CC,67 bhp,5.0
Hyundai,Verna,2017.0,750000.0,39000,Petrol,Individual,Manual,First Owner,17.01 kmpl,1591 CC,121.3 bhp,5.0
,KWID,2019.0,420000.0,15000,Petrol,Individual,Manual,First Owner,23.01 kmpl,999 CC,67 bhp,5.0
Honda,Amaze,2019.0,670000.0,5000,Petrol,Individual,Manual,First Owner,19.5 kmpl,1199 CC,88.76 bhp,5.0
Hyundai,i10,2016.0,420000.0,9750,Petrol,Individual,Manual,Second Owner,19.81 kmpl,1086 CC,68.05 bhp,5.0
Toyota,Innova,2016.0,1800000.0,110000,Diesel,Individual,Manual,First Owner,13.68 kmpl,2393 CC,147.8 bhp,7.0
Honda,WR-V,2018.0,900000.0,35000,Petrol,Individual,Manual,First Owner,17.5 kmpl,1199 CC,88.7 bhp,5.0
Mahindra,XUV500,2015.0,1200000.0,10000,Diesel,Individual,Manual,First Owner,15.1 kmpl,2179 CC,140 bhp,7.0
Mahindra,Scorpio,2003.0,,157138,Diesel,Individual,Manual,Third Owner,10.5 kmpl,2179 CC,120 bhp,7.0
Hyundai,Verna,2007.0,185000.0,120000,Diesel,Individual,Manual,Fourth & Above Owner,16.8 kmpl,1493 CC,110 bhp,5.0
Hyundai,i10,2008.0,185000.0,110000,Petrol,Individual,Manual,Fourth & Above Owner,19.81 kmpl,1086 CC,68.05 bhp,5.0
Mahindra,XUV500,2018.0,1525000.0,46000,Diesel,Individual,Manual,First Owner,15.1 kmpl,2179 CC,152.87 bhp,7.0
Maruti,Swift,2006.0,215000.0,102000,Petrol,Individual,Manual,Third Owner,16.1 kmpl,1298 CC,88.2 bhp,5.0
Maruti,Alto,2015.0,210000.0,50000,Petrol,Individual,Manual,Second Owner,22.74 kmpl,796 CC,47.3 bhp,5.0
Toyota,Innova,2016.0,1700000.0,110000,Diesel,Individual,Manual,Second Owner,13.68 kmpl,2393 CC,147.8 bhp,7.0
Toyota,Innova,2009.0,530000.0,285000,Diesel,Individual,Manual,Third Owner,12.8 kmpl,2494 CC,102 bhp,8.0
Honda,City,2015.0,800000.0,50000,Petrol,Individual,Manual,First Owner,17.4 kmpl,1497 CC,117.3 bhp,5.0
Maruti,Swift,2014.0,570000.0,70000,Diesel,Individual,Manual,Second Owner,25.2 kmpl,1248 CC,74 bhp,5.0
Maruti,SX4,2012.0,350000.0,120000,Diesel,Individual,Manual,Second Owner,21.5 kmpl,1248 CC,88.8 bhp,5.0
Hyundai,i20,2011.0,350000.0,93000,Diesel,Individual,Manual,Second Owner,21.9 kmpl,1396 CC,90 bhp,5.0
Mahindra,Bolero,2018.0,750000.0,50000,Diesel,Individual,Manual,First Owner,16.5 kmpl,1493 CC,70 bhp,7.0
Maruti,Eeco,2011.0,160000.0,100000,Petrol,Individual,Manual,Second Owner,15.37 kmpl,1196 CC,73 bhp,7.0
Tata,Indigo,2010.0,150000.0,70000,Diesel,Individual,Manual,Third Owner,15.7 kmpl,1405 CC,70 bhp,5.0
Hyundai,Grand,2019.0,562000.0,5000,Petrol,Individual,Manual,First Owner,18.9 kmpl,1197 CC,81.86 bhp,5.0
Hyundai,i10,2012.0,290000.0,27000,Petrol,Individual,Manual,First Owner,20.36 kmpl,1197 CC,78.9 bhp,5.0
Mahindra,XUV500,2014.0,600000.0,122000,Diesel,Individual,Manual,Second Owner,15.1 kmpl,2179 CC,140 bhp,7.0
Hyundai,Xcent,2015.0,401000.0,74000,Diesel,Individual,Manual,Second Owner,24.4 kmpl,1120 CC,71 bhp,5.0
Maruti,Alto,2011.0,225000.0,30000,Petrol,Individual,Manual,First Owner,20.92 kmpl,998 CC,67.1 bhp,5.0
Maruti,Vitara,2020.0,737000.0,10000,Petrol,Individual,Automatic,First Owner,18.76 kmpl,1462 CC,103.26 bhp,5.0
Maruti,Celerio,2014.0,300000.0,80000,Petrol,Individual,Manual,First Owner,23.1 kmpl,998 CC,67.04 bhp,5.0
Tata,Indigo,2008.0,85000.0,120000,Diesel,Individual,Manual,First Owner,17.0 kmpl,1405 CC,70 bhp,5.0
Hyundai,Verna,2010.0,195000.0,120000,Diesel,Individual,Manual,Second Owner,16.2 kmpl,1493 CC,110 bhp,5.0
Honda,WR-V,2017.0,675000.0,127991,Diesel,Dealer,Manual,First Owner,25.5 kmpl,1498 CC,98.6 bhp,5.0
Mitsubishi,,1999.0,150000.0,198000,Diesel,Individual,Manual,Second Owner,14.8 kmpl,1998 CC,68 bhp,5.0
Tata,Indigo,2010.0,290000.0,65000,Petrol,Individual,Manual,First Owner,15.64 kmpl,1193 CC,64.1 bhp,5.0
Maruti,Ciaz,2018.0,889000.0,20000,Diesel,Individual,Manual,First Owner,28.09 kmpl,1248 CC,88.5 bhp,5.0
Volkswagen,Ameo,2016.0,400000.0,60000,Petrol,Individual,Manual,First Owner,17.0 kmpl,1198 CC,73.75 bhp,5.0
Renault,KWID,2018.0,390000.0,13120,Petrol,Individual,Manual,First Owner,25.17 kmpl,799 CC,53.3 bhp,5.0
,Compass,2017.0,1550000.0,87500,Diesel,Individual,Manual,First Owner,17.1 kmpl,1956 CC,170 bhp,5.0
Hyundai,Verna,2014.0,600000.0,125000,Diesel,Individual,Manual,First Owner,22.32 kmpl,1582 CC,126.32 bhp,5.0
Hyundai,Elite,2018.0,800000.0,25000,Petrol,Individual,Automatic,First Owner,17.4 kmpl,1197 CC,81.86 bhp,5.0
Maruti,Ertiga,2013.0,,120000,Diesel,Individual,Manual,Third Owner,20.77 kmpl,1248 CC,88.8 bhp,7.0
Hyundai,Verna,2015.0,795000.0,35000,Petrol,Individual,Manual,First Owner,17.01 kmpl,1591 CC,121.3 bhp,5.0
Hyundai,i20,2016.0,735000.0,25000,Diesel,Individual,Manual,First Owner,22.54 kmpl,1396 CC,88.73 bhp,5.0
Skoda,Octavia,2005.0,250000.0,120000,Diesel,Individual,Manual,Third Owner,16.4 kmpl,1896 CC,90 bhp,5.0
Renault,KWID,2018.0,400000.0,25000,Petrol,Individual,Automatic,First Owner,24.04 kmpl,999 CC,67 bhp,5.0
Mahindra,Xylo,2014.0,395000.0,140000,Diesel,Individual,Manual,First Owner,14.0 kmpl,2489 CC,95 bhp,8.0
Hyundai,Accent,2005.0,130000.0,79000,Diesel,Individual,Manual,Second Owner,13.1 kmpl,1493 CC,82 bhp,5.0
Renault,Lodgy,2015.0,600000.0,125000,Diesel,Individual,Manual,First Owner,21.04 kmpl,1461 CC,83.8 bhp,8.0
Hyundai,i20,2016.0,720000.0,80000,Diesel,Individual,Manual,First Owner,21.19 kmpl,1396 CC,88.73 bhp,5.0
Honda,City,2011.0,450000.0,110000,Petrol,Individual,Manual,Third Owner,16.8 kmpl,1497 CC,116.4 bhp,5.0
Hyundai,Verna,2010.0,220000.0,80000,Diesel,Individual,Manual,Second Owner,16.2 kmpl,1493 CC,110 bhp,5.0
Hyundai,Verna,2014.0,545000.0,100000,Diesel,Individual,Manual,Second Owner,22.32 kmpl,1582 CC,126.32 bhp,5.0
Volkswagen,Vento,2011.0,370000.0,100000,Diesel,Individual,Manual,Second Owner,20.54 kmpl,1598 CC,103.6 bhp,5.0
Mahindra,Bolero,2010.0,,78000,Diesel,Individual,Manual,First Owner,13.6 kmpl,2523 CC,63 bhp,7.0
Hyundai,i20,2018.0,750000.0,15000,Petrol,Individual,Automatic,First Owner,17.4 kmpl,1197 CC,81.86 bhp,5.0
Mahindra,Scorpio,2015.0,,70000,Diesel,Individual,Manual,First Owner,15.4 kmpl,2179 CC,120 bhp,7.0
Maruti,Baleno,2019.0,711000.0,5000,Petrol,Individual,Manual,First Owner,21.4 kmpl,1197 CC,83.1 bhp,5.0
Maruti,Alto,2016.0,285000.0,75000,Petrol,Individual,Manual,First Owner,23.95 kmpl,998 CC,67.05 bhp,5.0
Maruti,Baleno,2020.0,,5500,Petrol,Individual,Manual,First Owner,21.01 kmpl,1197 CC,81.80 bhp,5.0
Renault,Duster,2016.0,550000.0,80000,Diesel,Individual,Manual,Second Owner,19.64 kmpl,1461 CC,108.45 bhp,5.0
Maruti,Swift,2010.0,300000.0,120000,Diesel,Individual,Manual,Second Owner,19.3 kmpl,1248 CC,73.9 bhp,5.0
Maruti,Baleno,2017.0,625000.0,70000,Diesel,Individual,Manual,First Owner,27.39 kmpl,1248 CC,74 bhp,5.0
Hyundai,i20,2017.0,650000.0,80000,Petrol,Individual,Manual,Second Owner,17.19 kmpl,1197 CC,81.86 bhp,5.0
Hyundai,Verna,2014.0,575000.0,120000,Diesel,Individual,Manual,Third Owner,22.32 kmpl,1582 CC,126.32 bhp,5.0
Maruti,Swift,2016.0,631000.0,75000,Diesel,Individual,Manual,Second Owner,26.59 kmpl,1248 CC,74 bhp,5.0
Tata,Tigor,2017.0,600000.0,40000,Petrol,Individual,Manual,Second Owner,20.3 kmpl,1199 CC,84 bhp,5.0
Ford,Fiesta,2012.0,390000.0,120000,Diesel,Individual,Manual,First Owner,23.5 kmpl,1498 CC,88.7 bhp,5.0
Mahindra,Scorpio,2007.0,375000.0,110000,Diesel,Individual,Manual,Fourth & Above Owner,12.7 kmpl,2609 CC,116.6 bhp,8.0
Hyundai,i20,2010.0,340000.0,110000,Diesel,Individual,Manual,First Owner,23.0 kmpl,1396 CC,90 bhp,5.0
Tata,Tiago,2019.0,670000.0,2000,Diesel,Individual,Manual,First Owner,27.28 kmpl,1047 CC,69 bhp,5.0
Maruti,Swift,2014.0,530000.0,80000,Diesel,Individual,Manual,Second Owner,23.4 kmpl,1248 CC,74 bhp,5.0
Maruti,Alto,2015.0,,38000,Petrol,Individual,Automatic,Second Owner,23.95 kmpl,998 CC,67.05 bhp,5.0
Maruti,Celerio,2014.0,415000.0,46000,Petrol,Dealer,Manual,First Owner,21.63 kmpl,998 CC,67.04 bhp,5.0
Maruti,Ertiga,2014.0,700000.0,102000,Diesel,Dealer,Manual,First Owner,24.2 kmpl,1498 CC,93.87 bhp,7.0
BMW,X1,2012.0,,96000,Diesel,Dealer,Automatic,Second Owner,19.62 kmpl,1998 CC,190 bhp,5.0
Renault,KWID,2017.0,375000.0,20000,Petrol,Dealer,Automatic,First Owner,22.0 kmpl,999 CC,67 bhp,5.0
Maruti,Swift,2015.0,575000.0,16000,Petrol,Dealer,Manual,First Owner,19.1 kmpl,1197 CC,85.8 bhp,5.0
Hyundai,i20,2013.0,,23000,Petrol,Dealer,Manual,First Owner,17.0 kmpl,1197 CC,80 bhp,5.0
Ford,Figo,2011.0,245000.0,25000,Petrol,Dealer,Manual,First Owner,18.16 kmpl,1196 CC,86.8 bhp,5.0
,Verna,2015.0,540000.0,35000,Petrol,Dealer,Manual,Second Owner,17.7 kmpl,1497 CC,113.42 bhp,5.0
Mercedes-Benz,New,2011.0,1000000.0,90000,Diesel,Dealer,Automatic,First Owner,14.94 kmpl,2143 CC,204 bhp,5.0
Hyundai,i10,2013.0,291000.0,37000,Petrol,Dealer,Manual,First Owner,20.36 kmpl,1197 CC,78.9 bhp,5.0
Maruti,Baleno,2017.0,600000.0,34000,Petrol,Dealer,Manual,Second Owner,21.4 kmpl,1197 CC,83.1 bhp,5.0
Hyundai,Verna,2012.0,355000.0,60000,Petrol,Dealer,Manual,First Owner,17.7 kmpl,1497 CC,113.42 bhp,5.0
Hyundai,i10,2010.0,225000.0,50000,Petrol,Dealer,Manual,First Owner,20.36 kmpl,1197 CC,78.9 bhp,5.0
Chevrolet,Enjoy,2013.0,350000.0,37000,Petrol,Dealer,Manual,First Owner,13.7 kmpl,1399 CC,98.79 bhp,7.0
Maruti,Alto,2012.0,200000.0,38000,Petrol,Dealer,Manual,Second Owner,24.7 kmpl,796 CC,47.3 bhp,5.0
Hyundai,Verna,2012.0,434999.0,57000,Petrol,Dealer,Manual,First Owner,17.7 kmpl,1497 CC,113.42 bhp,5.0
Hyundai,i20,2014.0,440000.0,62200,Petrol,Dealer,Manual,First Owner,17.0 kmpl,1197 CC,80 bhp,5.0
Maruti,Ritz,2013.0,390000.0,77000,Diesel,Dealer,Manual,First Owner,21.1 kmpl,1248 CC,73.9 bhp,5.0
Maruti,800,1997.0,50000.0,110000,Petrol,Individual,Manual,Second Owner,16.1 kmpl,796 CC,37 bhp,4.0
Mahindra,Scorpio,2014.0,999000.0,25000,Diesel,Individual,Manual,First Owner,15.4 kmpl,2179 CC,120 bhp,9.0
Tata,Sumo,2005.0,225000.0,188000,Diesel,Individual,Manual,First Owner,12.3 kmpl,1948 CC,90 bhp,7.0
Maruti,Alto,2010.0,85000.0,150000,Petrol,Individual,Manual,Third Owner,19.7 kmpl,796 CC,46.3 bhp,5.0
Hyundai,EON,2012.0,150000.0,40000,Petrol,Individual,Manual,First Owner,21.1 kmpl,814 CC,55.2 bhp,5.0
Renault,Duster,2014.0,500000.0,120000,Diesel,Individual,Manual,First Owner,19.01 kmpl,1461 CC,108.45 bhp,5.0
Hyundai,i10,2011.0,220000.0,70000,Petrol,Individual,Manual,Third Owner,20.36 kmpl,1197 CC,78.9 bhp,5.0
Hyundai,Creta,2017.0,957000.0,60000,Diesel,Individual,Manual,First Owner,21.38 kmpl,1396 CC,88.7 bhp,5.0
Toyota,Innova,2006.0,1050000.0,250000,Diesel,Individual,Manual,First Owner,12.8 kmpl,2494 CC,102 bhp,7.0
Datsun,RediGO,2018.0,320000.0,35000,Petrol,Individual,Manual,First Owner,22.5 kmpl,999 CC,67 bhp,5.0
Maruti,Alto,2016.0,300000.0,15000,Petrol,Individual,Manual,First Owner,23.95 kmpl,998 CC,67.05 bhp,5.0
Maruti,Swift,2010.0,,98000,Diesel,Individual,Manual,First Owner,17.8 kmpl,1248 CC,75 bhp,5.0
Hyundai,Accent,2011.0,170000.0,62000,Petrol,Individual,Manual,Third Owner,16.36 kmpl,1495 CC,93.7 bhp,5.0
Chevrolet,Cruze,2010.0,270000.0,90000,Diesel,Individual,Manual,Second Owner,18.3 kmpl,1991 CC,147.9 bhp,5.0
Chevrolet,Beat,2013.0,140000.0,110000,Petrol,Individual,Manual,Second Owner,18.6 kmpl,1199 CC,79.4 bhp,5.0
Hyundai,i10,2010.0,170000.0,90000,Petrol,Individual,Manual,Third Owner,20.36 kmpl,1197 CC,78.9 bhp,5.0
Mahindra,Marazzo,2019.0,1450000.0,10000,Diesel,Individual,Manual,First Owner,17.3 kmpl,1497 CC,121 bhp,7.0
Mahindra,XUV300,2019.0,1200000.0,25000,Diesel,Individual,Manual,First Owner,20.0 kmpl,1497 CC,115 bhp,5.0
Hyundai,Elite,2019.0,834000.0,13000,Diesel,Individual,Manual,First Owner,22.54 kmpl,1396 CC,88.76 bhp,5.0
Tata,Tiago,2017.0,450000.0,80000,Diesel,Individual,Manual,First Owner,27.28 kmpl,1047 CC,69 bhp,5.0
Volkswagen,Polo,2014.0,575000.0,40000,Diesel,Individual,Manual,Third Owner,20.14 kmpl,1498 CC,88.8 bhp,5.0
Maruti,Swift,2019.0,900000.0,20000,Diesel,Individual,Manual,First Owner,28.4 kmpl,1248 CC,74.02 bhp,5.0
Maruti,800,2008.0,149000.0,87540,LPG,Individual,Manual,Third Owner,16.6 km/kg,796 CC,35.5 bhp,5.0
Chevrolet,Spark,2007.0,100000.0,84000,LPG,Individual,Manual,Third Owner,16.0 km/kg,995 CC,60 bhp,5.0
Skoda,Fabia,2011.0,325000.0,160000,Diesel,Individual,Manual,Third Owner,20.86 kmpl,1199 CC,75 bhp,5.0
Volkswagen,Vento,2012.0,400000.0,100000,Diesel,Individual,Manual,Second Owner,20.54 kmpl,1598 CC,103.6 bhp,5.0
Hyundai,EON,2017.0,250000.0,35000,Petrol,Individual,Manual,Second Owner,20.3 kmpl,998 CC,68.05 bhp,5.0
Chevrolet,Optra,2010.0,225000.0,60000,Petrol,Individual,Manual,Second Owner,12.9 kmpl,1598 CC,102.5 bhp,5.0
Ford,Fiesta,2012.0,300000.0,70000,Diesel,Individual,Manual,First Owner,18.6 kmpl,1388 CC,67 bhp,5.0
,Avventura,2015.0,459999.0,60000,Diesel,Individual,Manual,Second Owner,20.5 kmpl,1248 CC,91.72 bhp,5.0
,EcoSport,2016.0,825000.0,35000,Diesel,Individual,Manual,Second Owner,22.77 kmpl,1498 CC,98.59 bhp,5.0
Tata,Indica,2012.0,150000.0,231438,Diesel,Individual,Manual,Second Owner,18.4 kmpl,1248 CC,75 bhp,5.0
Maruti,Baleno,2016.0,710000.0,71000,Diesel,Individual,Manual,First Owner,27.39 kmpl,1248 CC,74 bhp,5.0
Maruti,Ritz,2016.0,425000.0,70000,Diesel,Individual,Manual,First Owner,23.2 kmpl,1248 CC,73.94 bhp,5.0
Maruti,800,2007.0,45000.0,80000,Petrol,Individual,Manual,First Owner,16.1 kmpl,796 CC,37 bhp,4.0
Mahindra,Bolero,2011.0,380000.0,239451,Diesel,Individual,Manual,Second Owner,13.6 kmpl,2523 CC,63 bhp,7.0
Maruti,Ritz,2009.0,240000.0,90000,Diesel,Individual,Manual,First Owner,21.1 kmpl,1248 CC,73.9 bhp,5.0
Hyundai,Creta,2016.0,1150000.0,154000,Diesel,Individual,Manual,First Owner,19.67 kmpl,1582 CC,126.2 bhp,5.0
Renault,Duster,2013.0,520000.0,109000,Diesel,Individual,Manual,Second Owner,19.64 kmpl,1461 CC,108.45 bhp,5.0
Maruti,Swift,2016.0,675000.0,120000,Diesel,Individual,Manual,Second Owner,26.59 kmpl,1248 CC,74 bhp,5.0
Maruti,Wagon,2012.0,297000.0,100000,CNG,Individual,Manual,Third Owner,26.2 km/kg,998 CC,58.2 bhp,5.0
Tata,New,2009.0,250000.0,110000,Diesel,Individual,Manual,First Owner,11.57 kmpl,2179 CC,138.1 bhp,7.0
Hyundai,Accent,2005.0,200000.0,200000,Diesel,Individual,Manual,Second Owner,13.1 kmpl,1493 CC,82 bhp,5.0
Maruti,Wagon,2016.0,380000.0,39000,Petrol,Individual,Manual,Third Owner,20.51 kmpl,998 CC,67.04 bhp,5.0
Maruti,800,2005.0,40000.0,96000,Petrol,Individual,Manual,Fourth & Above Owner,16.1 kmpl,796 CC,37 bhp,4.0
Volkswagen,Vento,2014.0,575000.0,90000,Diesel,Individual,Manual,First Owner,20.54 kmpl,1598 CC,103.6 bhp,5.0
Maruti,Swift,2010.0,300000.0,135000,Diesel,Individual,Manual,Second Owner,17.8 kmpl,1248 CC,75 bhp,5.0
Tata,Tiago,2018.0,450000.0,90000,Diesel,Individual,Manual,First Owner,27.28 kmpl,1047 CC,69 bhp,5.0
Maruti,800,2003.0,45000.0,90000,Petrol,Individual,Manual,Fourth & Above Owner,16.1 kmpl,796 CC,37 bhp,4.0
Toyota,Innova,2010.0,950000.0,426000,Diesel,Individual,Manual,First Owner,12.8 kmpl,2494 CC,102 bhp,7.0
Maruti,Swift,2017.0,,35000,Diesel,Individual,Manual,First Owner,28.4 kmpl,1248 CC,74.02 bhp,5.0
Hyundai,Xcent,2016.0,509999.0,120000,Diesel,Individual,Manual,First Owner,24.4 kmpl,1120 CC,71 bhp,5.0
Hyundai,i10,2009.0,142000.0,110000,Petrol,Individual,Manual,First Owner,20.36 kmpl,1197 CC,78.9 bhp,5.0
Maruti,A-Star,2009.0,185000.0,50000,Petrol,Individual,Manual,First Owner,19.0 kmpl,998 CC,66.1 bhp,5.0
Fiat,Linea,2012.0,300000.0,77000,Diesel,Individual,Manual,First Owner,20.4 kmpl,1248 CC,91.7 bhp,5.0
Honda,City,2007.0,210000.0,120000,Petrol,Individual,Manual,Second Owner,17.7 kmpl,1497 CC,78 bhp,5.0
Hyundai,Verna,2008.0,260000.0,120000,Petrol,Individual,Manual,Second Owner,13.9 kmpl,1599 CC,103.2 bhp,5.0
Maruti,Swift,2013.0,430000.0,190000,Diesel,Individual,Manual,Second Owner,23.4 kmpl,1248 CC,74 bhp,5.0
Mahindra,Scorpio,2013.0,600000.0,110000,Diesel,Individual,Manual,Second Owner,12.05 kmpl,2179 CC,120 bhp,8.0
Ford,Figo,2010.0,400000.0,30000,Petrol,Individual,Manual,First Owner,15.6 kmpl,1196 CC,70 bhp,5.0
Hyundai,Verna,2012.0,400000.0,182000,Diesel,Individual,Manual,Second Owner,24.8 kmpl,1396 CC,88.7 bhp,5.0
Maruti,Swift,2017.0,669000.0,60000,Diesel,Individual,Manual,First Owner,28.4 kmpl,1248 CC,74.02 bhp,5.0
Hyundai,Xcent,2019.0,509999.0,40000,Petrol,Individual,Manual,First Owner,20.14 kmpl,1197 CC,81.86 bhp,5.0
Hyundai,i20,2016.0,616000.0,112000,Diesel,Individual,Manual,First Owner,22.54 kmpl,1396 CC,88.73 bhp,5.0
Mahindra,Scorpio,2013.0,530000.0,80000,Diesel,Individual,Manual,Second Owner,12.05 kmpl,2179 CC,120 bhp,8.0
Hyundai,Verna,2010.0,190000.0,90000,Diesel,Individual,Manual,Second Owner,16.8 kmpl,1493 CC,110 bhp,5.0
Honda,City,2015.0,700000.0,140000,Diesel,Individual,Manual,Second Owner,25.1 kmpl,1498 CC,98.6 bhp,5.0
Tata,Sumo,2012.0,250000.0,188000,Diesel,Individual,Manual,Second Owner,14.0 kmpl,2179 CC,120 bhp,8.0
Hyundai,i10,2014.0,225000.0,60000,Petrol,Individual,Manual,Second Owner,20.36 kmpl,1197 CC,78.9 bhp,5.0
Hyundai,Grand,2017.0,470000.0,30000,Petrol,Individual,Manual,First Owner,18.9 kmpl,1197 CC,81.86 bhp,5.0
Maruti,Vitara,2019.0,900000.0,40000,Diesel,Individual,Manual,First Owner,24.3 kmpl,1248 CC,88.5 bhp,5.0
Chevrolet,Beat,2013.0,170000.0,70000,Diesel,Individual,Manual,First Owner,25.44 kmpl,936 CC,57.6 bhp,5.0
Tata,Indigo,2013.0,140000.0,100000,Diesel,Individual,Manual,First Owner,19.09 kmpl,1396 CC,69 bhp,5.0
Chevrolet,Spark,2011.0,95000.0,44000,Petrol,Individual,Manual,Second Owner,16.0 kmpl,995 CC,63 bhp,5.0
Maruti,Ritz,2016.0,,110000,Petrol,Individual,Manual,Second Owner,18.5 kmpl,1197 CC,85.80 bhp,5.0
Mahindra,Scorpio,2012.0,470000.0,215000,Diesel,Individual,Manual,First Owner,12.05 kmpl,2179 CC,120 bhp,7.0
Hyundai,EON,2011.0,129000.0,80000,Petrol,Individual,Manual,Second Owner,21.1 kmpl,814 CC,55.2 bhp,5.0
Chevrolet,Beat,2012.0,165000.0,70000,Diesel,Individual,Manual,Second Owner,25.44 kmpl,936 CC,57.6 bhp,5.0
Maruti,Wagon,2012.0,260000.0,31000,Petrol,Individual,Manual,First Owner,18.9 kmpl,998 CC,67.1 bhp,5.0
Maruti,Wagon,2005.0,70000.0,50000,Petrol,Individual,Manual,Third Owner,18.9 kmpl,998 CC,67.1 bhp,5.0
Hyundai,i20,2015.0,515000.0,120000,Petrol,Individual,Manual,Second Owner,18.6 kmpl,1197 CC,81.83 bhp,5.0
Ford,Figo,2012.0,225000.0,60000,Diesel,Individual,Manual,First Owner,20.0 kmpl,1399 CC,68 bhp,5.0
Maruti,Swift,2011.0,270000.0,60000,Diesel,Individual,Manual,Second Owner,19.3 kmpl,1248 CC,73.9 bhp,5.0
Tata,Safari,2011.0,225000.0,110000,Diesel,Individual,Manual,Third Owner,13.93 kmpl,2179 CC,138.03 bhp,7.0
Hyundai,Verna,2012.0,459999.0,70000,Diesel,Individual,Manual,First Owner,22.32 kmpl,1582 CC,126.32 bhp,5.0
Maruti,Alto,2009.0,115999.0,110000,Petrol,Individual,Manual,Second Owner,19.7 kmpl,796 CC,46.3 bhp,5.0
Skoda,Rapid,2013.0,475000.0,77300,Diesel,Dealer,Manual,First Owner,21.14 kmpl,1498 CC,103.52 bhp,5.0
Mercedes-Benz,E-Class,2013.0,1925000.0,91500,Diesel,Dealer,Automatic,First Owner,10.0 kmpl,2148 CC,170 bhp,5.0
Tata,Indica,2011.0,165000.0,75000,Diesel,Dealer,Manual,Second Owner,25.0 kmpl,1396 CC,69 bhp,5.0
Maruti,Swift,2015.0,550000.0,45000,Diesel,Dealer,Manual,First Owner,28.4 kmpl,1248 CC,74 bhp,5.0
Maruti,Vitara,2017.0,,61260,Diesel,Dealer,Manual,First Owner,24.3 kmpl,1248 CC,88.5 bhp,5.0
Ford,EcoSport,2019.0,1050000.0,26000,Diesel,Dealer,Manual,First Owner,23.0 kmpl,1498 CC,98.96 bhp,5.0
Skoda,Kodiaq,2018.0,3251000.0,17601,Diesel,Dealer,Automatic,First Owner,16.25 kmpl,1968 CC,148 bhp,7.0
Hyundai,i20,2017.0,750000.0,43000,Diesel,Dealer,Manual,First Owner,22.54 kmpl,1396 CC,88.73 bhp,
Maruti,Swift,2018.0,730000.0,4773,Petrol,Dealer,Manual,First Owner,22.0 kmpl,1197 CC,81.80 bhp,5.0
Skoda,Rapid,2017.0,860000.0,31000,Diesel,Dealer,Automatic,First Owner,21.66 kmpl,1498 CC,103.52 bhp,5.0
Honda,BRV,2017.0,940000.0,57900,Diesel,Dealer,Manual,First Owner,21.9 kmpl,1498 CC,98.6 bhp,7.0
Mahindra,,2019.0,1075000.0,8600,Diesel,Dealer,Manual,First Owner,17.3 kmpl,1497 CC,121 bhp,7.0
Maruti,SX4,2016.0,775000.0,52000,Diesel,Dealer,Manual,First Owner,23.65 kmpl,1248 CC,88.5 bhp,5.0
Maruti,Swift,2013.0,411000.0,62000,Petrol,Dealer,Manual,First Owner,22.0 kmpl,1197 CC,81.80 bhp,5.0
Toyota,Innova,2012.0,911000.0,155000,Diesel,Dealer,Manual,First Owner,12.8 kmpl,2494 CC,102 bhp,8.0
Volkswagen,Polo,2016.0,540000.0,66000,Diesel,Dealer,Manual,First Owner,20.14 kmpl,1498 CC,88.8 bhp,5.0
Skoda,Rapid,2016.0,660000.0,78010,Diesel,Dealer,Automatic,First Owner,21.66 kmpl,1498 CC,103.52 bhp,5.0
Maruti,Ertiga,2018.0,875000.0,83844,Diesel,Dealer,Manual,First Owner,24.52 kmpl,1248 CC,88.5 bhp,7.0
Maruti,Celerio,2015.0,411000.0,23999,Petrol,Dealer,Automatic,First Owner,23.1 kmpl,998 CC,67.04 bhp,5.0
Maruti,Baleno,2016.0,635000.0,52000,Diesel,Dealer,Manual,First Owner,27.39 kmpl,1248 CC,74 bhp,5.0
Maruti,Swift,2012.0,350000.0,145000,Diesel,Individual,Manual,Third Owner,22.9 kmpl,1248 CC,74 bhp,5.0
Mahindra,TUV,,800000.0,70000,Diesel,Individual,Manual,Second Owner,18.49 kmpl,1493 CC,100 bhp,7.0
Maruti,Omni,2015.0,180000.0,25000,Petrol,Individual,Manual,Second Owner,16.8 kmpl,796 CC,34.2 bhp,5.0
Honda,Mobilio,2014.0,490000.0,120000,Diesel,Individual,Manual,First Owner,24.2 kmpl,1498 CC,98.6 bhp,7.0
Maruti,Zen,2010.0,180000.0,55000,Petrol,Individual,Manual,First Owner,19.0 kmpl,998 CC,67.1 bhp,5.0
Nissan,Micra,2013.0,310000.0,91400,Petrol,Individual,Automatic,Second Owner,19.34 kmpl,1198 CC,76 bhp,5.0
Hyundai,Accent,2012.0,275000.0,48000,CNG,Individual,Manual,First Owner,13.2 km/kg,1495 CC,93.7 bhp,5.0
Chevrolet,,2014.0,450000.0,80000,Diesel,Individual,Manual,Second Owner,18.2 kmpl,1248 CC,73.8 bhp,7.0
Mahindra,KUV,2017.0,,50000,Diesel,Individual,Manual,First Owner,25.32 kmpl,1198 CC,77 bhp,6.0
Hyundai,Verna,2010.0,245000.0,185000,Diesel,Individual,Automatic,Fourth & Above Owner,16.2 kmpl,1493 CC,110 bhp,5.0
Volkswagen,Vento,2011.0,275000.0,125000,Diesel,Individual,Manual,Fourth & Above Owner,20.54 kmpl,1598 CC,103.6 bhp,5.0
Honda,City,2006.0,200000.0,178500,Petrol,Individual,Manual,Third Owner,17.7 kmpl,1497 CC,78 bhp,5.0
Mahindra,XUV500,2017.0,1500000.0,66953,Diesel,Individual,Manual,First Owner,16.0 kmpl,2179 CC,140 bhp,7.0
Nissan,Micra,2012.0,,166000,Diesel,Individual,Manual,Second Owner,23.08 kmpl,1461 CC,63.1 bhp,5.0
Volkswagen,Vento,2011.0,280000.0,131000,Diesel,Individual,Manual,Fourth & Above Owner,20.54 kmpl,1598 CC,103.6 bhp,5.0
Maruti,Wagon,2009.0,125000.0,50000,Petrol,Individual,Manual,Second Owner,18.9 kmpl,1061 CC,67 bhp,5.0
Maruti,Swift,2015.0,600000.0,25000,Diesel,Individual,Manual,First Owner,25.2 kmpl,1248 CC,74 bhp,5.0
Honda,Jazz,2018.0,600000.0,20000,Petrol,Individual,Manual,First Owner,18.2 kmpl,1199 CC,88.7 bhp,5.0
Honda,Brio,2016.0,411000.0,60000,Petrol,Individual,Manual,Second Owner,18.5 kmpl,1198 CC,86.8 bhp,5.0
Maruti,Eeco,2010.0,150000.0,170000,Petrol,Individual,Manual,Third Owner,15.37 kmpl,1196 CC,73 bhp,5.0
Maruti,Ciaz,2015.0,630000.0,70000,Diesel,Individual,Manual,First Owner,26.21 kmpl,1248 CC,88.5 bhp,5.0
Audi,A4,2013.0,1200000.0,110000,Diesel,Individual,Automatic,First Owner,17.11 kmpl,1968 CC,174.33 bhp,5.0
Maruti,Swift,2019.0,700000.0,45000,Petrol,Individual,Automatic,First Owner,22.0 kmpl,1197 CC,81.80 bhp,5.0
Mahindra,Xylo,2010.0,250000.0,60000,Diesel,Individual,Manual,Second Owner,14.0 kmpl,2498 CC,112 bhp,7.0
Chevrolet,Enjoy,2016.0,535000.0,32000,Diesel,Individual,Manual,First Owner,18.2 kmpl,1248 CC,73.74 bhp,8.0
Mahindra,TUV,2016.0,600000.0,60000,Diesel,Individual,Manual,First Owner,18.49 kmpl,1493 CC,100 bhp,7.0
Hyundai,Accent,2003.0,145000.0,120000,Diesel,Individual,Manual,Fourth & Above Owner,13.1 kmpl,1493 CC,82 bhp,5.0
Ford,Figo,2015.0,,143000,Diesel,Individual,Manual,First Owner,25.83 kmpl,1498 CC,99 bhp,5.0
Maruti,Swift,2015.0,600000.0,100000,Diesel,Individual,Manual,First Owner,26.59 kmpl,1248 CC,74 bhp,5.0
Maruti,Celerio,2018.0,459999.0,50000,Petrol,Individual,Manual,First Owner,21.63 kmpl,998 CC,67 bhp,5.0
Hyundai,i20,2018.0,800000.0,30000,Diesel,Individual,Manual,First Owner,22.54 kmpl,1396 CC,88.73 bhp,5.0
Maruti,Eeco,2017.0,370000.0,25000,CNG,Individual,Manual,First Owner,21.94 km/kg,1196 CC,61.7 bhp,5.0
Toyota,Innova,2012.0,800000.0,102000,Diesel,Individual,Manual,Second Owner,12.8 kmpl,2494 CC,102 bhp,8.0
Renault,Pulse,2013.0,290000.0,90000,Diesel,Individual,Manual,First Owner,23.08 kmpl,1461 CC,63.12 bhp,5.0
Maruti,Swift,2018.0,671000.0,62000,Diesel,Individual,Manual,First Owner,28.4 kmpl,1248 CC,74 bhp,5.0
Tata,Indigo,2012.0,140000.0,80000,Diesel,Individual,Manual,Fourth & Above Owner,19.09 kmpl,1396 CC,69 bhp,5.0
Maruti,Alto,2011.0,141000.0,15000,Petrol,Individual,Manual,Third Owner,19.7 kmpl,796 CC,46.3 bhp,5.0
Maruti,Alto,2009.0,125000.0,70000,Petrol,Individual,Manual,Second Owner,19.7 kmpl,796 CC,46.3 bhp,5.0
Tata,Indica,2013.0,150000.0,90000,Diesel,Individual,Manual,Second Owner,19.4 kmpl,1405 CC,70 bhp,5.0
Maruti,Wagon,2007.0,125000.0,100000,Petrol,Individual,Manual,Third Owner,18.9 kmpl,1061 CC,67 bhp,5.0
,Grand,2018.0,600000.0,25000,Petrol,Individual,Manual,Second Owner,18.9 kmpl,1197 CC,81.86 bhp,5.0
Hyundai,i20,2017.0,700000.0,40000,Diesel,Individual,Manual,First Owner,22.54 kmpl,1396 CC,88.73 bhp,5.0
Hyundai,i20,2017.0,700000.0,70000,Diesel,Individual,Manual,First Owner,22.54 kmpl,1396 CC,88.73 bhp,5.0
Maruti,Swift,2017.0,740000.0,40000,Diesel,Individual,Manual,First Owner,28.4 kmpl,1248 CC,74.02 bhp,5.0
Tata,Indica,2011.0,140000.0,200000,Diesel,Individual,Manual,Second Owner,17.0 kmpl,1405 CC,71 bhp,5.0
Hyundai,Verna,2018.0,1150000.0,35000,Diesel,Individual,Manual,First Owner,22.0 kmpl,1582 CC,126.2 bhp,5.0
Skoda,Octavia,2007.0,300000.0,155000,Diesel,Individual,Manual,First Owner,18.7 kmpl,1896 CC,66 bhp,5.0
Toyota,Etios,2011.0,300000.0,110000,Petrol,Individual,Manual,First Owner,17.6 kmpl,1496 CC,88.73 bhp,5.0
Renault,Scala,2015.0,530000.0,110000,Diesel,Individual,Manual,First Owner,21.64 kmpl,1461 CC,84.8 bhp,5.0
Hyundai,Grand,2017.0,530000.0,80000,Diesel,Individual,Manual,Second Owner,24.0 kmpl,1186 CC,73.97 bhp,5.0
Hyundai,Santro,2011.0,210000.0,50000,Petrol,Individual,Manual,Second Owner,17.92 kmpl,1086 CC,62.1 bhp,5.0
Maruti,Alto,2007.0,130000.0,90000,Petrol,Individual,Manual,Second Owner,19.7 kmpl,796 CC,46.3 bhp,5.0
Maruti,Wagon,2008.0,148000.0,80000,LPG,Individual,Manual,Second Owner,17.3 km/kg,1061 CC,57.5 bhp,5.0
Volkswagen,Passat,2008.0,585000.0,120000,Diesel,Individual,Automatic,First Owner,14.3 kmpl,1968 CC,140 bhp,5.0
Hyundai,i20,2011.0,270000.0,105000,Diesel,Individual,Manual,Second Owner,21.9 kmpl,1396 CC,90 bhp,5.0
Hyundai,i10,2013.0,375000.0,40000,Petrol,Individual,Manual,First Owner,20.36 kmpl,1197 CC,78.9 bhp,5.0
Mahindra,XUV500,2014.0,725000.0,141000,Diesel,Individual,Manual,Second Owner,15.1 kmpl,2179 CC,140 bhp,7.0
Hyundai,Verna,2007.0,180000.0,150000,Diesel,Individual,Manual,Second Owner,18.1 kmpl,1493 CC,110 bhp,5.0
Maruti,Ritz,2014.0,425000.0,80000,Diesel,Individual,Manual,Second Owner,23.2 kmpl,1248 CC,73.94 bhp,5.0
Ford,EcoSport,2018.0,900000.0,25000,Diesel,Individual,Manual,First Owner,23.0 kmpl,1498 CC,98.96 bhp,5.0
Tata,Sumo,2017.0,570000.0,51000,Diesel,Individual,Manual,First Owner,14.07 kmpl,2956 CC,69.01 bhp,7.0
Tata,Indica,2017.0,290000.0,40000,Diesel,Individual,Manual,First Owner,25.0 kmpl,1396 CC,69 bhp,5.0
Ford,Figo,2011.0,229999.0,40000,Diesel,Individual,Manual,Second Owner,20.0 kmpl,1399 CC,68 bhp,5.0
Ford,Figo,2012.0,300000.0,70000,Diesel,Individual,Manual,First Owner,20.0 kmpl,1399 CC,68 bhp,5.0
Maruti,Ritz,2010.0,220000.0,110000,Diesel,Individual,Manual,Third Owner,21.1 kmpl,1248 CC,73.9 bhp,5.0
Chevrolet,Cruze,2011.0,409999.0,80000,Diesel,Individual,Manual,Second Owner,18.3 kmpl,1991 CC,147.9 bhp,5.0
Chevrolet,Enjoy,2013.0,355000.0,136000,Diesel,Individual,Manual,Second Owner,18.2 kmpl,1248 CC,73.8 bhp,7.0
Renault,Duster,2013.0,695000.0,120000,Diesel,Individual,Manual,First Owner,19.01 kmpl,1461 CC,108.45 bhp,5.0
Maruti,Swift,2010.0,320000.0,120000,Diesel,Individual,Manual,Second Owner,19.3 kmpl,1248 CC,73.9 bhp,5.0
Mahindra,TUV,2017.0,710000.0,120000,Diesel,Individual,Manual,First Owner,18.49 kmpl,1493 CC,100 bhp,7.0
Tata,Indica,2004.0,85000.0,120000,Diesel,Individual,Manual,Second Owner,16.8 kmpl,1405 CC,62 bhp,5.0
Chevrolet,Tavera,2010.0,409999.0,210000,Diesel,Individual,Manual,Fourth & Above Owner,12.2 kmpl,1994 CC,105.3 bhp,9.0
Volkswagen,Polo,2015.0,550000.0,90000,Diesel,Individual,Manual,First Owner,20.14 kmpl,1498 CC,88.8 bhp,5.0
Maruti,Swift,2007.0,215000.0,100750,Petrol,Individual,Manual,Second Owner,16.1 kmpl,1298 CC,88.2 bhp,5.0
Hyundai,Accent,2006.0,110000.0,140000,Petrol,Individual,Manual,Second Owner,14.4 kmpl,1599 CC,94 bhp,5.0
Honda,City,2007.0,170000.0,110000,Petrol,Individual,Manual,Third Owner,17.7 kmpl,1497 CC,78 bhp,5.0
Tata,Nexon,2018.0,850000.0,40000,Petrol,Individual,Manual,Second Owner,17.0 kmpl,1198 CC,108.5 bhp,5.0
Hyundai,i20,2010.0,,148000,Diesel,Individual,Manual,Second Owner,23.0 kmpl,1396 CC,90 bhp,5.0
Tata,Indica,2015.0,250000.0,155000,Diesel,Individual,Manual,Second Owner,22.3 kmpl,1248 CC,74 bhp,5.0
Ford,Figo,2015.0,433000.0,70000,Diesel,Individual,Manual,First Owner,25.83 kmpl,1498 CC,99 bhp,5.0
Toyota,Fortuner,2010.0,1200000.0,100000,Diesel,Individual,Manual,First Owner,11.5 kmpl,2982 CC,171 bhp,7.0
Hyundai,EON,2015.0,300000.0,45000,Petrol,Individual,Manual,First Owner,21.1 kmpl,814 CC,55.2 bhp,5.0
Maruti,Zen,1998.0,70000.0,40000,Petrol,Individual,Manual,Second Owner,17.3 kmpl,993 CC,60 bhp,5.0
Mahindra,,2017.0,760000.0,90000,Diesel,Individual,Manual,Second Owner,15.96 kmpl,2523 CC,62.1 bhp,7.0
Hyundai,EON,2014.0,250000.0,20000,Petrol,Individual,Manual,First Owner,21.1 kmpl,814 CC,55.2 bhp,5.0
Hyundai,Santro,2013.0,187000.0,120000,Petrol,Individual,Manual,Second Owner,17.92 kmpl,1086 CC,62.1 bhp,5.0
Maruti,Swift,2013.0,,90000,Diesel,Individual,Manual,Second Owner,22.9 kmpl,1248 CC,74 bhp,5.0
Maruti,Swift,2016.0,488000.0,80000,Petrol,Individual,Manual,Second Owner,20.85 kmpl,1197 CC,83.14 bhp,5.0
Maruti,SX4,2008.0,111000.0,110000,Petrol,Individual,Manual,Third Owner,15.6 kmpl,1586 CC,104.68 bhp,5.0
Maruti,Ciaz,2015.0,600000.0,70000,Diesel,Individual,Manual,First Owner,26.21 kmpl,1248 CC,88.5 bhp,5.0
Maruti,Swift,2020.0,570000.0,5000,Petrol,Individual,Manual,First Owner,21.21 kmpl,1197 CC,81.80 bhp,5.0
Hyundai,Santro,2007.0,110000.0,75000,Petrol,Individual,Manual,Second Owner,17.8 kmpl,1086 CC,63 bhp,5.0
Maruti,Swift,2014.0,434999.0,50000,Petrol,Individual,Manual,First Owner,18.6 kmpl,1197 CC,85.8 bhp,5.0
Hyundai,EON,2014.0,229999.0,70000,Petrol,Individual,Manual,First Owner,21.1 kmpl,814 CC,55.2 bhp,5.0
Nissan,Terrano,2014.0,490000.0,90000,Diesel,Individual,Manual,Second Owner,20.45 kmpl,1461 CC,83.8 bhp,5.0
Maruti,Swift,2011.0,300000.0,100000,Petrol,Individual,Manual,Second Owner,17.5 kmpl,1298 CC,85.8 bhp,5.0
Chevrolet,Beat,2017.0,350000.0,90000,Petrol,Individual,Manual,First Owner,17.8 kmpl,1199 CC,76.8 bhp,5.0
Mahindra,XUV500,2013.0,750000.0,110000,Diesel,Individual,Manual,Second Owner,15.1 kmpl,2179 CC,140 bhp,7.0
Maruti,Ertiga,2014.0,620000.0,130000,Diesel,Individual,Manual,First Owner,20.77 kmpl,1248 CC,88.8 bhp,7.0
Maruti,Swift,2013.0,400000.0,188000,Diesel,Individual,Manual,Second Owner,22.9 kmpl,1248 CC,74 bhp,5.0
Tata,Indica,2008.0,67000.0,80000,Diesel,Individual,Manual,Second Owner,17.2 kmpl,1396 CC,53.5 bhp,5.0
Ford,Figo,2015.0,480000.0,80000,Diesel,Individual,Manual,First Owner,25.83 kmpl,1498 CC,99 bhp,5.0
Maruti,Omni,2008.0,110000.0,48676,Petrol,Individual,Manual,First Owner,19.7 kmpl,796 CC,35 bhp,8.0
Datsun,GO,2018.0,475000.0,40000,Petrol,Individual,Manual,First Owner,20.62 kmpl,1198 CC,67 bhp,7.0
Maruti,Alto,2018.0,300000.0,15000,Petrol,Individual,Manual,Second Owner,24.7 kmpl,796 CC,47.3 bhp,5.0
Maruti,Alto,2007.0,100000.0,70000,Petrol,Individual,Manual,First Owner,19.7 kmpl,796 CC,46.3 bhp,5.0
Tata,Indica,2011.0,70000.0,80000,Diesel,Individual,Manual,Second Owner,17.0 kmpl,1405 CC,71 bhp,5.0
Ford,EcoSport,2017.0,900000.0,60000,Diesel,Individual,Manual,First Owner,22.77 kmpl,1498 CC,98.59 bhp,5.0
Toyota,Etios,2017.0,,120000,Diesel,Individual,Manual,Second Owner,23.59 kmpl,1364 CC,67.04 bhp,5.0
Maruti,Zen,2000.0,50000.0,180000,Petrol,Individual,Manual,Fourth & Above Owner,17.3 kmpl,993 CC,60 bhp,5.0
Hyundai,Grand,2016.0,550000.0,70000,Petrol,Individual,Manual,First Owner,18.9 kmpl,1197 CC,82 bhp,5.0
Renault,Duster,2013.0,475000.0,250000,Diesel,Individual,Manual,First Owner,20.46 kmpl,1461 CC,83.8 bhp,5.0
Hyundai,Santro,2019.0,425000.0,15000,Petrol,Individual,Manual,First Owner,20.3 kmpl,1086 CC,68 bhp,5.0
Maruti,Ciaz,2017.0,900000.0,65000,Diesel,Individual,Manual,First Owner,28.09 kmpl,1248 CC,88.5 bhp,5.0
Hyundai,i20,2015.0,516000.0,90000,Petrol,Individual,Manual,First Owner,18.6 kmpl,1197 CC,81.83 bhp,5.0
Tata,Indica,2011.0,150000.0,70000,Petrol,Individual,Manual,Second Owner,16.5 kmpl,1172 CC,65 bhp,5.0
Maruti,Wagon,2016.0,400000.0,30000,Petrol,Individual,Manual,First Owner,20.51 kmpl,998 CC,67.04 bhp,5.0
Mahindra,Scorpio,2016.0,800000.0,79500,Diesel,Individual,Manual,First Owner,15.4 kmpl,2179 CC,120 bhp,7.0
Hyundai,Santro,2007.0,165000.0,90000,Petrol,Individual,Manual,Third Owner,17.8 kmpl,1086 CC,63 bhp,5.0
Nissan,Terrano,2015.0,1000000.0,110000,Diesel,Individual,Manual,First Owner,20.45 kmpl,1461 CC,83.8 bhp,5.0
Maruti,Swift,2015.0,440000.0,110000,Diesel,Individual,Manual,First Owner,26.59 kmpl,1248 CC,74 bhp,5.0
Hyundai,Verna,2011.0,390000.0,153000,Diesel,Individual,Manual,First Owner,22.32 kmpl,1582 CC,126.32 bhp,5.0
Ford,Fiesta,2008.0,136000.0,200185,Petrol,Individual,Manual,First Owner,16.6 kmpl,1388 CC,68 bhp,5.0
Maruti,Swift,2013.0,475000.0,149000,Diesel,Individual,Manual,First Owner,23.4 kmpl,1248 CC,74 bhp,5.0
Ford,Figo,2016.0,515000.0,100000,Diesel,Individual,Manual,First Owner,25.83 kmpl,1498 CC,99 bhp,5.0
Tata,Venture,2012.0,175000.0,90000,Diesel,Individual,Manual,Second Owner,15.42 kmpl,1405 CC,70 bhp,7.0
Maruti,SX4,2012.0,380000.0,80000,Diesel,Individual,Manual,Fourth & Above Owner,21.5 kmpl,1248 CC,88.8 bhp,5.0
Maruti,Ignis,2018.0,535000.0,12000,Petrol,Individual,Manual,First Owner,20.89 kmpl,1197 CC,81.80 bhp,5.0
Hyundai,i10,2011.0,215000.0,40000,Petrol,Individual,Manual,Second Owner,20.36 kmpl,1197 CC,78.9 bhp,5.0
Maruti,Zen,1997.0,70000.0,100000,Petrol,Individual,Manual,Second Owner,17.3 kmpl,993 CC,60 bhp,5.0
Hyundai,Grand,2017.0,445000.0,27000,Petrol,Individual,Manual,First Owner,18.9 kmpl,1197 CC,81.86 bhp,5.0
Maruti,Wagon,2015.0,335000.0,120000,Petrol,Individual,Manual,First Owner,20.51 kmpl,998 CC,67.04 bhp,5.0
Maruti,Eeco,2014.0,300000.0,49025,Petrol,Individual,Manual,First Owner,15.37 kmpl,1196 CC,73 bhp,5.0
Tata,,2015.0,,15000,Petrol,Individual,Manual,First Owner,25.4 kmpl,624 CC,37.5 bhp,4.0
Maruti,Alto,2014.0,240000.0,90000,Petrol,Individual,Manual,Second Owner,23.95 kmpl,998 CC,67.05 bhp,5.0
Tata,Tiago,2016.0,300000.0,90000,Petrol,Individual,Manual,First Owner,23.84 kmpl,1199 CC,84 bhp,5.0
BMW,7,2010.0,2000000.0,90000,Diesel,Individual,Automatic,Second Owner,14.49 kmpl,2993 CC,258 bhp,5.0
Tata,Indica,2007.0,50000.0,80000,Diesel,Individual,Manual,Third Owner,17.2 kmpl,1396 CC,53.5 bhp,5.0
Chevrolet,Tavera,2009.0,295000.0,195000,Diesel,Individual,Manual,Second Owner,14.8 kmpl,2499 CC,80 bhp,10.0
Mahindra,Scorpio,2006.0,310000.0,90000,Diesel,Individual,Manual,Third Owner,10.5 kmpl,2179 CC,120 bhp,8.0
Maruti,800,1997.0,29999.0,80000,Petrol,Individual,Manual,Third Owner,16.1 kmpl,796 CC,37 bhp,4.0
Maruti,Vitara,2016.0,640000.0,70000,Diesel,Individual,Manual,First Owner,24.3 kmpl,1248 CC,88.5 bhp,5.0
Maruti,,2012.0,350000.0,35000,Petrol,Individual,Manual,First Owner,17.5 kmpl,1197 CC,85.8 bhp,5.0
Maruti,Swift,2013.0,385000.0,120000,Petrol,Individual,Manual,First Owner,19.1 kmpl,1197 CC,85.8 bhp,5.0
Maruti,Swift,2013.0,409999.0,100000,Diesel,Individual,Manual,Second Owner,23.4 kmpl,1248 CC,74 bhp,5.0
Mahindra,XUV500,2016.0,1300000.0,40000,Diesel,Individual,Automatic,First Owner,16.0 kmpl,2179 CC,140 bhp,7.0
Ford,Fiesta,2009.0,210000.0,60000,Petrol,Individual,Manual,Third Owner,15.3 kmpl,1596 CC,101 bhp,5.0
Mahindra,Scorpio,2007.0,300000.0,110000,Diesel,Individual,Manual,First Owner,10.5 kmpl,2179 CC,120 bhp,7.0
Mahindra,Scorpio,2008.0,450000.0,112000,Diesel,Individual,Manual,First Owner,10.5 kmpl,2609 CC,120 bhp,9.0
Ford,Figo,2011.0,170000.0,70000,Diesel,Individual,Manual,Second Owner,20.0 kmpl,1399 CC,68 bhp,5.0
Honda,City,2014.0,650000.0,140000,Diesel,Individual,Manual,First Owner,25.1 kmpl,1498 CC,98.6 bhp,5.0
Maruti,Esteem,1997.0,,94000,Petrol,Individual,Automatic,Fourth & Above Owner,15.9 kmpl,1298 CC,85 bhp,5.0
Maruti,Alto,2012.0,145000.0,70000,Petrol,Individual,Manual,First Owner,19.7 kmpl,796 CC,46.3 bhp,5.0
Volkswagen,Polo,2018.0,681000.0,27000,Diesel,Individual,Manual,First Owner,20.14 kmpl,1498 CC,88 bhp,5.0
,City,2015.0,635000.0,173000,Diesel,Individual,Manual,First Owner,25.1 kmpl,1498 CC,98.6 bhp,5.0
Maruti,Alto,2010.0,140000.0,80000,Petrol,Individual,Manual,Second Owner,19.7 kmpl,796 CC,46.3 bhp,5.0
Honda,City,2016.0,750000.0,86000,Diesel,Individual,Manual,Third Owner,26.0 kmpl,1498 CC,98.6 bhp,5.0
Honda,City,2015.0,611000.0,80000,Diesel,Individual,Manual,Second Owner,26.0 kmpl,1498 CC,98.6 bhp,5.0
Maruti,Alto,2007.0,110000.0,120000,Petrol,Individual,Manual,Third Owner,19.7 kmpl,796 CC,46.3 bhp,5.0
Maruti,Wagon,2006.0,100000.0,100000,Petrol,Individual,Automatic,Second Owner,16.0 kmpl,1061 CC,64 bhp,5.0
Tata,Indica,2014.0,225000.0,120000,Diesel,Individual,Manual,First Owner,22.3 kmpl,1248 CC,74 bhp,5.0
Hyundai,Verna,2010.0,250000.0,190000,Diesel,Individual,Manual,Third Owner,16.2 kmpl,1493 CC,110 bhp,5.0
Mahindra,Scorpio,2011.0,385000.0,120000,Diesel,Individual,Manual,Second Owner,14.0 kmpl,2523 CC,75 bhp,8.0
Maruti,Alto,2012.0,135000.0,70000,Petrol,Individual,Manual,First Owner,19.7 kmpl,796 CC,46.3 bhp,5.0
Maruti,Alto,2006.0,65000.0,100000,Petrol,Individual,Manual,Second Owner,19.7 kmpl,796 CC,46.3 bhp,5.0
Maruti,Alto,2016.0,260000.0,120000,Petrol,Individual,Manual,First Owner,23.95 kmpl,998 CC,67.05 bhp,5.0
Maruti,Swift,2014.0,465000.0,120000,Diesel,Individual,Manual,Second Owner,23.4 kmpl,1248 CC,74 bhp,5.0
Mahindra,KUV,2017.0,430000.0,20000,Petrol,Individual,Manual,Second Owner,18.15 kmpl,1198 CC,82 bhp,6.0
Hyundai,i20,2009.0,200000.0,81000,Petrol,Individual,Manual,Fourth & Above Owner,17.0 kmpl,1197 CC,80 bhp,5.0
Chevrolet,Beat,2011.0,125000.0,90000,Petrol,Individual,Manual,Second Owner,18.6 kmpl,1199 CC,79.4 bhp,5.0
Maruti,800,2001.0,45000.0,60000,Petrol,Individual,Manual,Second Owner,16.1 kmpl,796 CC,37 bhp,4.0
Chevrolet,Beat,2012.0,124000.0,40000,Petrol,Individual,Manual,Second Owner,18.6 kmpl,1199 CC,79.4 bhp,5.0
Tata,Indica,2007.0,80000.0,80000,Petrol,Individual,Manual,Third Owner,15.3 kmpl,1193 CC,65.3 bhp,5.0
Maruti,Ertiga,2014.0,545000.0,35000,CNG,Individual,Manual,First Owner,22.8 km/kg,1373 CC,80.9 bhp,7.0
Maruti,Ertiga,,1050000.0,20000,Diesel,Individual,Manual,First Owner,25.47 kmpl,1248 CC,88.50 bhp,7.0
Chevrolet,Sail,2015.0,200000.0,50000,Petrol,Individual,Manual,First Owner,18.2 kmpl,1199 CC,82.4 bhp,5.0
Mahindra,XUV500,2015.0,1100000.0,77000,Diesel,Individual,Automatic,Second Owner,16.0 kmpl,2179 CC,140 bhp,7.0
Mahindra,XUV500,2014.0,750000.0,50000,Diesel,Individual,Manual,First Owner,15.1 kmpl,2179 CC,140 bhp,7.0
Tata,Tiago,2016.0,425000.0,13500,Petrol,Individual,Manual,First Owner,23.84 kmpl,1199 CC,84 bhp,5.0
Maruti,Alto,2016.0,300000.0,38000,Petrol,Individual,Manual,First Owner,24.7 kmpl,796 CC,47.3 bhp,5.0
Maruti,Ertiga,2019.0,1200000.0,14000,Diesel,Individual,Manual,First Owner,25.47 kmpl,1248 CC,88.50 bhp,7.0
Honda,Civic,2009.0,240000.0,70000,Petrol,Individual,Manual,First Owner,13.5 kmpl,1799 CC,130 bhp,5.0
Mahindra,KUV,2016.0,450000.0,55000,Diesel,Individual,Manual,Second Owner,25.32 kmpl,1198 CC,77 bhp,6.0
Maruti,Wagon,2006.0,80000.0,150000,Petrol,Individual,Manual,Fourth & Above Owner,18.9 kmpl,998 CC,67.1 bhp,5.0
Mahindra,Bolero,2013.0,500000.0,160000,Diesel,Individual,Manual,First Owner,15.96 kmpl,2523 CC,62.1 bhp,7.0
Chevrolet,Sail,2013.0,295000.0,50000,Diesel,Individual,Manual,First Owner,22.1 kmpl,1248 CC,76.9 bhp,5.0
Tata,Indigo,2008.0,100000.0,120000,Diesel,Individual,Manual,Third Owner,19.09 kmpl,1396 CC,69 bhp,5.0
Hyundai,Verna,2013.0,700000.0,76460,Diesel,Individual,Manual,First Owner,22.32 kmpl,1582 CC,126.32 bhp,5.0
Ford,Figo,2011.0,180000.0,125000,Diesel,Individual,Manual,Second Owner,20.0 kmpl,1399 CC,68 bhp,5.0
Mahindra,Verito,2012.0,225000.0,110000,Diesel,Individual,Manual,Second Owner,20.8 kmpl,1461 CC,65 bhp,5.0
Hyundai,EON,2017.0,310000.0,25000,Petrol,Individual,Manual,First Owner,21.1 kmpl,814 CC,55.2 bhp,5.0
Honda,City,2015.0,625000.0,30000,Diesel,Individual,Manual,First Owner,26.0 kmpl,1498 CC,98.6 bhp,5.0
Hyundai,i10,2013.0,275000.0,70000,LPG,Individual,Manual,Second Owner,19.2 km/kg,1086 CC,68.05 bhp,5.0
Hyundai,i10,2013.0,245000.0,110000,Petrol,Individual,Manual,Second Owner,19.81 kmpl,1086 CC,68.05 bhp,5.0
Maruti,Zen,2010.0,160000.0,200000,Petrol,Individual,Manual,First Owner,19.0 kmpl,998 CC,67.1 bhp,5.0
Hyundai,EON,2014.0,250000.0,80000,Petrol,Individual,Manual,First Owner,21.1 kmpl,814 CC,55.2 bhp,5.0
Honda,Amaze,2014.0,450000.0,76000,Diesel,Individual,Manual,First Owner,25.8 kmpl,1498 CC,98.6 bhp,5.0
Tata,Indica,2007.0,85000.0,150000,Diesel,Individual,Manual,Second Owner,17.2 kmpl,1396 CC,53.5 bhp,5.0
Toyota,Innova,2018.0,1938000.0,35000,Diesel,Individual,Manual,First Owner,13.68 kmpl,2393 CC,147.8 bhp,7.0
Hyundai,i20,2016.0,550000.0,40000,Petrol,Individual,Manual,First Owner,18.6 kmpl,1197 CC,81.83 bhp,5.0
Ford,EcoSport,2015.0,551000.0,110000,Diesel,Individual,Manual,First Owner,22.77 kmpl,1498 CC,98.59 bhp,5.0
Hyundai,Xcent,2019.0,500000.0,60000,Petrol,Individual,Manual,First Owner,20.14 kmpl,1197 CC,81.86 bhp,5.0
Honda,Amaze,2018.0,585000.0,15000,Petrol,Individual,Manual,First Owner,17.8 kmpl,1198 CC,86.7 bhp,5.0
Hyundai,Accent,2013.0,172000.0,120000,Petrol,Individual,Manual,First Owner,16.36 kmpl,1495 CC,93.7 bhp,5.0
Hyundai,Verna,2012.0,360000.0,100000,Diesel,Individual,Manual,Second Owner,22.32 kmpl,1582 CC,126.32 bhp,5.0
Tata,Tiago,2017.0,350000.0,24000,Diesel,Individual,Manual,Second Owner,27.28 kmpl,1047 CC,69 bhp,5.0
Ford,EcoSport,2018.0,700000.0,53000,Diesel,Individual,Manual,First Owner,23.0 kmpl,1498 CC,98.96 bhp,5.0
Maruti,Alto,2011.0,148000.0,40000,Petrol,Individual,Manual,Third Owner,19.7 kmpl,796 CC,46.3 bhp,5.0
Maruti,Eeco,2016.0,330000.0,47370,CNG,Individual,Manual,First Owner,21.94 km/kg,1196 CC,63 bhp,5.0
Skoda,Octavia,2007.0,110000.0,120000,Diesel,Individual,Manual,Second Owner,18.7 kmpl,1896 CC,66 bhp,5.0
Maruti,Swift,2015.0,450000.0,100000,Diesel,Individual,Manual,First Owner,25.2 kmpl,1248 CC,73.94 bhp,5.0
Chevrolet,Captiva,2009.0,260000.0,80000,Diesel,Individual,Manual,Second Owner,11.5 kmpl,1991 CC,147.9 bhp,7.0
Hyundai,i10,2011.0,200000.0,91000,Petrol,Individual,Manual,Second Owner,20.36 kmpl,1197 CC,78.9 bhp,5.0
Maruti,Alto,2019.0,430000.0,20000,CNG,Individual,Manual,First Owner,32.26 km/kg,998 CC,58.3 bhp,4.0
Mahindra,Scorpio,2013.0,550000.0,80000,Diesel,Individual,Manual,Second Owner,12.05 kmpl,2179 CC,120 bhp,8.0
Maruti,Ritz,2013.0,245000.0,80000,Diesel,Individual,Manual,First Owner,23.2 kmpl,1248 CC,73.94 bhp,5.0
Maruti,Eeco,2016.0,320000.0,80000,CNG,Individual,Manual,First Owner,21.94 km/kg,1196 CC,61.7 bhp,5.0
Hyundai,Accent,2008.0,120000.0,110000,CNG,Individual,Manual,Third Owner,13.2 km/kg,1495 CC,94 bhp,5.0
Hyundai,,2013.0,615000.0,120000,Diesel,Individual,Manual,First Owner,22.7 kmpl,1582 CC,126.24 bhp,5.0
Skoda,Superb,2013.0,600000.0,90000,Diesel,Individual,Automatic,First Owner,17.2 kmpl,1968 CC,138.1 bhp,5.0
Volkswagen,Passat,2010.0,300000.0,120000,Petrol,Individual,Manual,Second Owner,14.3 kmpl,1798 CC,160 bhp,5.0
Ford,Figo,2016.0,400000.0,45217,Diesel,Dealer,Manual,First Owner,25.83 kmpl,1498 CC,99 bhp,5.0
Hyundai,Creta,2017.0,1000000.0,60000,Diesel,Individual,Automatic,Second Owner,17.01 kmpl,1582 CC,126.2 bhp,5.0
Hyundai,Sonata,2012.0,525000.0,70000,Petrol,Individual,Manual,Second Owner,13.44 kmpl,2359 CC,198.25 bhp,5.0
Fiat,Grande,2013.0,300000.0,133000,Diesel,Individual,Manual,First Owner,20.3 kmpl,1248 CC,75 bhp,5.0
Fiat,Grande,2011.0,220000.0,117000,Diesel,Individual,Manual,Second Owner,20.3 kmpl,1248 CC,75 bhp,5.0
Mahindra,XUV500,2015.0,850000.0,173000,Diesel,Individual,Manual,First Owner,16.0 kmpl,2179 CC,140 bhp,7.0
Honda,City,2011.0,500000.0,35000,Petrol,Individual,Manual,First Owner,17.0 kmpl,1497 CC,118 bhp,5.0
Hyundai,Accent,2003.0,59000.0,70000,Petrol,Individual,Manual,Second Owner,13.2 kmpl,1495 CC,94 bhp,5.0
Maruti,Alto,2011.0,130000.0,60000,Petrol,Individual,Manual,Third Owner,19.7 kmpl,796 CC,46.3 bhp,5.0
Volkswagen,Polo,2016.0,375000.0,120000,Petrol,Individual,Manual,Second Owner,16.2 kmpl,1199 CC,74 bhp,5.0
Volkswagen,Polo,2011.0,220000.0,222300,Diesel,Individual,Manual,First Owner,22.07 kmpl,1199 CC,73.9 bhp,5.0
Toyota,Innova,2013.0,625000.0,100000,Diesel,Individual,Manual,Second Owner,12.99 kmpl,2494 CC,100.57 bhp,7.0
Maruti,Ritz,2013.0,295000.0,120000,Diesel,Individual,Manual,First Owner,23.2 kmpl,1248 CC,73.94 bhp,5.0
Tata,Sumo,2010.0,235000.0,90000,Diesel,Individual,Manual,First Owner,14.0 kmpl,1948 CC,90 bhp,9.0
Hyundai,Sonata,2012.0,500000.0,330000,Petrol,Individual,Manual,Second Owner,13.44 kmpl,2359 CC,198.25 bhp,5.0
Maruti,Swift,2017.0,509999.0,20000,Petrol,Individual,Manual,First Owner,22.0 kmpl,1197 CC,81.80 bhp,5.0
Maruti,Alto,2020.0,370000.0,16000,CNG,Individual,Manual,First Owner,33.0 km/kg,796 CC,47.3 bhp,5.0
,Grand,2016.0,370000.0,30000,Petrol,Individual,Manual,Second Owner,18.9 kmpl,1197 CC,82 bhp,5.0
Mahindra,Quanto,2012.0,300000.0,210000,Diesel,Individual,Manual,First Owner,17.21 kmpl,1493 CC,100 bhp,7.0
Hyundai,i10,2015.0,350000.0,20000,Petrol,Individual,Manual,First Owner,19.81 kmpl,1086 CC,68.05 bhp,5.0
Renault,KWID,2018.0,395000.0,20000,Petrol,Individual,Manual,First Owner,23.01 kmpl,999 CC,67 bhp,5.0
Toyota,Innova,2015.0,850000.0,100000,Diesel,Individual,Manual,First Owner,12.99 kmpl,2494 CC,100.6 bhp,8.0
,Innova,2015.0,1150000.0,40000,Diesel,Individual,Manual,First Owner,12.99 kmpl,2494 CC,100.6 bhp,7.0
Jaguar,XF,2016.0,3500000.0,35000,Diesel,Individual,Automatic,First Owner,14.74 kmpl,2993 CC,270.9 bhp,5.0
Volkswagen,Vento,2012.0,280000.0,120000,Diesel,Individual,Manual,Second Owner,20.54 kmpl,1598 CC,103.6 bhp,5.0
Mahindra,TUV,2018.0,775000.0,50000,Diesel,Individual,Manual,Second Owner,18.49 kmpl,1493 CC,100 bhp,7.0
Hyundai,Verna,2012.0,420000.0,100000,Diesel,Individual,Manual,Second Owner,22.32 kmpl,1582 CC,126.32 bhp,5.0
Honda,City,2010.0,310000.0,91000,Petrol,Individual,Manual,Second Owner,17.0 kmpl,1497 CC,118 bhp,5.0
Jeep,,2017.0,1550000.0,50000,Diesel,Individual,Manual,First Owner,17.1 kmpl,1956 CC,170 bhp,5.0
Fiat,Linea,2015.0,375000.0,67000,Diesel,Individual,Manual,First Owner,20.4 kmpl,1248 CC,91.7 bhp,5.0
Hyundai,Grand,2015.0,500000.0,40000,Petrol,Individual,Manual,First Owner,18.9 kmpl,1197 CC,82 bhp,5.0
Maruti,Ritz,2013.0,300000.0,100000,Diesel,Individual,Manual,Second Owner,23.2 kmpl,1248 CC,73.94 bhp,5.0
Honda,City,2008.0,155000.0,120000,Petrol,Individual,Manual,Second Owner,17.7 kmpl,1497 CC,78 bhp,5.0
Maruti,Swift,2013.0,350000.0,185000,Diesel,Individual,Manual,First Owner,23.4 kmpl,1248 CC,74 bhp,5.0
Mahindra,XUV500,2016.0,950000.0,75000,Diesel,Individual,Automatic,Third Owner,16.0 kmpl,2179 CC,140 bhp,7.0
Hyundai,Grand,2015.0,350000.0,80000,Diesel,Individual,Manual,Third Owner,24.0 kmpl,1120 CC,70 bhp,5.0
Isuzu,D-Max,2019.0,1900000.0,30000,Diesel,Individual,Automatic,First Owner,12.4 kmpl,1999 CC,147.9 bhp,5.0
Tata,Nexon,2020.0,,5000,Petrol,Individual,Manual,First Owner,17.0 kmpl,1198 CC,108.5 bhp,5.0
Volkswagen,Polo,2019.0,585000.0,10000,Petrol,Individual,Manual,First Owner,18.78 kmpl,999 CC,75 bhp,5.0
Maruti,Ertiga,2012.0,350000.0,140000,Diesel,Individual,Manual,First Owner,20.77 kmpl,1248 CC,88.76 bhp,7.0
Hyundai,Elite,2019.0,700000.0,19000,Petrol,Individual,Manual,First Owner,18.6 kmpl,1197 CC,81.86 bhp,5.0
Maruti,Ertiga,2017.0,849000.0,44600,Diesel,Dealer,Manual,First Owner,24.52 kmpl,1248 CC,88.5 bhp,7.0
Volkswagen,Polo,2014.0,574000.0,28080,Petrol,Dealer,Automatic,First Owner,0.0 kmpl,1197 CC,103.25 bhp,5.0
Hyundai,i20,2014.0,484999.0,28800,Petrol,Dealer,Manual,First Owner,18.6 kmpl,1197 CC,81.83 bhp,5.0
Renault,KWID,2018.0,360000.0,21900,Petrol,Dealer,Manual,First Owner,20.71 kmpl,799 CC,53.26 bhp,5.0
Volkswagen,Polo,2014.0,575000.0,28100,Petrol,Dealer,Automatic,First Owner,0.0 kmpl,1197 CC,103.25 bhp,5.0
Honda,City,2014.0,550000.0,110000,Diesel,Individual,Manual,Second Owner,26.0 kmpl,1498 CC,98.6 bhp,5.0
Hyundai,i20,2016.0,700000.0,100000,Diesel,Individual,Manual,First Owner,22.54 kmpl,1396 CC,88.73 bhp,5.0
Maruti,Swift,2019.0,825000.0,7673,Diesel,Individual,Automatic,First Owner,28.4 kmpl,1248 CC,74.02 bhp,5.0
Maruti,Wagon,2008.0,114999.0,100000,Petrol,Individual,Manual,Second Owner,18.9 kmpl,1061 CC,67 bhp,5.0
Tata,Manza,2009.0,150000.0,75000,Petrol,Individual,Manual,Second Owner,15.0 kmpl,1368 CC,90 bhp,5.0
,Swift,2018.0,851000.0,50000,Diesel,Individual,Automatic,First Owner,28.4 kmpl,1248 CC,74.02 bhp,5.0
Hyundai,Verna,2014.0,550000.0,40000,Petrol,Individual,Manual,First Owner,17.43 kmpl,1396 CC,105.5 bhp,5.0
Maruti,Ertiga,2016.0,890000.0,40000,Diesel,Individual,Manual,First Owner,24.52 kmpl,1248 CC,88.5 bhp,7.0
Hyundai,i20,2012.0,265000.0,100000,Petrol,Individual,Manual,Second Owner,18.5 kmpl,1197 CC,80 bhp,5.0
Mahindra,Scorpio,2014.0,,110000,Diesel,Individual,Manual,First Owner,15.4 kmpl,1997 CC,120 bhp,7.0
Chevrolet,Beat,2013.0,,96272,Diesel,Individual,Manual,First Owner,25.44 kmpl,936 CC,57.6 bhp,5.0
BMW,3,2015.0,1650000.0,74000,Diesel,Individual,Automatic,First Owner,18.88 kmpl,1995 CC,184 bhp,5.0
Toyota,Innova,2011.0,750000.0,168000,Diesel,Individual,Manual,Second Owner,12.8 kmpl,2494 CC,102 bhp,7.0
Maruti,Wagon,2015.0,400000.0,22500,Petrol,Individual,Manual,First Owner,20.51 kmpl,998 CC,67.04 bhp,5.0
Maruti,Vitara,2020.0,925000.0,7400,Diesel,Individual,Automatic,First Owner,24.3 kmpl,1248 CC,88.5 bhp,5.0
Maruti,Swift,2011.0,275000.0,70000,Petrol,Individual,Manual,Third Owner,17.5 kmpl,1298 CC,85.8 bhp,5.0
Maruti,Wagon,2009.0,175000.0,67000,Petrol,Individual,Manual,First Owner,18.9 kmpl,1061 CC,67 bhp,5.0
Ford,,2009.0,155000.0,110000,Diesel,Individual,Manual,Third Owner,17.7 kmpl,1399 CC,68 bhp,5.0
Maruti,SX4,2012.0,325000.0,175000,Diesel,Individual,Manual,Second Owner,21.5 kmpl,1248 CC,88.8 bhp,5.0
Mahindra,Scorpio,2014.0,700000.0,120000,Diesel,Individual,Manual,First Owner,12.05 kmpl,2179 CC,120 bhp,9.0
Tata,Indica,2008.0,50000.0,120000,Diesel,Individual,Manual,Third Owner,17.5 kmpl,1396 CC,70 bhp,5.0
Mahindra,Scorpio,2012.0,450000.0,370000,Diesel,Individual,Manual,First Owner,12.05 kmpl,2179 CC,120 bhp,9.0
Hyundai,Verna,2014.0,645000.0,150360,Diesel,Individual,Manual,First Owner,22.32 kmpl,1582 CC,126.32 bhp,5.0
Tata,Tigor,2017.0,597000.0,15000,Diesel,Individual,Manual,First Owner,24.7 kmpl,1047 CC,69 bhp,5.0
,KWID,2018.0,400000.0,30000,Petrol,Individual,Automatic,Second Owner,24.04 kmpl,999 CC,67 bhp,5.0
Maruti,Swift,2009.0,300000.0,150000,Diesel,Individual,Manual,First Owner,17.8 kmpl,1248 CC,75 bhp,5.0
Maruti,Swift,2015.0,573000.0,100000,Diesel,Individual,Manual,Second Owner,25.2 kmpl,1248 CC,74 bhp,5.0
Maruti,Alto,2011.0,180000.0,70000,Petrol,Individual,Manual,First Owner,20.92 kmpl,998 CC,67.1 bhp,5.0
Tata,Nano,2011.0,70000.0,40000,Petrol,Individual,Manual,First Owner,26.0 kmpl,624 CC,35 bhp,4.0
Toyota,Innova,2008.0,500000.0,154000,Diesel,Individual,Manual,Third Owner,12.8 kmpl,2494 CC,102 bhp,8.0
Hyundai,Accent,2004.0,110000.0,110000,Petrol,Individual,Manual,Second Owner,14.4 kmpl,1599 CC,94 bhp,5.0
Maruti,Ertiga,2013.0,450000.0,120000,Diesel,Individual,Manual,Second Owner,20.77 kmpl,1248 CC,88.76 bhp,7.0
Tata,Sumo,2013.0,,145000,Diesel,Individual,Manual,First Owner,15.3 kmpl,2956 CC,83.83 bhp,7.0
Mahindra,KUV,2017.0,400000.0,30000,Diesel,Individual,Manual,First Owner,25.32 kmpl,1198 CC,77 bhp,6.0
Maruti,Swift,2014.0,390000.0,90000,Diesel,Individual,Manual,Second Owner,22.9 kmpl,1248 CC,74 bhp,5.0
Maruti,Alto,2011.0,122000.0,110000,Petrol,Individual,Manual,Fourth & Above Owner,19.7 kmpl,796 CC,46.3 bhp,5.0
Mahindra,Scorpio,2016.0,741000.0,70000,Diesel,Individual,Manual,First Owner,15.4 kmpl,1997 CC,120 bhp,7.0
Hyundai,i20,2012.0,330000.0,40000,Diesel,Individual,Manual,Second Owner,23.0 kmpl,1396 CC,90 bhp,5.0
Mahindra,Scorpio,2010.0,300000.0,166000,Diesel,Individual,Manual,Third Owner,12.05 kmpl,2179 CC,120 bhp,8.0
Hyundai,i10,2011.0,215000.0,100000,Petrol,Individual,Manual,Third Owner,20.36 kmpl,1197 CC,78.9 bhp,5.0
Maruti,Wagon,2009.0,150000.0,75000,Petrol,Individual,Manual,Third Owner,18.9 kmpl,1061 CC,67 bhp,5.0
Hyundai,EON,2013.0,250000.0,42130,Petrol,Individual,Manual,First Owner,21.1 kmpl,814 CC,55.2 bhp,5.0
Maruti,Ritz,2010.0,180000.0,53000,Petrol,Individual,Manual,Second Owner,21.1 kmpl,1197 CC,85.80 bhp,5.0
Maruti,,2006.0,150000.0,106000,Petrol,Individual,Manual,Second Owner,17.3 kmpl,993 CC,60 bhp,5.0
Toyota,Corolla,2005.0,275000.0,96000,Petrol,Individual,Manual,Second Owner,13.4 kmpl,1794 CC,125 bhp,5.0
Maruti,Baleno,2019.0,556000.0,10000,Petrol,Individual,Manual,First Owner,21.01 kmpl,1197 CC,81.80 bhp,5.0
Maruti,Swift,2016.0,550000.0,37000,Petrol,Individual,Manual,First Owner,20.85 kmpl,1197 CC,83.14 bhp,5.0
Mahindra,XUV500,2018.0,1500000.0,20000,Diesel,Individual,Automatic,First Owner,16.0 kmpl,2179 CC,138 bhp,7.0
Toyota,Etios,2017.0,549000.0,35000,Petrol,Individual,Manual,First Owner,17.71 kmpl,1197 CC,78.9 bhp,5.0
Hyundai,i20,2016.0,630000.0,50000,Petrol,Individual,Manual,First Owner,18.6 kmpl,1197 CC,81.83 bhp,5.0
Mahindra,Bolero,2020.0,679000.0,5000,Diesel,Individual,Manual,First Owner,0.0 kmpl,2523 CC,70 bhp,2.0
Hyundai,Creta,2017.0,1125000.0,47000,Diesel,Individual,Manual,Second Owner,19.67 kmpl,1582 CC,126.2 bhp,5.0
,Baleno,2017.0,680000.0,71000,Diesel,Individual,Manual,First Owner,27.39 kmpl,1248 CC,74 bhp,5.0
Honda,City,2017.0,1050000.0,50000,Diesel,Individual,Manual,First Owner,25.6 kmpl,1498 CC,97.9 bhp,5.0
Tata,Zest,2015.0,450000.0,57000,Diesel,Individual,Manual,First Owner,23.0 kmpl,1248 CC,88.7 bhp,5.0
Maruti,Wagon,2010.0,210000.0,43000,Petrol,Individual,Manual,First Owner,18.9 kmpl,998 CC,67.1 bhp,5.0
Maruti,Swift,2014.0,470000.0,60000,Diesel,Individual,Manual,First Owner,23.4 kmpl,1248 CC,74 bhp,5.0
Maruti,Swift,2014.0,470000.0,60000,Petrol,Individual,Manual,First Owner,19.1 kmpl,1197 CC,85.8 bhp,5.0
Hyundai,i20,2015.0,550000.0,40000,Diesel,Individual,Manual,First Owner,22.54 kmpl,1396 CC,88.73 bhp,5.0
Maruti,A-Star,2011.0,204999.0,60000,Petrol,Individual,Manual,First Owner,19.0 kmpl,998 CC,66.1 bhp,5.0
Honda,City,2015.0,950000.0,30000,Petrol,Individual,Automatic,First Owner,18.0 kmpl,1497 CC,117.3 bhp,5.0
Hyundai,,2015.0,550000.0,160000,Diesel,Individual,Manual,Second Owner,22.54 kmpl,1396 CC,88.73 bhp,5.0
Toyota,Innova,2007.0,270000.0,147500,Diesel,Individual,Manual,Second Owner,12.8 kmpl,2494 CC,102 bhp,7.0
Volkswagen,Polo,2013.0,280000.0,90000,Diesel,Individual,Manual,Third Owner,22.07 kmpl,1199 CC,73.9 bhp,5.0
Maruti,,2015.0,630000.0,70000,Diesel,Individual,Manual,Second Owner,28.09 kmpl,1248 CC,88.5 bhp,5.0
Honda,City,2007.0,220000.0,70000,Petrol,Individual,Manual,First Owner,17.7 kmpl,1497 CC,78 bhp,5.0
Mahindra,Xylo,2014.0,320000.0,120000,Diesel,Individual,Manual,First Owner,14.95 kmpl,2489 CC,93.7 bhp,7.0
Hyundai,EON,2013.0,225000.0,75000,Petrol,Individual,Manual,Second Owner,21.1 kmpl,814 CC,55.2 bhp,5.0
Honda,City,2010.0,380000.0,85000,Petrol,Individual,Manual,Second Owner,17.0 kmpl,1497 CC,118 bhp,5.0
Maruti,Swift,2012.0,380000.0,70000,Diesel,Individual,Manual,Third Owner,19.3 kmpl,1248 CC,73.9 bhp,5.0
Volkswagen,Ameo,2017.0,600000.0,29000,Diesel,Individual,Manual,First Owner,22.0 kmpl,1498 CC,108.495 bhp,5.0
Ford,Endeavour,2014.0,620000.0,40000,Diesel,Individual,Manual,Second Owner,13.1 kmpl,2499 CC,141 bhp,7.0
Hyundai,Verna,2012.0,500000.0,90000,Diesel,Individual,Automatic,First Owner,19.08 kmpl,1582 CC,126.32 bhp,5.0
Mahindra,TUV,2015.0,700000.0,40000,Diesel,Individual,Automatic,First Owner,18.49 kmpl,1493 CC,100 bhp,7.0
Ford,EcoSport,2015.0,550000.0,138000,Diesel,Individual,Manual,First Owner,22.77 kmpl,1498 CC,98.59 bhp,5.0
Maruti,Swift,2016.0,600000.0,70000,Diesel,Individual,Manual,First Owner,25.2 kmpl,1248 CC,74 bhp,5.0
Volkswagen,Ameo,2019.0,550000.0,30000,Petrol,Individual,Manual,Second Owner,19.44 kmpl,999 CC,75 bhp,5.0
Hyundai,Verna,2013.0,475000.0,125000,Diesel,Individual,Manual,Third Owner,22.32 kmpl,1582 CC,126.3 bhp,5.0
Honda,City,2015.0,615000.0,120000,Diesel,Individual,Manual,Second Owner,26.0 kmpl,1498 CC,98.6 bhp,5.0
Maruti,Swift,2013.0,385000.0,180000,Diesel,Individual,Manual,Second Owner,23.4 kmpl,1248 CC,74 bhp,5.0
Tata,Zest,2015.0,,20000,Petrol,Individual,Manual,First Owner,17.57 kmpl,1193 CC,88.7 bhp,5.0
Renault,Duster,2012.0,450000.0,80000,Diesel,Individual,Manual,First Owner,19.87 kmpl,1461 CC,83.8 bhp,5.0
Toyota,Innova,2014.0,969999.0,110000,Diesel,Individual,Manual,Second Owner,12.99 kmpl,2494 CC,100.6 bhp,7.0
Hyundai,Verna,2013.0,580000.0,80000,Diesel,Individual,Manual,Second Owner,22.32 kmpl,1582 CC,126.32 bhp,5.0
Toyota,Platinum,2017.0,550000.0,40000,Diesel,Individual,Manual,First Owner,23.59 kmpl,1364 CC,67.05 bhp,5.0
Honda,WR-V,2018.0,,30000,Petrol,Individual,Manual,First Owner,17.5 kmpl,1199 CC,88.7 bhp,5.0
Ford,Fiesta,2014.0,500000.0,80000,Diesel,Individual,Manual,First Owner,25.01 kmpl,1498 CC,89.75 bhp,5.0
Skoda,Laura,2011.0,270000.0,140000,Diesel,Individual,Manual,Second Owner,20.0 kmpl,1968 CC,108.5 bhp,5.0
Maruti,Alto,2017.0,335000.0,25000,Petrol,Individual,Manual,First Owner,23.95 kmpl,998 CC,67.05 bhp,5.0
Maruti,Swift,2017.0,755000.0,20000,Diesel,Individual,Manual,First Owner,28.4 kmpl,1248 CC,74.02 bhp,5.0
Hyundai,EON,2017.0,340000.0,30000,Petrol,Individual,Manual,First Owner,21.1 kmpl,814 CC,55.2 bhp,5.0
Mercedes-Benz,E-Class,2009.0,1000000.0,80000,Petrol,Individual,Automatic,Third Owner,10.93 kmpl,3498 CC,272 bhp,5.0
Hyundai,Creta,2018.0,1237000.0,46000,Diesel,Individual,Manual,First Owner,19.67 kmpl,1582 CC,126.2 bhp,5.0
Volkswagen,Polo,2013.0,350000.0,70000,Diesel,Individual,Manual,Second Owner,22.07 kmpl,1199 CC,73.9 bhp,5.0
Maruti,800,2000.0,31000.0,56194,Petrol,Individual,Manual,Fourth & Above Owner,16.1 kmpl,796 CC,37 bhp,4.0
Maruti,Swift,2018.0,695000.0,40000,Petrol,Individual,Manual,First Owner,22.0 kmpl,1197 CC,81.80 bhp,5.0
Maruti,Alto,2015.0,270000.0,40000,Petrol,Individual,Manual,First Owner,22.74 kmpl,796 CC,47.3 bhp,5.0
Maruti,Ertiga,2016.0,790000.0,120000,Diesel,Individual,Manual,First Owner,24.52 kmpl,1248 CC,88.5 bhp,7.0
Maruti,Swift,2016.0,590000.0,120000,Diesel,Individual,Manual,First Owner,25.2 kmpl,1248 CC,74 bhp,5.0
Maruti,Swift,2017.0,635000.0,120000,Petrol,Individual,Automatic,First Owner,21.21 kmpl,1197 CC,81.80 bhp,5.0
Mahindra,Bolero,2015.0,540000.0,110000,Diesel,Individual,Manual,Second Owner,15.96 kmpl,2523 CC,62.1 bhp,7.0
Renault,Pulse,2012.0,265000.0,67000,Diesel,Individual,Manual,Second Owner,23.08 kmpl,1461 CC,63.12 bhp,5.0
Maruti,Swift,2014.0,600000.0,50000,Diesel,Individual,Manual,First Owner,23.4 kmpl,1248 CC,74 bhp,5.0
Hyundai,Verna,2012.0,409999.0,100000,Diesel,Individual,Manual,Second Owner,22.32 kmpl,1582 CC,126.3 bhp,5.0
Toyota,Etios,2015.0,525000.0,80000,Diesel,Individual,Manual,Second Owner,23.59 kmpl,1364 CC,67.05 bhp,5.0
Ford,Figo,2011.0,150000.0,50000,Diesel,Individual,Manual,First Owner,18.5 kmpl,1399 CC,68 bhp,5.0
Maruti,Esteem,2007.0,55000.0,70000,Petrol,Individual,Manual,Third Owner,15.9 kmpl,1298 CC,85 bhp,5.0
Maruti,Omni,2011.0,130000.0,70000,Petrol,Individual,Manual,Second Owner,14.0 kmpl,796 CC,35 bhp,5.0
Maruti,Vitara,2017.0,925000.0,50000,Diesel,Individual,Manual,First Owner,24.3 kmpl,1248 CC,88.5 bhp,5.0
Renault,Lodgy,2017.0,690000.0,65000,Diesel,Individual,Manual,Second Owner,21.04 kmpl,1461 CC,83.8 bhp,
Maruti,Ertiga,2012.0,560000.0,200000,Diesel,Individual,Manual,Second Owner,20.77 kmpl,1248 CC,88.76 bhp,7.0
Maruti,Ciaz,2018.0,950000.0,7500,Diesel,Individual,Manual,First Owner,28.09 kmpl,1248 CC,88.50 bhp,5.0
Renault,Lodgy,2017.0,695000.0,65000,Diesel,Individual,Manual,Second Owner,21.04 kmpl,1461 CC,83.8 bhp,7.0
Maruti,Swift,2013.0,450000.0,35000,Petrol,Individual,Manual,Second Owner,18.6 kmpl,1197 CC,85.8 bhp,5.0
BMW,5,2013.0,2000000.0,60000,Diesel,Individual,Automatic,First Owner,16.2 kmpl,2993 CC,235 bhp,5.0
Maruti,Swift,2009.0,229999.0,71000,Petrol,Individual,Manual,First Owner,16.1 kmpl,1197 CC,85 bhp,5.0
Maruti,Alto,2012.0,200000.0,50000,Petrol,Individual,Manual,Second Owner,19.7 kmpl,796 CC,46.3 bhp,5.0
Mercedes-Benz,New,2008.0,725000.0,80000,Diesel,Individual,Automatic,Second Owner,14.84 kmpl,2143 CC,170 bhp,5.0
Nissan,Micra,2011.0,235000.0,90000,Petrol,Individual,Manual,Second Owner,18.06 kmpl,1198 CC,75 bhp,5.0
Hyundai,i20,2017.0,666000.0,13000,Petrol,Individual,Manual,First Owner,18.6 kmpl,1197 CC,81.83 bhp,5.0
Maruti,800,2000.0,65000.0,100000,Petrol,Individual,Manual,Third Owner,16.1 kmpl,796 CC,37 bhp,4.0
Honda,WR-V,2018.0,834000.0,30000,Diesel,Individual,Manual,First Owner,25.5 kmpl,1498 CC,98.6 bhp,5.0
Mahindra,Bolero,2012.0,430000.0,120000,Diesel,Individual,Manual,First Owner,15.96 kmpl,2523 CC,62.1 bhp,7.0
Maruti,Swift,2010.0,360000.0,120000,Diesel,Individual,Manual,Second Owner,17.8 kmpl,1248 CC,75 bhp,5.0
Hyundai,EON,2014.0,240000.0,70000,Petrol,Individual,Manual,First Owner,21.1 kmpl,814 CC,55.2 bhp,5.0
Maruti,Swift,2016.0,210000.0,210000,Diesel,Individual,Manual,First Owner,25.2 kmpl,1248 CC,74 bhp,5.0
Tata,Indigo,2010.0,135000.0,148000,Diesel,Individual,Manual,Second Owner,19.09 kmpl,1396 CC,69 bhp,5.0
Mahindra,TUV,2017.0,700000.0,54188,Diesel,Individual,Manual,First Owner,18.49 kmpl,1493 CC,100 bhp,7.0
Skoda,Rapid,2012.0,425000.0,90000,Diesel,Individual,Manual,First Owner,20.5 kmpl,1598 CC,103.5 bhp,5.0
Chevrolet,Beat,2011.0,150000.0,100000,Petrol,Individual,Manual,Third Owner,18.6 kmpl,1199 CC,79.4 bhp,5.0
Hyundai,EON,2014.0,215000.0,40000,Petrol,Individual,Manual,First Owner,21.1 kmpl,814 CC,55.2 bhp,5.0
Datsun,GO,2014.0,225000.0,35000,Petrol,Individual,Manual,First Owner,20.63 kmpl,1198 CC,67 bhp,5.0
Renault,KWID,2017.0,330000.0,20000,Petrol,Individual,Manual,First Owner,23.01 kmpl,999 CC,67 bhp,5.0
Maruti,Omni,2007.0,54000.0,144000,LPG,Individual,Manual,Second Owner,10.9 km/kg,796 CC,32.8 bhp,5.0
Hyundai,Grand,2014.0,374000.0,54043,Petrol,Dealer,Automatic,First Owner,18.9 kmpl,1197 CC,81.86 bhp,5.0
Hyundai,Verna,2012.0,549000.0,66657,Diesel,Dealer,Automatic,First Owner,22.32 kmpl,1582 CC,126.32 bhp,5.0
Tata,Indigo,2016.0,390000.0,42000,Diesel,Individual,Manual,Second Owner,19.09 kmpl,1405 CC,69.01 bhp,5.0
Hyundai,i20,2013.0,455999.0,35582,Petrol,Dealer,Manual,First Owner,18.5 kmpl,1197 CC,82.85 bhp,5.0
Volkswagen,Polo,2013.0,453000.0,54327,Petrol,Dealer,Automatic,Second Owner,17.2 kmpl,1197 CC,103.6 bhp,5.0
Volkswagen,Ameo,2016.0,579000.0,7949,Petrol,Dealer,Manual,First Owner,17.0 kmpl,1198 CC,73.75 bhp,5.0
Hyundai,i10,2010.0,258000.0,59734,Petrol,Dealer,Automatic,First Owner,16.95 kmpl,1197 CC,78.9 bhp,5.0
Honda,City,2012.0,428000.0,49185,Petrol,Dealer,Manual,First Owner,16.8 kmpl,1497 CC,116.4 bhp,5.0
Hyundai,i10,2011.0,262000.0,56389,Petrol,Dealer,Manual,First Owner,20.36 kmpl,1197 CC,78.9 bhp,5.0
Volkswagen,Polo,2013.0,389000.0,58245,Petrol,Dealer,Manual,First Owner,16.47 kmpl,1198 CC,73.9 bhp,5.0
Nissan,Micra,2015.0,346000.0,36422,Petrol,Dealer,Manual,First Owner,18.44 kmpl,1198 CC,75 bhp,5.0
Honda,,2011.0,339000.0,42535,Petrol,Dealer,Manual,First Owner,16.7 kmpl,1198 CC,88.8 bhp,5.0
Hyundai,i10,2011.0,272000.0,40736,Petrol,Dealer,Automatic,First Owner,16.95 kmpl,1197 CC,78.9 bhp,5.0
Maruti,Swift,2012.0,369000.0,56246,Petrol,Dealer,Manual,First Owner,18.6 kmpl,1197 CC,85.8 bhp,5.0
Maruti,Swift,2011.0,277000.0,55403,Petrol,Dealer,Manual,First Owner,18.6 kmpl,1197 CC,85.8 bhp,5.0
Tata,Tigor,2018.0,535000.0,30000,Petrol,Individual,Manual,First Owner,20.3 kmpl,1199 CC,84 bhp,5.0
Maruti,Alto,2015.0,265000.0,67000,Petrol,Individual,Manual,First Owner,23.95 kmpl,998 CC,67.05 bhp,5.0
Hyundai,Verna,2013.0,400000.0,70000,Petrol,Individual,Manual,First Owner,17.01 kmpl,1591 CC,121.3 bhp,5.0
Hyundai,Grand,2014.0,459999.0,90000,Diesel,Individual,Manual,Second Owner,24.0 kmpl,1120 CC,70 bhp,5.0
Hyundai,Elite,2019.0,,7500,Petrol,Individual,Manual,First Owner,18.6 kmpl,1197 CC,81.86 bhp,5.0
Tata,New,2011.0,300000.0,80000,Diesel,Individual,Manual,Second Owner,11.57 kmpl,2179 CC,138.1 bhp,7.0
Tata,Indigo,2012.0,229999.0,186000,Diesel,Individual,Manual,First Owner,23.57 kmpl,1396 CC,70 bhp,5.0
Tata,Indica,2016.0,200000.0,110000,Diesel,Individual,Manual,Second Owner,25.0 kmpl,1396 CC,69 bhp,5.0
Ford,Fiesta,2005.0,150000.0,120000,Diesel,Individual,Manual,Third Owner,17.8 kmpl,1399 CC,68 bhp,5.0
Ford,Fiesta,2012.0,280000.0,105358,Diesel,Individual,Manual,Third Owner,17.8 kmpl,1399 CC,67 bhp,5.0
Hyundai,i20,2014.0,590000.0,70000,Petrol,Individual,Manual,Second Owner,18.6 kmpl,1197 CC,81.83 bhp,5.0
Hyundai,i10,2010.0,142000.0,49200,Petrol,Individual,Manual,Second Owner,19.81 kmpl,1086 CC,68.05 bhp,5.0
Honda,City,2017.0,850000.0,40000,Petrol,Individual,Manual,First Owner,17.4 kmpl,1497 CC,117.6 bhp,5.0
Honda,Mobilio,2014.0,600000.0,40000,Diesel,Individual,Manual,Second Owner,24.2 kmpl,1498 CC,98.6 bhp,7.0
Mahindra,TUV,2017.0,700000.0,40000,Diesel,Individual,Manual,First Owner,18.49 kmpl,1493 CC,100 bhp,7.0
Chevrolet,Beat,2013.0,200000.0,70000,Petrol,Individual,Manual,First Owner,18.6 kmpl,1199 CC,79.4 bhp,5.0
Hyundai,Creta,2016.0,900000.0,110000,Diesel,Individual,Manual,First Owner,19.67 kmpl,1582 CC,126.2 bhp,5.0
Maruti,Alto,2014.0,220000.0,100000,Petrol,Individual,Manual,First Owner,23.95 kmpl,998 CC,67.05 bhp,5.0
Hyundai,Grand,2018.0,650000.0,10000,Petrol,Individual,Automatic,Second Owner,18.9 kmpl,1197 CC,81.86 bhp,5.0
Toyota,Fortuner,2017.0,3100000.0,70000,Diesel,Individual,Automatic,First Owner,15.04 kmpl,2755 CC,174.5 bhp,7.0
Toyota,Innova,2016.0,1500000.0,100600,Diesel,Individual,Manual,Second Owner,13.68 kmpl,2393 CC,147.8 bhp,8.0
BMW,X3,2012.0,1800000.0,50000,Diesel,Individual,Automatic,First Owner,16.09 kmpl,1995 CC,184 bhp,5.0
Mahindra,XUV500,2014.0,800000.0,136000,Diesel,Individual,Manual,First Owner,15.1 kmpl,2179 CC,140 bhp,7.0
Mercedes-Benz,GLA,2017.0,2100000.0,48000,Diesel,Individual,Automatic,Second Owner,17.9 kmpl,2143 CC,136 bhp,
Ford,Fiesta,2010.0,250000.0,110000,Diesel,Individual,Manual,Third Owner,17.8 kmpl,1399 CC,68 bhp,5.0
Renault,Duster,2012.0,,86000,Diesel,Individual,Manual,First Owner,19.01 kmpl,1461 CC,108.45 bhp,5.0
Maruti,Alto,2009.0,125000.0,141000,Petrol,Individual,Manual,Second Owner,19.7 kmpl,796 CC,46.3 bhp,5.0
Honda,City,2011.0,450000.0,80000,Petrol,Individual,Manual,Third Owner,17.0 kmpl,1497 CC,118 bhp,5.0
Mahindra,XUV500,2015.0,850000.0,140000,Diesel,Individual,Manual,First Owner,16.0 kmpl,2179 CC,140 bhp,
Maruti,Swift,2014.0,459999.0,65000,Diesel,Individual,Manual,Second Owner,23.4 kmpl,1248 CC,74 bhp,5.0
Maruti,Swift,2014.0,434999.0,110000,Diesel,Individual,Manual,Second Owner,23.4 kmpl,1248 CC,74 bhp,5.0
Tata,Indigo,2008.0,120000.0,100000,Diesel,Individual,Manual,Second Owner,17.0 kmpl,1405 CC,70 bhp,5.0
,Swift,2015.0,600000.0,80000,Diesel,Individual,Manual,First Owner,25.2 kmpl,1248 CC,74 bhp,5.0
Maruti,Wagon,2008.0,135000.0,90000,Petrol,Individual,Manual,Second Owner,18.9 kmpl,998 CC,67.1 bhp,5.0
Hyundai,i20,2016.0,780000.0,35000,Diesel,Individual,Manual,First Owner,22.54 kmpl,1396 CC,88.73 bhp,5.0
Maruti,Alto,2008.0,100000.0,195000,Petrol,Individual,Manual,Second Owner,19.7 kmpl,796 CC,46.3 bhp,5.0
,i20,2017.0,650000.0,60000,Diesel,Individual,Manual,First Owner,22.54 kmpl,1396 CC,88.73 bhp,5.0
Maruti,800,2004.0,50000.0,50000,Petrol,Individual,Manual,First Owner,16.1 kmpl,796 CC,37 bhp,4.0
Hyundai,Verna,2012.0,425000.0,100000,Diesel,Individual,Manual,Second Owner,22.32 kmpl,1582 CC,126.32 bhp,5.0
Fiat,Linea,2015.0,500000.0,70000,Diesel,Individual,Manual,First Owner,20.4 kmpl,1248 CC,91.7 bhp,5.0
Maruti,Swift,2017.0,590000.0,30000,Diesel,Individual,Manual,First Owner,25.2 kmpl,1248 CC,74 bhp,5.0
Maruti,Celerio,2016.0,459999.0,27000,Petrol,Individual,Manual,First Owner,23.1 kmpl,998 CC,67.04 bhp,5.0
Maruti,Swift,2020.0,578000.0,5000,Petrol,Individual,Manual,First Owner,21.21 kmpl,1197 CC,81.80 bhp,5.0
Maruti,Ertiga,2012.0,550000.0,110000,Diesel,Individual,Manual,Second Owner,20.77 kmpl,1248 CC,88.76 bhp,7.0
Honda,City,2013.0,465000.0,80000,Petrol,Individual,Manual,Second Owner,16.8 kmpl,1497 CC,116.3 bhp,5.0
Mahindra,Bolero,2018.0,890000.0,80000,Diesel,Individual,Manual,First Owner,16.5 kmpl,1493 CC,70 bhp,7.0
Mahindra,Verito,2014.0,250000.0,110000,Diesel,Individual,Manual,First Owner,20.8 kmpl,1461 CC,65 bhp,5.0
Maruti,Swift,2015.0,615000.0,60000,Diesel,Individual,Manual,First Owner,26.59 kmpl,1248 CC,74 bhp,5.0
Maruti,Ertiga,2014.0,684000.0,60000,Diesel,Individual,Manual,Second Owner,20.77 kmpl,1248 CC,88.8 bhp,7.0
Maruti,Ertiga,2014.0,680000.0,64000,Diesel,Individual,Manual,Second Owner,20.77 kmpl,1248 CC,88.8 bhp,7.0
Renault,Duster,2014.0,,120000,Diesel,Individual,Manual,First Owner,20.45 kmpl,1461 CC,83.8 bhp,5.0
Renault,,2014.0,520000.0,120000,Diesel,Individual,Manual,First Owner,20.45 kmpl,1461 CC,83.8 bhp,5.0
Ford,Freestyle,2018.0,675000.0,60000,Diesel,Individual,Manual,First Owner,24.4 kmpl,1498 CC,98.63 bhp,
Mercedes-Benz,New,2011.0,1350000.0,81500,Diesel,Individual,Automatic,Second Owner,14.84 kmpl,2143 CC,167.62 bhp,5.0
Mercedes-Benz,New,2011.0,1350000.0,80000,Diesel,Individual,Automatic,First Owner,15.8 kmpl,2148 CC,170 bhp,5.0
Mahindra,XUV300,,1200000.0,15000,Diesel,Individual,Manual,First Owner,20.0 kmpl,1497 CC,115 bhp,5.0
Maruti,Swift,2011.0,265000.0,60000,Diesel,Individual,Manual,First Owner,19.3 kmpl,1248 CC,73.9 bhp,5.0
Volkswagen,Polo,2016.0,395000.0,40000,Petrol,Individual,Manual,Second Owner,16.2 kmpl,1199 CC,74 bhp,5.0
Volkswagen,Polo,2016.0,385000.0,40000,Petrol,Individual,Manual,Second Owner,16.2 kmpl,1199 CC,74 bhp,5.0
Maruti,Wagon,2009.0,142000.0,70000,Petrol,Individual,Manual,Second Owner,18.9 kmpl,1061 CC,67 bhp,5.0
Hyundai,i10,2009.0,160000.0,35000,Petrol,Individual,Manual,First Owner,19.81 kmpl,1086 CC,68.05 bhp,5.0
Tata,Indigo,2012.0,180000.0,50000,Diesel,Individual,Manual,Third Owner,19.09 kmpl,1396 CC,69 bhp,5.0
Ford,Figo,2019.0,700000.0,3177,Petrol,Dealer,Manual,First Owner,18.5 kmpl,1194 CC,94.93 bhp,5.0
Hyundai,Grand,2015.0,400000.0,39414,Petrol,Dealer,Manual,First Owner,18.9 kmpl,1197 CC,81.86 bhp,5.0
Tata,Indica,2012.0,200000.0,30078,Petrol,Dealer,Manual,First Owner,15.3 kmpl,1396 CC,70 bhp,5.0
Hyundai,EON,2012.0,250000.0,44588,Petrol,Dealer,Manual,First Owner,21.1 kmpl,814 CC,55.2 bhp,5.0
Maruti,Celerio,2015.0,400000.0,49907,Petrol,Dealer,Manual,First Owner,21.63 kmpl,998 CC,67.04 bhp,5.0
Maruti,Swift,2013.0,,67082,Petrol,Dealer,Manual,Second Owner,21.21 kmpl,1197 CC,81.80 bhp,5.0
Ford,EcoSport,2016.0,570000.0,112879,Diesel,Dealer,Manual,Second Owner,23.0 kmpl,1498 CC,98.96 bhp,5.0
Honda,Brio,2013.0,300000.0,80000,Petrol,Individual,Manual,Second Owner,19.4 kmpl,1198 CC,86.8 bhp,5.0
Hyundai,i20,2017.0,620000.0,25000,Petrol,Individual,Manual,First Owner,18.6 kmpl,1197 CC,81.83 bhp,5.0
Honda,City,2018.0,949000.0,10200,Petrol,Individual,Manual,First Owner,17.4 kmpl,1497 CC,117.6 bhp,5.0
Mahindra,Bolero,2018.0,750000.0,60000,Diesel,Individual,Manual,First Owner,16.5 kmpl,1493 CC,70 bhp,7.0
Maruti,Celerio,2017.0,350000.0,20000,Petrol,Individual,Manual,Second Owner,23.1 kmpl,998 CC,67.04 bhp,5.0
Mahindra,XUV500,2017.0,1250000.0,60000,Diesel,Individual,Manual,First Owner,16.0 kmpl,2179 CC,140 bhp,7.0
Renault,KWID,2016.0,270000.0,30000,Petrol,Individual,Manual,Third Owner,23.01 kmpl,999 CC,67 bhp,5.0
Hyundai,EON,2013.0,235000.0,40000,Petrol,Individual,Manual,Second Owner,21.1 kmpl,814 CC,55.2 bhp,5.0
Maruti,Swift,2016.0,500000.0,60000,Petrol,Individual,Manual,First Owner,20.4 kmpl,1197 CC,81.80 bhp,5.0
Maruti,Alto,2012.0,220000.0,111000,Petrol,Individual,Manual,First Owner,19.7 kmpl,796 CC,46.3 bhp,5.0
Maruti,Swift,2014.0,380000.0,70000,Diesel,Individual,Manual,Second Owner,23.4 kmpl,1248 CC,74 bhp,5.0
Maruti,,2010.0,160000.0,100000,Petrol,Individual,Manual,Third Owner,20.92 kmpl,998 CC,67.1 bhp,5.0
Hyundai,EON,2017.0,339000.0,25000,Petrol,Individual,Manual,First Owner,20.3 kmpl,998 CC,68.05 bhp,5.0
Ford,Fiesta,2011.0,229999.0,100000,Petrol,Individual,Manual,First Owner,15.3 kmpl,1596 CC,99.6 bhp,5.0
Mahindra,KUV,2016.0,400000.0,35000,Diesel,Individual,Manual,First Owner,25.32 kmpl,1198 CC,77 bhp,6.0
Hyundai,Xcent,,470000.0,25000,Diesel,Individual,Manual,First Owner,25.4 kmpl,1186 CC,73.97 bhp,5.0
Maruti,800,2003.0,45000.0,58000,Petrol,Individual,Manual,First Owner,16.1 kmpl,796 CC,37 bhp,4.0
Ford,Aspire,2019.0,575000.0,20000,Petrol,Individual,Manual,First Owner,19.4 kmpl,1194 CC,94.93 bhp,5.0
Datsun,RediGO,2019.0,325000.0,1300,Petrol,Individual,Manual,First Owner,22.5 kmpl,999 CC,67 bhp,5.0
Maruti,800,1997.0,,120000,Petrol,Individual,Manual,Second Owner,16.1 kmpl,796 CC,37 bhp,4.0
Maruti,Wagon,2014.0,,15000,Petrol,Individual,Manual,First Owner,20.51 kmpl,998 CC,67.04 bhp,5.0
Renault,KWID,2016.0,,25000,Petrol,Individual,Manual,First Owner,25.17 kmpl,799 CC,53.3 bhp,5.0
Nissan,Terrano,2014.0,,150000,Diesel,Individual,Manual,First Owner,19.01 kmpl,1461 CC,108.5 bhp,5.0
Maruti,Celerio,2018.0,580000.0,10000,Petrol,Individual,Manual,First Owner,23.1 kmpl,998 CC,67.04 bhp,5.0
Hyundai,Creta,2015.0,,70000,Diesel,Individual,Manual,First Owner,19.67 kmpl,1582 CC,126.2 bhp,5.0
Tata,Zest,2017.0,459999.0,80000,Diesel,Individual,Manual,First Owner,22.95 kmpl,1248 CC,74 bhp,5.0
Maruti,Swift,2015.0,635000.0,50000,Diesel,Individual,Manual,First Owner,25.2 kmpl,1248 CC,74 bhp,5.0
Hyundai,Verna,2014.0,650000.0,83000,Diesel,Individual,Manual,Third Owner,22.32 kmpl,1582 CC,126.32 bhp,5.0
Maruti,Swift,2013.0,525000.0,116000,Diesel,Individual,Manual,Second Owner,23.4 kmpl,1248 CC,74 bhp,5.0
Fiat,Grande,2015.0,350000.0,60000,Petrol,Individual,Manual,Third Owner,15.8 kmpl,1172 CC,67.1 bhp,5.0
Maruti,Swift,2008.0,320000.0,175802,Diesel,Individual,Manual,Third Owner,19.3 kmpl,1248 CC,73.9 bhp,5.0
Toyota,Innova,2006.0,450000.0,192000,Diesel,Individual,Manual,Fourth & Above Owner,12.8 kmpl,2494 CC,102 bhp,8.0
Volkswagen,Vento,2011.0,227000.0,73840,Petrol,Individual,Manual,First Owner,15.04 kmpl,1598 CC,103.6 bhp,5.0
Mahindra,Bolero,2011.0,325000.0,162000,Diesel,Individual,Manual,Second Owner,13.6 kmpl,2523 CC,63 bhp,8.0
Datsun,RediGO,2018.0,275000.0,20000,Petrol,Individual,Automatic,First Owner,23.0 kmpl,999 CC,67 bhp,5.0
Hyundai,Grand,2013.0,300000.0,75000,Petrol,Individual,Manual,Third Owner,18.9 kmpl,1197 CC,82 bhp,5.0
Mahindra,Scorpio,2011.0,400000.0,320000,Diesel,Individual,Manual,Third Owner,12.05 kmpl,2179 CC,120 bhp,8.0
Volkswagen,Vento,2015.0,550000.0,120000,Diesel,Individual,Manual,Second Owner,20.34 kmpl,1498 CC,103.2 bhp,5.0
Skoda,Rapid,2017.0,900000.0,40000,Diesel,Individual,Automatic,First Owner,21.66 kmpl,1498 CC,108.6 bhp,
Maruti,Alto,2010.0,165000.0,20000,Petrol,Individual,Manual,First Owner,19.7 kmpl,796 CC,46.3 bhp,5.0
Hyundai,EON,2014.0,210000.0,70000,Petrol,Individual,Manual,First Owner,21.1 kmpl,814 CC,55.2 bhp,5.0
Renault,,2016.0,650000.0,30000,Diesel,Individual,Manual,First Owner,19.64 kmpl,1461 CC,108.45 bhp,5.0
Mahindra,XUV500,2014.0,680000.0,120000,Diesel,Individual,Manual,First Owner,15.1 kmpl,2179 CC,140 bhp,7.0
Renault,KWID,,390000.0,25000,Petrol,Individual,Manual,First Owner,23.01 kmpl,999 CC,67 bhp,5.0
Renault,KWID,2016.0,260000.0,80000,Petrol,Individual,Manual,First Owner,25.17 kmpl,799 CC,53.3 bhp,5.0
Maruti,Swift,2013.0,450000.0,67000,Petrol,Individual,Manual,First Owner,19.1 kmpl,1197 CC,85.8 bhp,5.0
Hyundai,i10,2008.0,130000.0,120000,Petrol,Individual,Manual,Second Owner,19.81 kmpl,1086 CC,68.05 bhp,5.0
Maruti,,2019.0,890000.0,9000,Diesel,Individual,Manual,First Owner,24.3 kmpl,1248 CC,88.5 bhp,5.0
Toyota,Land,2014.0,3500000.0,60000,Diesel,Individual,Automatic,First Owner,11.0 kmpl,2982 CC,170.30 bhp,7.0
Honda,City,2014.0,750000.0,80000,Diesel,Individual,Manual,Second Owner,25.1 kmpl,1498 CC,98.6 bhp,5.0
Chevrolet,Tavera,2011.0,350000.0,120000,Diesel,Individual,Manual,Second Owner,12.2 kmpl,2499 CC,80 bhp,10.0
Honda,Civic,2019.0,2000000.0,24857,Petrol,Dealer,Automatic,Test Drive Car,16.5 kmpl,1799 CC,139.46 bhp,5.0
Hyundai,EON,2017.0,270000.0,26442,Petrol,Individual,Manual,First Owner,20.3 kmpl,998 CC,68.05 bhp,5.0
Maruti,Ertiga,2017.0,700000.0,35000,Petrol,Individual,Manual,First Owner,17.5 kmpl,1373 CC,91.1 bhp,
Maruti,Alto,2010.0,130000.0,28000,Petrol,Individual,Manual,Second Owner,19.7 kmpl,796 CC,46.3 bhp,5.0
Maruti,Ertiga,2015.0,650000.0,80000,Diesel,Individual,Manual,First Owner,20.77 kmpl,1248 CC,88.8 bhp,7.0
Maruti,Alto,2005.0,55000.0,39000,Petrol,Individual,Manual,First Owner,19.7 kmpl,796 CC,46.3 bhp,5.0
Maruti,Wagon,2017.0,475000.0,20000,Petrol,Individual,Automatic,First Owner,20.51 kmpl,998 CC,67 bhp,5.0
Nissan,Sunny,2013.0,325000.0,50000,Diesel,Individual,Manual,First Owner,21.64 kmpl,1461 CC,84.8 bhp,5.0
Honda,Jazz,2017.0,615000.0,40000,Petrol,Individual,Automatic,First Owner,19.0 kmpl,1199 CC,88.7 bhp,5.0
Hyundai,Grand,2015.0,390000.0,15000,Petrol,Individual,Manual,First Owner,18.9 kmpl,1197 CC,82 bhp,5.0
Maruti,Swift,2019.0,650000.0,15000,Petrol,Individual,Automatic,First Owner,22.0 kmpl,1197 CC,81.80 bhp,5.0
,Swift,2015.0,440000.0,30000,Petrol,Individual,Manual,First Owner,20.4 kmpl,1197 CC,81.80 bhp,5.0
Honda,City,2014.0,600000.0,70000,Diesel,Individual,Manual,First Owner,26.0 kmpl,1498 CC,98.6 bhp,5.0
Chevrolet,Spark,2012.0,170000.0,80000,Petrol,Individual,Manual,First Owner,16.2 kmpl,995 CC,62.1 bhp,5.0
Mahindra,Bolero,2013.0,499000.0,80000,Diesel,Individual,Manual,First Owner,15.96 kmpl,2523 CC,63 bhp,9.0
Toyota,Innova,2015.0,1300000.0,120000,Diesel,Individual,Manual,First Owner,12.99 kmpl,2494 CC,100.6 bhp,
Hyundai,Verna,2016.0,800000.0,80000,Diesel,Individual,Manual,First Owner,23.9 kmpl,1582 CC,126.2 bhp,5.0
Maruti,Swift,2020.0,600000.0,5000,Petrol,Individual,Manual,First Owner,21.21 kmpl,1197 CC,81.80 bhp,5.0
Honda,Brio,2017.0,400000.0,50000,Petrol,Individual,Manual,First Owner,18.5 kmpl,1198 CC,86.8 bhp,5.0
Maruti,Swift,2017.0,700000.0,65000,Diesel,Individual,Manual,First Owner,26.59 kmpl,1248 CC,74 bhp,5.0
Maruti,Baleno,2017.0,800000.0,35000,Diesel,Individual,Manual,First Owner,27.39 kmpl,1248 CC,74 bhp,5.0
Honda,Jazz,2015.0,600000.0,90000,Diesel,Individual,Manual,First Owner,27.3 kmpl,1498 CC,98.6 bhp,5.0
Maruti,Swift,2016.0,580000.0,100000,Diesel,Individual,Manual,First Owner,25.2 kmpl,1248 CC,74 bhp,5.0
Renault,KWID,2016.0,350000.0,15000,Petrol,Individual,Manual,First Owner,25.17 kmpl,799 CC,53.3 bhp,5.0
Ford,Figo,2011.0,204999.0,147000,Diesel,Individual,Manual,First Owner,20.0 kmpl,1399 CC,68 bhp,5.0
Mahindra,XUV500,2017.0,1350000.0,20000,Diesel,Individual,Manual,First Owner,16.0 kmpl,2179 CC,140 bhp,7.0
Hyundai,i20,2009.0,310000.0,120000,Diesel,Individual,Manual,Second Owner,23.0 kmpl,1396 CC,90 bhp,5.0
Toyota,Innova,2011.0,700000.0,250000,Diesel,Individual,Manual,Second Owner,12.8 kmpl,2494 CC,102 bhp,7.0
Ford,Figo,2016.0,459999.0,69000,Diesel,Individual,Manual,Second Owner,25.83 kmpl,1498 CC,99 bhp,5.0
Maruti,Ciaz,2017.0,860000.0,80000,Diesel,Individual,Manual,First Owner,28.09 kmpl,1248 CC,88.5 bhp,5.0
Hyundai,i10,2012.0,275000.0,97000,LPG,Individual,Manual,Third Owner,19.0 km/kg,1086 CC,68.1 bhp,5.0
Renault,KWID,2016.0,390000.0,15000,Petrol,Individual,Manual,First Owner,25.17 kmpl,799 CC,53.3 bhp,5.0
Maruti,Alto,2005.0,110000.0,50800,Petrol,Dealer,Manual,Second Owner,19.7 kmpl,796 CC,46.3 bhp,5.0
BMW,6,2018.0,5830000.0,30000,Diesel,Individual,Automatic,First Owner,17.09 kmpl,2993 CC,261.4 bhp,4.0
Hyundai,Xcent,2018.0,665000.0,40142,Diesel,Dealer,Manual,First Owner,24.4 kmpl,1120 CC,71 bhp,5.0
Hyundai,i20,2019.0,721000.0,9400,Petrol,Dealer,Manual,First Owner,18.6 kmpl,1197 CC,81.83 bhp,5.0
Mahindra,KUV,2016.0,390000.0,62000,Diesel,Dealer,Manual,First Owner,25.32 kmpl,1198 CC,77 bhp,5.0
Mahindra,Thar,2019.0,975000.0,12584,Diesel,Dealer,Manual,First Owner,16.55 kmpl,2498 CC,105 bhp,6.0
Hyundai,Elite,2019.0,,4300,Petrol,Dealer,Manual,First Owner,18.6 kmpl,1197 CC,81.86 bhp,5.0
Maruti,Swift,2019.0,595000.0,14548,Petrol,Dealer,Manual,First Owner,21.21 kmpl,1197 CC,81.80 bhp,5.0
Ford,EcoSport,2018.0,900000.0,44772,Diesel,Dealer,Manual,Second Owner,23.0 kmpl,1498 CC,98.96 bhp,5.0
Maruti,Ertiga,2018.0,950000.0,48500,Diesel,Dealer,Manual,First Owner,25.47 kmpl,1248 CC,88.50 bhp,7.0
Hyundai,i20,2017.0,570000.0,28782,Petrol,Dealer,Manual,First Owner,18.6 kmpl,1197 CC,81.83 bhp,5.0
Hyundai,i20,2018.0,700000.0,28451,Petrol,Dealer,Manual,First Owner,18.6 kmpl,1197 CC,81.83 bhp,5.0
Maruti,Vitara,2018.0,910000.0,36500,Diesel,Dealer,Manual,First Owner,24.3 kmpl,1248 CC,88.5 bhp,5.0
Maruti,Swift,2018.0,751000.0,44885,Diesel,Dealer,Manual,First Owner,26.59 kmpl,1248 CC,74 bhp,5.0
Tata,Indica,2009.0,135000.0,110000,Diesel,Individual,Manual,Second Owner,17.0 kmpl,1405 CC,71 bhp,5.0
Hyundai,Creta,2017.0,975000.0,41000,Diesel,Dealer,Manual,First Owner,20.5 kmpl,1582 CC,126.2 bhp,5.0
Maruti,Ertiga,2019.0,925000.0,50000,Diesel,Dealer,Manual,First Owner,24.52 kmpl,1248 CC,88.5 bhp,7.0
Maruti,Ertiga,2016.0,725000.0,66000,Diesel,Dealer,Manual,First Owner,20.77 kmpl,1248 CC,88.8 bhp,7.0
Maruti,Ertiga,2013.0,550000.0,65000,Diesel,Dealer,Manual,First Owner,20.77 kmpl,1248 CC,88.76 bhp,7.0
Hyundai,i20,2014.0,550000.0,76000,Diesel,Dealer,Manual,First Owner,22.54 kmpl,1396 CC,88.73 bhp,5.0
Toyota,Innova,2013.0,750000.0,95000,Diesel,Dealer,Manual,First Owner,12.8 kmpl,2494 CC,102 bhp,7.0
Honda,City,2013.0,475000.0,55000,Petrol,Dealer,Manual,Second Owner,17.0 kmpl,1497 CC,118 bhp,5.0
Datsun,GO,2017.0,325000.0,65000,Petrol,Dealer,Manual,First Owner,19.02 kmpl,1198 CC,67.05 bhp,7.0
Maruti,Ertiga,2017.0,,76000,Diesel,Dealer,Manual,First Owner,25.47 kmpl,1248 CC,88.50 bhp,7.0
Maruti,Ertiga,2018.0,775000.0,47000,Petrol,Dealer,Manual,Second Owner,16.02 kmpl,1373 CC,93.7 bhp,7.0
Maruti,Swift,2017.0,625000.0,70000,Diesel,Dealer,Manual,First Owner,23.4 kmpl,1248 CC,74 bhp,5.0
Maruti,Swift,2014.0,470000.0,89000,Diesel,Dealer,Manual,First Owner,22.9 kmpl,1248 CC,74 bhp,5.0
Toyota,Innova,2017.0,1750000.0,98000,Diesel,Dealer,Manual,First Owner,13.68 kmpl,2393 CC,147.51 bhp,7.0
,Innova,2016.0,1650000.0,90000,Diesel,Dealer,Manual,First Owner,13.68 kmpl,2393 CC,147.51 bhp,7.0
Maruti,Swift,2013.0,380000.0,57000,Diesel,Individual,Manual,First Owner,22.9 kmpl,1248 CC,74 bhp,5.0
Maruti,Swift,2017.0,650000.0,70000,Diesel,Individual,Manual,First Owner,26.59 kmpl,1248 CC,74 bhp,5.0
Hyundai,EON,2016.0,275000.0,49200,Petrol,Individual,Manual,First Owner,21.1 kmpl,814 CC,55.2 bhp,5.0
Honda,,2009.0,220000.0,125000,Petrol,Individual,Manual,Second Owner,13.5 kmpl,1799 CC,130 bhp,5.0
Hyundai,i10,2008.0,200000.0,60000,Petrol,Individual,Manual,Second Owner,19.81 kmpl,1086 CC,68.05 bhp,5.0
,Eeco,2015.0,315000.0,120000,Petrol,Individual,Manual,Second Owner,15.37 kmpl,1196 CC,73 bhp,5.0
Maruti,Alto,2004.0,90000.0,110000,Petrol,Individual,Manual,Third Owner,19.7 kmpl,796 CC,46.3 bhp,5.0
Maruti,Wagon,2007.0,120000.0,70000,Petrol,Individual,Manual,Second Owner,18.9 kmpl,1061 CC,67 bhp,5.0
Maruti,Wagon,2006.0,90000.0,168000,Petrol,Individual,Manual,Second Owner,18.9 kmpl,998 CC,67.1 bhp,5.0
Mahindra,,2018.0,1500000.0,30000,Diesel,Individual,Manual,First Owner,16.0 kmpl,2179 CC,140 bhp,7.0
Hyundai,Grand,2015.0,370000.0,60000,Diesel,Individual,Manual,First Owner,24.0 kmpl,1120 CC,70 bhp,5.0
Maruti,Swift,2016.0,595000.0,131111,Diesel,Individual,Manual,First Owner,25.2 kmpl,1248 CC,74 bhp,5.0
Mahindra,Renault,2007.0,150000.0,120000,Diesel,Individual,Manual,Second Owner,19.2 kmpl,1461 CC,65 bhp,5.0
Maruti,Swift,2012.0,400000.0,58400,Diesel,Individual,Manual,Second Owner,19.3 kmpl,1248 CC,73.9 bhp,5.0
Maruti,Alto,2016.0,310000.0,23400,Petrol,Individual,Manual,Second Owner,23.95 kmpl,998 CC,67.1 bhp,5.0
Maruti,Celerio,2018.0,385000.0,50000,Petrol,Individual,Manual,First Owner,23.1 kmpl,998 CC,67.04 bhp,5.0
Mahindra,XUV500,2014.0,750000.0,90000,Diesel,Individual,Manual,First Owner,15.1 kmpl,2179 CC,140 bhp,7.0
Hyundai,Santro,2019.0,521000.0,3010,Petrol,Individual,Automatic,First Owner,20.3 kmpl,1086 CC,68 bhp,5.0
Tata,Manza,2010.0,180000.0,80000,Diesel,Individual,Manual,First Owner,21.12 kmpl,1248 CC,88.8 bhp,5.0
Ford,Fiesta,2011.0,220000.0,155000,Diesel,Individual,Manual,Second Owner,17.8 kmpl,1399 CC,68 bhp,5.0
Maruti,800,1998.0,40000.0,70000,Petrol,Individual,Manual,Second Owner,16.1 kmpl,796 CC,37 bhp,4.0
Hyundai,Grand,2018.0,540000.0,4000,Petrol,Individual,Manual,First Owner,18.9 kmpl,1197 CC,81.86 bhp,5.0
Maruti,Alto,2007.0,140000.0,35000,Petrol,Individual,Manual,Second Owner,19.7 kmpl,796 CC,46.3 bhp,5.0
Maruti,Zen,2003.0,200000.0,121000,Petrol,Individual,Manual,First Owner,17.3 kmpl,993 CC,60 bhp,5.0
Ford,EcoSport,2015.0,650000.0,110000,Diesel,Individual,Manual,Second Owner,22.77 kmpl,1498 CC,98.59 bhp,5.0
Ford,Fiesta,2010.0,229999.0,170000,Diesel,Individual,Manual,Second Owner,17.8 kmpl,1399 CC,68 bhp,5.0
Maruti,Swift,2010.0,305000.0,175000,Diesel,Individual,Manual,Third Owner,17.8 kmpl,1248 CC,75 bhp,5.0
Ford,Fiesta,2008.0,200000.0,163000,Diesel,Individual,Manual,First Owner,17.8 kmpl,1399 CC,68 bhp,5.0
Mahindra,Xylo,2010.0,465000.0,77088,Diesel,Individual,Manual,First Owner,14.0 kmpl,2489 CC,95 bhp,8.0
Nissan,Micra,2011.0,210000.0,110000,Diesel,Individual,Manual,Third Owner,23.08 kmpl,1461 CC,63.1 bhp,5.0
,Bolero,2016.0,570000.0,136511,Diesel,Individual,Manual,First Owner,15.96 kmpl,2523 CC,62.1 bhp,7.0
Maruti,Ertiga,2015.0,570000.0,80000,Petrol,Individual,Manual,First Owner,16.02 kmpl,1373 CC,93.7 bhp,7.0
Maruti,Ertiga,2015.0,650000.0,60000,Petrol,Individual,Manual,First Owner,16.02 kmpl,1373 CC,93.7 bhp,7.0
Maruti,Swift,2016.0,620000.0,36000,Petrol,Individual,Manual,First Owner,20.85 kmpl,1197 CC,83.14 bhp,5.0
Maruti,Wagon,2012.0,250000.0,65000,Petrol,Individual,Manual,Second Owner,18.9 kmpl,998 CC,67.1 bhp,5.0
BMW,X1,2011.0,1000000.0,50000,Diesel,Individual,Automatic,First Owner,17.05 kmpl,1995 CC,184 bhp,5.0
Maruti,Wagon,2012.0,300000.0,60000,LPG,Individual,Manual,First Owner,26.2 km/kg,998 CC,58.2 bhp,5.0
Fiat,Grande,2013.0,300000.0,82500,Diesel,Individual,Manual,First Owner,20.3 kmpl,1248 CC,75 bhp,5.0
Ford,EcoSport,2018.0,810000.0,30000,Diesel,Individual,Manual,Second Owner,23.0 kmpl,1498 CC,98.96 bhp,5.0
Chevrolet,Cruze,2011.0,270000.0,100000,Diesel,Individual,Manual,Third Owner,18.3 kmpl,1991 CC,147.9 bhp,5.0
Maruti,Swift,2015.0,470000.0,70000,Diesel,Individual,Manual,Second Owner,26.59 kmpl,1248 CC,74 bhp,5.0
,Zest,2017.0,400000.0,85000,Diesel,Individual,Manual,First Owner,20.65 kmpl,1248 CC,88.7 bhp,5.0
Maruti,Wagon,2014.0,300000.0,60000,Petrol,Individual,Manual,Second Owner,20.51 kmpl,998 CC,67.04 bhp,5.0
Maruti,Alto,2015.0,170000.0,20000,Petrol,Individual,Manual,Third Owner,22.74 kmpl,796 CC,47.3 bhp,5.0
Renault,Duster,2014.0,455999.0,80000,Diesel,Individual,Manual,First Owner,19.01 kmpl,1461 CC,108.45 bhp,5.0
Mahindra,,2009.0,121000.0,100000,Diesel,Individual,Manual,Second Owner,13.0 kmpl,2489 CC,95 bhp,8.0
Maruti,Vitara,2016.0,650000.0,80000,Diesel,Individual,Manual,Second Owner,24.3 kmpl,1248 CC,88.5 bhp,5.0
Tata,Bolt,2017.0,350000.0,35000,Petrol,Individual,Manual,First Owner,17.57 kmpl,1193 CC,88.7 bhp,5.0
Chevrolet,Beat,2013.0,125000.0,139000,Diesel,Individual,Manual,First Owner,25.44 kmpl,936 CC,57.6 bhp,5.0
Maruti,Alto,2005.0,80000.0,90000,Petrol,Individual,Automatic,Second Owner,19.7 kmpl,796 CC,46.3 bhp,5.0
Honda,City,2008.0,,100000,Petrol,Individual,Manual,First Owner,17.7 kmpl,1497 CC,78 bhp,5.0
Volkswagen,Vento,2011.0,225000.0,90000,Diesel,Individual,Manual,First Owner,20.54 kmpl,1598 CC,103.6 bhp,5.0
Mahindra,Bolero,2007.0,215000.0,105000,Diesel,Individual,Manual,Second Owner,13.6 kmpl,2523 CC,63 bhp,7.0
Hyundai,Xcent,2017.0,450000.0,40000,Diesel,Individual,Manual,Second Owner,25.4 kmpl,1186 CC,73.97 bhp,5.0
Hyundai,Xcent,2017.0,509999.0,90000,Petrol,Individual,Manual,First Owner,20.14 kmpl,1197 CC,81.86 bhp,5.0
Maruti,Alto,2015.0,245000.0,36710,Petrol,Individual,Manual,Second Owner,22.74 kmpl,796 CC,47.3 bhp,5.0
Maruti,SX4,2016.0,620000.0,28180,Diesel,Dealer,Manual,First Owner,23.65 kmpl,1248 CC,88.5 bhp,5.0
Tata,Harrier,2019.0,1700000.0,15000,Diesel,Individual,Manual,First Owner,17.0 kmpl,1956 CC,138.1 bhp,5.0
Datsun,GO,2019.0,590000.0,4000,Petrol,Individual,Manual,First Owner,19.72 kmpl,1198 CC,67 bhp,7.0
Maruti,Ritz,2014.0,370000.0,30000,Diesel,Individual,Manual,First Owner,23.2 kmpl,1248 CC,73.94 bhp,5.0
Maruti,Swift,2013.0,,15000,Petrol,Individual,Manual,First Owner,18.6 kmpl,1197 CC,85.8 bhp,5.0
Maruti,Baleno,2017.0,580000.0,20000,Petrol,Individual,Manual,First Owner,21.4 kmpl,1197 CC,83.1 bhp,5.0
Hyundai,Grand,2018.0,450000.0,56000,Petrol,Individual,Manual,First Owner,18.9 kmpl,1197 CC,81.86 bhp,5.0
Hyundai,i20,2017.0,600000.0,19000,Petrol,Individual,Manual,First Owner,17.19 kmpl,1197 CC,81.86 bhp,5.0
Ford,Endeavour,2016.0,2400000.0,30000,Diesel,Individual,Automatic,First Owner,12.62 kmpl,2198 CC,158 bhp,7.0
Hyundai,i20,2017.0,450000.0,70000,Petrol,Individual,Manual,First Owner,18.6 kmpl,1197 CC,81.83 bhp,5.0
Tata,Indigo,2009.0,150000.0,30000,Diesel,Individual,Manual,First Owner,19.09 kmpl,1396 CC,69 bhp,5.0
Maruti,Eeco,2019.0,400000.0,15000,Petrol,Individual,Manual,First Owner,15.37 kmpl,1196 CC,73 bhp,5.0
Maruti,Alto,2013.0,185000.0,85000,Petrol,Individual,Manual,First Owner,22.74 kmpl,796 CC,47.3 bhp,5.0
Maruti,Swift,,625000.0,50000,Petrol,Individual,Automatic,First Owner,22.0 kmpl,1197 CC,81.80 bhp,5.0
Hyundai,i20,2019.0,700000.0,20000,Petrol,Individual,Manual,First Owner,17.19 kmpl,1197 CC,81.86 bhp,5.0
Maruti,Wagon,2017.0,390000.0,25000,Petrol,Individual,Manual,First Owner,20.51 kmpl,998 CC,67.04 bhp,5.0
Tata,Nexon,2018.0,625000.0,25000,Petrol,Individual,Manual,First Owner,17.0 kmpl,1198 CC,108.5 bhp,5.0
Maruti,Swift,2014.0,,50000,Petrol,Individual,Manual,First Owner,19.1 kmpl,1197 CC,85.8 bhp,5.0
Hyundai,i20,2011.0,380000.0,150000,Diesel,Individual,Manual,Fourth & Above Owner,23.0 kmpl,1396 CC,90 bhp,5.0
Toyota,Corolla,2009.0,400000.0,90000,Petrol,Individual,Automatic,First Owner,14.53 kmpl,1794 CC,138.1 bhp,5.0
Tata,Zest,2019.0,620000.0,100000,Petrol,Individual,Manual,First Owner,17.57 kmpl,1193 CC,88.7 bhp,5.0
Ford,Fiesta,2008.0,190000.0,180000,Diesel,Individual,Manual,Second Owner,17.8 kmpl,1399 CC,67 bhp,5.0
Maruti,Alto,2013.0,210000.0,50000,Petrol,Individual,Manual,Second Owner,22.74 kmpl,796 CC,47.3 bhp,5.0
Maruti,Ritz,2012.0,270000.0,80000,Diesel,Individual,Manual,Third Owner,23.2 kmpl,1248 CC,73.94 bhp,5.0
Maruti,Zen,1999.0,45000.0,100000,Petrol,Individual,Manual,Third Owner,17.3 kmpl,993 CC,60 bhp,5.0
Hyundai,EON,2014.0,220000.0,93000,Petrol,Individual,Manual,Second Owner,21.1 kmpl,814 CC,55.2 bhp,5.0
Mahindra,Bolero,2014.0,550000.0,11500,Diesel,Individual,Manual,First Owner,15.96 kmpl,2523 CC,63 bhp,9.0
Hyundai,i20,2013.0,370000.0,120000,Petrol,Individual,Manual,First Owner,18.5 kmpl,1197 CC,82.85 bhp,5.0
,Xylo,2015.0,650000.0,50000,Diesel,Individual,Manual,First Owner,14.95 kmpl,2489 CC,93.7 bhp,9.0
Honda,City,2012.0,550000.0,120000,Petrol,Individual,Manual,First Owner,16.8 kmpl,1497 CC,116.3 bhp,5.0
Ford,Fiesta,2010.0,225000.0,100000,Diesel,Individual,Manual,Second Owner,17.8 kmpl,1399 CC,68 bhp,5.0
Maruti,800,2004.0,40000.0,57000,Petrol,Individual,Manual,Second Owner,16.1 kmpl,796 CC,37 bhp,4.0
Hyundai,EON,2016.0,280000.0,60000,Petrol,Individual,Manual,First Owner,21.1 kmpl,814 CC,55.2 bhp,5.0
Ford,,2017.0,570000.0,44077,Petrol,Dealer,Automatic,First Owner,17.01 kmpl,1499 CC,110.5 bhp,5.0
,Alto,2017.0,290000.0,90000,Petrol,Individual,Manual,Second Owner,24.7 kmpl,796 CC,47.3 bhp,5.0
Hyundai,i20,2018.0,720000.0,50000,Diesel,Individual,Manual,Second Owner,21.19 kmpl,1396 CC,88.73 bhp,5.0
Ford,EcoSport,2017.0,800000.0,60000,Diesel,Individual,Manual,First Owner,22.77 kmpl,1498 CC,98.59 bhp,5.0
Hyundai,i10,2012.0,265000.0,20000,Petrol,Individual,Manual,Third Owner,19.81 kmpl,1086 CC,68.05 bhp,5.0
Maruti,Alto,2010.0,135000.0,90000,Petrol,Individual,Manual,Third Owner,19.7 kmpl,796 CC,46.3 bhp,5.0
Ford,Figo,2016.0,350000.0,70000,Diesel,Individual,Manual,Second Owner,25.83 kmpl,1498 CC,99 bhp,5.0
Chevrolet,Enjoy,2016.0,490000.0,80000,Diesel,Individual,Manual,First Owner,18.2 kmpl,1248 CC,73.74 bhp,8.0
Hyundai,Verna,2012.0,450000.0,72000,Diesel,Individual,Manual,Second Owner,22.32 kmpl,1582 CC,126.32 bhp,5.0
Mahindra,Scorpio,2016.0,950000.0,50000,Diesel,Individual,Manual,First Owner,15.4 kmpl,1997 CC,120 bhp,7.0
Maruti,,2012.0,355000.0,90000,Petrol,Individual,Manual,Second Owner,17.5 kmpl,1298 CC,85.8 bhp,5.0
Hyundai,Elite,2019.0,700000.0,17000,Petrol,Individual,Manual,First Owner,18.6 kmpl,1197 CC,81.86 bhp,5.0
Mahindra,Scorpio,2012.0,459999.0,70000,Diesel,Individual,Manual,First Owner,12.05 kmpl,2179 CC,120 bhp,8.0
Volkswagen,Polo,2012.0,350000.0,74000,Diesel,Individual,Manual,Second Owner,22.07 kmpl,1199 CC,73.9 bhp,5.0
Maruti,Alto,2006.0,85000.0,60000,Petrol,Individual,Manual,Second Owner,19.7 kmpl,796 CC,46.3 bhp,5.0
Maruti,Alto,2016.0,290000.0,15000,Petrol,Individual,Manual,First Owner,22.74 kmpl,796 CC,47.3 bhp,5.0
Honda,WR-V,2019.0,1000000.0,72000,Diesel,Individual,Manual,First Owner,25.5 kmpl,1498 CC,98.6 bhp,5.0
Tata,Indica,2008.0,85000.0,25000,Petrol,Individual,Manual,Second Owner,16.84 kmpl,1193 CC,64.4 bhp,5.0
Maruti,Alto,2003.0,65000.0,114000,Petrol,Individual,Manual,First Owner,19.7 kmpl,796 CC,46.3 bhp,5.0
Honda,City,2005.0,75000.0,120000,Petrol,Individual,Manual,First Owner,13.0 kmpl,1493 CC,100 bhp,5.0
Skoda,Octavia,2003.0,100000.0,250000,Diesel,Individual,Manual,Second Owner,18.7 kmpl,1896 CC,66 bhp,5.0
Tata,Indica,2009.0,170000.0,55768,Diesel,Individual,Manual,First Owner,17.0 kmpl,1405 CC,71 bhp,5.0
Hyundai,Grand,2017.0,525000.0,40000,Petrol,Individual,Automatic,First Owner,18.9 kmpl,1197 CC,81.86 bhp,5.0
Maruti,Wagon,2020.0,265000.0,70000,Petrol,Individual,Manual,Second Owner,21.79 kmpl,998 CC,67.05 bhp,5.0
Tata,Tigor,2018.0,459999.0,50000,Petrol,Individual,Manual,First Owner,20.3 kmpl,1199 CC,84 bhp,5.0
Maruti,Alto,2017.0,250000.0,20000,Petrol,Individual,Manual,First Owner,23.95 kmpl,998 CC,67.05 bhp,5.0
Maruti,Swift,2013.0,395000.0,70000,Diesel,Individual,Manual,Second Owner,23.4 kmpl,1248 CC,74 bhp,5.0
Hyundai,Grand,2014.0,375000.0,60000,Petrol,Individual,Manual,First Owner,18.9 kmpl,1197 CC,82 bhp,5.0
Tata,Indica,2009.0,120000.0,120000,Diesel,Individual,Manual,First Owner,17.0 kmpl,1405 CC,71 bhp,5.0
Maruti,Ritz,2011.0,290000.0,110000,Diesel,Individual,Manual,Second Owner,21.1 kmpl,1248 CC,73.9 bhp,5.0
Tata,Tiago,2017.0,409999.0,60000,Petrol,Individual,Manual,First Owner,23.84 kmpl,1199 CC,84 bhp,5.0
Chevrolet,Spark,2009.0,200000.0,30000,Petrol,Individual,Manual,First Owner,16.5 kmpl,995 CC,63 bhp,5.0
Skoda,Rapid,2018.0,900000.0,35000,Diesel,Individual,Manual,First Owner,21.13 kmpl,1498 CC,108.6 bhp,5.0
Maruti,800,2003.0,50000.0,50000,Petrol,Individual,Manual,Third Owner,16.1 kmpl,796 CC,37 bhp,4.0
Renault,Duster,2012.0,450000.0,100000,Diesel,Individual,Manual,First Owner,19.01 kmpl,1461 CC,108.45 bhp,5.0
Mahindra,XUV500,2012.0,650000.0,80000,Diesel,Individual,Manual,Third Owner,15.1 kmpl,2179 CC,140 bhp,7.0
Volkswagen,CrossPolo,2014.0,300000.0,84000,Diesel,Individual,Manual,Second Owner,20.14 kmpl,1498 CC,88.5 bhp,5.0
Ford,Fiesta,2014.0,,60000,Diesel,Individual,Manual,First Owner,25.01 kmpl,1498 CC,89.75 bhp,5.0
Maruti,Zen,1998.0,55000.0,50000,Petrol,Individual,Manual,Second Owner,17.3 kmpl,993 CC,60 bhp,5.0
Hyundai,i10,2011.0,200000.0,60000,Petrol,Individual,Manual,Second Owner,20.36 kmpl,1197 CC,78.9 bhp,5.0
Mahindra,XUV500,2015.0,975000.0,100000,Diesel,Individual,Manual,First Owner,16.0 kmpl,2179 CC,140 bhp,7.0
Mahindra,Bolero,2013.0,450000.0,70000,Diesel,Individual,Manual,First Owner,15.96 kmpl,2523 CC,62.1 bhp,7.0
Mahindra,Bolero,2014.0,600000.0,82500,Diesel,Individual,Manual,Second Owner,15.96 kmpl,2523 CC,62.1 bhp,7.0
Mahindra,Bolero,2014.0,550000.0,76000,Diesel,Individual,Manual,First Owner,15.96 kmpl,2523 CC,62.1 bhp,9.0
Tata,Indica,2011.0,180000.0,87000,Diesel,Individual,Manual,First Owner,18.0 kmpl,1248 CC,75 bhp,5.0
Mahindra,Xylo,2010.0,300000.0,120000,Diesel,Individual,Manual,First Owner,14.0 kmpl,2498 CC,112 bhp,7.0
Tata,Zest,2016.0,350000.0,70000,Petrol,Individual,Manual,Second Owner,17.57 kmpl,1193 CC,88.7 bhp,5.0
Maruti,Swift,2014.0,465000.0,90000,Diesel,Individual,Manual,First Owner,23.4 kmpl,1248 CC,74 bhp,5.0
Tata,Manza,2010.0,200000.0,188000,Diesel,Individual,Manual,Second Owner,21.12 kmpl,1248 CC,88.8 bhp,5.0
Chevrolet,Enjoy,2014.0,350000.0,120000,Diesel,Individual,Manual,Second Owner,18.2 kmpl,1248 CC,73.8 bhp,8.0
Honda,City,2015.0,650000.0,80000,Petrol,Individual,Manual,First Owner,17.4 kmpl,1497 CC,117.3 bhp,5.0
Hyundai,i10,2010.0,150000.0,123278,Petrol,Individual,Manual,Second Owner,20.36 kmpl,1197 CC,78.9 bhp,5.0
Honda,City,2014.0,,100000,Diesel,Individual,Manual,Second Owner,26.0 kmpl,1498 CC,98.6 bhp,5.0
Hyundai,i20,2015.0,625000.0,90000,Diesel,Individual,Manual,First Owner,21.19 kmpl,1396 CC,88.73 bhp,5.0
Ford,Figo,2012.0,220000.0,110000,Diesel,Individual,Manual,First Owner,20.0 kmpl,1399 CC,68 bhp,5.0
Ford,Figo,2013.0,250000.0,110000,Diesel,Individual,Manual,First Owner,20.0 kmpl,1399 CC,68.1 bhp,5.0
Tata,Zest,2018.0,,70000,Diesel,Individual,Manual,First Owner,20.65 kmpl,1248 CC,88.7 bhp,5.0
Mahindra,XUV500,2015.0,1050000.0,65000,Diesel,Individual,Manual,First Owner,15.1 kmpl,2179 CC,140 bhp,7.0
Jaguar,XF,2015.0,3000000.0,70000,Diesel,Individual,Automatic,Second Owner,16.36 kmpl,2179 CC,187.7 bhp,5.0
Tata,New,2012.0,200000.0,90000,Diesel,Individual,Manual,Third Owner,11.57 kmpl,2179 CC,138.1 bhp,7.0
Maruti,Alto,2016.0,262000.0,50000,Petrol,Individual,Manual,First Owner,22.74 kmpl,796 CC,47.3 bhp,5.0
Hyundai,EON,2018.0,299000.0,33000,Petrol,Individual,Manual,First Owner,21.1 kmpl,814 CC,55.2 bhp,5.0
Maruti,Alto,2015.0,250000.0,26500,Petrol,Individual,Manual,First Owner,22.74 kmpl,796 CC,47.3 bhp,5.0
Hyundai,Santro,2011.0,140000.0,60000,Petrol,Individual,Manual,Fourth & Above Owner,17.92 kmpl,1086 CC,62.1 bhp,5.0
Maruti,,2013.0,360000.0,70000,Diesel,Individual,Manual,Third Owner,23.4 kmpl,1248 CC,74 bhp,5.0
Datsun,GO,2015.0,,80000,Petrol,Individual,Manual,First Owner,20.63 kmpl,1198 CC,67.06 bhp,5.0
Hyundai,i20,2017.0,600000.0,60000,Diesel,Individual,Manual,First Owner,22.54 kmpl,1396 CC,88.73 bhp,5.0
Skoda,Fabia,2011.0,210000.0,100000,Diesel,Individual,Manual,First Owner,19.5 kmpl,1199 CC,75 bhp,5.0
Volkswagen,Vento,2011.0,300000.0,80000,Diesel,Individual,Manual,Second Owner,20.54 kmpl,1598 CC,103.6 bhp,5.0
,Grand,2016.0,450000.0,35000,Petrol,Individual,Manual,First Owner,18.9 kmpl,1197 CC,82 bhp,5.0
Ford,Endeavour,2018.0,3200000.0,35000,Diesel,Individual,Automatic,First Owner,10.91 kmpl,3198 CC,197 bhp,7.0
Hyundai,Grand,2019.0,550000.0,10000,Petrol,Individual,Manual,First Owner,18.9 kmpl,1197 CC,81.86 bhp,5.0
Tata,Indica,2011.0,100000.0,80000,Diesel,Individual,Manual,First Owner,18.0 kmpl,1248 CC,75 bhp,5.0
Hyundai,EON,2012.0,185000.0,50000,Petrol,Individual,Manual,Second Owner,21.1 kmpl,814 CC,55.2 bhp,5.0
Maruti,Wagon,2006.0,80000.0,90000,Petrol,Individual,Manual,Second Owner,17.3 kmpl,1061 CC,64 bhp,5.0
,Alto,2017.0,295000.0,80000,Petrol,Individual,Manual,First Owner,24.7 kmpl,796 CC,47.3 bhp,5.0
Renault,KWID,2017.0,360000.0,25000,Petrol,Individual,Manual,First Owner,23.01 kmpl,999 CC,67 bhp,5.0
Maruti,Alto,2014.0,210000.0,70000,Petrol,Individual,Manual,First Owner,20.92 kmpl,998 CC,67.1 bhp,5.0
Hyundai,Elite,2019.0,585000.0,80000,Petrol,Individual,Automatic,First Owner,17.4 kmpl,1197 CC,81.86 bhp,5.0
Volkswagen,Polo,2016.0,560000.0,50000,Diesel,Individual,Manual,First Owner,20.14 kmpl,1498 CC,88.7 bhp,5.0
Honda,City,2015.0,600000.0,70000,Diesel,Individual,Manual,First Owner,26.0 kmpl,1498 CC,98.6 bhp,5.0
Datsun,GO,2017.0,330000.0,60000,Petrol,Individual,Manual,First Owner,20.63 kmpl,1198 CC,67 bhp,5.0
Hyundai,Verna,2019.0,990000.0,15000,Petrol,Individual,Manual,First Owner,17.0 kmpl,1591 CC,121.3 bhp,5.0
Toyota,Etios,2012.0,300000.0,90000,Diesel,Individual,Manual,First Owner,23.59 kmpl,1364 CC,67.1 bhp,5.0
Tata,Nexon,2018.0,650000.0,28000,Petrol,Individual,Manual,First Owner,17.0 kmpl,1198 CC,108.5 bhp,5.0
Hyundai,Elite,,695000.0,20000,Petrol,Individual,Automatic,First Owner,17.4 kmpl,1197 CC,81.86 bhp,5.0
Hyundai,Grand,2014.0,300000.0,60000,Diesel,Individual,Manual,First Owner,24.0 kmpl,1120 CC,70 bhp,5.0
Maruti,Alto,2015.0,270000.0,22000,Petrol,Individual,Manual,First Owner,22.74 kmpl,796 CC,47.3 bhp,5.0
Tata,New,2010.0,185000.0,70000,Diesel,Individual,Manual,Second Owner,11.57 kmpl,2179 CC,138.1 bhp,7.0
Chevrolet,Sail,2013.0,200000.0,80000,Diesel,Individual,Manual,First Owner,22.1 kmpl,1248 CC,76.9 bhp,5.0
Maruti,Wagon,2019.0,459999.0,35000,CNG,Individual,Manual,First Owner,26.6 km/kg,998 CC,58.16 bhp,5.0
Tata,Nexon,2018.0,860000.0,60000,Diesel,Individual,Manual,First Owner,21.5 kmpl,1497 CC,108.5 bhp,5.0
Tata,Tiago,2018.0,400000.0,20000,Petrol,Individual,Manual,First Owner,23.84 kmpl,1199 CC,84 bhp,5.0
Maruti,Ritz,2013.0,240000.0,142000,Diesel,Individual,Manual,Second Owner,23.2 kmpl,1248 CC,73.94 bhp,5.0
Maruti,Swift,2015.0,570000.0,72000,Diesel,Individual,Manual,First Owner,26.59 kmpl,1248 CC,74 bhp,5.0
Ford,EcoSport,2018.0,850000.0,90000,Diesel,Individual,Manual,First Owner,23.0 kmpl,1498 CC,98.96 bhp,5.0
Ford,,2011.0,155000.0,80000,Diesel,Individual,Manual,Third Owner,20.0 kmpl,1399 CC,68 bhp,5.0
Hyundai,i20,2011.0,270000.0,125000,Diesel,Individual,Manual,First Owner,23.0 kmpl,1396 CC,90 bhp,5.0
Maruti,Ciaz,2015.0,,33000,Petrol,Individual,Manual,First Owner,20.73 kmpl,1373 CC,91.1 bhp,5.0
Hyundai,Creta,2015.0,1000000.0,50000,Diesel,Individual,Manual,First Owner,19.67 kmpl,1582 CC,126.2 bhp,5.0
Mahindra,Scorpio,2012.0,450000.0,120000,Diesel,Individual,Manual,Second Owner,12.05 kmpl,2179 CC,120 bhp,9.0
Hyundai,Xcent,2018.0,500000.0,35000,Diesel,Individual,Manual,First Owner,25.4 kmpl,1186 CC,73.97 bhp,5.0
Honda,Amaze,2018.0,700000.0,43000,Diesel,Individual,Manual,First Owner,27.4 kmpl,1498 CC,98.63 bhp,5.0
Maruti,Alto,2007.0,135000.0,60000,Petrol,Individual,Manual,First Owner,19.7 kmpl,796 CC,46.3 bhp,5.0
Mahindra,Scorpio,2012.0,430000.0,148000,Diesel,Individual,Manual,Second Owner,12.05 kmpl,2179 CC,120 bhp,9.0
Hyundai,Verna,2014.0,625000.0,70000,Diesel,Individual,Manual,Second Owner,22.32 kmpl,1582 CC,126.32 bhp,5.0
Nissan,Sunny,2011.0,280000.0,96000,Petrol,Individual,Manual,First Owner,16.95 kmpl,1498 CC,97.7 bhp,5.0
Maruti,Ritz,2012.0,220000.0,70000,Diesel,Individual,Manual,Second Owner,23.2 kmpl,1248 CC,73.94 bhp,5.0
Maruti,Ignis,2017.0,620000.0,18484,Petrol,Individual,Manual,First Owner,20.89 kmpl,1197 CC,81.80 bhp,5.0
Tata,Safari,2011.0,300000.0,70000,Diesel,Individual,Manual,First Owner,13.93 kmpl,2179 CC,138.03 bhp,7.0
Maruti,Alto,2010.0,180000.0,25000,Petrol,Individual,Manual,Second Owner,19.7 kmpl,796 CC,46.3 bhp,5.0
Volkswagen,Polo,2013.0,250000.0,120000,Diesel,Individual,Manual,Third Owner,22.07 kmpl,1199 CC,73.9 bhp,5.0
Maruti,Swift,2017.0,480000.0,55000,Petrol,Individual,Manual,First Owner,20.85 kmpl,1197 CC,83.14 bhp,5.0
Ford,EcoSport,2019.0,885000.0,10000,Petrol,Individual,Manual,Second Owner,17.0 kmpl,1497 CC,121.31 bhp,5.0
Mahindra,KUV,2020.0,550000.0,60000,Diesel,Individual,Manual,First Owner,25.32 kmpl,1198 CC,77 bhp,6.0
Maruti,Swift,2018.0,800000.0,30000,Diesel,Individual,Manual,First Owner,28.4 kmpl,1248 CC,74.02 bhp,5.0
Hyundai,Santro,2013.0,180000.0,65000,Petrol,Individual,Manual,First Owner,17.92 kmpl,1086 CC,62.1 bhp,5.0
Hyundai,i20,2012.0,380000.0,50000,Diesel,Individual,Manual,Second Owner,21.9 kmpl,1396 CC,88.76 bhp,5.0
Tata,Tiago,2019.0,520000.0,2560,Petrol,Individual,Automatic,First Owner,24.0 kmpl,1199 CC,83.81 bhp,5.0
Maruti,Alto,2004.0,90000.0,60000,Petrol,Individual,Manual,First Owner,19.7 kmpl,796 CC,46.3 bhp,5.0
Maruti,Wagon,2016.0,330000.0,80000,Petrol,Individual,Manual,Second Owner,20.51 kmpl,998 CC,67.04 bhp,5.0
Maruti,800,1999.0,40000.0,50000,Petrol,Individual,Manual,Second Owner,16.1 kmpl,796 CC,37 bhp,4.0
Chevrolet,Enjoy,2015.0,370000.0,120000,Diesel,Individual,Manual,First Owner,18.2 kmpl,1248 CC,73.8 bhp,8.0
Honda,City,2009.0,290000.0,120000,Petrol,Individual,Manual,Second Owner,16.8 kmpl,1497 CC,116.3 bhp,5.0
Hyundai,EON,2013.0,,47000,Petrol,Individual,Manual,Second Owner,21.1 kmpl,814 CC,55.2 bhp,5.0
Tata,Hexa,2017.0,1282000.0,45000,Diesel,Individual,Manual,First Owner,17.6 kmpl,2179 CC,153.86 bhp,7.0
Toyota,Innova,2012.0,610000.0,90000,Diesel,Individual,Manual,First Owner,12.8 kmpl,2494 CC,102 bhp,8.0
Hyundai,i20,2013.0,380000.0,110000,Diesel,Individual,Manual,Second Owner,21.27 kmpl,1396 CC,88.76 bhp,5.0
,Scorpio,2017.0,1250000.0,95000,Diesel,Individual,Manual,First Owner,15.4 kmpl,1997 CC,120 bhp,7.0
Hyundai,Verna,2012.0,400000.0,103655,Diesel,Individual,Manual,Second Owner,22.32 kmpl,1582 CC,126.3 bhp,5.0
Hyundai,i20,2018.0,700000.0,25000,Petrol,Individual,Automatic,Second Owner,17.4 kmpl,1197 CC,81.86 bhp,5.0
Renault,Duster,2014.0,650000.0,80000,Diesel,Individual,Manual,First Owner,19.01 kmpl,1461 CC,108.45 bhp,5.0
Tata,Nano,2014.0,95000.0,50000,Petrol,Individual,Manual,Second Owner,25.4 kmpl,624 CC,37.5 bhp,4.0
Mahindra,XUV500,2015.0,1147000.0,56975,Diesel,Individual,Manual,First Owner,16.0 kmpl,2179 CC,140 bhp,7.0
Hyundai,Santro,2010.0,150000.0,110000,Petrol,Individual,Manual,First Owner,0.0 kmpl,1086 CC,62 bhp,5.0
Maruti,Alto,2008.0,120000.0,80000,Petrol,Individual,Manual,Third Owner,19.7 kmpl,796 CC,46.3 bhp,5.0
Ford,Fiesta,2010.0,180000.0,187000,Diesel,Dealer,Manual,Second Owner,17.8 kmpl,1399 CC,68 bhp,5.0
Ford,Fiesta,2013.0,325000.0,69000,Diesel,Dealer,Manual,First Owner,18.6 kmpl,1388 CC,67 bhp,5.0
Ford,EcoSport,2015.0,550000.0,206000,Diesel,Dealer,Manual,First Owner,22.77 kmpl,1498 CC,98.59 bhp,5.0
Ford,EcoSport,2018.0,950000.0,27000,Diesel,Dealer,Manual,First Owner,22.77 kmpl,1498 CC,98.59 bhp,5.0
Ford,Ecosport,2014.0,500000.0,132000,Diesel,Dealer,Manual,Second Owner,22.7 kmpl,1498 CC,89.84 bhp,5.0
Ford,Aspire,2017.0,,75000,Diesel,Dealer,Manual,First Owner,26.1 kmpl,1498 CC,99.23 bhp,5.0
Ford,Figo,2015.0,500000.0,18000,Petrol,Dealer,Manual,Second Owner,18.5 kmpl,1194 CC,94.93 bhp,5.0
Mahindra,Verito,2011.0,180000.0,218000,Diesel,Individual,Manual,First Owner,21.0 kmpl,1461 CC,64.1 bhp,5.0
Hyundai,,2016.0,650000.0,10000,Diesel,Individual,Manual,First Owner,22.54 kmpl,1396 CC,88.73 bhp,5.0
Maruti,,2010.0,,80000,Diesel,Individual,Manual,First Owner,17.8 kmpl,1248 CC,75 bhp,5.0
Mahindra,Verito,2011.0,210000.0,215000,Diesel,Individual,Manual,First Owner,21.0 kmpl,1461 CC,64.1 bhp,5.0
Ford,Fiesta,2012.0,200000.0,137000,Diesel,Individual,Manual,First Owner,17.8 kmpl,1399 CC,67 bhp,5.0
Volkswagen,Vento,2011.0,295000.0,65000,Diesel,Individual,Manual,Second Owner,20.54 kmpl,1598 CC,103.6 bhp,5.0
Honda,City,2007.0,160000.0,120000,Petrol,Individual,Manual,Third Owner,17.7 kmpl,1497 CC,78 bhp,5.0
Maruti,Celerio,2017.0,450000.0,10000,Petrol,Individual,Automatic,First Owner,23.1 kmpl,998 CC,67.04 bhp,5.0
Datsun,GO,2016.0,385000.0,20000,Petrol,Individual,Manual,First Owner,20.62 kmpl,1198 CC,67 bhp,7.0
Ford,Fiesta,2011.0,350000.0,93500,Diesel,Individual,Manual,Second Owner,18.6 kmpl,1388 CC,67 bhp,5.0
Maruti,Swift,2019.0,558000.0,70000,Diesel,Individual,Manual,First Owner,28.4 kmpl,1248 CC,74.02 bhp,5.0
Hyundai,Santro,2010.0,165000.0,56000,Petrol,Individual,Manual,Third Owner,17.92 kmpl,1086 CC,62.1 bhp,5.0
Hyundai,i20,2012.0,300000.0,80000,Diesel,Individual,Manual,Second Owner,21.9 kmpl,1396 CC,88.76 bhp,5.0
Mahindra,XUV500,2012.0,,100000,Diesel,Individual,Manual,First Owner,15.1 kmpl,2179 CC,140 bhp,7.0
BMW,X5,2008.0,830000.0,60000,Diesel,Individual,Automatic,Third Owner,11.0 kmpl,2993 CC,235 bhp,5.0
Skoda,Rapid,2014.0,640000.0,65000,Diesel,Individual,Manual,Second Owner,21.14 kmpl,1498 CC,103.52 bhp,5.0
Mahindra,Scorpio,2015.0,900000.0,70000,Diesel,Individual,Manual,Third Owner,15.4 kmpl,2179 CC,120 bhp,7.0
Chevrolet,Enjoy,2013.0,450000.0,60000,Diesel,Individual,Manual,First Owner,18.2 kmpl,1248 CC,73.8 bhp,7.0
,Ciaz,2018.0,825000.0,82000,Diesel,Individual,Manual,First Owner,28.09 kmpl,1248 CC,88.5 bhp,5.0
Tata,Aria,2013.0,500000.0,80000,Diesel,Individual,Manual,Second Owner,13.7 kmpl,2179 CC,138.1 bhp,7.0
Mahindra,KUV,2017.0,325000.0,5000,Petrol,Individual,Manual,Second Owner,18.15 kmpl,1198 CC,82 bhp,6.0
Renault,Duster,2014.0,450000.0,133000,Diesel,Individual,Manual,First Owner,19.01 kmpl,1461 CC,108.45 bhp,5.0
,WR-V,2017.0,675000.0,25000,Petrol,Individual,Manual,Second Owner,17.5 kmpl,1199 CC,88.7 bhp,5.0
Tata,,2017.0,415000.0,15000,Petrol,Individual,Manual,First Owner,17.57 kmpl,1193 CC,88.7 bhp,5.0
Hyundai,Creta,2017.0,1100000.0,40000,Diesel,Individual,Manual,First Owner,21.38 kmpl,1396 CC,88.7 bhp,5.0
Volkswagen,Ameo,2016.0,,35000,Petrol,Individual,Manual,First Owner,17.0 kmpl,1198 CC,73.75 bhp,5.0
Mahindra,Bolero,2014.0,509999.0,70000,Diesel,Individual,Manual,Second Owner,15.96 kmpl,2523 CC,62.1 bhp,7.0
Mahindra,Scorpio,2007.0,200000.0,152000,Diesel,Individual,Manual,Fourth & Above Owner,10.5 kmpl,2609 CC,120 bhp,9.0
Maruti,800,2007.0,60000.0,100000,Petrol,Individual,Manual,Second Owner,16.1 kmpl,796 CC,37 bhp,4.0
Hyundai,Verna,2013.0,500000.0,80000,Diesel,Individual,Manual,Second Owner,22.32 kmpl,1582 CC,126.3 bhp,5.0
Tata,Indica,2009.0,45000.0,100000,Diesel,Individual,Manual,Second Owner,17.2 kmpl,1396 CC,53.5 bhp,5.0
,KWID,2017.0,270000.0,50000,Petrol,Individual,Manual,First Owner,25.17 kmpl,799 CC,53.3 bhp,5.0
Hyundai,i20,2017.0,550000.0,40000,Petrol,Individual,Manual,First Owner,17.19 kmpl,1197 CC,81.86 bhp,5.0
Renault,KWID,2016.0,235000.0,60000,Petrol,Individual,Manual,First Owner,23.01 kmpl,999 CC,67 bhp,5.0
Honda,Jazz,2015.0,525000.0,60000,Diesel,Individual,Manual,First Owner,27.3 kmpl,1498 CC,98.6 bhp,5.0
Maruti,Swift,2012.0,325000.0,90000,Diesel,Individual,Manual,First Owner,22.9 kmpl,1248 CC,74 bhp,5.0
Maruti,Swift,2014.0,420000.0,90000,Diesel,Individual,Manual,First Owner,23.4 kmpl,1248 CC,74 bhp,5.0
Maruti,Alto,2014.0,229999.0,60000,Petrol,Individual,Manual,Second Owner,20.92 kmpl,998 CC,67.1 bhp,5.0
Maruti,Swift,2013.0,375000.0,80000,Diesel,Individual,Manual,Fourth & Above Owner,23.4 kmpl,1248 CC,74 bhp,5.0
Mahindra,Scorpio,2012.0,750000.0,120000,Diesel,Individual,Manual,First Owner,12.05 kmpl,2179 CC,120 bhp,8.0
,Tiago,2018.0,400000.0,40000,Petrol,Individual,Manual,First Owner,23.84 kmpl,1199 CC,84 bhp,5.0
Mahindra,XUV500,2013.0,600000.0,91000,Diesel,Individual,Manual,First Owner,15.1 kmpl,2179 CC,140 bhp,7.0
Hyundai,Santro,2008.0,110000.0,80000,Petrol,Individual,Manual,Third Owner,17.8 kmpl,1086 CC,63 bhp,5.0
Maruti,800,2007.0,45000.0,73257,Petrol,Individual,Manual,First Owner,16.1 kmpl,796 CC,37 bhp,4.0
Mahindra,Bolero,,722000.0,80000,Diesel,Individual,Manual,First Owner,0.0 kmpl,2523 CC,70 bhp,2.0
Tata,Tiago,2020.0,500000.0,15000,Petrol,Individual,Manual,First Owner,23.84 kmpl,1199 CC,83.83 bhp,5.0
Hyundai,Verna,2007.0,250000.0,110000,Diesel,Individual,Manual,Second Owner,18.1 kmpl,1493 CC,110 bhp,5.0
Skoda,Rapid,2018.0,950000.0,40000,Diesel,Individual,Manual,First Owner,21.13 kmpl,1498 CC,108.6 bhp,5.0
Nissan,Sunny,2013.0,375000.0,212000,Diesel,Individual,Manual,First Owner,21.64 kmpl,1461 CC,84.8 bhp,5.0
Maruti,Swift,2018.0,780000.0,30000,Diesel,Individual,Manual,First Owner,28.4 kmpl,1248 CC,74.02 bhp,5.0
Hyundai,Santro,2018.0,575000.0,30000,Petrol,Individual,Manual,First Owner,20.3 kmpl,1086 CC,68 bhp,5.0
,i20,2017.0,563000.0,30000,Petrol,Individual,Manual,Second Owner,18.6 kmpl,1197 CC,81.83 bhp,5.0
Tata,Tiago,2017.0,450000.0,15000,Petrol,Individual,Manual,First Owner,23.84 kmpl,1199 CC,84 bhp,5.0
Toyota,Innova,2020.0,2300000.0,1000,Diesel,Individual,Automatic,First Owner,13.68 kmpl,2393 CC,147.51 bhp,7.0
Maruti,800,1999.0,80000.0,26320,Petrol,Individual,Manual,First Owner,16.1 kmpl,796 CC,37 bhp,4.0
Hyundai,i20,2010.0,320000.0,135000,Diesel,Individual,Manual,Second Owner,23.0 kmpl,1396 CC,90 bhp,5.0
Honda,Civic,2008.0,375000.0,100000,Petrol,Individual,Manual,Third Owner,13.5 kmpl,1799 CC,130 bhp,5.0
Maruti,Eeco,2017.0,400000.0,120000,Petrol,Individual,Manual,First Owner,15.37 kmpl,1196 CC,73 bhp,5.0
Mahindra,Xylo,2011.0,600000.0,230000,Diesel,Individual,Manual,First Owner,14.0 kmpl,2498 CC,112 bhp,7.0
Renault,KWID,2016.0,315000.0,60000,Petrol,Individual,Manual,Second Owner,23.01 kmpl,999 CC,67 bhp,5.0
BMW,3,2012.0,1100000.0,80000,Diesel,Individual,Automatic,Second Owner,16.07 kmpl,1995 CC,181 bhp,5.0
Maruti,Swift,2010.0,350000.0,190000,Diesel,Individual,Manual,Second Owner,19.3 kmpl,1248 CC,73.9 bhp,5.0
Maruti,Eeco,2016.0,375000.0,120000,Petrol,Individual,Manual,First Owner,15.37 kmpl,1196 CC,73 bhp,5.0
Toyota,Innova,2013.0,1050000.0,217000,Diesel,Individual,Manual,Second Owner,12.99 kmpl,2494 CC,100.6 bhp,8.0
Maruti,Celerio,2015.0,350000.0,29000,Petrol,Individual,Manual,First Owner,23.1 kmpl,998 CC,67.04 bhp,5.0
Maruti,Wagon,2010.0,120000.0,120000,Petrol,Individual,Manual,Third Owner,18.9 kmpl,1061 CC,67 bhp,5.0
Mahindra,XUV500,2015.0,819999.0,90000,Diesel,Individual,Manual,First Owner,16.0 kmpl,2179 CC,140 bhp,7.0
Maruti,Celerio,2018.0,451999.0,30000,Petrol,Individual,Automatic,Second Owner,23.1 kmpl,998 CC,67.04 bhp,5.0
Hyundai,Grand,2016.0,500000.0,56000,Petrol,Individual,Manual,Third Owner,18.9 kmpl,1197 CC,82 bhp,5.0
Toyota,Innova,2015.0,1250000.0,90000,Diesel,Individual,Manual,First Owner,12.99 kmpl,2494 CC,100.6 bhp,8.0
Mahindra,TUV,2015.0,500000.0,120000,Diesel,Individual,Manual,First Owner,18.49 kmpl,1493 CC,100 bhp,7.0
,Swift,2015.0,490000.0,60000,Diesel,Individual,Manual,First Owner,25.2 kmpl,1248 CC,74 bhp,5.0
Maruti,Swift,2008.0,200000.0,147000,Diesel,Individual,Manual,Second Owner,19.3 kmpl,1248 CC,73.9 bhp,5.0
Maruti,Wagon,2012.0,240000.0,35000,Petrol,Individual,Manual,First Owner,18.9 kmpl,998 CC,67.1 bhp,5.0
Hyundai,i20,2018.0,655000.0,19500,Petrol,Individual,Manual,First Owner,18.6 kmpl,1197 CC,81.83 bhp,5.0
Hyundai,i20,2018.0,620000.0,38426,Petrol,Individual,Manual,First Owner,17.19 kmpl,1197 CC,81.86 bhp,5.0
Maruti,Swift,2015.0,450000.0,35000,Petrol,Individual,Manual,Second Owner,20.4 kmpl,1197 CC,83.11 bhp,5.0
Maruti,Wagon,2014.0,310000.0,35000,Petrol,Individual,Manual,Second Owner,20.51 kmpl,998 CC,67.04 bhp,5.0
Maruti,Alto,2007.0,150000.0,50000,Petrol,Individual,Manual,Third Owner,19.7 kmpl,796 CC,46.3 bhp,5.0
Chevrolet,Beat,2012.0,180000.0,120000,Diesel,Individual,Manual,First Owner,25.44 kmpl,936 CC,57.6 bhp,5.0
Tata,Indica,2011.0,150000.0,120000,Diesel,Individual,Manual,First Owner,19.4 kmpl,1405 CC,70 bhp,5.0
Ford,Figo,2011.0,160000.0,112000,Diesel,Individual,Manual,Second Owner,20.0 kmpl,1399 CC,68 bhp,5.0
Mahindra,Scorpio,2013.0,600000.0,70000,Diesel,Individual,Manual,Third Owner,14.0 kmpl,2523 CC,75 bhp,8.0
Skoda,Rapid,2012.0,380000.0,145000,Diesel,Individual,Manual,First Owner,20.5 kmpl,1598 CC,103.5 bhp,5.0
Tata,Indigo,2007.0,120000.0,135000,Diesel,Individual,Manual,First Owner,17.0 kmpl,1405 CC,70 bhp,5.0
Toyota,Innova,2011.0,350000.0,500000,Diesel,Individual,Manual,Second Owner,12.99 kmpl,2494 CC,100.57 bhp,7.0
Tata,Indigo,2012.0,135000.0,146000,Diesel,Individual,Manual,First Owner,19.61 kmpl,1405 CC,70 bhp,5.0
Hyundai,Grand,2018.0,610000.0,10000,Petrol,Individual,Manual,First Owner,18.9 kmpl,1197 CC,81.86 bhp,5.0
Volkswagen,Polo,2020.0,260000.0,50000,Diesel,Individual,Manual,First Owner,20.14 kmpl,1498 CC,88.5 bhp,5.0
Hyundai,Xcent,2017.0,500000.0,25000,Petrol,Individual,Manual,First Owner,20.14 kmpl,1197 CC,81.86 bhp,5.0
Renault,KWID,2016.0,220000.0,20000,Petrol,Individual,Manual,First Owner,23.01 kmpl,999 CC,67 bhp,5.0
Honda,Civic,2006.0,121000.0,70000,Petrol,Individual,Manual,Second Owner,13.5 kmpl,1799 CC,130 bhp,5.0
Tata,Indigo,2017.0,350000.0,50000,Diesel,Individual,Manual,First Owner,25.0 kmpl,1396 CC,69.01 bhp,5.0
Audi,Q3,2018.0,2200000.0,25000,Diesel,Individual,Automatic,Second Owner,15.17 kmpl,1968 CC,181 bhp,5.0
Hyundai,i20,2011.0,280000.0,100000,Diesel,Individual,Manual,Second Owner,23.0 kmpl,1396 CC,90 bhp,5.0
Tata,Nexon,2020.0,919999.0,20000,Petrol,Individual,Manual,First Owner,17.0 kmpl,1198 CC,108.5 bhp,5.0
Hyundai,i20,2011.0,320000.0,155000,Diesel,Individual,Manual,First Owner,23.0 kmpl,1396 CC,90 bhp,5.0
Ford,Figo,2012.0,140000.0,70000,Diesel,Individual,Manual,Fourth & Above Owner,20.0 kmpl,1399 CC,68 bhp,5.0
Maruti,SX4,2012.0,310000.0,25000,Diesel,Individual,Manual,Second Owner,21.5 kmpl,1248 CC,88.8 bhp,5.0
Maruti,800,2006.0,65000.0,120000,Petrol,Individual,Manual,Second Owner,16.1 kmpl,796 CC,37 bhp,4.0
Chevrolet,Enjoy,2013.0,300000.0,90000,Diesel,Individual,Manual,First Owner,18.2 kmpl,1248 CC,73.8 bhp,7.0
Mahindra,XUV500,2011.0,575000.0,110000,Diesel,Individual,Manual,Second Owner,15.1 kmpl,2179 CC,140 bhp,7.0
Tata,Xenon,2014.0,440000.0,110000,Diesel,Individual,Manual,Second Owner,13.49 kmpl,2179 CC,138.03 bhp,5.0
Maruti,Swift,2012.0,380000.0,100000,Diesel,Individual,Manual,Second Owner,22.9 kmpl,1248 CC,74 bhp,5.0
Tata,Manza,2010.0,140000.0,116700,Petrol,Individual,Manual,Fourth & Above Owner,15.0 kmpl,1368 CC,90 bhp,5.0
Tata,Zest,2015.0,475000.0,25000,Diesel,Individual,Manual,First Owner,22.95 kmpl,1248 CC,74 bhp,5.0
Mahindra,Xylo,2011.0,200000.0,200000,Diesel,Individual,Manual,Third Owner,13.0 kmpl,2489 CC,95 bhp,8.0
Maruti,,2010.0,400000.0,176062,Diesel,Individual,Manual,First Owner,17.8 kmpl,1248 CC,75 bhp,5.0
Toyota,Innova,2008.0,425000.0,250000,Diesel,Individual,Manual,Third Owner,12.8 kmpl,2494 CC,102 bhp,8.0
Honda,Amaze,2015.0,,82000,Diesel,Individual,Manual,First Owner,25.8 kmpl,1498 CC,98.6 bhp,5.0
Hyundai,i10,2010.0,275000.0,80000,Petrol,Individual,Manual,First Owner,19.81 kmpl,1086 CC,68.05 bhp,5.0
,Enjoy,2017.0,650000.0,40000,Diesel,Individual,Manual,Second Owner,18.2 kmpl,1248 CC,73.74 bhp,7.0
Jeep,Compass,2019.0,1850000.0,14000,Diesel,Individual,Manual,First Owner,17.1 kmpl,1956 CC,170 bhp,5.0
Renault,Duster,2014.0,650000.0,129000,Diesel,Individual,Manual,First Owner,19.72 kmpl,1461 CC,108.45 bhp,5.0
Fiat,Punto,2016.0,360000.0,60000,Diesel,Individual,Manual,Second Owner,20.5 kmpl,1248 CC,91.7 bhp,5.0
Volkswagen,Ameo,2018.0,,82000,Diesel,Individual,Automatic,First Owner,21.73 kmpl,1498 CC,108.62 bhp,5.0
Land,Rover,2013.0,2000000.0,77500,Diesel,Individual,Automatic,Third Owner,12.7 kmpl,2179 CC,187.7 bhp,5.0
Chevrolet,Enjoy,2017.0,675000.0,50000,Diesel,Individual,Manual,Second Owner,18.2 kmpl,1248 CC,73.74 bhp,7.0
Maruti,800,2006.0,50000.0,40000,Petrol,Individual,Manual,Third Owner,16.1 kmpl,796 CC,37 bhp,4.0
Maruti,Wagon,2017.0,445000.0,39500,Petrol,Individual,Manual,First Owner,20.52 kmpl,1197 CC,81.80 bhp,5.0
Hyundai,Elite,,750000.0,40000,Diesel,Individual,Manual,First Owner,22.54 kmpl,1396 CC,88.76 bhp,5.0
Maruti,Swift,2012.0,425000.0,56000,Diesel,Individual,Manual,Second Owner,22.9 kmpl,1248 CC,74 bhp,5.0
Hyundai,i20,2017.0,850000.0,54000,Diesel,Individual,Manual,First Owner,22.54 kmpl,1396 CC,88.73 bhp,5.0
Maruti,Wagon,2016.0,400000.0,20000,Petrol,Individual,Manual,Second Owner,20.51 kmpl,998 CC,67.04 bhp,5.0
Tata,Indica,2014.0,200000.0,55896,Diesel,Individual,Manual,Second Owner,25.0 kmpl,1396 CC,69 bhp,5.0
Honda,Amaze,2016.0,,35000,Diesel,Individual,Manual,First Owner,25.8 kmpl,1498 CC,98.6 bhp,5.0
Honda,Brio,2012.0,250000.0,97000,Petrol,Individual,Manual,Second Owner,19.4 kmpl,1198 CC,86.8 bhp,5.0
Maruti,Alto,2014.0,206000.0,120000,Petrol,Individual,Manual,Second Owner,22.74 kmpl,796 CC,47.3 bhp,5.0
Hyundai,EON,2014.0,290000.0,50000,Petrol,Individual,Manual,First Owner,21.1 kmpl,814 CC,55.2 bhp,5.0
Tata,Nano,2010.0,45000.0,30400,Petrol,Individual,Manual,Fourth & Above Owner,26.0 kmpl,624 CC,35 bhp,4.0
Nissan,Sunny,2012.0,220000.0,110000,Diesel,Individual,Manual,Third Owner,21.64 kmpl,1461 CC,84.8 bhp,5.0
Mercedes-Benz,New,2008.0,515000.0,120000,Diesel,Individual,Automatic,Second Owner,14.84 kmpl,2143 CC,170 bhp,5.0
Maruti,Alto,2010.0,,100000,Petrol,Individual,Manual,First Owner,19.7 kmpl,796 CC,46.3 bhp,5.0
Maruti,Swift,2010.0,260000.0,120000,Diesel,Individual,Manual,Second Owner,17.8 kmpl,1248 CC,75 bhp,5.0
Volkswagen,Vento,2012.0,315000.0,130000,Diesel,Individual,Manual,Second Owner,20.54 kmpl,1598 CC,103.6 bhp,5.0
Maruti,Alto,2011.0,225000.0,76000,Petrol,Individual,Manual,Second Owner,20.92 kmpl,998 CC,67.1 bhp,5.0
Volkswagen,Jetta,2012.0,420000.0,110000,Diesel,Individual,Manual,Third Owner,19.33 kmpl,1968 CC,138.1 bhp,5.0
Mahindra,Scorpio,2011.0,525000.0,96000,Diesel,Individual,Manual,First Owner,12.05 kmpl,2179 CC,120 bhp,8.0
Maruti,Swift,2018.0,670000.0,90000,Diesel,Individual,Automatic,First Owner,28.4 kmpl,1248 CC,74 bhp,5.0
Ford,Figo,2013.0,250000.0,25000,Diesel,Individual,Manual,First Owner,20.0 kmpl,1399 CC,68.1 bhp,5.0
Maruti,Swift,2009.0,229999.0,90000,Diesel,Individual,Manual,Second Owner,19.3 kmpl,1248 CC,73.9 bhp,5.0
Maruti,Swift,2009.0,229999.0,164000,Diesel,Individual,Manual,Second Owner,19.3 kmpl,1248 CC,73.9 bhp,5.0
Honda,Amaze,2013.0,300000.0,120000,Petrol,Individual,Manual,Second Owner,18.0 kmpl,1198 CC,86.7 bhp,5.0
Maruti,A-Star,2010.0,165000.0,66000,Petrol,Individual,Manual,Second Owner,19.0 kmpl,998 CC,66.1 bhp,5.0
Tata,New,2010.0,295000.0,250000,Diesel,Individual,Manual,First Owner,13.93 kmpl,2179 CC,138 bhp,7.0
Hyundai,Verna,2011.0,360000.0,157000,Diesel,Individual,Manual,Second Owner,22.32 kmpl,1582 CC,126.3 bhp,5.0
Hyundai,Verna,2011.0,380000.0,157000,Diesel,Individual,Manual,Second Owner,22.32 kmpl,1582 CC,126.3 bhp,5.0
Mahindra,Scorpio,2008.0,320000.0,100000,Diesel,Individual,Manual,Second Owner,12.7 kmpl,2609 CC,116.6 bhp,9.0
Datsun,GO,2016.0,325000.0,70000,Petrol,Individual,Manual,Second Owner,19.44 kmpl,1198 CC,67 bhp,7.0
Tata,Manza,2010.0,160000.0,30000,Diesel,Individual,Manual,Second Owner,21.12 kmpl,1248 CC,88.8 bhp,5.0
Mahindra,Bolero,2018.0,630000.0,40000,Diesel,Individual,Manual,First Owner,16.5 kmpl,1493 CC,70 bhp,7.0
Maruti,Alto,2014.0,229999.0,30000,Petrol,Individual,Manual,Second Owner,22.74 kmpl,796 CC,47.3 bhp,5.0
Maruti,Swift,2014.0,440000.0,70000,Diesel,Individual,Manual,Second Owner,22.9 kmpl,1248 CC,74 bhp,5.0
Chevrolet,Spark,2007.0,,60000,Petrol,Individual,Manual,Second Owner,18.0 kmpl,995 CC,62 bhp,5.0
Maruti,Ciaz,2017.0,750000.0,60000,Diesel,Individual,Manual,First Owner,28.09 kmpl,1248 CC,88.5 bhp,5.0
Honda,City,2012.0,330000.0,80000,Petrol,Individual,Manual,Second Owner,16.8 kmpl,1497 CC,116.3 bhp,5.0
Maruti,Ciaz,2016.0,715000.0,70000,Diesel,Individual,Manual,Second Owner,28.09 kmpl,1248 CC,88.5 bhp,5.0
Skoda,Fabia,2013.0,250000.0,150000,Diesel,Individual,Manual,Second Owner,20.86 kmpl,1199 CC,75 bhp,5.0
Maruti,Zen,2007.0,120000.0,150000,Petrol,Individual,Manual,Second Owner,18.2 kmpl,1061 CC,64 bhp,5.0
Ford,Ikon,2004.0,100000.0,25000,Petrol,Individual,Manual,Third Owner,14.2 kmpl,1597 CC,92 bhp,5.0
Skoda,Rapid,2017.0,850000.0,35000,Diesel,Individual,Automatic,Second Owner,21.72 kmpl,1498 CC,108.6 bhp,5.0
Hyundai,Xcent,2018.0,450000.0,48000,Diesel,Individual,Manual,First Owner,25.4 kmpl,1186 CC,73.97 bhp,5.0
Volkswagen,Polo,2012.0,240000.0,200000,Diesel,Individual,Manual,First Owner,22.07 kmpl,1199 CC,73.9 bhp,5.0
Maruti,,2015.0,600000.0,135000,Diesel,Individual,Manual,First Owner,26.59 kmpl,1248 CC,74 bhp,5.0
Chevrolet,Enjoy,2016.0,280000.0,110000,Diesel,Individual,Manual,Second Owner,18.2 kmpl,1248 CC,73.74 bhp,7.0
Hyundai,Verna,2012.0,465000.0,146000,Diesel,Individual,Manual,Second Owner,22.32 kmpl,1582 CC,126.32 bhp,5.0
Maruti,Alto,2018.0,350000.0,44000,Petrol,Individual,Manual,First Owner,24.7 kmpl,796 CC,47.3 bhp,5.0
Hyundai,i10,2013.0,325000.0,70000,Petrol,Individual,Manual,First Owner,20.36 kmpl,1197 CC,78.9 bhp,5.0
Tata,Indica,2004.0,50000.0,271000,Diesel,Individual,Manual,First Owner,16.8 kmpl,1405 CC,62 bhp,5.0
Maruti,Alto,2006.0,110000.0,120000,Petrol,Individual,Manual,Third Owner,19.7 kmpl,796 CC,46.3 bhp,5.0
Mahindra,Bolero,2015.0,515000.0,60000,Diesel,Individual,Manual,First Owner,15.96 kmpl,2523 CC,62.1 bhp,7.0
Maruti,Ciaz,2018.0,750000.0,40000,Petrol,Individual,Manual,First Owner,20.73 kmpl,1373 CC,91.1 bhp,5.0
Hyundai,EON,2018.0,350000.0,25000,Petrol,Individual,Manual,First Owner,21.1 kmpl,814 CC,55.2 bhp,5.0
Hyundai,Grand,2019.0,488999.0,15000,Petrol,Individual,Manual,First Owner,18.9 kmpl,1197 CC,81.86 bhp,5.0
Maruti,Alto,2017.0,300000.0,27000,Petrol,Individual,Manual,First Owner,24.7 kmpl,796 CC,47.3 bhp,5.0
Maruti,Baleno,2017.0,650000.0,35000,Diesel,Individual,Manual,Second Owner,27.39 kmpl,1248 CC,74 bhp,5.0
Maruti,A-Star,2014.0,250000.0,40000,Petrol,Individual,Manual,First Owner,19.0 kmpl,998 CC,66.1 bhp,5.0
Maruti,Alto,2014.0,,40000,Petrol,Individual,Manual,Third Owner,22.74 kmpl,796 CC,47.3 bhp,5.0
Mahindra,Scorpio,2015.0,950000.0,75262,Diesel,Individual,Manual,First Owner,15.4 kmpl,2179 CC,120 bhp,7.0
Tata,Indigo,2012.0,200000.0,120000,Diesel,Individual,Manual,First Owner,23.03 kmpl,1396 CC,69 bhp,5.0
Hyundai,EON,2016.0,276000.0,60000,Petrol,Individual,Manual,First Owner,20.3 kmpl,998 CC,68.05 bhp,5.0
Hyundai,EON,2014.0,250000.0,40000,Petrol,Individual,Manual,First Owner,21.1 kmpl,814 CC,55.2 bhp,5.0
Maruti,Alto,2008.0,95000.0,80000,Petrol,Individual,Manual,Second Owner,19.7 kmpl,796 CC,46.3 bhp,5.0
Tata,Indigo,2011.0,200000.0,70000,Diesel,Individual,Manual,Second Owner,23.57 kmpl,1396 CC,70 bhp,5.0
Hyundai,Verna,2012.0,450000.0,100000,Diesel,Individual,Manual,Second Owner,22.32 kmpl,1582 CC,126.32 bhp,5.0
Mahindra,XUV500,2013.0,900000.0,18000,Diesel,Individual,Manual,First Owner,15.1 kmpl,2179 CC,140 bhp,7.0
Tata,Indigo,2010.0,200000.0,175000,Diesel,Individual,Manual,First Owner,19.09 kmpl,1396 CC,69 bhp,5.0
Hyundai,i10,2010.0,200000.0,70000,Petrol,Individual,Manual,Second Owner,20.36 kmpl,1197 CC,78.9 bhp,5.0
Mahindra,Bolero,2011.0,370000.0,91863,Diesel,Individual,Manual,Second Owner,15.96 kmpl,2523 CC,62.1 bhp,7.0
Tata,Indigo,2008.0,250000.0,100000,Petrol,Individual,Manual,First Owner,15.2 kmpl,1193 CC,65 bhp,5.0
Renault,KWID,2016.0,290000.0,10000,Petrol,Individual,Manual,First Owner,25.17 kmpl,799 CC,53.3 bhp,5.0
Maruti,Ertiga,2018.0,900000.0,35000,Diesel,Individual,Manual,First Owner,24.52 kmpl,1248 CC,88.5 bhp,7.0
Ford,Figo,2013.0,325000.0,120000,Diesel,Individual,Manual,Second Owner,20.0 kmpl,1399 CC,68.1 bhp,5.0
Hyundai,Grand,2016.0,425000.0,30000,Petrol,Individual,Manual,First Owner,18.9 kmpl,1197 CC,82 bhp,5.0
Renault,KWID,2016.0,315000.0,60000,Petrol,Individual,Manual,First Owner,25.17 kmpl,799 CC,53.3 bhp,5.0
Maruti,Alto,2014.0,300000.0,70000,Petrol,Individual,Manual,First Owner,23.95 kmpl,998 CC,67.05 bhp,5.0
Hyundai,i10,2013.0,,70000,Petrol,Individual,Manual,Second Owner,20.36 kmpl,1197 CC,78.9 bhp,5.0
Hyundai,Creta,2016.0,900000.0,130000,Diesel,Individual,Manual,First Owner,21.38 kmpl,1396 CC,88.7 bhp,5.0
Hyundai,Creta,2016.0,950000.0,133000,Diesel,Individual,Manual,First Owner,21.38 kmpl,1396 CC,88.7 bhp,
Volkswagen,Vento,2010.0,320000.0,120000,Diesel,Individual,Manual,Third Owner,20.54 kmpl,1598 CC,103.6 bhp,5.0
Volkswagen,Ameo,2019.0,500000.0,20000,Petrol,Individual,Manual,First Owner,19.44 kmpl,999 CC,75 bhp,5.0
Ford,Figo,2012.0,290000.0,25000,Petrol,Individual,Manual,First Owner,15.6 kmpl,1196 CC,70 bhp,5.0
Tata,Nano,2012.0,60000.0,90000,Petrol,Individual,Manual,First Owner,25.4 kmpl,624 CC,37.48 bhp,4.0
Maruti,A-Star,2009.0,120000.0,140000,Petrol,Individual,Manual,Third Owner,19.0 kmpl,998 CC,66.1 bhp,5.0
Honda,City,2017.0,850000.0,103000,Diesel,Dealer,Manual,First Owner,25.6 kmpl,1498 CC,97.9 bhp,5.0
Toyota,Innova,2017.0,1750000.0,23000,Diesel,Dealer,Manual,First Owner,13.68 kmpl,2393 CC,147.8 bhp,7.0
Honda,City,2015.0,600000.0,128000,Diesel,Dealer,Manual,First Owner,26.0 kmpl,1498 CC,98.6 bhp,5.0
Volkswagen,Polo,2015.0,620000.0,33000,Diesel,Individual,Manual,First Owner,20.14 kmpl,1498 CC,88.8 bhp,5.0
Maruti,Alto,2009.0,150000.0,70000,Petrol,Individual,Manual,Second Owner,19.7 kmpl,796 CC,46.3 bhp,5.0
Hyundai,Santro,2011.0,150000.0,40000,Petrol,Individual,Manual,Fourth & Above Owner,0.0 kmpl,1086 CC,62 bhp,5.0
Tata,Indigo,2008.0,135000.0,40000,Petrol,Individual,Manual,Fourth & Above Owner,12.85 kmpl,1396 CC,99.6 bhp,5.0
Tata,Indica,2011.0,200000.0,80000,Diesel,Individual,Manual,First Owner,17.0 kmpl,1405 CC,71 bhp,5.0
Maruti,Ciaz,2015.0,730000.0,70000,Diesel,Individual,Manual,First Owner,26.21 kmpl,1248 CC,88.5 bhp,5.0
Toyota,Innova,2013.0,800000.0,100000,Diesel,Individual,Manual,First Owner,12.99 kmpl,2494 CC,100.6 bhp,8.0
Mahindra,Xylo,2009.0,300000.0,90000,Diesel,Individual,Manual,Second Owner,14.0 kmpl,2498 CC,112 bhp,8.0
Ford,Figo,2012.0,190000.0,112000,Diesel,Individual,Manual,Second Owner,20.0 kmpl,1399 CC,68 bhp,5.0
Honda,Civic,2011.0,350000.0,50000,Petrol,Individual,Manual,First Owner,15.5 kmpl,1799 CC,132 bhp,5.0
Hyundai,,2015.0,509999.0,62000,Diesel,Individual,Manual,Second Owner,24.4 kmpl,1120 CC,71 bhp,5.0
Maruti,Ertiga,2012.0,400000.0,90000,Diesel,Individual,Manual,First Owner,20.77 kmpl,1248 CC,88.76 bhp,7.0
Toyota,Innova,2013.0,800000.0,80000,Diesel,Individual,Manual,First Owner,12.99 kmpl,2494 CC,100 bhp,7.0
Hyundai,Creta,2016.0,930000.0,47552,Diesel,Individual,Manual,Second Owner,19.67 kmpl,1582 CC,126.2 bhp,5.0
Maruti,Vitara,2016.0,720000.0,40000,Diesel,Individual,Manual,Second Owner,24.3 kmpl,1248 CC,88.5 bhp,5.0
Ford,Figo,2011.0,225000.0,15000,Petrol,Individual,Manual,First Owner,15.6 kmpl,1196 CC,70 bhp,5.0
Ford,EcoSport,2019.0,950000.0,20000,Diesel,Individual,Manual,First Owner,23.0 kmpl,1498 CC,98.96 bhp,5.0
Hyundai,i20,2018.0,530000.0,52000,Petrol,Individual,Manual,First Owner,17.19 kmpl,1197 CC,81.86 bhp,5.0
Hyundai,i20,2016.0,470000.0,70000,Petrol,Individual,Manual,First Owner,18.6 kmpl,1197 CC,81.83 bhp,5.0
Mahindra,Bolero,2017.0,650000.0,110000,Diesel,Individual,Manual,First Owner,15.96 kmpl,2523 CC,63 bhp,9.0
Tata,,2014.0,540000.0,77500,Diesel,Individual,Manual,Second Owner,14.0 kmpl,2179 CC,138.1 bhp,7.0
Maruti,Swift,2015.0,459999.0,100000,Diesel,Individual,Manual,Second Owner,25.2 kmpl,1248 CC,74 bhp,5.0
,KWID,2019.0,325000.0,14700,Petrol,Individual,Manual,First Owner,25.17 kmpl,799 CC,53.3 bhp,5.0
Maruti,Omni,2016.0,240000.0,40000,Petrol,Individual,Manual,First Owner,16.8 kmpl,796 CC,34.2 bhp,5.0
Mahindra,KUV,2017.0,400000.0,32000,Petrol,Individual,Manual,Second Owner,18.15 kmpl,1198 CC,82 bhp,6.0
Maruti,Alto,2004.0,70000.0,70000,Petrol,Individual,Manual,Second Owner,19.7 kmpl,796 CC,46.3 bhp,5.0
Maruti,Swift,2009.0,250000.0,80000,Petrol,Individual,Manual,First Owner,17.5 kmpl,1298 CC,85.8 bhp,5.0
Toyota,Innova,2014.0,910000.0,80000,Diesel,Individual,Manual,Second Owner,12.99 kmpl,2494 CC,100.6 bhp,8.0
Maruti,Swift,2018.0,720000.0,25000,Diesel,Individual,Manual,First Owner,28.4 kmpl,1248 CC,74.02 bhp,5.0
Maruti,Swift,2015.0,590000.0,50000,Diesel,Individual,Manual,First Owner,26.59 kmpl,1248 CC,74 bhp,5.0
Chevrolet,,2015.0,434000.0,120000,Diesel,Individual,Manual,First Owner,13.58 kmpl,2499 CC,72.4 bhp,10.0
Mahindra,Bolero,2006.0,145000.0,170000,Diesel,Individual,Manual,First Owner,13.6 kmpl,2523 CC,63 bhp,7.0
Mahindra,KUV,2018.0,445000.0,19700,Petrol,Individual,Manual,First Owner,18.15 kmpl,1198 CC,82 bhp,5.0
Hyundai,Santro,2011.0,191000.0,70000,LPG,Individual,Manual,First Owner,13.45 km/kg,1086 CC,62.1 bhp,5.0
Ford,Figo,2018.0,372000.0,50000,Diesel,Individual,Manual,Fourth & Above Owner,25.83 kmpl,1498 CC,99 bhp,5.0
Maruti,Wagon,2005.0,65000.0,90000,Petrol,Individual,Manual,Second Owner,18.9 kmpl,998 CC,67.1 bhp,5.0
Ford,Figo,2015.0,300000.0,140000,Diesel,Individual,Manual,First Owner,20.0 kmpl,1399 CC,68.05 bhp,5.0
Mahindra,,2003.0,125000.0,120000,Diesel,Individual,Manual,Third Owner,12.7 kmpl,2609 CC,116.6 bhp,8.0
Tata,Tigor,2017.0,520000.0,40000,Petrol,Individual,Manual,First Owner,20.3 kmpl,1199 CC,84 bhp,5.0
Maruti,Alto,2014.0,190000.0,70000,Petrol,Individual,Manual,Third Owner,22.74 kmpl,796 CC,47.3 bhp,5.0
Datsun,RediGO,2018.0,310000.0,7000,Petrol,Individual,Manual,First Owner,22.5 kmpl,999 CC,67 bhp,5.0
Toyota,Innova,2012.0,750000.0,90000,Diesel,Individual,Manual,First Owner,12.8 kmpl,2494 CC,102 bhp,
Mahindra,TUV,2016.0,750000.0,110000,Diesel,Individual,Automatic,First Owner,18.49 kmpl,1493 CC,100 bhp,7.0
Maruti,Alto,2019.0,350000.0,15000,Petrol,Individual,Manual,First Owner,23.95 kmpl,998 CC,67.05 bhp,5.0
Maruti,Alto,2020.0,360000.0,5000,Petrol,Individual,Manual,First Owner,22.05 kmpl,796 CC,47.3 bhp,5.0
Renault,,2017.0,285000.0,5000,Petrol,Individual,Manual,First Owner,25.17 kmpl,799 CC,53.3 bhp,5.0
Maruti,Alto,2013.0,160000.0,70000,Petrol,Individual,Manual,Second Owner,22.74 kmpl,796 CC,47.3 bhp,5.0
Datsun,GO,2015.0,229999.0,60000,Petrol,Individual,Manual,Second Owner,19.44 kmpl,1198 CC,67 bhp,7.0
Maruti,Alto,2007.0,85000.0,120000,Petrol,Individual,Manual,Third Owner,19.7 kmpl,796 CC,46.3 bhp,5.0
Datsun,RediGO,2018.0,300000.0,7000,Petrol,Individual,Manual,First Owner,22.5 kmpl,999 CC,67 bhp,5.0
Mahindra,Scorpio,2014.0,675000.0,120000,Diesel,Individual,Manual,First Owner,12.05 kmpl,2179 CC,120 bhp,7.0
Mahindra,Scorpio,2014.0,700000.0,145241,Diesel,Individual,Manual,First Owner,12.05 kmpl,2179 CC,120 bhp,7.0
Mahindra,Scorpio,2008.0,400000.0,110000,Diesel,Individual,Manual,First Owner,12.7 kmpl,2609 CC,116.6 bhp,8.0
Renault,KWID,2016.0,254999.0,30000,Petrol,Individual,Manual,Third Owner,25.17 kmpl,799 CC,53.3 bhp,5.0
Mahindra,Scorpio,2015.0,1050000.0,80000,Diesel,Individual,Manual,Second Owner,15.4 kmpl,2179 CC,120 bhp,7.0
Maruti,Swift,2013.0,390000.0,100000,Diesel,Individual,Manual,First Owner,23.4 kmpl,1248 CC,74 bhp,5.0
Toyota,Etios,2015.0,450000.0,80000,Diesel,Individual,Manual,First Owner,23.59 kmpl,1364 CC,67.04 bhp,5.0
Toyota,Innova,2016.0,1630000.0,40000,Diesel,Individual,Automatic,Second Owner,11.36 kmpl,2755 CC,171.5 bhp,7.0
Maruti,Vitara,2017.0,725000.0,50000,Diesel,Individual,Manual,First Owner,24.3 kmpl,1248 CC,88.5 bhp,5.0
Tata,Safari,2013.0,466000.0,95500,Diesel,Individual,Manual,Second Owner,14.0 kmpl,2179 CC,138.1 bhp,7.0
Jeep,Compass,2019.0,1520000.0,10000,Petrol,Individual,Manual,First Owner,16.0 kmpl,1368 CC,160 bhp,5.0
Maruti,Alto,2014.0,229999.0,53473,Petrol,Individual,Manual,First Owner,23.95 kmpl,998 CC,67.05 bhp,5.0
Mahindra,Bolero,2011.0,250000.0,100000,Diesel,Individual,Manual,Second Owner,15.96 kmpl,2523 CC,63 bhp,9.0
Mahindra,XUV500,2016.0,1350000.0,25000,Diesel,Individual,Manual,First Owner,16.0 kmpl,2179 CC,140 bhp,7.0
Hyundai,Santro,2013.0,220000.0,80000,Petrol,Individual,Manual,First Owner,17.92 kmpl,1086 CC,62.1 bhp,5.0
Hyundai,Xcent,2015.0,360000.0,120000,Diesel,Individual,Manual,First Owner,24.4 kmpl,1120 CC,71 bhp,5.0
Maruti,Alto,2018.0,350000.0,40000,Petrol,Individual,Manual,First Owner,23.95 kmpl,998 CC,67.05 bhp,5.0
Hyundai,Verna,2012.0,500000.0,70000,Diesel,Individual,Manual,First Owner,22.32 kmpl,1582 CC,126.32 bhp,5.0
Chevrolet,Beat,2013.0,145000.0,90000,Diesel,Individual,Manual,Third Owner,25.44 kmpl,936 CC,57.6 bhp,5.0
Chevrolet,Sail,2014.0,300000.0,51000,Petrol,Individual,Manual,First Owner,18.2 kmpl,1199 CC,82.5 bhp,5.0
Hyundai,Accent,2009.0,,87000,Petrol,Individual,Manual,Second Owner,13.2 kmpl,1495 CC,94 bhp,5.0
Renault,Duster,2014.0,620000.0,90000,Diesel,Individual,Manual,Second Owner,19.01 kmpl,1461 CC,108.45 bhp,5.0
Toyota,Etios,2015.0,360000.0,110000,Petrol,Individual,Manual,Third Owner,16.78 kmpl,1496 CC,88.73 bhp,5.0
Hyundai,Santro,2010.0,245000.0,86000,Petrol,Individual,Manual,Second Owner,17.92 kmpl,1086 CC,62.1 bhp,5.0
Ford,Ikon,2003.0,130000.0,80000,Petrol,Individual,Manual,Third Owner,14.2 kmpl,1597 CC,92 bhp,5.0
Maruti,Esteem,1999.0,70000.0,65000,Petrol,Individual,Manual,Fourth & Above Owner,15.9 kmpl,1298 CC,85 bhp,5.0
Maruti,Esteem,1999.0,70000.0,70000,Petrol,Individual,Manual,Fourth & Above Owner,15.9 kmpl,1298 CC,85 bhp,5.0
Ford,Fiesta,2014.0,650000.0,140000,Diesel,Individual,Manual,Second Owner,25.01 kmpl,1498 CC,89.75 bhp,5.0
Maruti,Swift,2019.0,610000.0,18000,Petrol,Individual,Manual,First Owner,21.21 kmpl,1197 CC,81.80 bhp,5.0
Maruti,,2015.0,300000.0,24000,Petrol,Individual,Manual,First Owner,23.95 kmpl,998 CC,67.05 bhp,5.0
Hyundai,Grand,2014.0,425000.0,60000,Diesel,Individual,Manual,First Owner,24.0 kmpl,1120 CC,70 bhp,5.0
Hyundai,Verna,2012.0,450000.0,150000,Diesel,Individual,Manual,Third Owner,22.32 kmpl,1582 CC,126.32 bhp,5.0
Hyundai,Verna,2011.0,450000.0,108000,Diesel,Individual,Manual,First Owner,22.32 kmpl,1582 CC,126.3 bhp,5.0
Hyundai,i10,2011.0,340000.0,60000,Petrol,Individual,Automatic,Third Owner,16.95 kmpl,1197 CC,78.9 bhp,5.0
Maruti,Ertiga,2013.0,650000.0,90000,Diesel,Individual,Manual,First Owner,20.77 kmpl,1248 CC,88.76 bhp,7.0
Tata,Indigo,2009.0,,70000,Diesel,Individual,Manual,First Owner,19.09 kmpl,1396 CC,69 bhp,5.0
Tata,Indica,2014.0,250000.0,120000,Diesel,Individual,Manual,First Owner,19.1 kmpl,1405 CC,70 bhp,5.0
Chevrolet,Beat,2012.0,225000.0,100000,Diesel,Individual,Manual,Third Owner,25.44 kmpl,936 CC,57.6 bhp,5.0
Tata,Indica,2007.0,55000.0,75958,Diesel,Individual,Manual,Second Owner,17.88 kmpl,1396 CC,52.8 bhp,5.0
Maruti,800,1996.0,42000.0,70000,Petrol,Individual,Manual,Third Owner,16.1 kmpl,796 CC,37 bhp,4.0
Hyundai,Tucson,2006.0,282000.0,128000,Diesel,Individual,Manual,Fourth & Above Owner,12.6 kmpl,1991 CC,112 bhp,7.0
Tata,Indica,2007.0,80000.0,110000,Diesel,Individual,Manual,Third Owner,16.8 kmpl,1405 CC,62 bhp,5.0
Maruti,Swift,2016.0,500000.0,40000,Petrol,Individual,Manual,First Owner,20.85 kmpl,1197 CC,83.14 bhp,5.0
Ford,Figo,2016.0,500000.0,70000,Diesel,Individual,Manual,First Owner,25.83 kmpl,1498 CC,99 bhp,5.0
Maruti,Swift,2011.0,400000.0,60000,Diesel,Individual,Manual,First Owner,22.9 kmpl,1248 CC,74 bhp,5.0
Mahindra,Bolero,2013.0,550000.0,90000,Diesel,Individual,Manual,First Owner,15.96 kmpl,2523 CC,62.1 bhp,7.0
Tata,New,2007.0,200000.0,70000,Diesel,Individual,Manual,Second Owner,13.93 kmpl,2179 CC,138.1 bhp,7.0
Hyundai,i10,2012.0,,65000,Petrol,Individual,Manual,First Owner,20.36 kmpl,1197 CC,78.9 bhp,5.0
Maruti,Swift,2014.0,580000.0,88000,Diesel,Individual,Manual,First Owner,23.4 kmpl,1248 CC,74 bhp,5.0
Tata,Manza,2009.0,100000.0,80000,Diesel,Individual,Manual,Third Owner,18.8 kmpl,1248 CC,90 bhp,5.0
Mahindra,,2014.0,550000.0,60000,Diesel,Individual,Manual,First Owner,14.0 kmpl,2523 CC,75 bhp,8.0
Mahindra,TUV,2017.0,700000.0,38000,Diesel,Individual,Manual,First Owner,18.49 kmpl,1493 CC,100 bhp,7.0
Tata,Manza,2010.0,150000.0,80000,Petrol,Individual,Manual,Third Owner,15.0 kmpl,1368 CC,90 bhp,5.0
Hyundai,EON,2014.0,190000.0,60000,Petrol,Individual,Manual,Second Owner,21.1 kmpl,814 CC,55.2 bhp,5.0
Mahindra,Bolero,2013.0,500000.0,110000,Diesel,Individual,Manual,First Owner,15.96 kmpl,2523 CC,62.1 bhp,7.0
Maruti,,2017.0,640000.0,110000,Diesel,Individual,Manual,First Owner,25.2 kmpl,1248 CC,74 bhp,5.0
Skoda,Fabia,2011.0,340000.0,145000,Diesel,Individual,Manual,First Owner,20.86 kmpl,1199 CC,75 bhp,5.0
Hyundai,Elite,2019.0,811000.0,43000,Diesel,Individual,Manual,First Owner,22.54 kmpl,1396 CC,88.76 bhp,5.0
Maruti,Ritz,2016.0,409999.0,120000,Diesel,Individual,Manual,First Owner,23.2 kmpl,1248 CC,73.94 bhp,5.0
Maruti,Swift,2007.0,220000.0,136000,Petrol,Individual,Manual,Second Owner,16.1 kmpl,1298 CC,88.2 bhp,5.0
Tata,Indica,2013.0,170000.0,120000,Diesel,Individual,Manual,Second Owner,17.88 kmpl,1405 CC,48.21 bhp,5.0
Hyundai,Elite,2018.0,700000.0,25000,Petrol,Individual,Manual,First Owner,18.6 kmpl,1197 CC,81.86 bhp,5.0
Mahindra,Scorpio,2015.0,950000.0,80000,Diesel,Individual,Manual,Second Owner,15.4 kmpl,2179 CC,120 bhp,7.0
Hyundai,Accent,2003.0,80000.0,40000,Petrol,Individual,Manual,Second Owner,14.4 kmpl,1599 CC,94 bhp,5.0
Maruti,Swift,2014.0,420000.0,120000,Diesel,Individual,Manual,Second Owner,23.4 kmpl,1248 CC,74 bhp,5.0
Maruti,S-Cross,2018.0,899000.0,35000,Diesel,Individual,Manual,First Owner,25.1 kmpl,1248 CC,88.5 bhp,5.0
Datsun,GO,2019.0,459999.0,35000,Petrol,Individual,Manual,First Owner,19.83 kmpl,1198 CC,67 bhp,5.0
Hyundai,Verna,2008.0,,120000,Diesel,Individual,Manual,Second Owner,18.1 kmpl,1493 CC,110 bhp,5.0
Renault,KWID,2017.0,350000.0,25000,Petrol,Individual,Manual,First Owner,23.01 kmpl,999 CC,67 bhp,5.0
Toyota,Etios,2015.0,509999.0,100000,Diesel,Individual,Manual,Second Owner,23.59 kmpl,1364 CC,67.05 bhp,5.0
Mahindra,Bolero,2013.0,500000.0,120000,Diesel,Individual,Manual,Third Owner,15.96 kmpl,2523 CC,62.1 bhp,9.0
Tata,Zest,2017.0,370000.0,35000,Petrol,Individual,Manual,First Owner,17.57 kmpl,1193 CC,88.7 bhp,5.0
Maruti,Alto,2013.0,240000.0,44000,Petrol,Individual,Manual,Second Owner,20.92 kmpl,998 CC,67.1 bhp,5.0
Hyundai,i20,2015.0,530000.0,100000,Diesel,Individual,Manual,Second Owner,22.54 kmpl,1396 CC,88.73 bhp,5.0
Mahindra,Scorpio,2015.0,1000000.0,133000,Diesel,Individual,Manual,Second Owner,15.4 kmpl,2179 CC,120 bhp,7.0
Toyota,Innova,,1600000.0,35000,Diesel,Individual,Manual,Second Owner,13.68 kmpl,2393 CC,147.8 bhp,7.0
Hyundai,i10,2014.0,350000.0,64000,Petrol,Individual,Manual,First Owner,20.36 kmpl,1197 CC,78.9 bhp,5.0
Mahindra,XUV500,2015.0,1100000.0,70000,Diesel,Individual,Automatic,First Owner,16.0 kmpl,2179 CC,140 bhp,7.0
Hyundai,i20,2011.0,220000.0,70000,Petrol,Individual,Manual,First Owner,18.5 kmpl,1197 CC,80 bhp,5.0
Hyundai,Grand,2015.0,350000.0,100000,Petrol,Individual,Manual,First Owner,18.9 kmpl,1197 CC,82 bhp,5.0
Maruti,Swift,2013.0,370000.0,90000,Diesel,Individual,Manual,Second Owner,22.9 kmpl,1248 CC,74 bhp,5.0
Maruti,Swift,2014.0,220000.0,50000,Petrol,Individual,Manual,First Owner,17.5 kmpl,1298 CC,85.8 bhp,5.0
Mahindra,KUV,2017.0,400000.0,50000,Diesel,Individual,Manual,First Owner,25.32 kmpl,1198 CC,77 bhp,6.0
Ford,EcoSport,2017.0,570000.0,31596,Petrol,Dealer,Manual,First Owner,17.0 kmpl,1497 CC,121.36 bhp,5.0
Mahindra,XUV500,2013.0,650000.0,85710,Diesel,Dealer,Manual,First Owner,15.1 kmpl,2179 CC,140 bhp,7.0
Toyota,,2012.0,1680000.0,129627,Diesel,Dealer,Manual,First Owner,11.5 kmpl,2982 CC,171 bhp,7.0
Datsun,RediGO,2018.0,250000.0,10000,Petrol,Individual,Manual,First Owner,22.7 kmpl,799 CC,53.64 bhp,5.0
Hyundai,i10,2014.0,320000.0,15000,Petrol,Individual,Manual,First Owner,20.36 kmpl,1197 CC,78.9 bhp,5.0
Maruti,Wagon,2017.0,440000.0,35000,Petrol,Individual,Automatic,First Owner,20.51 kmpl,998 CC,67 bhp,5.0
Hyundai,i20,2013.0,315000.0,49000,Petrol,Individual,Manual,Second Owner,18.5 kmpl,1197 CC,82.85 bhp,5.0
Tata,Manza,2010.0,202999.0,158000,Diesel,Individual,Manual,First Owner,18.8 kmpl,1248 CC,90 bhp,5.0
Hyundai,EON,2012.0,179000.0,30000,Petrol,Individual,Manual,Second Owner,21.1 kmpl,814 CC,55.2 bhp,5.0
Hyundai,i10,2008.0,140000.0,60000,Petrol,Individual,Manual,Second Owner,20.36 kmpl,1197 CC,78.9 bhp,5.0
Maruti,Zen,2008.0,150000.0,40000,Petrol,Individual,Manual,Second Owner,18.2 kmpl,1061 CC,64 bhp,5.0
Mahindra,Bolero,2011.0,440000.0,60000,Diesel,Individual,Manual,Second Owner,13.6 kmpl,2523 CC,63 bhp,7.0
Ford,Figo,2011.0,250000.0,55130,Diesel,Dealer,Manual,Second Owner,20.0 kmpl,1399 CC,68 bhp,5.0
Maruti,Wagon,2014.0,330000.0,22000,Petrol,Individual,Manual,First Owner,20.51 kmpl,998 CC,67.04 bhp,5.0
Ford,Figo,2010.0,250000.0,48000,Petrol,Individual,Manual,First Owner,15.6 kmpl,1196 CC,70 bhp,5.0
Hyundai,i20,2012.0,335000.0,45000,Petrol,Individual,Manual,First Owner,18.5 kmpl,1197 CC,82.85 bhp,5.0
Mahindra,XUV500,2016.0,1025000.0,22522,Diesel,Dealer,Manual,First Owner,16.0 kmpl,2179 CC,140 bhp,7.0
Hyundai,i20,2012.0,320000.0,51856,Petrol,Dealer,Manual,Third Owner,18.5 kmpl,1197 CC,80 bhp,5.0
Maruti,Ciaz,2015.0,550000.0,29434,Petrol,Individual,Manual,First Owner,20.73 kmpl,1373 CC,91.1 bhp,5.0
Honda,WR-V,2018.0,800000.0,25000,Diesel,Individual,Manual,First Owner,25.5 kmpl,1498 CC,98.6 bhp,5.0
Tata,Tiago,2017.0,380000.0,28000,Petrol,Individual,Manual,Second Owner,23.84 kmpl,1199 CC,84 bhp,5.0
Renault,Duster,2013.0,400000.0,44500,Diesel,Individual,Manual,Second Owner,20.46 kmpl,1461 CC,83.8 bhp,5.0
Maruti,Wagon,2016.0,375000.0,34500,Petrol,Individual,Manual,First Owner,20.51 kmpl,998 CC,67.04 bhp,5.0
Honda,City,2017.0,1100000.0,20000,Petrol,Individual,Automatic,First Owner,18.0 kmpl,1497 CC,117.6 bhp,5.0
,i20,2018.0,,15000,Petrol,Individual,Manual,First Owner,18.6 kmpl,1197 CC,81.83 bhp,5.0
Nissan,Micra,2014.0,361000.0,26000,Petrol,Individual,Automatic,First Owner,19.34 kmpl,1198 CC,76 bhp,5.0
Hyundai,,2012.0,140000.0,20000,Petrol,Individual,Manual,First Owner,21.1 kmpl,814 CC,55.2 bhp,5.0
,Xcent,2019.0,550000.0,3000,Petrol,Individual,Manual,First Owner,20.14 kmpl,1197 CC,81.86 bhp,5.0
Honda,Amaze,2019.0,670000.0,20000,Petrol,Individual,Manual,First Owner,19.5 kmpl,1199 CC,88.76 bhp,5.0
Maruti,Vitara,2017.0,880000.0,25000,Diesel,Individual,Manual,First Owner,24.3 kmpl,1248 CC,88.5 bhp,5.0
Ford,EcoSport,2018.0,950000.0,35000,Diesel,Individual,Manual,First Owner,23.0 kmpl,1498 CC,98.96 bhp,5.0
Chevrolet,Cruze,2010.0,300000.0,60000,Diesel,Individual,Manual,First Owner,18.3 kmpl,1991 CC,147.9 bhp,5.0
Honda,City,2017.0,1150000.0,6825,Petrol,Individual,Automatic,First Owner,18.0 kmpl,1497 CC,117.6 bhp,5.0
Chevrolet,Cruze,2015.0,450000.0,155000,Diesel,Individual,Automatic,First Owner,14.81 kmpl,1998 CC,163.7 bhp,5.0
Maruti,Eeco,2018.0,375000.0,50000,CNG,Individual,Manual,First Owner,21.94 km/kg,1196 CC,61.7 bhp,5.0
Maruti,Ertiga,2016.0,600000.0,13500,Petrol,Individual,Manual,First Owner,17.5 kmpl,1373 CC,91.1 bhp,7.0
Toyota,Innova,2008.0,700000.0,260000,Diesel,Individual,Manual,First Owner,12.8 kmpl,2494 CC,102 bhp,8.0
Hyundai,Xcent,2018.0,600000.0,65000,Diesel,Individual,Manual,First Owner,25.4 kmpl,1186 CC,73.97 bhp,5.0
Mahindra,Xylo,2014.0,630000.0,95000,Diesel,Individual,Manual,Second Owner,14.02 kmpl,2179 CC,118.3 bhp,8.0
Maruti,Ciaz,2016.0,590000.0,40000,Petrol,Individual,Manual,Second Owner,20.73 kmpl,1373 CC,91.1 bhp,5.0
Hyundai,Santro,2019.0,420000.0,30000,Petrol,Individual,Manual,First Owner,20.3 kmpl,1086 CC,68 bhp,5.0
Mitsubishi,Pajero,2016.0,1950000.0,120000,Diesel,Individual,Manual,First Owner,13.5 kmpl,2477 CC,175.56 bhp,7.0
Tata,New,2013.0,541000.0,112011,Diesel,Individual,Manual,First Owner,13.93 kmpl,2179 CC,138.1 bhp,7.0
Toyota,Innova,2015.0,900000.0,125000,Diesel,Individual,Manual,First Owner,12.99 kmpl,2494 CC,100.6 bhp,7.0
Tata,Manza,2009.0,250000.0,43000,Diesel,Individual,Manual,First Owner,18.8 kmpl,1248 CC,90 bhp,5.0
Mahindra,Bolero,2019.0,670000.0,53534,Diesel,Individual,Manual,First Owner,15.96 kmpl,2523 CC,62.1 bhp,7.0
Tata,Tigor,2019.0,530000.0,20000,Petrol,Individual,Manual,First Owner,20.3 kmpl,1199 CC,83.81 bhp,5.0
Chevrolet,Beat,2012.0,150000.0,70000,Diesel,Individual,Manual,Second Owner,25.44 kmpl,936 CC,57.6 bhp,5.0
Mahindra,XUV500,2013.0,550000.0,70000,Diesel,Individual,Manual,Third Owner,15.1 kmpl,2179 CC,140 bhp,7.0
Mahindra,Scorpio,2015.0,650000.0,150000,Diesel,Individual,Manual,First Owner,15.4 kmpl,1997 CC,120 bhp,7.0
Tata,Indica,2012.0,180000.0,100000,Diesel,Individual,Manual,Second Owner,19.4 kmpl,1405 CC,70 bhp,5.0
Mahindra,Thar,2015.0,585000.0,50000,Diesel,Individual,Manual,First Owner,16.55 kmpl,2498 CC,105 bhp,7.0
Hyundai,i20,2013.0,345000.0,120000,Petrol,Individual,Manual,Second Owner,18.5 kmpl,1197 CC,82.85 bhp,5.0
Maruti,Swift,2013.0,350000.0,110000,Diesel,Individual,Manual,Third Owner,22.9 kmpl,1248 CC,74 bhp,5.0
Honda,BRV,2016.0,725000.0,140000,Petrol,Individual,Manual,First Owner,15.4 kmpl,1497 CC,117.3 bhp,7.0
Tata,Venture,2012.0,250000.0,120000,Diesel,Individual,Manual,First Owner,15.42 kmpl,1405 CC,70 bhp,7.0
Maruti,800,2002.0,45000.0,70000,Petrol,Individual,Manual,Second Owner,16.1 kmpl,796 CC,37 bhp,4.0
Toyota,Innova,2007.0,409999.0,248119,Diesel,Individual,Manual,Fourth & Above Owner,12.8 kmpl,2494 CC,102 bhp,8.0
,KWID,2017.0,325000.0,16500,Petrol,Individual,Manual,Second Owner,23.01 kmpl,999 CC,67 bhp,5.0
Maruti,Alto,2016.0,350000.0,9900,Petrol,Individual,Manual,First Owner,23.95 kmpl,998 CC,67.05 bhp,5.0
Maruti,Alto,2012.0,180000.0,80000,Petrol,Individual,Manual,Third Owner,19.7 kmpl,796 CC,46.3 bhp,5.0
Fiat,Linea,2010.0,150000.0,100000,Petrol,Individual,Manual,Second Owner,16.0 kmpl,1368 CC,90 bhp,5.0
Maruti,Dzire,2020.0,700000.0,20000,Petrol,Individual,Manual,First Owner,23.26 kmpl,1197 CC,88.50 bhp,5.0
Maruti,Ciaz,2016.0,795000.0,90000,Diesel,Individual,Manual,First Owner,28.09 kmpl,1248 CC,88.5 bhp,5.0
Mahindra,Thar,2019.0,950000.0,15000,Diesel,Individual,Manual,First Owner,16.55 kmpl,2498 CC,105 bhp,6.0
Volkswagen,Vento,2018.0,885000.0,75000,Diesel,Individual,Automatic,First Owner,21.5 kmpl,1498 CC,108.5 bhp,5.0
Maruti,Ritz,2011.0,160000.0,140000,Diesel,Individual,Manual,First Owner,21.1 kmpl,1248 CC,73.9 bhp,5.0
Hyundai,i20,2012.0,300000.0,120000,Diesel,Individual,Manual,Second Owner,23.0 kmpl,1396 CC,90 bhp,5.0
Volkswagen,Vento,2018.0,950000.0,75000,Diesel,Individual,Automatic,First Owner,21.5 kmpl,1498 CC,108.5 bhp,5.0
Maruti,Ertiga,2015.0,549000.0,90000,Diesel,Individual,Manual,First Owner,20.77 kmpl,1248 CC,88.76 bhp,7.0
Audi,A3,2018.0,3000000.0,20000,Diesel,Individual,Automatic,First Owner,20.38 kmpl,1968 CC,143 bhp,5.0
Toyota,Innova,2015.0,1200000.0,61000,Diesel,Individual,Manual,First Owner,12.99 kmpl,2494 CC,100.6 bhp,7.0
Renault,Fluence,2012.0,570000.0,100000,Diesel,Individual,Manual,Second Owner,21.8 kmpl,1461 CC,78 bhp,5.0
Mahindra,Thar,2017.0,800000.0,60000,Diesel,Individual,Manual,Second Owner,16.55 kmpl,2498 CC,105 bhp,6.0
Hyundai,Verna,2009.0,375000.0,100000,Diesel,Individual,Manual,First Owner,18.1 kmpl,1493 CC,110 bhp,5.0
Mahindra,Bolero,2009.0,300000.0,170000,Diesel,Individual,Manual,Third Owner,13.6 kmpl,2523 CC,63 bhp,7.0
Toyota,Etios,2013.0,350000.0,100000,Petrol,Individual,Manual,Second Owner,16.78 kmpl,1496 CC,88.73 bhp,5.0
Mahindra,Bolero,2011.0,400000.0,120000,Diesel,Individual,Manual,Second Owner,13.6 kmpl,2523 CC,63 bhp,7.0
Volkswagen,Polo,2015.0,434999.0,50000,Diesel,Individual,Manual,First Owner,20.14 kmpl,1498 CC,88.8 bhp,5.0
Maruti,Alto,2015.0,260000.0,25000,Petrol,Individual,Manual,First Owner,22.74 kmpl,796 CC,47.3 bhp,5.0
Maruti,Swift,2013.0,450000.0,24019,Diesel,Individual,Manual,First Owner,22.9 kmpl,1248 CC,74 bhp,5.0
Hyundai,Verna,2013.0,459999.0,80000,Diesel,Individual,Manual,Second Owner,22.32 kmpl,1582 CC,126.32 bhp,5.0
Maruti,Ritz,2011.0,210000.0,100000,Diesel,Individual,Manual,Second Owner,21.1 kmpl,1248 CC,73.9 bhp,5.0
Maruti,Swift,2015.0,540000.0,93000,Petrol,Individual,Manual,Second Owner,20.85 kmpl,1197 CC,83.14 bhp,5.0
,Ertiga,2017.0,710000.0,50000,Diesel,Individual,Manual,First Owner,24.52 kmpl,1248 CC,88.5 bhp,7.0
Maruti,Alto,2018.0,285000.0,22000,Petrol,Individual,Manual,First Owner,24.7 kmpl,796 CC,47.3 bhp,5.0
Hyundai,Creta,2019.0,,19600,Diesel,Individual,Manual,First Owner,22.1 kmpl,1396 CC,88.7 bhp,5.0
,Indigo,2017.0,362000.0,104000,Petrol,Individual,Manual,First Owner,15.64 kmpl,1193 CC,64.1 bhp,5.0
Ford,EcoSport,2017.0,880000.0,33000,Diesel,Individual,Manual,First Owner,23.0 kmpl,1498 CC,98.96 bhp,5.0
Mahindra,,2017.0,700000.0,60000,Diesel,Individual,Manual,First Owner,18.49 kmpl,1493 CC,100 bhp,7.0
Mahindra,Bolero,2016.0,600000.0,60000,Diesel,Individual,Manual,First Owner,15.96 kmpl,2523 CC,63 bhp,9.0
Nissan,Terrano,2015.0,700000.0,40000,Petrol,Individual,Manual,First Owner,13.24 kmpl,1598 CC,102.5 bhp,5.0
Tata,Tiago,2016.0,400000.0,60000,Diesel,Individual,Manual,First Owner,27.28 kmpl,1047 CC,69 bhp,5.0
Hyundai,Accent,2010.0,165000.0,80000,LPG,Individual,Manual,First Owner,13.2 km/kg,1495 CC,93.7 bhp,5.0
Toyota,Innova,2007.0,350000.0,376412,Diesel,Individual,Manual,Second Owner,12.8 kmpl,2494 CC,102 bhp,8.0
Maruti,Ertiga,2014.0,425000.0,80000,Petrol,Individual,Manual,Third Owner,16.02 kmpl,1373 CC,93.7 bhp,7.0
Hyundai,Santro,2012.0,180000.0,70000,Petrol,Individual,Manual,First Owner,17.92 kmpl,1086 CC,62.1 bhp,5.0
Maruti,Alto,2012.0,170000.0,90000,Petrol,Individual,Manual,Third Owner,20.92 kmpl,998 CC,67.1 bhp,5.0
Mahindra,Bolero,2014.0,370000.0,183000,Diesel,Individual,Manual,First Owner,15.96 kmpl,2523 CC,63 bhp,9.0
Maruti,Vitara,2018.0,800000.0,27000,Diesel,Individual,Manual,First Owner,24.3 kmpl,1248 CC,88.5 bhp,5.0
Ford,EcoSport,2017.0,900000.0,35000,Diesel,Individual,Manual,First Owner,23.0 kmpl,1498 CC,98.96 bhp,5.0
Maruti,Swift,2013.0,,120000,Diesel,Individual,Manual,First Owner,22.9 kmpl,1248 CC,74 bhp,5.0
Maruti,Swift,2014.0,445000.0,80000,Diesel,Individual,Manual,Second Owner,23.4 kmpl,1248 CC,74 bhp,5.0
Maruti,,2014.0,459999.0,70000,Diesel,Individual,Manual,Fourth & Above Owner,23.4 kmpl,1248 CC,74 bhp,5.0
Maruti,Wagon,2013.0,275000.0,55000,LPG,Individual,Manual,First Owner,14.4 km/kg,998 CC,61.7 bhp,5.0
Maruti,Ritz,2009.0,200000.0,120000,Diesel,Individual,Manual,Second Owner,21.1 kmpl,1248 CC,73.9 bhp,5.0
Maruti,,2012.0,350000.0,72000,Petrol,Individual,Manual,Second Owner,17.5 kmpl,1197 CC,85.8 bhp,5.0
Tata,New,2007.0,95000.0,120000,Diesel,Individual,Manual,Second Owner,12.0 kmpl,2092 CC,127 bhp,7.0
Toyota,Etios,2014.0,550000.0,250000,Diesel,Individual,Manual,First Owner,23.59 kmpl,1364 CC,67.04 bhp,5.0
Chevrolet,Tavera,2016.0,900000.0,100000,Diesel,Individual,Manual,First Owner,13.58 kmpl,2499 CC,72.4 bhp,9.0
Tata,Sumo,2013.0,350000.0,120000,Diesel,Individual,Manual,Second Owner,15.3 kmpl,2956 CC,83.83 bhp,7.0
Hyundai,Grand,2014.0,455999.0,32000,Petrol,Individual,Manual,First Owner,18.9 kmpl,1197 CC,82 bhp,5.0
Maruti,Alto,2008.0,129000.0,60000,Petrol,Individual,Manual,First Owner,19.7 kmpl,796 CC,46.3 bhp,5.0
Maruti,Alto,2017.0,254000.0,40000,Petrol,Individual,Manual,First Owner,24.7 kmpl,796 CC,47.3 bhp,5.0
Ford,Ecosport,2014.0,570000.0,48000,Diesel,Individual,Manual,First Owner,21.7 kmpl,1498 CC,98.96 bhp,5.0
,Terrano,2018.0,840000.0,30000,Diesel,Individual,Manual,First Owner,19.87 kmpl,1461 CC,83.14 bhp,5.0
Tata,New,2010.0,235000.0,100000,Diesel,Individual,Manual,Second Owner,13.93 kmpl,2179 CC,138.1 bhp,7.0
Mahindra,TUV,2016.0,700000.0,50000,Diesel,Individual,Manual,First Owner,18.49 kmpl,1493 CC,100 bhp,7.0
Hyundai,Grand,2018.0,528000.0,5000,Petrol,Individual,Manual,First Owner,18.9 kmpl,1197 CC,81.86 bhp,5.0
Jeep,Compass,2017.0,1500000.0,12000,Diesel,Individual,Manual,First Owner,17.1 kmpl,1956 CC,170 bhp,5.0
Mahindra,Bolero,2016.0,560000.0,72000,Diesel,Individual,Manual,First Owner,15.96 kmpl,2523 CC,63 bhp,9.0
Mahindra,Bolero,2016.0,600000.0,70000,Diesel,Individual,Manual,First Owner,15.96 kmpl,2523 CC,63 bhp,9.0
Chevrolet,Aveo,2007.0,102000.0,50000,Petrol,Individual,Manual,Second Owner,15.26 kmpl,1150 CC,74.9 bhp,5.0
Mahindra,XUV500,2014.0,750000.0,70000,Diesel,Individual,Manual,Second Owner,15.1 kmpl,2179 CC,140 bhp,
Chevrolet,Aveo,2010.0,148000.0,70000,Petrol,Individual,Manual,Third Owner,14.7 kmpl,1150 CC,76 bhp,5.0
Maruti,Baleno,2015.0,650000.0,50000,Petrol,Individual,Manual,First Owner,21.4 kmpl,1197 CC,83.1 bhp,5.0
Volkswagen,Polo,2012.0,310000.0,40000,Petrol,Individual,Manual,First Owner,16.47 kmpl,1198 CC,73.9 bhp,5.0
Hyundai,Xcent,2014.0,480000.0,30000,Petrol,Individual,Manual,First Owner,19.1 kmpl,1197 CC,82 bhp,5.0
Maruti,Alto,2018.0,320000.0,15000,Petrol,Individual,Manual,First Owner,24.7 kmpl,796 CC,47.3 bhp,5.0
Honda,City,2015.0,750000.0,40000,Petrol,Individual,Manual,First Owner,17.4 kmpl,1497 CC,117.3 bhp,5.0
Nissan,,2017.0,370000.0,40000,Petrol,Individual,Manual,First Owner,19.49 kmpl,1198 CC,67.04 bhp,5.0
Maruti,Swift,2013.0,320000.0,60000,Petrol,Individual,Manual,Fourth & Above Owner,18.6 kmpl,1197 CC,85.8 bhp,5.0
Maruti,Swift,2013.0,420000.0,67000,Petrol,Individual,Manual,First Owner,18.6 kmpl,1197 CC,85.8 bhp,5.0
Maruti,Swift,2010.0,240000.0,60000,Petrol,Individual,Manual,Second Owner,17.5 kmpl,1298 CC,85.8 bhp,5.0
Datsun,RediGO,2017.0,220000.0,60000,Petrol,Individual,Manual,First Owner,22.5 kmpl,999 CC,67 bhp,5.0
Honda,Amaze,2018.0,675000.0,40000,Diesel,Individual,Manual,First Owner,25.8 kmpl,1498 CC,98.6 bhp,5.0
Toyota,Etios,2016.0,434999.0,50000,Petrol,Individual,Manual,Second Owner,18.16 kmpl,1197 CC,78.8 bhp,5.0
Honda,CR-V,2006.0,125000.0,200000,Petrol,Individual,Automatic,Third Owner,13.1 kmpl,1997 CC,141.1 bhp,5.0
Mahindra,KUV,2016.0,400000.0,14000,Petrol,Individual,Manual,Second Owner,18.15 kmpl,1198 CC,82 bhp,6.0
Chevrolet,Tavera,2015.0,425000.0,70000,Diesel,Individual,Manual,First Owner,13.58 kmpl,2499 CC,72.4 bhp,9.0
Maruti,Ritz,2010.0,311000.0,94000,Diesel,Individual,Manual,Second Owner,21.1 kmpl,1248 CC,75 bhp,5.0
Chevrolet,Tavera,2015.0,509999.0,197000,Diesel,Individual,Manual,First Owner,13.58 kmpl,2499 CC,72.4 bhp,10.0
Ford,Figo,2015.0,530000.0,79000,Diesel,Individual,Manual,Second Owner,25.83 kmpl,1498 CC,99 bhp,5.0
Skoda,Octavia,2008.0,210000.0,120000,Diesel,Individual,Manual,Second Owner,18.7 kmpl,1896 CC,66 bhp,5.0
Mahindra,Marazzo,2019.0,977000.0,30000,Diesel,Individual,Manual,First Owner,17.3 kmpl,1497 CC,121 bhp,8.0
Maruti,Wagon,2018.0,440000.0,20000,Petrol,Individual,Manual,First Owner,20.51 kmpl,998 CC,67.04 bhp,5.0
Maruti,Wagon,2018.0,440000.0,17000,Petrol,Individual,Manual,First Owner,20.51 kmpl,998 CC,67.04 bhp,5.0
Hyundai,i20,2018.0,655000.0,20000,Petrol,Individual,Manual,First Owner,18.6 kmpl,1197 CC,81.83 bhp,5.0
Renault,KWID,2016.0,,60000,Petrol,Individual,Manual,First Owner,25.17 kmpl,799 CC,53.3 bhp,5.0
Hyundai,Getz,2007.0,65000.0,70000,Petrol,Individual,Manual,Third Owner,15.0 kmpl,1086 CC,66.6 bhp,5.0
Tata,Hexa,2017.0,1200000.0,150000,Diesel,Individual,Manual,First Owner,17.6 kmpl,2179 CC,153.86 bhp,7.0
Tata,Hexa,2017.0,1251000.0,35000,Diesel,Individual,Manual,First Owner,17.6 kmpl,2179 CC,153.86 bhp,7.0
Tata,Indigo,2010.0,200000.0,60000,Diesel,Individual,Manual,First Owner,23.03 kmpl,1396 CC,69 bhp,5.0
,i20,2016.0,750000.0,40000,Diesel,Individual,Manual,First Owner,21.19 kmpl,1396 CC,88.73 bhp,5.0
Maruti,Wagon,2018.0,,60000,CNG,Individual,Manual,First Owner,26.6 km/kg,998 CC,58.16 bhp,5.0
Honda,Amaze,2017.0,475000.0,57000,Petrol,Individual,Manual,First Owner,17.8 kmpl,1198 CC,86.7 bhp,5.0
Tata,Indigo,2012.0,110000.0,120000,Diesel,Individual,Manual,Second Owner,17.8 kmpl,1405 CC,70 bhp,5.0
Renault,KWID,2017.0,350000.0,30000,Petrol,Individual,Manual,First Owner,23.01 kmpl,999 CC,67 bhp,5.0
Maruti,Swift,2016.0,450000.0,175000,Diesel,Individual,Manual,First Owner,23.4 kmpl,1248 CC,74 bhp,5.0
Tata,Indigo,2010.0,150000.0,90000,Diesel,Individual,Manual,First Owner,17.0 kmpl,1405 CC,70 bhp,5.0
Tata,Indica,2009.0,80000.0,110000,Diesel,Individual,Manual,Second Owner,17.2 kmpl,1396 CC,53.5 bhp,5.0
Hyundai,i20,2015.0,430000.0,35000,Petrol,Individual,Manual,Second Owner,18.6 kmpl,1197 CC,81.83 bhp,5.0
Toyota,Innova,2017.0,1450000.0,81000,Diesel,Individual,Manual,First Owner,13.68 kmpl,2393 CC,147.8 bhp,7.0
Chevrolet,Cruze,2011.0,360000.0,100000,Diesel,Individual,Manual,First Owner,18.3 kmpl,1991 CC,147.9 bhp,5.0
Tata,Hexa,2017.0,1445000.0,60000,Diesel,Individual,Automatic,First Owner,17.6 kmpl,2179 CC,153.86 bhp,7.0
Honda,City,2016.0,,60000,Diesel,Individual,Manual,First Owner,26.0 kmpl,1498 CC,98.6 bhp,5.0
,GLA,2016.0,2000000.0,70000,Petrol,Individual,Automatic,First Owner,13.7 kmpl,1991 CC,183 bhp,5.0
Honda,Amaze,2015.0,440000.0,50000,Diesel,Individual,Manual,First Owner,25.8 kmpl,1498 CC,98.6 bhp,5.0
Hyundai,i20,2012.0,254999.0,90000,Diesel,Individual,Manual,First Owner,23.0 kmpl,1396 CC,90 bhp,5.0
Datsun,GO,2018.0,530000.0,65000,Petrol,Individual,Manual,First Owner,19.02 kmpl,1198 CC,67.05 bhp,7.0
Mahindra,XUV500,2016.0,890000.0,40000,Diesel,Individual,Manual,Second Owner,16.0 kmpl,1997 CC,140 bhp,7.0
Volkswagen,Polo,2013.0,280000.0,80000,Diesel,Individual,Manual,Second Owner,22.07 kmpl,1199 CC,73.9 bhp,5.0
Maruti,Swift,2017.0,725000.0,35000,Petrol,Individual,Automatic,First Owner,21.21 kmpl,1197 CC,81.80 bhp,5.0
,TUV,2016.0,700000.0,30000,Diesel,Individual,Manual,First Owner,18.49 kmpl,1493 CC,100 bhp,7.0
Maruti,Zen,2007.0,90000.0,70000,Petrol,Individual,Manual,First Owner,18.2 kmpl,998 CC,67.1 bhp,5.0
Hyundai,i10,2015.0,287000.0,100000,Petrol,Individual,Manual,Second Owner,19.81 kmpl,1086 CC,68.05 bhp,5.0
Hyundai,Creta,2018.0,1380000.0,55000,Petrol,Individual,Automatic,First Owner,14.8 kmpl,1591 CC,121.3 bhp,5.0
Toyota,Innova,2013.0,750000.0,80000,Diesel,Individual,Manual,Second Owner,12.99 kmpl,2494 CC,100.6 bhp,7.0
Hyundai,Verna,2016.0,650000.0,40000,Petrol,Individual,Manual,First Owner,17.43 kmpl,1396 CC,105.5 bhp,5.0
Maruti,Wagon,2013.0,240000.0,108916,Petrol,Individual,Manual,Second Owner,20.51 kmpl,998 CC,67.04 bhp,5.0
Hyundai,EON,2013.0,290000.0,40000,Petrol,Individual,Manual,Second Owner,21.1 kmpl,814 CC,55.2 bhp,5.0
Hyundai,EON,2014.0,229999.0,80000,Petrol,Individual,Manual,First Owner,21.1 kmpl,814 CC,55.2 bhp,5.0
Honda,City,2016.0,1000000.0,50000,Diesel,Individual,Manual,Second Owner,26.0 kmpl,1498 CC,98.6 bhp,5.0
Hyundai,Santro,2012.0,200000.0,90000,Petrol,Individual,Manual,Second Owner,17.92 kmpl,1086 CC,62.1 bhp,5.0
Maruti,Alto,2004.0,90000.0,70000,Petrol,Individual,Manual,Fourth & Above Owner,19.7 kmpl,796 CC,46.3 bhp,5.0
Hyundai,i20,2012.0,330000.0,90000,Diesel,Individual,Manual,First Owner,23.0 kmpl,1396 CC,90 bhp,5.0
Maruti,Ritz,2009.0,200000.0,70000,Diesel,Individual,Manual,First Owner,21.1 kmpl,1248 CC,73.9 bhp,5.0
Mahindra,KUV,2018.0,420000.0,31000,Diesel,Individual,Manual,First Owner,25.32 kmpl,1198 CC,77 bhp,6.0
Maruti,Swift,2009.0,260000.0,120000,Diesel,Individual,Manual,Second Owner,19.3 kmpl,1248 CC,73.9 bhp,5.0
Hyundai,i20,2016.0,590000.0,40000,Petrol,Individual,Manual,First Owner,18.6 kmpl,1197 CC,81.83 bhp,5.0
Maruti,Swift,2015.0,545000.0,180000,Diesel,Individual,Manual,First Owner,25.2 kmpl,1248 CC,74 bhp,5.0
Maruti,Wagon,2011.0,210000.0,90000,Petrol,Individual,Manual,Second Owner,18.9 kmpl,998 CC,67.1 bhp,5.0
Honda,City,2008.0,185000.0,110000,Petrol,Individual,Manual,Second Owner,17.7 kmpl,1497 CC,78 bhp,5.0
Maruti,Wagon,2006.0,125000.0,59000,Petrol,Individual,Manual,Second Owner,18.9 kmpl,998 CC,67.1 bhp,5.0
Hyundai,EON,2014.0,280000.0,60000,Petrol,Individual,Manual,Second Owner,21.1 kmpl,814 CC,55.2 bhp,5.0
Maruti,Wagon,2005.0,98000.0,70000,Petrol,Individual,Manual,Second Owner,18.9 kmpl,998 CC,67.1 bhp,5.0
Tata,Indica,2009.0,100000.0,190000,Diesel,Individual,Manual,First Owner,17.0 kmpl,1405 CC,71 bhp,5.0
Mahindra,Verito,2013.0,,180000,Diesel,Individual,Manual,First Owner,20.8 kmpl,1461 CC,64.1 bhp,5.0
Toyota,Fortuner,2010.0,750000.0,150000,Diesel,Individual,Manual,Second Owner,11.5 kmpl,2982 CC,171 bhp,7.0
Chevrolet,Optra,2007.0,160000.0,130000,Diesel,Individual,Manual,Second Owner,16.52 kmpl,1991 CC,123.7 bhp,5.0
Hyundai,Verna,2013.0,509999.0,120000,Diesel,Individual,Automatic,Second Owner,22.32 kmpl,1582 CC,126.3 bhp,5.0
Tata,Indica,2009.0,95000.0,80000,Diesel,Individual,Manual,Second Owner,17.88 kmpl,1396 CC,52.8 bhp,5.0
Hyundai,Verna,2014.0,525000.0,80000,Diesel,Individual,Manual,Second Owner,22.32 kmpl,1582 CC,126.32 bhp,5.0
Datsun,RediGO,2017.0,278000.0,20000,Petrol,Individual,Manual,First Owner,22.5 kmpl,999 CC,67 bhp,5.0
Maruti,800,1997.0,50000.0,60000,Petrol,Individual,Manual,Second Owner,16.1 kmpl,796 CC,37 bhp,4.0
Volkswagen,Polo,2011.0,254999.0,120000,Diesel,Individual,Manual,Third Owner,22.07 kmpl,1199 CC,73.9 bhp,5.0
Maruti,S-Cross,2018.0,950000.0,51000,Diesel,Individual,Manual,First Owner,25.1 kmpl,1248 CC,88.5 bhp,5.0
Honda,City,2007.0,229999.0,60000,Petrol,Individual,Manual,Third Owner,17.7 kmpl,1497 CC,78 bhp,5.0
Toyota,Innova,2009.0,600000.0,220000,Diesel,Individual,Manual,First Owner,12.8 kmpl,2494 CC,102 bhp,8.0
Maruti,Alto,2017.0,330000.0,20000,Petrol,Individual,Manual,First Owner,24.7 kmpl,796 CC,47.3 bhp,5.0
Maruti,Alto,2017.0,350000.0,40000,Petrol,Individual,Manual,First Owner,23.95 kmpl,998 CC,67.05 bhp,5.0
Volkswagen,Polo,2016.0,560000.0,35000,Petrol,Individual,Manual,First Owner,16.2 kmpl,1199 CC,74 bhp,5.0
Maruti,Wagon,2017.0,440000.0,30000,Petrol,Individual,Manual,First Owner,20.51 kmpl,998 CC,67.04 bhp,5.0
Maruti,A-Star,2011.0,220000.0,90000,Petrol,Individual,Manual,Second Owner,19.0 kmpl,998 CC,66.1 bhp,5.0
Maruti,Swift,2017.0,750000.0,110000,Diesel,Individual,Manual,Second Owner,28.4 kmpl,1248 CC,74.02 bhp,5.0
Mahindra,XUV500,2015.0,800000.0,140000,Diesel,Individual,Manual,First Owner,15.1 kmpl,2179 CC,140 bhp,7.0
Tata,Indica,2007.0,59259.0,104000,Diesel,Individual,Manual,Second Owner,17.2 kmpl,1396 CC,53.5 bhp,5.0
Mahindra,Thar,2015.0,750000.0,16000,Diesel,Individual,Manual,First Owner,18.06 kmpl,2523 CC,63 bhp,7.0
Maruti,Baleno,2019.0,,7200,Petrol,Individual,Manual,First Owner,21.1 kmpl,998 CC,100.5 bhp,5.0
Volkswagen,Polo,2011.0,320000.0,77000,Diesel,Individual,Manual,Second Owner,22.07 kmpl,1199 CC,73.9 bhp,5.0
Mahindra,KUV,2017.0,690000.0,40000,Diesel,Individual,Manual,First Owner,25.32 kmpl,1198 CC,77 bhp,6.0
Maruti,Swift,2012.0,375000.0,70000,Diesel,Individual,Manual,Second Owner,19.3 kmpl,1248 CC,73.9 bhp,5.0
Ford,Figo,2017.0,620000.0,50000,Petrol,Individual,Manual,First Owner,18.12 kmpl,1196 CC,86.8 bhp,5.0
Hyundai,Santro,2015.0,300000.0,85000,LPG,Individual,Manual,First Owner,13.45 km/kg,1086 CC,62.1 bhp,5.0
,Eeco,2016.0,,58000,Petrol,Individual,Manual,Second Owner,15.37 kmpl,1196 CC,73 bhp,7.0
Mahindra,Thar,2013.0,770000.0,85000,Diesel,Individual,Manual,First Owner,16.55 kmpl,2498 CC,105 bhp,7.0
Hyundai,Xcent,2014.0,500000.0,65000,Petrol,Individual,Manual,First Owner,19.1 kmpl,1197 CC,81.86 bhp,5.0
Mahindra,KUV,2017.0,450000.0,120000,Diesel,Individual,Manual,First Owner,25.32 kmpl,1198 CC,77 bhp,6.0
Hyundai,Santro,2013.0,195000.0,50000,Petrol,Individual,Manual,Second Owner,17.92 kmpl,1086 CC,62.1 bhp,5.0
Maruti,Wagon,2018.0,472000.0,30000,Petrol,Individual,Automatic,First Owner,20.51 kmpl,998 CC,67 bhp,5.0
Maruti,Alto,2014.0,250000.0,58000,Petrol,Individual,Manual,Second Owner,23.95 kmpl,998 CC,67.05 bhp,5.0
Chevrolet,,2011.0,165000.0,70000,Diesel,Individual,Manual,Second Owner,25.44 kmpl,936 CC,57.6 bhp,5.0
Tata,Zest,2018.0,525000.0,110000,Diesel,Individual,Manual,Second Owner,20.65 kmpl,1248 CC,88.7 bhp,5.0
Maruti,Wagon,2003.0,145000.0,65000,Petrol,Individual,Manual,Third Owner,18.9 kmpl,998 CC,67.1 bhp,5.0
Tata,Indica,2013.0,325000.0,100000,Diesel,Individual,Manual,First Owner,22.3 kmpl,1248 CC,88.8 bhp,5.0
Mahindra,Bolero,2017.0,660000.0,60000,Diesel,Individual,Manual,Second Owner,16.5 kmpl,1493 CC,70 bhp,7.0
Ford,Classic,2014.0,310000.0,90000,Diesel,Individual,Manual,Second Owner,19.68 kmpl,1399 CC,67 bhp,5.0
Mahindra,Bolero,2008.0,250000.0,200000,Diesel,Individual,Manual,First Owner,13.6 kmpl,2523 CC,63 bhp,7.0
Ford,Classic,2014.0,330000.0,100000,Diesel,Individual,Manual,Second Owner,19.68 kmpl,1399 CC,67 bhp,5.0
Ford,Figo,2012.0,,80000,Diesel,Individual,Manual,Second Owner,20.0 kmpl,1399 CC,68 bhp,5.0
Mahindra,NuvoSport,2017.0,650000.0,60000,Diesel,Individual,Automatic,First Owner,17.45 kmpl,1493 CC,100 bhp,7.0
Maruti,Alto,2016.0,305000.0,40000,Petrol,Individual,Manual,First Owner,23.95 kmpl,998 CC,67.05 bhp,5.0
,Ciaz,2015.0,600000.0,50000,Diesel,Individual,Manual,First Owner,26.21 kmpl,1248 CC,88.5 bhp,5.0
Maruti,Wagon,2015.0,280000.0,110000,Petrol,Individual,Manual,First Owner,20.51 kmpl,998 CC,67.04 bhp,5.0
Tata,Indigo,2011.0,153000.0,50000,Diesel,Individual,Manual,Second Owner,23.57 kmpl,1396 CC,70 bhp,5.0
,TUV,2018.0,700000.0,30000,Diesel,Individual,Manual,First Owner,18.49 kmpl,1493 CC,100 bhp,7.0
Renault,KWID,2017.0,325000.0,40000,Petrol,Individual,Manual,First Owner,25.17 kmpl,799 CC,53.3 bhp,5.0
Maruti,800,2006.0,155000.0,70000,Petrol,Individual,Manual,Second Owner,16.1 kmpl,796 CC,37 bhp,4.0
Maruti,Alto,2012.0,235000.0,80000,Petrol,Individual,Manual,Third Owner,20.92 kmpl,998 CC,67.1 bhp,5.0
Maruti,Swift,2016.0,500000.0,15000,Petrol,Individual,Manual,First Owner,20.4 kmpl,1197 CC,81.80 bhp,5.0
Mahindra,Bolero,2004.0,120000.0,150000,Diesel,Individual,Manual,Second Owner,13.6 kmpl,2523 CC,63 bhp,7.0
Skoda,Rapid,2016.0,675000.0,88000,Diesel,Dealer,Automatic,First Owner,21.66 kmpl,1498 CC,103.52 bhp,5.0
Toyota,Innova,2014.0,950000.0,80000,Diesel,Dealer,Manual,First Owner,12.99 kmpl,2494 CC,100.6 bhp,7.0
Mahindra,XUV500,2018.0,1051000.0,59865,Diesel,Dealer,Manual,First Owner,15.1 kmpl,2179 CC,152.87 bhp,7.0
Volkswagen,Polo,2016.0,591000.0,60000,Diesel,Dealer,Manual,First Owner,21.49 kmpl,1498 CC,108.5 bhp,5.0
Hyundai,i20,2015.0,585000.0,72000,Diesel,Dealer,Manual,First Owner,22.54 kmpl,1396 CC,88.73 bhp,5.0
Honda,City,2017.0,1025000.0,68140,Petrol,Dealer,Automatic,First Owner,18.0 kmpl,1497 CC,117.6 bhp,5.0
Maruti,Swift,2014.0,450000.0,53190,Diesel,Dealer,Manual,First Owner,28.4 kmpl,1248 CC,74 bhp,5.0
Hyundai,i20,2014.0,484999.0,70100,Diesel,Dealer,Manual,First Owner,22.54 kmpl,1396 CC,88.73 bhp,5.0
,Jazz,2018.0,650000.0,47725,Diesel,Dealer,Manual,First Owner,27.3 kmpl,1498 CC,98.6 bhp,5.0
Maruti,Swift,2014.0,434999.0,70195,Diesel,Dealer,Manual,Second Owner,28.4 kmpl,1248 CC,74.02 bhp,5.0
Ford,Figo,2011.0,195000.0,77395,Diesel,Dealer,Manual,Second Owner,20.0 kmpl,1399 CC,68 bhp,5.0
Mahindra,Marazzo,2019.0,1000000.0,17000,Diesel,Dealer,Manual,First Owner,17.3 kmpl,1497 CC,121 bhp,8.0
Hyundai,Elantra,2013.0,650000.0,64000,Diesel,Dealer,Automatic,First Owner,14.62 kmpl,1498 CC,113.42 bhp,5.0
Chevrolet,Beat,2014.0,190000.0,74321,Diesel,Dealer,Manual,First Owner,25.44 kmpl,936 CC,56.3 bhp,5.0
Maruti,Swift,2013.0,409999.0,80235,Diesel,Dealer,Manual,Second Owner,28.4 kmpl,1248 CC,74.02 bhp,5.0
Hyundai,Creta,2016.0,1050000.0,77150,Diesel,Dealer,Automatic,First Owner,17.01 kmpl,1582 CC,126.2 bhp,5.0
Volkswagen,Vento,2015.0,651000.0,69000,Diesel,Dealer,Automatic,First Owner,22.15 kmpl,1498 CC,108.6 bhp,5.0
Maruti,SX4,2015.0,650000.0,57000,Diesel,Dealer,Manual,First Owner,23.65 kmpl,1248 CC,88.5 bhp,5.0
Skoda,Rapid,2017.0,750000.0,89000,Diesel,Dealer,Manual,First Owner,21.14 kmpl,1498 CC,103.6 bhp,5.0
Volkswagen,Passat,2012.0,799000.0,61100,Diesel,Dealer,Automatic,First Owner,14.3 kmpl,1968 CC,140 bhp,5.0
Skoda,Octavia,2010.0,355000.0,116000,Diesel,Individual,Manual,First Owner,18.7 kmpl,1896 CC,66 bhp,5.0
Hyundai,Verna,2015.0,600000.0,80000,Diesel,Individual,Manual,First Owner,23.9 kmpl,1582 CC,126.32 bhp,5.0
Maruti,Swift,2018.0,685000.0,26000,Diesel,Individual,Manual,First Owner,28.4 kmpl,1248 CC,74 bhp,5.0
Maruti,Swift,2018.0,509999.0,100000,Diesel,Individual,Manual,First Owner,28.4 kmpl,1248 CC,74 bhp,5.0
Maruti,Alto,2012.0,150000.0,82300,CNG,Individual,Manual,Second Owner,26.83 km/kg,796 CC,38.4 bhp,5.0
Maruti,Swift,2017.0,650000.0,82050,Diesel,Individual,Manual,First Owner,19.3 kmpl,1248 CC,73.9 bhp,5.0
Mahindra,XUV500,2012.0,675000.0,120000,Diesel,Individual,Manual,Second Owner,15.1 kmpl,2179 CC,140 bhp,7.0
Renault,KWID,2018.0,319000.0,30000,Petrol,Individual,Automatic,First Owner,24.04 kmpl,999 CC,67 bhp,5.0
Honda,Amaze,2019.0,640000.0,6000,Petrol,Individual,Manual,First Owner,19.5 kmpl,1199 CC,88.76 bhp,5.0
Hyundai,i20,2017.0,650000.0,30000,Petrol,Individual,Manual,First Owner,18.6 kmpl,1197 CC,81.83 bhp,5.0
Maruti,Ertiga,2015.0,,70000,Diesel,Individual,Manual,First Owner,20.77 kmpl,1248 CC,88.76 bhp,7.0
Maruti,Alto,2010.0,155000.0,70000,CNG,Individual,Manual,Second Owner,26.83 km/kg,796 CC,38.4 bhp,5.0
Maruti,Swift,2008.0,175000.0,120000,Diesel,Individual,Manual,First Owner,17.8 kmpl,1248 CC,75 bhp,5.0
Hyundai,Grand,2014.0,375000.0,76000,Diesel,Individual,Manual,Third Owner,24.0 kmpl,1120 CC,70 bhp,5.0
Hyundai,Grand,2014.0,430000.0,80000,Diesel,Individual,Manual,Second Owner,24.0 kmpl,1120 CC,70 bhp,5.0
Tata,Indica,2008.0,65000.0,110000,Diesel,Individual,Manual,Second Owner,17.2 kmpl,1396 CC,53.5 bhp,5.0
Hyundai,Accent,2009.0,150000.0,70000,Petrol,Individual,Manual,Third Owner,13.2 kmpl,1495 CC,94 bhp,5.0
Hyundai,i20,2019.0,620000.0,13000,Petrol,Individual,Manual,First Owner,17.19 kmpl,1197 CC,81.86 bhp,5.0
Ford,Classic,2013.0,250000.0,60000,Petrol,Individual,Manual,Second Owner,14.09 kmpl,1596 CC,99.6 bhp,5.0
Maruti,Ritz,2011.0,275000.0,165000,Diesel,Individual,Manual,First Owner,21.1 kmpl,1248 CC,73.9 bhp,5.0
Chevrolet,Tavera,2013.0,454000.0,120000,Diesel,Individual,Manual,Second Owner,13.58 kmpl,2499 CC,72.4 bhp,10.0
Mahindra,TUV,2017.0,600000.0,30000,Diesel,Individual,Manual,Second Owner,18.49 kmpl,1493 CC,100 bhp,7.0
Volkswagen,Vento,2011.0,400000.0,100000,Diesel,Individual,Manual,Second Owner,20.54 kmpl,1598 CC,103.6 bhp,5.0
Mahindra,Renault,2007.0,180000.0,187000,Diesel,Individual,Manual,Second Owner,19.2 kmpl,1461 CC,65 bhp,5.0
Maruti,Vitara,2016.0,750000.0,70000,Diesel,Individual,Manual,First Owner,24.3 kmpl,1248 CC,88.5 bhp,5.0
Maruti,Swift,2016.0,500000.0,40000,Petrol,Individual,Manual,First Owner,20.4 kmpl,1197 CC,81.80 bhp,5.0
Honda,Mobilio,2015.0,1000000.0,46000,Diesel,Individual,Manual,First Owner,24.5 kmpl,1498 CC,98.6 bhp,7.0
Maruti,Baleno,2017.0,740000.0,24400,Diesel,Individual,Manual,First Owner,27.39 kmpl,1248 CC,74 bhp,5.0
Volkswagen,Vento,2018.0,1290000.0,29899,Diesel,Dealer,Automatic,First Owner,22.15 kmpl,1498 CC,108.6 bhp,5.0
Hyundai,Grand,2020.0,,2000,Petrol,Dealer,Manual,First Owner,20.7 kmpl,1197 CC,81.86 bhp,5.0
Renault,Lodgy,2017.0,695000.0,34000,Diesel,Dealer,Manual,First Owner,21.04 kmpl,1461 CC,83.8 bhp,8.0
Hyundai,Elite,2018.0,730000.0,31000,Petrol,Dealer,Automatic,First Owner,17.4 kmpl,1197 CC,81.86 bhp,5.0
Chevrolet,Trailblazer,2016.0,1295000.0,46000,Diesel,Dealer,Automatic,Second Owner,11.45 kmpl,2776 CC,197.2 bhp,7.0
Isuzu,MU,2016.0,1160000.0,121000,Diesel,Dealer,Automatic,First Owner,12.08 kmpl,2999 CC,161 bhp,7.0
Mercedes-Benz,GLC,2017.0,3300000.0,60000,Diesel,Dealer,Automatic,First Owner,0.0 kmpl,1950 CC,194 bhp,5.0
Maruti,Celerio,2016.0,434999.0,10000,Petrol,Dealer,Automatic,First Owner,23.1 kmpl,998 CC,67.04 bhp,5.0
Mercedes-Benz,GL-Class,2018.0,4600000.0,6000,Diesel,Dealer,Automatic,First Owner,17.9 kmpl,2143 CC,170 bhp,5.0
Hyundai,Creta,2015.0,850000.0,59235,Diesel,Dealer,Manual,First Owner,19.67 kmpl,1582 CC,126.2 bhp,5.0
BMW,X4,2019.0,5800000.0,21000,Diesel,Dealer,Automatic,First Owner,16.78 kmpl,1995 CC,190 bhp,5.0
Honda,Amaze,2014.0,520000.0,48000,Diesel,Individual,Manual,First Owner,25.8 kmpl,1498 CC,98.6 bhp,5.0
Mahindra,Xylo,2018.0,650000.0,114000,Diesel,Individual,Manual,First Owner,14.95 kmpl,2489 CC,93.7 bhp,7.0
Maruti,Swift,2011.0,430000.0,120000,Diesel,Individual,Manual,Second Owner,19.3 kmpl,1248 CC,73.9 bhp,5.0
Hyundai,i20,2013.0,360000.0,144000,Diesel,Individual,Manual,First Owner,21.9 kmpl,1396 CC,88.8 bhp,5.0
Hyundai,i20,2013.0,,144000,Diesel,Individual,Manual,First Owner,21.9 kmpl,1396 CC,88.8 bhp,5.0
Maruti,Vitara,2016.0,791000.0,190000,Diesel,Individual,Manual,First Owner,24.3 kmpl,1248 CC,88.5 bhp,5.0
Toyota,Innova,2015.0,950000.0,190000,Diesel,Individual,Manual,Second Owner,12.99 kmpl,2494 CC,100.6 bhp,7.0
Maruti,Swift,2019.0,690000.0,20000,Diesel,Individual,Manual,First Owner,28.4 kmpl,1248 CC,74 bhp,5.0
Hyundai,Verna,2017.0,860000.0,40000,Diesel,Individual,Manual,Second Owner,22.0 kmpl,1582 CC,126.2 bhp,5.0
Maruti,Swift,2012.0,371000.0,100000,Diesel,Individual,Manual,First Owner,19.3 kmpl,1248 CC,73.9 bhp,5.0
Tata,,2008.0,45000.0,60000,Diesel,Individual,Manual,Second Owner,16.8 kmpl,1405 CC,68 bhp,5.0
Ford,Fiesta,2006.0,55000.0,201000,Diesel,Individual,Manual,First Owner,17.8 kmpl,1399 CC,68 bhp,5.0
Volkswagen,Vento,2011.0,240000.0,110000,Diesel,Individual,Manual,First Owner,20.54 kmpl,1598 CC,103.6 bhp,5.0
Maruti,Swift,2014.0,495000.0,77215,Diesel,Individual,Manual,Second Owner,25.2 kmpl,1248 CC,74 bhp,5.0
Honda,Jazz,2015.0,671000.0,48228,Petrol,Dealer,Manual,First Owner,18.7 kmpl,1199 CC,88.7 bhp,5.0
Maruti,Swift,2017.0,693000.0,58559,Diesel,Dealer,Manual,First Owner,25.2 kmpl,1248 CC,74 bhp,5.0
Honda,City,2016.0,802999.0,50856,Diesel,Dealer,Manual,First Owner,26.0 kmpl,1498 CC,98.6 bhp,5.0
Honda,City,2017.0,890000.0,18300,Petrol,Individual,Manual,First Owner,17.8 kmpl,1497 CC,117.3 bhp,5.0
Maruti,Swift,2015.0,495000.0,59292,Diesel,Dealer,Manual,First Owner,28.4 kmpl,1248 CC,74 bhp,5.0
Maruti,Celerio,2018.0,545000.0,10000,Petrol,Dealer,Automatic,First Owner,23.1 kmpl,998 CC,67.04 bhp,5.0
Maruti,Baleno,2018.0,,21147,Petrol,Dealer,Automatic,First Owner,21.4 kmpl,1197 CC,83.1 bhp,5.0
Honda,City,2017.0,925000.0,69000,Diesel,Dealer,Manual,First Owner,25.6 kmpl,1498 CC,97.9 bhp,5.0
Maruti,Swift,2018.0,790000.0,16000,Diesel,Dealer,Automatic,First Owner,28.4 kmpl,1248 CC,74 bhp,5.0
Toyota,Innova,2017.0,1789999.0,36000,Diesel,Dealer,Manual,First Owner,13.68 kmpl,2393 CC,147.8 bhp,8.0
Maruti,Baleno,2017.0,,37000,Petrol,Dealer,Manual,First Owner,21.01 kmpl,1197 CC,81.80 bhp,5.0
Maruti,Celerio,2016.0,375000.0,61173,Diesel,Dealer,Manual,First Owner,27.62 kmpl,793 CC,47 bhp,5.0
Audi,A4,2016.0,2450000.0,30000,Diesel,Dealer,Automatic,First Owner,18.25 kmpl,1968 CC,187.74 bhp,5.0
Mahindra,XUV500,2014.0,850000.0,75000,Diesel,Dealer,Manual,First Owner,15.1 kmpl,2179 CC,140 bhp,7.0
Maruti,Baleno,2017.0,750000.0,51000,Petrol,Dealer,Automatic,First Owner,19.56 kmpl,1197 CC,81.80 bhp,5.0
Maruti,Baleno,2018.0,775000.0,17000,Petrol,Dealer,Manual,First Owner,21.01 kmpl,1197 CC,81.80 bhp,5.0
Maruti,Swift,2008.0,260000.0,100000,Diesel,Individual,Manual,Second Owner,17.8 kmpl,1248 CC,75 bhp,5.0
Audi,A6,2013.0,2000000.0,35000,Diesel,Individual,Automatic,Second Owner,17.68 kmpl,1968 CC,174.33 bhp,5.0
,XUV500,2016.0,1300000.0,91567,Diesel,Individual,Automatic,Third Owner,16.0 kmpl,2179 CC,140 bhp,7.0
Maruti,Celerio,2017.0,380000.0,50000,Petrol,Individual,Manual,First Owner,23.1 kmpl,998 CC,67.04 bhp,5.0
Hyundai,Grand,2017.0,480000.0,60000,Petrol,Individual,Manual,First Owner,18.9 kmpl,1197 CC,81.86 bhp,5.0
Maruti,Alto,2016.0,240000.0,35000,Petrol,Individual,Manual,Second Owner,22.74 kmpl,796 CC,47.3 bhp,5.0
Hyundai,Verna,2014.0,500000.0,33400,Petrol,Individual,Manual,First Owner,17.43 kmpl,1396 CC,105.5 bhp,5.0
Maruti,Swift,2015.0,420000.0,36000,Petrol,Individual,Manual,First Owner,20.4 kmpl,1197 CC,83.11 bhp,5.0
Ford,Figo,2011.0,130000.0,180000,Diesel,Individual,Manual,Second Owner,20.0 kmpl,1399 CC,68 bhp,5.0
Maruti,Alto,2012.0,110000.0,80000,Petrol,Individual,Manual,First Owner,20.92 kmpl,998 CC,67.1 bhp,5.0
Maruti,Alto,2007.0,,120000,Petrol,Individual,Manual,Second Owner,19.7 kmpl,796 CC,46.3 bhp,5.0
Maruti,Swift,2017.0,700000.0,80000,Diesel,Individual,Automatic,First Owner,28.4 kmpl,1248 CC,74.02 bhp,5.0
Maruti,Swift,2018.0,550000.0,120000,Diesel,Individual,Manual,First Owner,28.4 kmpl,1248 CC,74.02 bhp,5.0
Tata,Indigo,2014.0,190000.0,110000,Diesel,Individual,Manual,Second Owner,19.09 kmpl,1405 CC,69.01 bhp,5.0
Toyota,Etios,2018.0,665000.0,70000,Diesel,Individual,Manual,First Owner,23.59 kmpl,1364 CC,67.04 bhp,5.0
Mahindra,Xylo,2014.0,445000.0,120000,Diesel,Individual,Manual,Second Owner,14.95 kmpl,2489 CC,93.7 bhp,7.0
Hyundai,i20,2012.0,340000.0,92686,Diesel,Dealer,Manual,Second Owner,21.9 kmpl,1396 CC,88.76 bhp,5.0
Hyundai,Sonata,2009.0,330000.0,180000,Diesel,Individual,Manual,First Owner,13.6 kmpl,1991 CC,142 bhp,5.0
Tata,Manza,2012.0,270000.0,80000,Diesel,Individual,Manual,First Owner,21.02 kmpl,1248 CC,88.76 bhp,5.0
Mahindra,XUV500,2015.0,1044999.0,70000,Diesel,Individual,Automatic,First Owner,16.0 kmpl,2179 CC,140 bhp,7.0
Maruti,Swift,2009.0,279000.0,117000,Diesel,Individual,Manual,First Owner,17.8 kmpl,1248 CC,75 bhp,5.0
Skoda,Octavia,2007.0,250000.0,100000,Diesel,Individual,Manual,Second Owner,16.6 kmpl,1896 CC,122.4 bhp,5.0
Hyundai,Verna,2012.0,475000.0,83000,Petrol,Individual,Automatic,First Owner,15.74 kmpl,1591 CC,121.3 bhp,5.0
Chevrolet,Cruze,2016.0,750000.0,67600,Diesel,Individual,Automatic,First Owner,14.81 kmpl,1998 CC,163.7 bhp,5.0
Mitsubishi,Pajero,2015.0,1250000.0,160000,Diesel,Individual,Manual,Second Owner,13.5 kmpl,2477 CC,178 bhp,7.0
Hyundai,EON,2014.0,,80000,Petrol,Individual,Manual,Second Owner,21.1 kmpl,814 CC,55.2 bhp,5.0
Honda,Amaze,2013.0,445000.0,100000,Diesel,Individual,Manual,First Owner,25.8 kmpl,1498 CC,98.6 bhp,5.0
Volkswagen,Jetta,2010.0,400000.0,100000,Diesel,Individual,Manual,First Owner,15.0 kmpl,1896 CC,105 bhp,5.0
Hyundai,i20,2010.0,350000.0,90000,Diesel,Individual,Manual,Second Owner,23.0 kmpl,1396 CC,90 bhp,5.0
Skoda,Rapid,2012.0,295000.0,140000,Diesel,Individual,Manual,First Owner,20.5 kmpl,1598 CC,103.5 bhp,5.0
Maruti,Swift,2018.0,600000.0,25000,Petrol,Individual,Manual,First Owner,21.21 kmpl,1197 CC,81.80 bhp,5.0
Toyota,Innova,2018.0,,20000,Diesel,Individual,Manual,First Owner,13.68 kmpl,2393 CC,147.8 bhp,8.0
Maruti,800,2012.0,100000.0,30000,Petrol,Individual,Manual,First Owner,16.1 kmpl,796 CC,37 bhp,4.0
Ford,Aspire,2018.0,690000.0,13000,Petrol,Individual,Manual,First Owner,20.4 kmpl,1194 CC,94.93 bhp,5.0
Hyundai,i20,2018.0,,42000,Petrol,Individual,Manual,First Owner,18.6 kmpl,1197 CC,81.83 bhp,5.0
Hyundai,EON,2018.0,350000.0,10000,Petrol,Individual,Manual,Second Owner,20.3 kmpl,998 CC,68.05 bhp,5.0
Maruti,Alto,2012.0,220000.0,13000,Petrol,Individual,Manual,First Owner,20.92 kmpl,998 CC,67.1 bhp,5.0
Renault,,2019.0,700000.0,6500,Petrol,Individual,Manual,First Owner,20.0 kmpl,999 CC,72 bhp,7.0
Hyundai,EON,2013.0,198000.0,49500,Petrol,Individual,Manual,Second Owner,21.1 kmpl,814 CC,55.2 bhp,5.0
Hyundai,i20,2011.0,350000.0,50000,Diesel,Individual,Manual,First Owner,23.0 kmpl,1396 CC,90 bhp,5.0
Tata,Indigo,2011.0,210000.0,175000,Diesel,Individual,Manual,Second Owner,23.57 kmpl,1396 CC,70 bhp,5.0
Tata,Indigo,2011.0,210000.0,175000,Diesel,Individual,Manual,Second Owner,23.03 kmpl,1396 CC,69 bhp,5.0
Maruti,Ritz,2014.0,375000.0,110000,Diesel,Individual,Manual,Third Owner,23.2 kmpl,1248 CC,73.94 bhp,5.0
Maruti,Swift,2012.0,380000.0,112048,Petrol,Individual,Manual,Second Owner,17.5 kmpl,1298 CC,85.8 bhp,5.0
Honda,City,2010.0,360000.0,98000,Petrol,Individual,Manual,Third Owner,17.0 kmpl,1497 CC,118 bhp,5.0
Mahindra,XUV500,2015.0,944999.0,41000,Diesel,Individual,Manual,First Owner,15.1 kmpl,2179 CC,140 bhp,7.0
Chevrolet,,2016.0,620000.0,120000,Diesel,Individual,Manual,First Owner,13.58 kmpl,2499 CC,72.4 bhp,10.0
Toyota,Platinum,2018.0,780000.0,116000,Diesel,Individual,Manual,First Owner,23.59 kmpl,1364 CC,67.05 bhp,5.0
Maruti,,2020.0,445000.0,1000,Petrol,Individual,Manual,First Owner,21.21 kmpl,1197 CC,81.80 bhp,5.0
Hyundai,Xcent,2018.0,575000.0,15000,Petrol,Individual,Automatic,First Owner,17.36 kmpl,1197 CC,81.86 bhp,5.0
Maruti,S-Cross,2018.0,975000.0,5000,Diesel,Individual,Manual,First Owner,25.1 kmpl,1248 CC,88.5 bhp,5.0
Tata,Tiago,2019.0,450000.0,3500,Petrol,Individual,Manual,First Owner,23.84 kmpl,1199 CC,83.83 bhp,5.0
Ford,Figo,2017.0,495000.0,56000,Diesel,Individual,Manual,First Owner,25.83 kmpl,1498 CC,99 bhp,5.0
Toyota,Innova,2013.0,830000.0,215000,Diesel,Individual,Manual,First Owner,12.99 kmpl,2494 CC,100 bhp,7.0
Mahindra,XUV500,2012.0,800000.0,40000,Diesel,Individual,Manual,First Owner,15.1 kmpl,2179 CC,140 bhp,7.0
Maruti,Ritz,2013.0,300000.0,120000,Diesel,Individual,Manual,Second Owner,23.2 kmpl,1248 CC,73.94 bhp,5.0
Mahindra,Scorpio,2003.0,200000.0,120000,Diesel,Individual,Manual,Second Owner,10.5 kmpl,2179 CC,120 bhp,7.0
Honda,Brio,2017.0,480000.0,30400,Petrol,Dealer,Manual,First Owner,18.5 kmpl,1198 CC,86.8 bhp,5.0
Honda,BR-V,2017.0,950000.0,24000,Diesel,Dealer,Manual,First Owner,21.9 kmpl,1498 CC,98.6 bhp,7.0
Honda,BR-V,2017.0,840000.0,30646,Petrol,Dealer,Manual,First Owner,15.4 kmpl,1497 CC,117.3 bhp,7.0
Hyundai,Verna,2017.0,800000.0,15000,Diesel,Individual,Manual,First Owner,23.9 kmpl,1582 CC,126.2 bhp,5.0
Volkswagen,Vento,2017.0,750000.0,50000,Diesel,Individual,Manual,First Owner,22.27 kmpl,1498 CC,108.6 bhp,5.0
Hyundai,EON,2017.0,254999.0,34000,Petrol,Individual,Manual,First Owner,21.1 kmpl,814 CC,55.2 bhp,5.0
Maruti,Ertiga,2016.0,725000.0,54000,Diesel,Individual,Manual,Second Owner,24.52 kmpl,1248 CC,88.5 bhp,7.0
Mercedes-Benz,B,2016.0,1859000.0,40000,Diesel,Individual,Automatic,Second Owner,19.7 kmpl,2143 CC,134.10 bhp,5.0
Chevrolet,Beat,2012.0,145000.0,120000,Petrol,Individual,Manual,First Owner,18.6 kmpl,1199 CC,79.4 bhp,5.0
Tata,Nexon,2018.0,750000.0,15000,Petrol,Individual,Manual,First Owner,17.0 kmpl,1198 CC,108.5 bhp,5.0
Volkswagen,Ameo,2017.0,,50000,Diesel,Individual,Automatic,First Owner,22.0 kmpl,1498 CC,108.495 bhp,5.0
Ford,Figo,2011.0,210000.0,84000,Diesel,Individual,Manual,Second Owner,20.0 kmpl,1399 CC,68 bhp,5.0
Honda,City,2011.0,450000.0,50000,Petrol,Individual,Manual,First Owner,17.0 kmpl,1497 CC,118 bhp,5.0
Ford,Figo,2015.0,580000.0,52000,Diesel,Individual,Manual,First Owner,25.83 kmpl,1498 CC,99 bhp,5.0
Hyundai,Santro,2019.0,430000.0,18500,Petrol,Individual,Manual,First Owner,20.3 kmpl,1086 CC,68 bhp,5.0
Tata,Indigo,2012.0,155000.0,50000,Diesel,Individual,Manual,First Owner,23.03 kmpl,1396 CC,69 bhp,5.0
Datsun,RediGO,2017.0,240000.0,35000,Petrol,Individual,Manual,First Owner,22.5 kmpl,999 CC,67 bhp,5.0
Toyota,Etios,2016.0,,15500,Petrol,Individual,Manual,First Owner,16.78 kmpl,1496 CC,88.73 bhp,5.0
Tata,Indigo,2013.0,250000.0,120000,Diesel,Individual,Manual,First Owner,19.09 kmpl,1396 CC,69 bhp,5.0
Tata,Indigo,2012.0,260000.0,60000,Diesel,Individual,Manual,First Owner,25.0 kmpl,1396 CC,69 bhp,5.0
Mahindra,,2011.0,550000.0,80000,Diesel,Individual,Manual,Second Owner,12.05 kmpl,2179 CC,120 bhp,9.0
Ford,Ecosport,2014.0,550000.0,43011,Petrol,Dealer,Manual,First Owner,18.88 kmpl,999 CC,123.37 bhp,5.0
Renault,Duster,2015.0,600000.0,136000,Diesel,Individual,Manual,First Owner,19.01 kmpl,1461 CC,108.45 bhp,5.0
Ford,Figo,2017.0,550000.0,15000,Diesel,Individual,Manual,First Owner,25.83 kmpl,1498 CC,99 bhp,5.0
Mahindra,Bolero,2011.0,370000.0,110000,Diesel,Individual,Manual,Second Owner,13.6 kmpl,2523 CC,63 bhp,7.0
Hyundai,i10,2008.0,250000.0,100000,Petrol,Individual,Manual,Second Owner,19.81 kmpl,1086 CC,68.05 bhp,5.0
Maruti,Alto,2005.0,125000.0,70000,Petrol,Individual,Manual,Fourth & Above Owner,19.7 kmpl,796 CC,46.3 bhp,5.0
Tata,Indica,2010.0,200000.0,110000,Diesel,Individual,Manual,First Owner,17.0 kmpl,1405 CC,71 bhp,5.0
Ford,Figo,2018.0,700000.0,25000,Petrol,Individual,Manual,First Owner,18.16 kmpl,1196 CC,86.8 bhp,5.0
Hyundai,Santro,2020.0,500000.0,1000,Petrol,Individual,Manual,First Owner,20.3 kmpl,1086 CC,68.07 bhp,5.0
Maruti,800,2007.0,125000.0,60000,Petrol,Individual,Manual,Second Owner,16.1 kmpl,796 CC,37 bhp,4.0
Renault,Lodgy,2015.0,690000.0,80000,Diesel,Individual,Manual,First Owner,21.04 kmpl,1461 CC,83.8 bhp,8.0
Jeep,Compass,2017.0,,120000,Diesel,Individual,Manual,First Owner,17.1 kmpl,1956 CC,170 bhp,5.0
Tata,,2013.0,170000.0,110000,Petrol,Individual,Manual,Second Owner,15.3 kmpl,1193 CC,65.3 bhp,5.0
Fiat,,2010.0,275000.0,110000,Diesel,Individual,Manual,Third Owner,20.4 kmpl,1248 CC,91.7 bhp,5.0
Toyota,Innova,2007.0,500000.0,200000,Diesel,Individual,Manual,Third Owner,12.8 kmpl,2494 CC,102 bhp,8.0
Volkswagen,Jetta,2013.0,950000.0,80000,Diesel,Individual,Manual,Second Owner,19.33 kmpl,1968 CC,138.1 bhp,5.0
,Swift,2019.0,802999.0,24000,Diesel,Individual,Manual,First Owner,28.4 kmpl,1248 CC,74.02 bhp,5.0
Maruti,Swift,2013.0,470000.0,150000,Diesel,Individual,Manual,First Owner,23.4 kmpl,1248 CC,74 bhp,5.0
,KWID,2015.0,300000.0,60000,Petrol,Individual,Manual,First Owner,25.17 kmpl,799 CC,53.3 bhp,5.0
Renault,Duster,2014.0,600000.0,116000,Diesel,Individual,Manual,First Owner,19.01 kmpl,1461 CC,108.45 bhp,5.0
Ford,Figo,2013.0,275000.0,104300,Diesel,Individual,Manual,First Owner,20.0 kmpl,1399 CC,68.1 bhp,5.0
Mahindra,KUV,2018.0,700000.0,30000,Diesel,Individual,Manual,First Owner,25.32 kmpl,1198 CC,77 bhp,6.0
Mercedes-Benz,GL-Class,2014.0,3250000.0,33000,Diesel,Individual,Automatic,First Owner,11.3 kmpl,2987 CC,254.8 bhp,7.0
Volkswagen,Ameo,2020.0,800000.0,25000,Diesel,Individual,Manual,First Owner,21.66 kmpl,1498 CC,108.62 bhp,5.0
Audi,A6,2014.0,2200000.0,60000,Diesel,Individual,Automatic,First Owner,17.68 kmpl,1968 CC,174.33 bhp,5.0
Hyundai,Verna,2007.0,245000.0,121000,Diesel,Individual,Manual,Second Owner,18.1 kmpl,1493 CC,110 bhp,5.0
Hyundai,Verna,2010.0,310000.0,120000,Diesel,Individual,Manual,Second Owner,16.8 kmpl,1493 CC,110 bhp,5.0
Hyundai,Verna,2007.0,245000.0,120000,Diesel,Individual,Manual,Second Owner,18.1 kmpl,1493 CC,110 bhp,5.0
Volkswagen,Polo,2011.0,450000.0,110000,Petrol,Individual,Manual,First Owner,16.47 kmpl,1198 CC,73.9 bhp,5.0
Volkswagen,Jetta,2013.0,850000.0,84000,Diesel,Individual,Automatic,Second Owner,16.96 kmpl,1968 CC,138.03 bhp,5.0
Honda,CR-V,2004.0,325000.0,120000,Petrol,Individual,Automatic,Third Owner,10.1 kmpl,2354 CC,152 bhp,5.0
Maruti,Swift,2013.0,409999.0,100000,Diesel,Individual,Manual,Third Owner,22.9 kmpl,1248 CC,74 bhp,5.0
Volvo,XC60,2018.0,5500000.0,50000,Diesel,Individual,Automatic,First Owner,11.2 kmpl,1969 CC,235 bhp,5.0
Hyundai,Creta,2015.0,1000000.0,73500,Diesel,Individual,Manual,First Owner,19.67 kmpl,1582 CC,126.2 bhp,5.0
Hyundai,Xcent,2016.0,590000.0,34000,Diesel,Individual,Manual,Second Owner,24.4 kmpl,1120 CC,71 bhp,5.0
Nissan,Kicks,2019.0,1200000.0,23000,Diesel,Individual,Manual,First Owner,20.45 kmpl,1461 CC,108.5 bhp,5.0
Ford,Fiesta,2008.0,175000.0,163000,Diesel,Individual,Manual,Third Owner,17.8 kmpl,1399 CC,68 bhp,5.0
Chevrolet,Optra,2011.0,300000.0,119000,Diesel,Individual,Manual,Second Owner,16.52 kmpl,1991 CC,123.7 bhp,5.0
Toyota,Innova,2017.0,2175000.0,50000,Diesel,Individual,Automatic,First Owner,11.36 kmpl,2755 CC,171.5 bhp,7.0
Honda,City,2019.0,1110000.0,10500,Diesel,Individual,Manual,First Owner,25.6 kmpl,1498 CC,97.9 bhp,5.0
Mitsubishi,Lancer,2000.0,150000.0,280000,Diesel,Individual,Manual,Second Owner,14.8 kmpl,1998 CC,68 bhp,5.0
Volkswagen,Vento,2013.0,325000.0,155000,Diesel,Individual,Manual,Second Owner,20.54 kmpl,1598 CC,103.6 bhp,5.0
Ford,Fiesta,2010.0,325000.0,163000,Diesel,Individual,Manual,First Owner,17.8 kmpl,1399 CC,68 bhp,5.0
Honda,City,2008.0,280000.0,75000,Petrol,Individual,Manual,First Owner,17.7 kmpl,1497 CC,78 bhp,5.0
Honda,City,2016.0,765000.0,80000,Diesel,Individual,Manual,First Owner,26.0 kmpl,1498 CC,98.6 bhp,5.0
Honda,City,2014.0,640000.0,120000,Diesel,Individual,Manual,Second Owner,26.0 kmpl,1498 CC,98.6 bhp,5.0
Tata,Indica,2007.0,65000.0,120000,Diesel,Individual,Manual,Third Owner,17.88 kmpl,1396 CC,52.8 bhp,5.0
Skoda,Octavia,2007.0,195000.0,175000,Diesel,Individual,Manual,Second Owner,18.7 kmpl,1896 CC,66 bhp,5.0
Maruti,Alto,2017.0,295000.0,15000,Petrol,Individual,Manual,First Owner,24.7 kmpl,796 CC,47.3 bhp,5.0
Maruti,Swift,2012.0,625000.0,100000,Diesel,Individual,Manual,Second Owner,23.4 kmpl,1248 CC,74 bhp,5.0
Maruti,Wagon,2009.0,160000.0,80000,Petrol,Individual,Manual,Second Owner,18.9 kmpl,998 CC,67.1 bhp,5.0
Maruti,Celerio,2015.0,330000.0,84000,Petrol,Individual,Manual,Second Owner,23.1 kmpl,998 CC,67.04 bhp,5.0
Ford,,2010.0,,50000,Petrol,Individual,Manual,Second Owner,15.6 kmpl,1196 CC,70 bhp,5.0
Hyundai,i10,2011.0,300000.0,30000,Petrol,Individual,Manual,First Owner,19.81 kmpl,1086 CC,68.05 bhp,5.0
Maruti,Baleno,2016.0,650000.0,35000,Petrol,Individual,Manual,Second Owner,21.4 kmpl,1197 CC,83.1 bhp,5.0
Mahindra,Verito,2015.0,380000.0,120000,Diesel,Individual,Manual,Second Owner,21.03 kmpl,1461 CC,65 bhp,5.0
Tata,Zest,2014.0,360000.0,50000,Petrol,Individual,Manual,Second Owner,17.57 kmpl,1193 CC,88.7 bhp,5.0
Skoda,Rapid,2012.0,385000.0,116000,Petrol,Individual,Manual,First Owner,15.0 kmpl,1598 CC,103.5 bhp,5.0
Hyundai,Verna,2012.0,590000.0,110000,Diesel,Individual,Manual,Second Owner,22.32 kmpl,1582 CC,126.32 bhp,5.0
Mahindra,XUV500,2013.0,750000.0,70000,Diesel,Individual,Manual,Second Owner,15.1 kmpl,2179 CC,140 bhp,7.0
Fiat,Grande,2011.0,254999.0,100000,Diesel,Individual,Manual,Third Owner,20.3 kmpl,1248 CC,75 bhp,5.0
Hyundai,Grand,2015.0,499000.0,20000,Petrol,Individual,Manual,First Owner,18.9 kmpl,1197 CC,81.86 bhp,5.0
,Swift,2018.0,730000.0,60000,Diesel,Individual,Automatic,First Owner,28.4 kmpl,1248 CC,74.02 bhp,5.0
Honda,Jazz,2016.0,650000.0,30000,Diesel,Individual,Manual,Second Owner,27.3 kmpl,1498 CC,98.6 bhp,5.0
Renault,Pulse,2012.0,220000.0,75000,Diesel,Individual,Manual,First Owner,23.08 kmpl,1461 CC,63.12 bhp,5.0
Tata,Indica,2006.0,100000.0,110000,Diesel,Individual,Manual,Third Owner,16.8 kmpl,1405 CC,62 bhp,5.0
Hyundai,Accent,2004.0,110000.0,120000,Petrol,Individual,Manual,Fourth & Above Owner,14.4 kmpl,1599 CC,94 bhp,5.0
Tata,Indica,2009.0,152000.0,48000,Diesel,Individual,Manual,Second Owner,17.0 kmpl,1405 CC,71 bhp,5.0
Hyundai,i20,2014.0,415000.0,72000,Petrol,Dealer,Manual,First Owner,18.6 kmpl,1197 CC,81.83 bhp,5.0
Maruti,Swift,2015.0,475000.0,51000,Petrol,Dealer,Manual,First Owner,22.0 kmpl,1197 CC,81.80 bhp,5.0
Maruti,Ignis,2017.0,525000.0,29000,Petrol,Dealer,Manual,First Owner,20.89 kmpl,1197 CC,81.80 bhp,5.0
,Wagon,2015.0,365000.0,28000,Petrol,Dealer,Manual,First Owner,20.52 kmpl,1197 CC,81.80 bhp,5.0
Maruti,Swift,2011.0,375000.0,97000,Diesel,Dealer,Manual,First Owner,25.2 kmpl,1248 CC,74 bhp,5.0
Maruti,,2018.0,765000.0,59000,Diesel,Dealer,Manual,First Owner,28.4 kmpl,1248 CC,74.02 bhp,5.0
Maruti,Swift,2019.0,770000.0,27000,Diesel,Individual,Manual,First Owner,28.4 kmpl,1248 CC,74.02 bhp,5.0
Renault,KWID,2018.0,350000.0,30000,Petrol,Individual,Manual,First Owner,25.17 kmpl,799 CC,53.3 bhp,5.0
,Scorpio,2015.0,875000.0,70000,Diesel,Individual,Manual,First Owner,15.4 kmpl,1997 CC,120 bhp,7.0
Mahindra,XUV500,2014.0,780000.0,69000,Diesel,Dealer,Manual,First Owner,15.1 kmpl,2179 CC,140 bhp,7.0
Maruti,S-Cross,2018.0,990000.0,15000,Diesel,Individual,Manual,First Owner,25.1 kmpl,1248 CC,88.5 bhp,5.0
Maruti,Swift,2019.0,800000.0,35700,Diesel,Dealer,Manual,First Owner,28.4 kmpl,1248 CC,74.02 bhp,
Hyundai,Verna,2012.0,350000.0,120000,Diesel,Individual,Manual,Third Owner,22.32 kmpl,1582 CC,126.32 bhp,5.0
Volkswagen,Polo,2013.0,325000.0,120000,Diesel,Individual,Manual,First Owner,22.07 kmpl,1199 CC,73.9 bhp,5.0
Volkswagen,Polo,2013.0,360000.0,80000,Diesel,Individual,Manual,First Owner,22.07 kmpl,1199 CC,73.9 bhp,5.0
Maruti,Alto,2010.0,148000.0,120000,Petrol,Individual,Manual,First Owner,20.92 kmpl,998 CC,67.1 bhp,5.0
Maruti,Baleno,2017.0,670000.0,36000,Diesel,Individual,Manual,First Owner,27.39 kmpl,1248 CC,74 bhp,5.0
Toyota,Etios,2014.0,430999.0,120000,Diesel,Individual,Manual,First Owner,23.59 kmpl,1364 CC,67.04 bhp,5.0
Maruti,Omni,2017.0,260000.0,9000,Petrol,Individual,Manual,First Owner,16.8 kmpl,796 CC,34.2 bhp,8.0
Tata,Nano,2012.0,70000.0,50000,Petrol,Individual,Manual,Second Owner,25.4 kmpl,624 CC,37.48 bhp,4.0
Renault,KWID,2019.0,300000.0,35000,Petrol,Individual,Manual,First Owner,23.01 kmpl,999 CC,67 bhp,5.0
Mahindra,Xylo,2011.0,150000.0,130000,Diesel,Individual,Manual,Second Owner,14.0 kmpl,2498 CC,112 bhp,7.0
Ford,Figo,2010.0,260000.0,70000,Diesel,Individual,Manual,First Owner,20.0 kmpl,1399 CC,68 bhp,5.0
Maruti,Swift,2012.0,320000.0,90000,Diesel,Individual,Manual,Third Owner,19.3 kmpl,1248 CC,73.9 bhp,5.0
Tata,Nexon,2018.0,700000.0,35000,Petrol,Individual,Manual,First Owner,17.0 kmpl,1198 CC,108.5 bhp,5.0
Volkswagen,Polo,2012.0,415000.0,80000,Petrol,Individual,Manual,First Owner,16.47 kmpl,1198 CC,73.9 bhp,5.0
Maruti,Swift,2008.0,260000.0,120000,Diesel,Individual,Manual,Second Owner,17.8 kmpl,1248 CC,75 bhp,5.0
Tata,Nano,2011.0,70000.0,80000,Petrol,Individual,Manual,First Owner,26.0 kmpl,624 CC,35 bhp,4.0
Toyota,Etios,2015.0,515000.0,30000,Petrol,Individual,Manual,First Owner,17.71 kmpl,1197 CC,78.9 bhp,5.0
Hyundai,Verna,2016.0,803999.0,60000,Diesel,Individual,Manual,First Owner,23.9 kmpl,1582 CC,126.2 bhp,5.0
Skoda,Octavia,2007.0,275000.0,200000,Diesel,Individual,Manual,Second Owner,16.6 kmpl,1896 CC,122.4 bhp,5.0
Ford,EcoSport,2017.0,934000.0,101000,Diesel,Individual,Manual,First Owner,22.77 kmpl,1498 CC,98.59 bhp,5.0
Ford,Fiesta,2007.0,210000.0,110000,Diesel,Individual,Manual,First Owner,17.8 kmpl,1399 CC,68 bhp,5.0
Toyota,Innova,2014.0,1050000.0,136000,Diesel,Individual,Manual,Third Owner,12.99 kmpl,2494 CC,100.6 bhp,8.0
Chevrolet,Tavera,2011.0,650000.0,250000,Diesel,Individual,Manual,Second Owner,14.8 kmpl,2499 CC,80 bhp,7.0
Chevrolet,Cruze,2012.0,550000.0,74000,Diesel,Individual,Manual,Fourth & Above Owner,17.3 kmpl,1998 CC,163.7 bhp,5.0
Chevrolet,Tavera,2010.0,285000.0,265000,Diesel,Individual,Manual,Fourth & Above Owner,14.8 kmpl,2499 CC,80 bhp,9.0
Honda,Jazz,2015.0,700000.0,22700,Petrol,Individual,Manual,First Owner,18.7 kmpl,1199 CC,88.7 bhp,5.0
Hyundai,Grand,2016.0,525000.0,45000,Petrol,Individual,Manual,First Owner,18.9 kmpl,1197 CC,82 bhp,5.0
Maruti,Eeco,2011.0,250000.0,36000,Petrol,Individual,Manual,Second Owner,15.37 kmpl,1196 CC,73 bhp,5.0
Maruti,Swift,2015.0,575000.0,57000,Diesel,Individual,Manual,Second Owner,26.59 kmpl,1248 CC,74 bhp,5.0
Tata,Tiago,2018.0,540000.0,33000,Diesel,Individual,Manual,First Owner,27.28 kmpl,1047 CC,69 bhp,5.0
Maruti,Ertiga,2012.0,,59000,Petrol,Individual,Manual,First Owner,16.02 kmpl,1373 CC,93.7 bhp,7.0
Volkswagen,Vento,2012.0,380000.0,200000,Diesel,Individual,Manual,First Owner,20.54 kmpl,1598 CC,103.6 bhp,5.0
Ford,Figo,2011.0,240000.0,80000,Petrol,Individual,Manual,Second Owner,15.6 kmpl,1196 CC,70 bhp,5.0
Chevrolet,Spark,2012.0,300000.0,70000,LPG,Individual,Manual,First Owner,13.2 km/kg,995 CC,60.2 bhp,5.0
Datsun,RediGO,2018.0,280000.0,50000,Petrol,Individual,Manual,First Owner,22.7 kmpl,799 CC,53.64 bhp,5.0
Maruti,Ritz,2011.0,350000.0,118000,Diesel,Individual,Manual,Second Owner,21.1 kmpl,1248 CC,73.9 bhp,5.0
Tata,Indica,2014.0,110000.0,250000,Diesel,Individual,Manual,Second Owner,19.1 kmpl,1405 CC,70 bhp,5.0
Tata,Nexon,2018.0,980000.0,20000,Diesel,Individual,Manual,First Owner,21.5 kmpl,1497 CC,108.5 bhp,5.0
Tata,Nexon,2018.0,969999.0,21871,Diesel,Individual,Manual,First Owner,21.5 kmpl,1497 CC,108.5 bhp,5.0
,KUV,2016.0,357000.0,120000,Diesel,Individual,Manual,First Owner,25.32 kmpl,1198 CC,77 bhp,6.0
Tata,Indica,2014.0,280000.0,100000,Diesel,Individual,Manual,First Owner,19.1 kmpl,1405 CC,70 bhp,5.0
Mahindra,Bolero,2012.0,430000.0,50000,Diesel,Individual,Manual,First Owner,15.96 kmpl,2523 CC,62.1 bhp,7.0
Maruti,Alto,2015.0,250000.0,70000,Petrol,Individual,Manual,First Owner,22.74 kmpl,796 CC,47.3 bhp,5.0
Chevrolet,Enjoy,2016.0,525000.0,80000,Diesel,Individual,Manual,First Owner,18.2 kmpl,1248 CC,73.74 bhp,8.0
Tata,Tiago,2018.0,500000.0,25000,Petrol,Individual,Manual,First Owner,23.84 kmpl,1199 CC,84 bhp,5.0
Mahindra,Scorpio,,1000000.0,60000,Diesel,Individual,Manual,First Owner,16.36 kmpl,2179 CC,120 bhp,7.0
,Alto,2017.0,316000.0,25000,Petrol,Individual,Manual,First Owner,24.7 kmpl,796 CC,47.3 bhp,5.0
Maruti,Alto,2018.0,350000.0,50000,Petrol,Individual,Manual,First Owner,24.7 kmpl,796 CC,47.3 bhp,5.0
Tata,Nexon,2018.0,950000.0,14000,Diesel,Individual,Manual,First Owner,21.5 kmpl,1497 CC,108.5 bhp,5.0
Maruti,800,2005.0,45000.0,55425,Petrol,Individual,Manual,Second Owner,16.1 kmpl,796 CC,37 bhp,4.0
Mahindra,Bolero,2013.0,475000.0,76000,Diesel,Individual,Manual,First Owner,15.96 kmpl,2523 CC,62.1 bhp,7.0
Toyota,Fortuner,2020.0,3200000.0,3000,Diesel,Individual,Automatic,First Owner,15.04 kmpl,2755 CC,174.5 bhp,7.0
Mahindra,TUV,2016.0,600000.0,139000,Diesel,Individual,Manual,First Owner,18.49 kmpl,1493 CC,100 bhp,7.0
Volkswagen,Vento,2014.0,430000.0,100000,Petrol,Individual,Manual,First Owner,15.04 kmpl,1598 CC,103.2 bhp,5.0
Hyundai,Creta,2015.0,965000.0,60000,Diesel,Individual,Manual,First Owner,19.67 kmpl,1582 CC,126.2 bhp,5.0
Maruti,Ertiga,2013.0,700000.0,37659,Diesel,Individual,Manual,First Owner,20.77 kmpl,1248 CC,88.8 bhp,7.0
Maruti,Ritz,2012.0,250000.0,89000,Diesel,Individual,Manual,Second Owner,23.2 kmpl,1248 CC,73.94 bhp,5.0
Maruti,Ertiga,2013.0,680000.0,37500,Diesel,Individual,Manual,Second Owner,20.77 kmpl,1248 CC,88.8 bhp,7.0
Tata,Tiago,2018.0,500000.0,5000,Petrol,Individual,Automatic,First Owner,23.84 kmpl,1199 CC,84 bhp,5.0
Hyundai,Grand,2013.0,420000.0,21000,Petrol,Individual,Manual,First Owner,18.9 kmpl,1197 CC,81.86 bhp,5.0
Maruti,Alto,2017.0,290000.0,10000,Petrol,Individual,Manual,Second Owner,23.95 kmpl,998 CC,67.05 bhp,5.0
Maruti,Swift,2017.0,750000.0,30000,Diesel,Individual,Manual,First Owner,28.4 kmpl,1248 CC,74.02 bhp,5.0
Maruti,Eeco,2015.0,300000.0,19800,Petrol,Individual,Manual,First Owner,15.37 kmpl,1196 CC,73 bhp,7.0
Maruti,Ritz,2011.0,250000.0,90000,Diesel,Individual,Manual,Third Owner,21.1 kmpl,1248 CC,73.9 bhp,5.0
Maruti,Wagon,2007.0,100000.0,70000,Petrol,Individual,Manual,Second Owner,18.9 kmpl,1061 CC,67 bhp,5.0
Maruti,Wagon,2007.0,100000.0,80000,Petrol,Individual,Manual,Second Owner,17.3 kmpl,1061 CC,64 bhp,5.0
Maruti,Ertiga,2013.0,550000.0,120000,Diesel,Individual,Manual,Third Owner,20.77 kmpl,1248 CC,88.76 bhp,7.0
Maruti,Swift,2012.0,341000.0,120000,Diesel,Individual,Manual,First Owner,19.3 kmpl,1248 CC,73.9 bhp,5.0
Hyundai,Grand,2017.0,600000.0,50000,Diesel,Individual,Manual,First Owner,24.0 kmpl,1186 CC,73.97 bhp,5.0
Honda,City,2014.0,650000.0,167000,Diesel,Individual,Manual,First Owner,25.1 kmpl,1498 CC,98.6 bhp,5.0
Chevrolet,Spark,2008.0,75527.0,80000,Petrol,Individual,Manual,First Owner,16.0 kmpl,995 CC,63 bhp,5.0
Hyundai,i20,2014.0,500000.0,17000,Petrol,Individual,Manual,First Owner,18.6 kmpl,1197 CC,81.83 bhp,5.0
Maruti,Baleno,2017.0,550000.0,46000,Petrol,Individual,Manual,First Owner,21.4 kmpl,1197 CC,83.1 bhp,5.0
Maruti,Swift,2015.0,475000.0,60000,Diesel,Individual,Manual,First Owner,25.2 kmpl,1248 CC,74 bhp,5.0
Maruti,Wagon,2006.0,65000.0,198000,Petrol,Individual,Manual,Second Owner,18.9 kmpl,998 CC,67.1 bhp,5.0
Hyundai,Xcent,2015.0,425000.0,60000,Diesel,Individual,Manual,First Owner,24.4 kmpl,1120 CC,71 bhp,5.0
Toyota,,2012.0,476999.0,90000,Diesel,Individual,Manual,Fourth & Above Owner,21.43 kmpl,1364 CC,87.2 bhp,5.0
Chevrolet,Spark,2011.0,150000.0,40000,Petrol,Individual,Manual,Second Owner,18.0 kmpl,995 CC,62 bhp,5.0
Maruti,Alto,2011.0,225000.0,90000,Petrol,Individual,Manual,First Owner,19.7 kmpl,796 CC,46.3 bhp,5.0
Maruti,Alto,2010.0,190000.0,80000,Petrol,Individual,Manual,First Owner,19.7 kmpl,796 CC,46.3 bhp,5.0
Maruti,Alto,2003.0,100000.0,164000,Petrol,Individual,Manual,Third Owner,19.7 kmpl,796 CC,46.3 bhp,5.0
Mahindra,Bolero,2011.0,400000.0,70000,Diesel,Individual,Manual,Second Owner,13.6 kmpl,2523 CC,63 bhp,7.0
Honda,CR-V,2016.0,1350000.0,74000,Petrol,Dealer,Automatic,First Owner,13.7 kmpl,1997 CC,153.86 bhp,5.0
Mahindra,Thar,2018.0,900000.0,12000,Diesel,Dealer,Manual,First Owner,16.55 kmpl,2498 CC,105 bhp,6.0
Tata,Hexa,2017.0,969999.0,26500,Diesel,Dealer,Manual,First Owner,17.6 kmpl,2179 CC,147.94 bhp,7.0
Hyundai,Grand,2016.0,475000.0,45629,Petrol,Trustmark Dealer,Automatic,First Owner,18.9 kmpl,1197 CC,81.86 bhp,5.0
Mahindra,Bolero,,740000.0,35000,Diesel,Individual,Manual,First Owner,16.5 kmpl,1493 CC,70 bhp,7.0
Mahindra,KUV,2018.0,400000.0,15000,Petrol,Individual,Manual,First Owner,18.15 kmpl,1198 CC,82 bhp,6.0
Maruti,Wagon,2018.0,430000.0,14000,Petrol,Individual,Manual,First Owner,20.51 kmpl,998 CC,67.04 bhp,5.0
Mahindra,XUV300,2019.0,1132000.0,20000,Petrol,Individual,Manual,First Owner,17.0 kmpl,1197 CC,110 bhp,5.0
Maruti,,2017.0,352000.0,68850,Petrol,Dealer,Manual,First Owner,18.9 kmpl,998 CC,67.1 bhp,5.0
Tata,Tiago,2016.0,252999.0,45775,Petrol,Dealer,Manual,First Owner,23.84 kmpl,1199 CC,84 bhp,5.0
Chevrolet,Spark,2012.0,80000.0,70000,Petrol,Individual,Manual,Second Owner,16.2 kmpl,995 CC,62.1 bhp,5.0
Maruti,Wagon,2015.0,313000.0,68203,Petrol,Dealer,Manual,First Owner,21.79 kmpl,998 CC,67.05 bhp,5.0
Hyundai,Grand,2014.0,380000.0,30000,Petrol,Individual,Manual,Second Owner,18.9 kmpl,1197 CC,81.86 bhp,5.0
Renault,KWID,2018.0,350000.0,25000,Petrol,Individual,Manual,First Owner,25.17 kmpl,799 CC,53.3 bhp,5.0
Renault,Duster,2016.0,600000.0,90000,Diesel,Individual,Manual,Second Owner,19.87 kmpl,1461 CC,83.8 bhp,5.0
Tata,Manza,2011.0,88000.0,97343,Diesel,Dealer,Manual,First Owner,18.8 kmpl,1248 CC,90 bhp,5.0
Maruti,Omni,2008.0,160000.0,70000,Petrol,Individual,Manual,Fourth & Above Owner,19.7 kmpl,796 CC,35 bhp,8.0
Hyundai,i10,2014.0,290000.0,31000,Petrol,Individual,Manual,First Owner,20.36 kmpl,1197 CC,78.9 bhp,5.0
Mahindra,Scorpio,2014.0,650000.0,70000,Diesel,Individual,Manual,First Owner,15.4 kmpl,2179 CC,120 bhp,7.0
Maruti,Eeco,2015.0,380000.0,20000,CNG,Individual,Manual,First Owner,21.94 km/kg,1196 CC,61.7 bhp,5.0
Hyundai,EON,2014.0,,62000,Petrol,Individual,Manual,First Owner,21.1 kmpl,814 CC,55.2 bhp,5.0
Maruti,800,2008.0,75000.0,29000,Petrol,Individual,Manual,First Owner,16.1 kmpl,796 CC,37 bhp,4.0
Tata,Safari,2012.0,132000.0,82507,Diesel,Dealer,Manual,First Owner,13.93 kmpl,2179 CC,138.03 bhp,7.0
Chevrolet,Beat,2010.0,110000.0,60000,Petrol,Individual,Manual,Second Owner,18.6 kmpl,1199 CC,79.4 bhp,5.0
Maruti,Alto,2018.0,390000.0,10000,Petrol,Individual,Manual,First Owner,23.95 kmpl,998 CC,67.05 bhp,5.0
Hyundai,i20,2015.0,550000.0,70000,Petrol,Individual,Manual,First Owner,18.6 kmpl,1197 CC,81.83 bhp,5.0
Maruti,800,2008.0,70000.0,59400,Petrol,Individual,Manual,Fourth & Above Owner,16.1 kmpl,796 CC,37 bhp,4.0
Hyundai,EON,2013.0,275000.0,20000,Petrol,Individual,Manual,First Owner,21.1 kmpl,814 CC,55.2 bhp,5.0
Maruti,SX4,2009.0,250000.0,125876,Petrol,Individual,Manual,Second Owner,15.0 kmpl,1586 CC,104.68 bhp,5.0
Isuzu,D-Max,2017.0,1250000.0,56800,Diesel,Individual,Manual,First Owner,12.4 kmpl,2499 CC,134 bhp,5.0
Audi,A4,2014.0,1500000.0,60000,Diesel,Individual,Automatic,First Owner,16.55 kmpl,1968 CC,147.51 bhp,5.0
Maruti,Celerio,2014.0,325000.0,65204,Petrol,Trustmark Dealer,Automatic,First Owner,23.1 kmpl,998 CC,67.04 bhp,5.0
Hyundai,Venue,2019.0,1150000.0,2286,Petrol,Trustmark Dealer,Automatic,First Owner,18.15 kmpl,998 CC,118.35 bhp,5.0
Maruti,Swift,2018.0,655000.0,15732,Petrol,Dealer,Automatic,First Owner,22.0 kmpl,1197 CC,81.80 bhp,
Mahindra,Thar,2019.0,890000.0,13000,Diesel,Dealer,Manual,First Owner,18.06 kmpl,2523 CC,63 bhp,7.0
Maruti,Ignis,2018.0,525000.0,33000,Petrol,Dealer,Manual,First Owner,20.89 kmpl,1197 CC,81.80 bhp,5.0
Honda,City,2017.0,675000.0,49523,Petrol,Dealer,Manual,First Owner,17.0 kmpl,1497 CC,118 bhp,5.0
Maruti,Vitara,2018.0,745000.0,48000,Diesel,Dealer,Manual,First Owner,24.3 kmpl,1248 CC,88.5 bhp,5.0
Maruti,Vitara,2018.0,835000.0,17000,Diesel,Dealer,Manual,First Owner,24.3 kmpl,1248 CC,88.5 bhp,5.0
Maruti,Vitara,2018.0,725000.0,36521,Diesel,Dealer,Manual,First Owner,24.3 kmpl,1248 CC,88.5 bhp,5.0
Maruti,Swift,2017.0,620000.0,90000,Petrol,Individual,Manual,First Owner,22.0 kmpl,1197 CC,81.80 bhp,5.0
Maruti,Zen,1998.0,58000.0,80000,Petrol,Individual,Manual,Third Owner,17.3 kmpl,993 CC,60 bhp,5.0
Renault,KWID,2017.0,350000.0,35000,Petrol,Individual,Manual,Second Owner,25.17 kmpl,799 CC,53.3 bhp,5.0
Tata,Tigor,2018.0,400000.0,22000,Petrol,Individual,Manual,First Owner,20.3 kmpl,1199 CC,84 bhp,5.0
Maruti,Wagon,2017.0,400000.0,70000,Petrol,Individual,Manual,First Owner,20.51 kmpl,998 CC,67.04 bhp,5.0
Toyota,Fortuner,2016.0,1750000.0,52000,Diesel,Dealer,Automatic,First Owner,12.55 kmpl,2982 CC,168.5 bhp,7.0
,Xcent,2017.0,550000.0,49000,Diesel,Dealer,Manual,First Owner,25.4 kmpl,1186 CC,73.97 bhp,5.0
Maruti,Ciaz,2015.0,550000.0,50000,Diesel,Dealer,Manual,Second Owner,28.09 kmpl,1248 CC,88.5 bhp,5.0
Maruti,Swift,2013.0,375000.0,65000,Diesel,Dealer,Manual,First Owner,28.4 kmpl,1248 CC,74 bhp,5.0
Hyundai,Xcent,2015.0,391000.0,55000,Diesel,Dealer,Manual,First Owner,24.4 kmpl,1120 CC,71 bhp,5.0
Mercedes-Benz,B,2015.0,2051000.0,35000,Diesel,Dealer,Automatic,Second Owner,19.7 kmpl,2143 CC,134.10 bhp,5.0
Tata,Aria,2014.0,525000.0,78000,Diesel,Dealer,Manual,Second Owner,15.05 kmpl,2179 CC,147.9 bhp,7.0
Hyundai,Verna,2007.0,212000.0,58000,Diesel,Dealer,Manual,Second Owner,16.8 kmpl,1493 CC,110 bhp,5.0
Chevrolet,Beat,2011.0,221000.0,56000,Diesel,Dealer,Manual,Second Owner,25.44 kmpl,936 CC,57.6 bhp,5.0
Fiat,Linea,2010.0,265000.0,61000,Diesel,Dealer,Manual,Second Owner,20.4 kmpl,1248 CC,91.7 bhp,5.0
Renault,Scala,2013.0,399000.0,61000,Diesel,Dealer,Manual,Second Owner,21.64 kmpl,1461 CC,84.8 bhp,5.0
Hyundai,Getz,2008.0,175000.0,61000,Diesel,Dealer,Manual,Second Owner,17.1 kmpl,1493 CC,110 bhp,5.0
Skoda,Rapid,2011.0,,64481,Diesel,Dealer,Manual,Second Owner,20.5 kmpl,1598 CC,103.5 bhp,5.0
Volkswagen,Vento,2011.0,365000.0,65000,Diesel,Dealer,Manual,Second Owner,20.54 kmpl,1598 CC,103.6 bhp,5.0
BMW,5,2009.0,975000.0,80000,Diesel,Dealer,Automatic,Second Owner,22.48 kmpl,1995 CC,187.74 bhp,5.0
Nissan,Sunny,2015.0,499000.0,61000,Diesel,Dealer,Manual,Second Owner,22.71 kmpl,1461 CC,84.8 bhp,5.0
Mercedes-Benz,M-Class,2014.0,2575000.0,70000,Diesel,Individual,Automatic,First Owner,11.74 kmpl,2987 CC,254.8 bhp,5.0
Chevrolet,Spark,2009.0,145000.0,30000,Petrol,Individual,Manual,First Owner,18.0 kmpl,995 CC,62 bhp,5.0
Tata,Indica,2011.0,200000.0,200000,Diesel,Individual,Manual,Second Owner,17.0 kmpl,1405 CC,71 bhp,5.0
Audi,Q3,2014.0,1200000.0,230000,Diesel,Individual,Automatic,First Owner,15.73 kmpl,1968 CC,174.33 bhp,5.0
Hyundai,EON,2016.0,280000.0,100000,Petrol,Individual,Manual,First Owner,20.3 kmpl,998 CC,68.05 bhp,5.0
Mahindra,Scorpio,2011.0,450000.0,95000,Diesel,Individual,Automatic,Second Owner,11.79 kmpl,2179 CC,120 bhp,8.0
Honda,City,2006.0,150000.0,140000,Petrol,Individual,Manual,Third Owner,17.7 kmpl,1497 CC,78 bhp,5.0
Honda,Mobilio,2017.0,600000.0,70000,Petrol,Individual,Manual,First Owner,17.3 kmpl,1497 CC,117.3 bhp,7.0
,KWID,2016.0,275000.0,60000,Petrol,Individual,Manual,First Owner,25.17 kmpl,799 CC,53.3 bhp,5.0
Tata,Manza,2010.0,110000.0,88000,Diesel,Individual,Manual,First Owner,18.8 kmpl,1248 CC,90 bhp,5.0
Mahindra,XUV500,2012.0,500000.0,200000,Diesel,Individual,Manual,Fourth & Above Owner,15.1 kmpl,2179 CC,140 bhp,7.0
Mahindra,XUV500,2012.0,,60000,Diesel,Individual,Manual,Second Owner,15.1 kmpl,2179 CC,140 bhp,7.0
BMW,3,2012.0,900000.0,155000,Diesel,Individual,Automatic,Second Owner,16.07 kmpl,1995 CC,181 bhp,4.0
Maruti,Wagon,2005.0,150000.0,80000,Petrol,Individual,Manual,Second Owner,18.9 kmpl,998 CC,67.1 bhp,5.0
Nissan,Sunny,2013.0,,80000,Petrol,Individual,Manual,Third Owner,16.95 kmpl,1498 CC,97.7 bhp,5.0
Maruti,Swift,2014.0,455000.0,40000,Diesel,Individual,Manual,First Owner,28.4 kmpl,1248 CC,74 bhp,5.0
Hyundai,Creta,2015.0,900000.0,50000,Diesel,Individual,Manual,First Owner,19.67 kmpl,1582 CC,126.2 bhp,5.0
Maruti,Swift,2014.0,455000.0,40000,Diesel,Individual,Manual,First Owner,25.2 kmpl,1248 CC,74 bhp,5.0
Honda,City,2017.0,650000.0,47000,Diesel,Individual,Manual,Second Owner,26.0 kmpl,1498 CC,98.6 bhp,5.0
Hyundai,Grand,2018.0,551000.0,20000,Petrol,Individual,Manual,Second Owner,18.9 kmpl,1197 CC,81.86 bhp,5.0
Volkswagen,Ameo,2017.0,650000.0,49060,Diesel,Individual,Manual,First Owner,22.0 kmpl,1498 CC,108.495 bhp,5.0
,i20,2015.0,600000.0,60000,Petrol,Individual,Manual,First Owner,18.6 kmpl,1197 CC,81.83 bhp,5.0
Maruti,Alto,2013.0,235000.0,18000,Petrol,Individual,Manual,First Owner,22.74 kmpl,796 CC,47.3 bhp,5.0
Ford,Ecosport,2018.0,800000.0,37161,Diesel,Dealer,Manual,First Owner,22.7 kmpl,1498 CC,89.84 bhp,5.0
Hyundai,Creta,2016.0,1050000.0,80000,Diesel,Individual,Manual,First Owner,19.67 kmpl,1582 CC,126.2 bhp,5.0
Tata,,2012.0,,28000,Petrol,Individual,Manual,Second Owner,25.4 kmpl,624 CC,37.5 bhp,4.0
Hyundai,Verna,2013.0,450000.0,100000,Petrol,Individual,Automatic,Second Owner,15.74 kmpl,1591 CC,121.3 bhp,5.0
Volkswagen,Polo,2014.0,391000.0,120000,Diesel,Individual,Manual,Second Owner,20.14 kmpl,1498 CC,88.8 bhp,5.0
Chevrolet,Enjoy,2013.0,380000.0,70000,Diesel,Individual,Manual,Second Owner,18.2 kmpl,1248 CC,73.8 bhp,7.0
Maruti,Wagon,2010.0,,90000,Petrol,Individual,Manual,Second Owner,18.9 kmpl,1061 CC,67 bhp,5.0
Hyundai,Verna,2017.0,990000.0,20000,Petrol,Individual,Automatic,First Owner,17.0 kmpl,1591 CC,121.3 bhp,5.0
Maruti,Swift,2012.0,370000.0,68000,Diesel,Individual,Manual,First Owner,23.4 kmpl,1248 CC,74 bhp,5.0
Chevrolet,Sail,2014.0,300000.0,60175,Petrol,Individual,Manual,First Owner,18.2 kmpl,1199 CC,82.5 bhp,5.0
Hyundai,EON,2012.0,,25000,Petrol,Individual,Manual,First Owner,21.1 kmpl,814 CC,55.2 bhp,5.0
Ford,Figo,2017.0,700000.0,49957,Diesel,Dealer,Manual,First Owner,25.83 kmpl,1498 CC,99 bhp,5.0
Ford,Figo,2017.0,600000.0,43235,Diesel,Dealer,Manual,First Owner,24.29 kmpl,1498 CC,99 bhp,5.0
Ford,EcoSport,2018.0,925000.0,50699,Diesel,Dealer,Manual,First Owner,22.77 kmpl,1498 CC,98.59 bhp,5.0
Hyundai,i20,2016.0,,111000,Diesel,Individual,Manual,Second Owner,21.19 kmpl,1396 CC,88.73 bhp,5.0
Maruti,Baleno,2018.0,700000.0,48000,Petrol,Individual,Manual,Second Owner,21.1 kmpl,998 CC,100.5 bhp,5.0
Maruti,Swift,2007.0,185000.0,90000,Diesel,Individual,Manual,Fourth & Above Owner,17.8 kmpl,1248 CC,75 bhp,5.0
Tata,Sumo,2015.0,434999.0,80000,Diesel,Individual,Manual,First Owner,15.3 kmpl,2956 CC,83.83 bhp,7.0
Ford,Figo,2017.0,400000.0,100000,Petrol,Individual,Manual,First Owner,18.16 kmpl,1196 CC,86.8 bhp,5.0
Ford,Figo,2011.0,180000.0,90000,Diesel,Individual,Manual,Third Owner,20.0 kmpl,1399 CC,68 bhp,5.0
Maruti,Swift,2015.0,600000.0,50000,Diesel,Individual,Manual,First Owner,26.59 kmpl,1248 CC,74 bhp,5.0
Toyota,Etios,2014.0,320000.0,90000,Diesel,Individual,Manual,Third Owner,23.59 kmpl,1364 CC,67.06 bhp,5.0
Toyota,Innova,2016.0,1689999.0,120000,Diesel,Individual,Manual,First Owner,13.68 kmpl,2393 CC,147.8 bhp,8.0
Volkswagen,Vento,2011.0,250000.0,140000,Petrol,Individual,Automatic,Second Owner,14.4 kmpl,1598 CC,103.6 bhp,5.0
Tata,Tigor,2019.0,,20000,Petrol,Individual,Manual,First Owner,20.3 kmpl,1199 CC,83.81 bhp,5.0
Toyota,Corolla,2009.0,340000.0,82000,Petrol,Individual,Manual,Second Owner,14.53 kmpl,1798 CC,138 bhp,5.0
Ambassador,Grand,2008.0,200000.0,80000,Diesel,Individual,Manual,Third Owner,13.5 kmpl,1995 CC,52 bhp,5.0
Maruti,Vitara,2017.0,,40000,Diesel,Individual,Manual,First Owner,24.3 kmpl,1248 CC,88.5 bhp,5.0
Maruti,Ertiga,2017.0,795000.0,120000,Diesel,Individual,Manual,First Owner,24.52 kmpl,1248 CC,88.5 bhp,7.0
Maruti,Vitara,2017.0,869999.0,60000,Diesel,Individual,Manual,First Owner,24.3 kmpl,1248 CC,88.5 bhp,5.0
Maruti,Ritz,2010.0,200000.0,70000,Diesel,Individual,Manual,Second Owner,21.1 kmpl,1248 CC,73.9 bhp,5.0
Hyundai,Verna,2017.0,800000.0,45500,Diesel,Individual,Manual,Second Owner,23.9 kmpl,1582 CC,126.2 bhp,5.0
Toyota,Innova,2014.0,1100000.0,120000,Diesel,Individual,Manual,First Owner,12.99 kmpl,2494 CC,100.6 bhp,8.0
Maruti,Alto,2008.0,114999.0,100000,Petrol,Individual,Manual,Second Owner,19.7 kmpl,796 CC,46.3 bhp,5.0
Maruti,,2013.0,500000.0,92000,Diesel,Individual,Manual,Third Owner,20.77 kmpl,1248 CC,88.76 bhp,7.0
Maruti,Swift,2014.0,700000.0,141000,Diesel,Individual,Manual,Fourth & Above Owner,25.2 kmpl,1248 CC,74 bhp,5.0
Toyota,Innova,2016.0,1516000.0,120000,Diesel,Individual,Automatic,First Owner,11.36 kmpl,2755 CC,171.5 bhp,7.0
Datsun,RediGO,2016.0,200000.0,35000,Petrol,Individual,Manual,First Owner,22.7 kmpl,799 CC,53.64 bhp,5.0
Honda,Amaze,2015.0,450000.0,50000,Petrol,Individual,Manual,First Owner,17.8 kmpl,1198 CC,86.7 bhp,5.0
Tata,Nexon,2018.0,850000.0,9500,Diesel,Individual,Manual,First Owner,21.5 kmpl,1497 CC,108.5 bhp,5.0
Maruti,Eeco,2019.0,359000.0,5500,Petrol,Individual,Manual,First Owner,15.37 kmpl,1196 CC,73 bhp,7.0
Renault,KWID,2017.0,320000.0,28000,Petrol,Individual,Manual,First Owner,25.17 kmpl,799 CC,53.3 bhp,5.0
Tata,Indica,2009.0,110000.0,113000,Petrol,Individual,Manual,First Owner,15.3 kmpl,1193 CC,65.3 bhp,5.0
Maruti,Eeco,2011.0,209000.0,1,CNG,Individual,Manual,Fourth & Above Owner,15.1 km/kg,1196 CC,73 bhp,5.0
Tata,Manza,2010.0,,100000,Petrol,Individual,Manual,Second Owner,15.0 kmpl,1368 CC,90 bhp,5.0
Hyundai,Grand,2014.0,400000.0,50074,Diesel,Individual,Manual,First Owner,24.0 kmpl,1120 CC,70 bhp,5.0
Hyundai,,2014.0,600000.0,100000,Diesel,Individual,Manual,Fourth & Above Owner,22.54 kmpl,1396 CC,88.73 bhp,5.0
Maruti,Eeco,2017.0,350000.0,35000,Petrol,Individual,Manual,First Owner,15.37 kmpl,1196 CC,73 bhp,7.0
Ford,EcoSport,2018.0,990000.0,60000,Diesel,Individual,Manual,First Owner,23.0 kmpl,1498 CC,98.96 bhp,5.0
Mercedes-Benz,E-Class,2011.0,1600000.0,70000,Diesel,Individual,Automatic,First Owner,14.21 kmpl,2143 CC,203 bhp,5.0
Tata,Hexa,2017.0,1400000.0,70000,Diesel,Individual,Manual,First Owner,17.6 kmpl,2179 CC,153.86 bhp,7.0
Maruti,Baleno,2017.0,745000.0,10000,Petrol,Individual,Automatic,First Owner,21.4 kmpl,1197 CC,83.1 bhp,5.0
,Kodiaq,2018.0,2800000.0,40000,Diesel,Individual,Automatic,First Owner,16.25 kmpl,1968 CC,148 bhp,7.0
Maruti,Swift,2015.0,500000.0,35000,Diesel,Individual,Manual,First Owner,25.2 kmpl,1248 CC,74 bhp,5.0
Maruti,Wagon,2019.0,540000.0,5000,Petrol,Individual,Automatic,First Owner,20.52 kmpl,1197 CC,81.80 bhp,5.0
Toyota,Innova,2016.0,1850000.0,33000,Diesel,Individual,Manual,First Owner,13.68 kmpl,2393 CC,147.8 bhp,7.0
Tata,Bolt,2017.0,600000.0,27000,Diesel,Individual,Manual,First Owner,22.95 kmpl,1248 CC,74 bhp,5.0
,Freestyle,2018.0,690000.0,25000,Petrol,Individual,Manual,First Owner,19.0 kmpl,1194 CC,94.68 bhp,5.0
Maruti,Swift,2016.0,630000.0,30154,Diesel,Individual,Manual,First Owner,25.2 kmpl,1248 CC,74 bhp,5.0
Hyundai,Xcent,2018.0,640000.0,20000,Petrol,Individual,Manual,First Owner,20.14 kmpl,1197 CC,81.86 bhp,5.0
Volvo,S90,2019.0,5500000.0,17000,Diesel,Individual,Automatic,First Owner,18.0 kmpl,1969 CC,190 bhp,5.0
Ford,Endeavour,2016.0,,85000,Diesel,Individual,Automatic,Second Owner,12.62 kmpl,2198 CC,158 bhp,7.0
,Swift,2016.0,500000.0,100000,Petrol,Individual,Manual,First Owner,20.4 kmpl,1197 CC,81.80 bhp,5.0
Maruti,Alto,2017.0,310000.0,54000,Petrol,Individual,Manual,First Owner,24.7 kmpl,796 CC,47.3 bhp,5.0
Mahindra,TUV,2015.0,600000.0,80000,Diesel,Individual,Manual,First Owner,18.49 kmpl,1493 CC,100 bhp,7.0
Maruti,800,1999.0,40000.0,100000,Petrol,Individual,Manual,Third Owner,16.1 kmpl,796 CC,37 bhp,4.0
Hyundai,Xcent,2018.0,620000.0,70000,Diesel,Individual,Manual,First Owner,25.4 kmpl,1186 CC,73.97 bhp,5.0
Maruti,Baleno,2018.0,760000.0,50000,Diesel,Individual,Manual,First Owner,27.39 kmpl,1248 CC,74 bhp,5.0
Hyundai,Verna,2018.0,1200000.0,40000,Diesel,Individual,Manual,First Owner,22.0 kmpl,1582 CC,126.2 bhp,5.0
Hyundai,i10,2012.0,300000.0,45000,Petrol,Individual,Manual,First Owner,20.36 kmpl,1197 CC,78.9 bhp,5.0
Tata,,2019.0,500000.0,5000,Petrol,Individual,Manual,First Owner,23.84 kmpl,1199 CC,84 bhp,5.0
Chevrolet,,2012.0,120000.0,70000,Petrol,Individual,Manual,Third Owner,18.6 kmpl,1199 CC,79.4 bhp,5.0
Hyundai,EON,2017.0,350000.0,26263,Petrol,Individual,Manual,First Owner,21.1 kmpl,814 CC,55.2 bhp,5.0
Mahindra,KUV,2016.0,350000.0,100000,Petrol,Individual,Manual,Second Owner,18.15 kmpl,1198 CC,82 bhp,5.0
Hyundai,Verna,2013.0,550000.0,80000,Diesel,Dealer,Manual,First Owner,25.0 kmpl,1493 CC,113.42 bhp,5.0
Maruti,SX4,2016.0,675000.0,108000,Diesel,Dealer,Manual,First Owner,23.65 kmpl,1248 CC,88.5 bhp,5.0
Toyota,Innova,2015.0,1400000.0,170000,Diesel,Individual,Manual,First Owner,12.99 kmpl,2494 CC,100.6 bhp,7.0
Maruti,Swift,2017.0,625000.0,25000,Petrol,Individual,Manual,First Owner,22.0 kmpl,1197 CC,81.80 bhp,5.0
Hyundai,,2018.0,1220000.0,11000,Petrol,Individual,Manual,First Owner,15.8 kmpl,1591 CC,121.3 bhp,5.0
Maruti,S-Presso,2019.0,475000.0,5000,Petrol,Individual,Automatic,First Owner,21.7 kmpl,998 CC,67 bhp,5.0
Ford,Ecosport,2014.0,550000.0,105000,Diesel,Dealer,Manual,First Owner,21.7 kmpl,1498 CC,98.96 bhp,5.0
Maruti,Ritz,2012.0,320000.0,40000,Petrol,Individual,Manual,First Owner,18.5 kmpl,1197 CC,85.80 bhp,5.0
Maruti,Swift,2014.0,530000.0,90000,Diesel,Individual,Manual,First Owner,22.9 kmpl,1248 CC,74 bhp,5.0
Maruti,Alto,,300000.0,30000,Petrol,Individual,Manual,First Owner,24.7 kmpl,796 CC,47.3 bhp,5.0
Honda,City,2018.0,1180000.0,5500,Petrol,Individual,Manual,First Owner,17.4 kmpl,1497 CC,117.6 bhp,5.0
Maruti,Alto,2000.0,45957.0,90000,Petrol,Individual,Manual,Second Owner,19.7 kmpl,796 CC,46.3 bhp,5.0
Hyundai,EON,2012.0,190000.0,65000,Petrol,Individual,Manual,First Owner,21.1 kmpl,814 CC,55.2 bhp,5.0
Hyundai,Verna,2014.0,730000.0,60000,Diesel,Individual,Manual,First Owner,22.32 kmpl,1582 CC,126.32 bhp,5.0
Maruti,Swift,2015.0,530000.0,120000,Diesel,Individual,Manual,First Owner,25.2 kmpl,1248 CC,74 bhp,5.0
Ford,Figo,2019.0,530000.0,9500,Petrol,Individual,Manual,First Owner,18.16 kmpl,1196 CC,86.8 bhp,5.0
Renault,Captur,2018.0,1265000.0,12000,Diesel,Individual,Manual,First Owner,20.37 kmpl,1461 CC,108.45 bhp,5.0
Maruti,Ciaz,2019.0,,32000,Diesel,Individual,Manual,First Owner,28.09 kmpl,1248 CC,88.50 bhp,5.0
Maruti,Alto,2009.0,130000.0,60000,Petrol,Individual,Manual,First Owner,19.7 kmpl,796 CC,46.3 bhp,5.0
,TUV,2017.0,735000.0,70000,Diesel,Individual,Manual,First Owner,18.49 kmpl,1493 CC,100 bhp,7.0
BMW,,2011.0,1500000.0,84925,Diesel,Individual,Automatic,First Owner,16.07 kmpl,1995 CC,181 bhp,5.0
Hyundai,Santro,2007.0,120000.0,120000,Petrol,Individual,Manual,Second Owner,17.8 kmpl,1086 CC,63 bhp,5.0
Hyundai,Grand,2017.0,470000.0,50000,Petrol,Individual,Manual,First Owner,18.9 kmpl,1197 CC,82 bhp,5.0
Tata,Indigo,2014.0,250000.0,50000,Diesel,Individual,Manual,Second Owner,25.0 kmpl,1396 CC,69.01 bhp,5.0
Maruti,Ertiga,2013.0,430000.0,90000,Petrol,Individual,Manual,First Owner,16.02 kmpl,1373 CC,93.7 bhp,7.0
Maruti,Ertiga,2012.0,550000.0,93000,Diesel,Individual,Manual,First Owner,20.77 kmpl,1248 CC,88.76 bhp,7.0
Maruti,Swift,2015.0,500000.0,117000,Petrol,Individual,Manual,First Owner,20.85 kmpl,1197 CC,83.14 bhp,5.0
Honda,City,2008.0,240000.0,90000,Petrol,Individual,Manual,Second Owner,17.7 kmpl,1497 CC,78 bhp,5.0
Maruti,Swift,2008.0,170000.0,80000,Petrol,Individual,Manual,Third Owner,16.1 kmpl,1298 CC,88.2 bhp,5.0
Maruti,Alto,2016.0,252000.0,30000,Petrol,Individual,Manual,First Owner,22.74 kmpl,796 CC,47.3 bhp,5.0
Maruti,Alto,2017.0,270000.0,35000,Petrol,Individual,Manual,First Owner,24.7 kmpl,796 CC,47.3 bhp,5.0
Maruti,Alto,2004.0,100000.0,40000,Petrol,Individual,Manual,First Owner,19.7 kmpl,796 CC,46.3 bhp,5.0
Maruti,Wagon,2015.0,350000.0,46357,Petrol,Individual,Manual,Second Owner,20.51 kmpl,998 CC,67.04 bhp,5.0
Ford,Fiesta,2011.0,240000.0,80000,Petrol,Individual,Manual,Second Owner,16.6 kmpl,1388 CC,68 bhp,5.0
Renault,Lodgy,2016.0,620000.0,7000,Diesel,Dealer,Manual,First Owner,21.04 kmpl,1461 CC,83.8 bhp,8.0
Renault,Fluence,2011.0,600000.0,43000,Petrol,Dealer,Automatic,First Owner,13.4 kmpl,1997 CC,135.1 bhp,5.0
Ford,Figo,2016.0,650000.0,85000,Diesel,Dealer,Manual,First Owner,24.4 kmpl,1499 CC,98.96 bhp,5.0
Hyundai,Verna,2018.0,950000.0,70000,Diesel,Individual,Manual,First Owner,22.0 kmpl,1582 CC,126.2 bhp,5.0
Maruti,Swift,2017.0,660000.0,56000,Diesel,Individual,Manual,First Owner,25.2 kmpl,1248 CC,74 bhp,5.0
Hyundai,i20,2012.0,360000.0,90000,Diesel,Individual,Manual,Second Owner,21.9 kmpl,1396 CC,88.76 bhp,5.0
Maruti,Alto,2017.0,382000.0,40000,Petrol,Individual,Manual,First Owner,23.95 kmpl,998 CC,67.1 bhp,5.0
Hyundai,i10,2011.0,270000.0,60000,Petrol,Individual,Manual,Second Owner,19.81 kmpl,1086 CC,68.05 bhp,5.0
Hyundai,i20,2015.0,650000.0,70000,Diesel,Individual,Manual,First Owner,22.54 kmpl,1396 CC,88.73 bhp,5.0
Ford,Figo,2011.0,200000.0,170000,Diesel,Individual,Manual,Second Owner,20.0 kmpl,1399 CC,68 bhp,5.0
Maruti,Celerio,2015.0,400000.0,95000,Diesel,Individual,Manual,First Owner,27.62 kmpl,793 CC,47 bhp,5.0
Maruti,Swift,2012.0,416000.0,90000,Diesel,Individual,Manual,Second Owner,22.9 kmpl,1248 CC,74 bhp,5.0
Maruti,Baleno,2018.0,750000.0,35000,Diesel,Individual,Manual,First Owner,27.39 kmpl,1248 CC,74 bhp,5.0
Tata,Indica,2013.0,190000.0,120000,Diesel,Individual,Manual,Second Owner,22.3 kmpl,1248 CC,74 bhp,5.0
Tata,Indica,2008.0,60000.0,120000,Diesel,Individual,Manual,Fourth & Above Owner,17.88 kmpl,1396 CC,52.8 bhp,5.0
Tata,New,2006.0,300000.0,175000,Diesel,Individual,Manual,Second Owner,13.93 kmpl,2179 CC,138.1 bhp,7.0
Maruti,Wagon,2013.0,300000.0,90000,Petrol,Individual,Manual,Second Owner,18.9 kmpl,998 CC,67.1 bhp,5.0
Tata,,2007.0,65000.0,120000,Diesel,Individual,Manual,Third Owner,17.2 kmpl,1396 CC,53.5 bhp,5.0
Ford,Fiesta,2012.0,270000.0,108000,Diesel,Individual,Manual,Second Owner,17.8 kmpl,1399 CC,67 bhp,5.0
Mahindra,Bolero,2014.0,600000.0,70000,Diesel,Individual,Manual,First Owner,15.96 kmpl,2523 CC,62.1 bhp,7.0
Hyundai,Santa,2011.0,1200000.0,62000,Diesel,Individual,Automatic,Second Owner,11.72 kmpl,2199 CC,194.3 bhp,7.0
Hyundai,EON,2012.0,195000.0,35000,Petrol,Individual,Manual,Second Owner,21.1 kmpl,814 CC,55.2 bhp,5.0
Maruti,800,1998.0,35000.0,40000,Petrol,Individual,Manual,Second Owner,16.1 kmpl,796 CC,37 bhp,4.0
Tata,Indigo,2008.0,100000.0,120000,Diesel,Individual,Manual,First Owner,19.09 kmpl,1396 CC,69 bhp,5.0
Hyundai,i10,2012.0,220000.0,67000,Petrol,Individual,Manual,Second Owner,20.36 kmpl,1197 CC,78.9 bhp,5.0
Maruti,Alto,2016.0,320000.0,46737,Petrol,Individual,Manual,First Owner,22.74 kmpl,796 CC,47.3 bhp,5.0
Chevrolet,Beat,2014.0,240000.0,30000,Petrol,Individual,Manual,First Owner,18.6 kmpl,1199 CC,76.8 bhp,5.0
Tata,Sumo,2014.0,275000.0,300000,Diesel,Individual,Manual,First Owner,15.3 kmpl,2956 CC,83.83 bhp,7.0
Chevrolet,Enjoy,2014.0,275000.0,195000,Diesel,Individual,Manual,First Owner,18.2 kmpl,1248 CC,73.8 bhp,7.0
Tata,Indica,2011.0,130000.0,70000,Petrol,Individual,Manual,Second Owner,16.5 kmpl,1172 CC,65 bhp,5.0
Hyundai,Verna,2012.0,450000.0,200000,Diesel,Individual,Manual,Second Owner,22.32 kmpl,1582 CC,126.32 bhp,5.0
Renault,Duster,2015.0,600000.0,160000,Diesel,Individual,Manual,First Owner,19.01 kmpl,1461 CC,108.45 bhp,5.0
Maruti,Alto,2018.0,310000.0,20000,Petrol,Individual,Manual,First Owner,24.7 kmpl,796 CC,47.3 bhp,5.0
Maruti,Wagon,2018.0,432000.0,30000,Petrol,Individual,Manual,First Owner,20.51 kmpl,998 CC,67.04 bhp,5.0
Tata,Indica,2012.0,175000.0,90000,Diesel,Individual,Manual,Third Owner,19.4 kmpl,1405 CC,70 bhp,5.0
Maruti,Ertiga,2016.0,770000.0,100000,Diesel,Individual,Manual,Second Owner,24.52 kmpl,1248 CC,88.5 bhp,7.0
Maruti,Alto,2011.0,135000.0,110048,Petrol,Individual,Manual,Third Owner,20.92 kmpl,998 CC,67.1 bhp,5.0
Hyundai,Xcent,2018.0,680000.0,26000,Diesel,Individual,Manual,First Owner,25.4 kmpl,1186 CC,73.97 bhp,5.0
Maruti,Wagon,2007.0,90000.0,110000,Petrol,Individual,Manual,Fourth & Above Owner,18.9 kmpl,1061 CC,67 bhp,5.0
Maruti,Gypsy,1997.0,,186388,Petrol,Individual,Manual,Second Owner,14.8 kmpl,1298 CC,80 bhp,8.0
Chevrolet,Aveo,2007.0,100000.0,60000,Petrol,Individual,Manual,Third Owner,14.7 kmpl,1150 CC,76 bhp,5.0
Maruti,Alto,2006.0,120000.0,70000,Petrol,Individual,Manual,Third Owner,19.7 kmpl,796 CC,46.3 bhp,5.0
Renault,Duster,2017.0,750000.0,20171,Diesel,Dealer,Automatic,First Owner,19.87 kmpl,1461 CC,108.5 bhp,5.0
Honda,Jazz,2017.0,525000.0,37151,Diesel,Dealer,Manual,First Owner,27.3 kmpl,1498 CC,98.6 bhp,5.0
Honda,City,2015.0,649000.0,39000,Petrol,Dealer,Manual,First Owner,17.4 kmpl,1497 CC,117.3 bhp,5.0
Volkswagen,Polo,2010.0,210000.0,44500,Petrol,Dealer,Manual,First Owner,16.47 kmpl,1198 CC,74 bhp,5.0
Honda,Jazz,2016.0,526000.0,15000,Petrol,Dealer,Manual,First Owner,18.7 kmpl,1199 CC,88.7 bhp,5.0
Ford,Ecosport,2016.0,599000.0,39000,Petrol,Dealer,Manual,First Owner,15.9 kmpl,1496 CC,120.69 bhp,5.0
Honda,City,2015.0,500000.0,58161,Petrol,Dealer,Manual,First Owner,17.8 kmpl,1497 CC,117.3 bhp,5.0
Honda,CR-V,2012.0,750000.0,50171,Petrol,Dealer,Automatic,First Owner,11.1 kmpl,2354 CC,158.8 bhp,5.0
Honda,City,2011.0,325000.0,40000,Petrol,Dealer,Manual,First Owner,17.4 kmpl,1497 CC,117.6 bhp,5.0
Honda,City,2016.0,575000.0,55161,Petrol,Dealer,Manual,First Owner,17.8 kmpl,1497 CC,117.3 bhp,5.0
Honda,Brio,2012.0,245000.0,30000,Petrol,Dealer,Manual,First Owner,18.5 kmpl,1198 CC,86.8 bhp,5.0
Honda,City,2016.0,625000.0,55000,Petrol,Dealer,Manual,First Owner,17.8 kmpl,1497 CC,117.3 bhp,5.0
Honda,Accord,2013.0,580000.0,50000,Petrol,Dealer,Automatic,First Owner,11.7 kmpl,2354 CC,177.6 bhp,5.0
Audi,,2017.0,1689999.0,8000,Petrol,Dealer,Automatic,First Owner,16.6 kmpl,1798 CC,177.5 bhp,5.0
Hyundai,Creta,2018.0,1175000.0,14000,Petrol,Dealer,Manual,First Owner,15.8 kmpl,1591 CC,121.3 bhp,5.0
Honda,City,2015.0,575000.0,9599,Petrol,Dealer,Manual,First Owner,17.8 kmpl,1497 CC,117.3 bhp,5.0
Hyundai,i20,2017.0,600000.0,35000,Petrol,Dealer,Manual,First Owner,17.0 kmpl,1197 CC,80 bhp,5.0
Honda,City,2016.0,750000.0,16151,Petrol,Dealer,Manual,First Owner,17.8 kmpl,1497 CC,117.3 bhp,5.0
Hyundai,Creta,2016.0,890000.0,40000,Petrol,Dealer,Automatic,First Owner,14.8 kmpl,1591 CC,121.3 bhp,5.0
Honda,City,2015.0,600000.0,28161,Petrol,Dealer,Manual,First Owner,17.8 kmpl,1497 CC,117.3 bhp,5.0
Chevrolet,Spark,2010.0,114999.0,60000,Petrol,Individual,Manual,Second Owner,18.0 kmpl,995 CC,62 bhp,5.0
Chevrolet,Spark,2010.0,140000.0,60000,Petrol,Individual,Manual,Second Owner,18.0 kmpl,995 CC,62 bhp,5.0
Mahindra,Scorpio,2011.0,360000.0,100000,Diesel,Individual,Manual,Fourth & Above Owner,13.5 kmpl,2179 CC,115 bhp,5.0
Maruti,Swift,2017.0,500000.0,130000,Petrol,Individual,Manual,Second Owner,19.0 kmpl,1197 CC,85.8 bhp,5.0
Honda,Amaze,2015.0,409999.0,60000,Diesel,Individual,Manual,First Owner,25.8 kmpl,1498 CC,98.6 bhp,5.0
Toyota,Innova,2010.0,425000.0,200000,Diesel,Individual,Manual,Second Owner,12.8 kmpl,2494 CC,102 bhp,7.0
Nissan,Terrano,2014.0,450000.0,82000,Diesel,Individual,Manual,Second Owner,20.45 kmpl,1461 CC,83.8 bhp,5.0
Hyundai,Grand,2014.0,400000.0,20000,Petrol,Individual,Manual,First Owner,18.9 kmpl,1197 CC,82 bhp,5.0
Maruti,SX4,2013.0,295000.0,60000,Petrol,Individual,Manual,Third Owner,16.51 kmpl,1586 CC,103.2 bhp,5.0
Maruti,Ciaz,2014.0,560000.0,90000,Diesel,Individual,Manual,Second Owner,26.21 kmpl,1248 CC,88.5 bhp,5.0
Maruti,Wagon,2006.0,150000.0,50000,Petrol,Individual,Manual,Third Owner,14.0 kmpl,1061 CC,64 bhp,5.0
Toyota,Innova,2009.0,,250000,Diesel,Individual,Manual,First Owner,12.8 kmpl,2494 CC,102 bhp,7.0
Chevrolet,Spark,2011.0,114999.0,100000,Petrol,Individual,Manual,Second Owner,18.0 kmpl,995 CC,62 bhp,5.0
Tata,Indigo,2007.0,90177.0,129000,Diesel,Individual,Manual,Third Owner,17.0 kmpl,1405 CC,70 bhp,5.0
Tata,New,2010.0,300000.0,100000,Diesel,Individual,Manual,First Owner,11.57 kmpl,2179 CC,138.1 bhp,7.0
Honda,City,2005.0,110000.0,100000,Petrol,Individual,Automatic,Second Owner,12.0 kmpl,1493 CC,100 bhp,5.0
Ford,Fiesta,2007.0,,110000,Diesel,Individual,Manual,Third Owner,17.8 kmpl,1399 CC,68 bhp,5.0
Chevrolet,Captiva,2008.0,300000.0,100000,Diesel,Individual,Manual,Second Owner,11.5 kmpl,1991 CC,147.9 bhp,7.0
Hyundai,Grand,2017.0,450000.0,20000,Petrol,Individual,Manual,First Owner,18.9 kmpl,1197 CC,81.86 bhp,5.0
Chevrolet,Cruze,2011.0,300000.0,40000,Diesel,Individual,Manual,First Owner,18.3 kmpl,1991 CC,147.9 bhp,5.0
Maruti,Celerio,2018.0,470000.0,30000,Petrol,Individual,Automatic,First Owner,23.1 kmpl,998 CC,67.04 bhp,5.0
Tata,Bolt,2015.0,330000.0,25000,Petrol,Individual,Manual,First Owner,17.57 kmpl,1193 CC,88.7 bhp,5.0
Maruti,Wagon,,390000.0,25000,Petrol,Individual,Manual,Second Owner,20.51 kmpl,998 CC,67.04 bhp,5.0
Tata,Nano,2011.0,46000.0,25000,Petrol,Individual,Manual,Second Owner,26.0 kmpl,624 CC,35 bhp,4.0
Nissan,Terrano,2013.0,509999.0,170000,Diesel,Individual,Manual,First Owner,20.45 kmpl,1461 CC,83.8 bhp,5.0
Fiat,Linea,2010.0,125000.0,40000,Petrol,Individual,Manual,Second Owner,16.0 kmpl,1368 CC,90 bhp,5.0
Hyundai,i20,2017.0,780000.0,28000,Diesel,Individual,Manual,First Owner,22.54 kmpl,1396 CC,88.73 bhp,5.0
Hyundai,Verna,2011.0,450000.0,100000,Diesel,Individual,Manual,First Owner,22.32 kmpl,1582 CC,126.3 bhp,5.0
Tata,Manza,2012.0,200000.0,80868,Petrol,Individual,Manual,Third Owner,13.7 kmpl,1368 CC,88.8 bhp,5.0
Ford,Figo,2012.0,260000.0,194000,Diesel,Individual,Manual,First Owner,20.0 kmpl,1399 CC,68 bhp,5.0
Maruti,Swift,2009.0,250000.0,151000,Diesel,Individual,Manual,Second Owner,17.8 kmpl,1248 CC,75 bhp,5.0
Ford,EcoSport,2018.0,880000.0,65000,Diesel,Individual,Manual,First Owner,23.0 kmpl,1498 CC,98.96 bhp,5.0
Maruti,Swift,2009.0,307000.0,100000,Diesel,Individual,Manual,Second Owner,17.8 kmpl,1248 CC,75 bhp,5.0
Mahindra,XUV500,2013.0,750000.0,120000,Diesel,Individual,Manual,First Owner,15.1 kmpl,2179 CC,140 bhp,7.0
Tata,Nexon,2018.0,800000.0,85000,Diesel,Individual,Manual,Second Owner,21.5 kmpl,1497 CC,108.5 bhp,5.0
Fiat,Grande,2012.0,450000.0,70000,Diesel,Individual,Manual,First Owner,20.3 kmpl,1248 CC,75 bhp,5.0
Hyundai,Verna,2011.0,450000.0,128000,Diesel,Individual,Manual,Second Owner,22.32 kmpl,1582 CC,126.32 bhp,5.0
Honda,City,2006.0,160000.0,70000,Petrol,Individual,Manual,Second Owner,16.9 kmpl,1497 CC,100 bhp,5.0
Honda,City,2004.0,135000.0,120000,Petrol,Individual,Manual,Second Owner,13.0 kmpl,1343 CC,90 bhp,5.0
Hyundai,Verna,2012.0,450000.0,128000,Diesel,Individual,Manual,Second Owner,22.32 kmpl,1582 CC,126.32 bhp,5.0
Renault,Duster,2013.0,325000.0,100000,Diesel,Individual,Manual,Third Owner,20.45 kmpl,1461 CC,83.8 bhp,5.0
Kia,Seltos,2019.0,1575000.0,20000,Diesel,Individual,Automatic,First Owner,17.8 kmpl,1493 CC,113.4 bhp,5.0
Ford,Freestyle,2018.0,750000.0,24000,Diesel,Individual,Manual,First Owner,24.4 kmpl,1498 CC,98.63 bhp,5.0
Maruti,Celerio,2017.0,,12000,Petrol,Individual,Manual,First Owner,23.1 kmpl,998 CC,67.04 bhp,5.0
Toyota,Etios,2014.0,425000.0,50000,Diesel,Individual,Manual,First Owner,23.59 kmpl,1364 CC,67.06 bhp,5.0
Ford,Freestyle,2018.0,746000.0,24000,Diesel,Individual,Manual,First Owner,24.4 kmpl,1498 CC,98.63 bhp,5.0
Toyota,Innova,2010.0,425000.0,129000,Diesel,Individual,Manual,First Owner,12.8 kmpl,2494 CC,102 bhp,8.0
Maruti,Alto,2011.0,200000.0,73000,Petrol,Individual,Manual,First Owner,19.7 kmpl,796 CC,46.3 bhp,5.0
Maruti,800,1997.0,40000.0,120000,Petrol,Individual,Manual,First Owner,16.1 kmpl,796 CC,37 bhp,4.0
Maruti,Alto,2017.0,,45000,Petrol,Individual,Manual,First Owner,23.95 kmpl,998 CC,67.1 bhp,5.0
Hyundai,i20,2013.0,380000.0,25000,Petrol,Individual,Manual,First Owner,18.5 kmpl,1197 CC,82.85 bhp,5.0
Maruti,Wagon,2017.0,360000.0,80000,Petrol,Individual,Manual,First Owner,20.51 kmpl,998 CC,67.04 bhp,5.0
Hyundai,Santro,2008.0,120000.0,191000,Petrol,Individual,Manual,First Owner,17.92 kmpl,1086 CC,62.1 bhp,5.0
Maruti,Wagon,2013.0,260000.0,50000,Petrol,Individual,Manual,Second Owner,18.9 kmpl,998 CC,67.1 bhp,5.0
Hyundai,i20,2014.0,475000.0,80000,Diesel,Individual,Manual,Second Owner,22.54 kmpl,1396 CC,88.73 bhp,5.0
Hyundai,i20,2013.0,320000.0,110000,Petrol,Individual,Manual,First Owner,18.5 kmpl,1197 CC,82.85 bhp,5.0
Hyundai,Verna,2007.0,135000.0,119000,Diesel,Individual,Manual,Fourth & Above Owner,16.8 kmpl,1493 CC,110 bhp,5.0
Maruti,Swift,2009.0,382000.0,120000,Diesel,Individual,Manual,First Owner,19.3 kmpl,1248 CC,73.9 bhp,5.0
