Age,Income,Gender,Expenses,City,Education,Marital Status,Date
,37200.0,,24900.0,Paris,High School,Divorced,2023-01-01 00:00:00.000000000
69.0,57100.0,Female,33600.0,Paris,High School,Married,2023-01-01 00:52:25.274527452
46.0,59500.0,Female,45600.0,Paris,High School,,2023-01-01 01:44:50.549054905
32.0,42900.0,Male,23900.0,Paris,High School,Divorced,2023-01-01 02:37:15.823582358
60.0,,Female,19000.0,London,Bachelor,,2023-01-01 03:29:41.098109810
25.0,74100.0,Male,49200.0,Paris,Bachelor,Single,2023-01-01 04:22:06.372637263
38.0,53400.0,Female,33600.0,Paris,High School,,2023-01-01 05:14:31.647164716
56.0,59500.0,Male,31800.0,Paris,Bachelor,Single,2023-01-01 06:06:56.921692169
36.0,37700.0,Male,20300.0,London,Bachelor,Married,2023-01-01 06:59:22.196219621
40.0,31700.0,Male,17700.0,Madrid,Bachelor,Single,2023-01-01 07:51:47.470747074
28.0,41500.0,Male,21400.0,London,High School,Single,2023-01-01 08:44:12.745274527
28.0,48100.0,Female,32900.0,London,High School,Single,2023-01-01 09:36:38.019801980
41.0,34000.0,Male,22500.0,London,High School,Widowed,2023-01-01 10:29:03.294329432
53.0,49900.0,Female,28800.0,Paris,Bachelor,Single,2023-01-01 11:21:28.568856885
57.0,24700.0,Male,13800.0,Paris,Bachelor,Single,2023-01-01 12:13:53.843384338
41.0,33200.0,Male,18100.0,Paris,Bachelor,Single,2023-01-01 13:06:19.117911791
20.0,60100.0,Male,30900.0,Paris,High School,Single,2023-01-01 13:58:44.392439243
39.0,59100.0,Male,25700.0,Paris,High School,Divorced,
19.0,44100.0,Male,22400.0,London,High School,Widowed,2023-01-01 15:43:34.941494149
41.0,34700.0,Male,18300.0,Paris,High School,Married,2023-01-01 16:36:00.216021602
61.0,34600.0,Female,21400.0,Madrid,High School,Married,2023-01-01 17:28:25.490549054
47.0,44400.0,Male,31500.0,Madrid,High School,Married,2023-01-01 18:20:50.765076507
55.0,59700.0,Male,33300.0,Rome,Bachelor,Single,2023-01-01 19:13:16.039603960
19.0,63900.0,Female,49700.0,Paris,High School,Single,2023-01-01 20:05:41.314131413
38.0,42600.0,Male,31100.0,Madrid,Bachelor,Married,2023-01-01 20:58:06.588658865
50.0,32700.0,Male,26000.0,Berlin,Bachelor,Divorced,2023-01-01 21:50:31.863186318
29.0,54000.0,Male,40500.0,Madrid,Bachelor,Married,2023-01-01 22:42:57.137713771
39.0,37600.0,Male,24300.0,London,Master,Single,2023-01-01 23:35:22.412241224
61.0,42200.0,Male,27000.0,Berlin,High School,Divorced,2023-01-02 00:27:47.686768676
42.0,69900.0,Male,31600.0,Paris,High School,Married,2023-01-02 01:20:12.961296129
66.0,62400.0,Female,43000.0,Paris,Bachelor,Married,2023-01-02 02:12:38.235823582
44.0,,Female,33500.0,Paris,High School,Single,2023-01-02 03:05:03.510351035
59.0,30900.0,Male,18600.0,Madrid,PhD,Single,2023-01-02 03:57:28.784878487
45.0,,Female,36000.0,Paris,High School,Single,2023-01-02 04:49:54.059405940
33.0,65900.0,Male,38100.0,Paris,High School,Divorced,2023-01-02 05:42:19.333933393
32.0,44400.0,Male,27100.0,Madrid,Bachelor,Single,2023-01-02 06:34:44.608460846
64.0,70300.0,Male,39300.0,Paris,High School,Married,2023-01-02 07:27:09.882988298
68.0,69400.0,Male,47700.0,Madrid,High School,Single,2023-01-02 08:19:35.157515751
61.0,75000.0,Male,,Berlin,Master,Single,2023-01-02 09:12:00.432043204
69.0,54600.0,Male,40200.0,Paris,High School,Single,2023-01-02 10:04:25.706570657
,58800.0,,42000.0,Paris,Bachelor,Single,2023-01-02 10:56:50.981098109
54.0,71200.0,Female,28900.0,London,High School,Single,2023-01-02 11:49:16.255625562
68.0,56700.0,Male,43400.0,Rome,High School,Single,2023-01-02 12:41:41.530153015
24.0,42500.0,Female,21700.0,Madrid,High School,Single,2023-01-02 13:34:06.804680468
38.0,43300.0,Female,32700.0,Paris,High School,Single,2023-01-02 14:26:32.079207920
26.0,53600.0,Male,25700.0,Paris,High School,Married,2023-01-02 15:18:57.353735373
56.0,30600.0,Male,17600.0,Paris,PhD,Single,2023-01-02 16:11:22.628262826
35.0,47900.0,Male,33500.0,Berlin,Bachelor,Single,2023-01-02 17:03:47.902790279
21.0,66400.0,Male,43600.0,Paris,Bachelor,Married,2023-01-02 17:56:13.177317731
,17100.0,,9700.0,Paris,High School,Single,2023-01-02 18:48:38.451845184
31.0,73000.0,Male,49000.0,Berlin,High School,Divorced,2023-01-02 19:41:03.726372637
67.0,66800.0,Male,41400.0,London,Bachelor,Single,2023-01-02 20:33:29.000900090
26.0,43100.0,Male,22000.0,Paris,Bachelor,Widowed,2023-01-02 21:25:54.275427542
43.0,58200.0,Male,38300.0,Berlin,High School,Single,2023-01-02 22:18:19.549954995
19.0,50000.0,Male,24100.0,London,High School,Single,2023-01-02 23:10:44.824482448
37.0,68400.0,Male,46300.0,London,High School,Married,2023-01-03 00:03:10.099009900
45.0,64700.0,Male,26000.0,London,High School,Single,2023-01-03 00:55:35.373537353
,29000.0,,18000.0,London,Bachelor,Married,2023-01-03 01:48:00.648064806
24.0,58800.0,Female,33000.0,London,High School,Single,2023-01-03 02:40:25.922592259
61.0,46900.0,Male,24400.0,Madrid,High School,Single,2023-01-03 03:32:51.197119711
25.0,51200.0,Male,31000.0,London,Bachelor,Divorced,2023-01-03 04:25:16.471647164
64.0,39100.0,Male,25700.0,London,High School,Single,2023-01-03 05:17:41.746174617
52.0,,Female,59900.0,London,Bachelor,Single,
31.0,65600.0,Female,48100.0,London,Master,Single,2023-01-03 07:02:32.295229522
34.0,38900.0,Male,26700.0,Paris,High School,Married,2023-01-03 07:54:57.569756975
53.0,30000.0,Male,17700.0,Paris,Bachelor,Single,2023-01-03 08:47:22.844284428
67.0,44200.0,Male,24600.0,London,High School,,2023-01-03 09:39:48.118811881
,56500.0,,23300.0,London,High School,Single,2023-01-03 10:32:13.393339333
21.0,53600.0,Female,29100.0,London,Bachelor,Widowed,2023-01-03 11:24:38.667866786
19.0,68800.0,Male,50900.0,Berlin,Bachelor,Married,2023-01-03 12:17:03.942394239
23.0,61800.0,Male,34200.0,Paris,Bachelor,Single,2023-01-03 13:09:29.216921692
59.0,64500.0,Male,37700.0,London,Master,Married,2023-01-03 14:01:54.491449144
21.0,54900.0,Male,27900.0,London,High School,Married,2023-01-03 14:54:19.765976597
46.0,29200.0,Female,14900.0,Paris,Bachelor,Married,2023-01-03 15:46:45.040504050
35.0,47100.0,Male,20000.0,Paris,Bachelor,Single,2023-01-03 16:39:10.315031503
,65900.0,,42500.0,Paris,High School,Single,2023-01-03 17:31:35.589558955
61.0,49200.0,Male,28500.0,Paris,PhD,Single,2023-01-03 18:24:00.864086408
51.0,57500.0,Male,36900.0,Paris,High School,Single,2023-01-03 19:16:26.138613861
27.0,45200.0,Male,28000.0,London,Bachelor,Married,2023-01-03 20:08:51.413141314
53.0,34600.0,Male,24900.0,London,Bachelor,Married,2023-01-03 21:01:16.687668766
,48100.0,,33700.0,London,Bachelor,Single,2023-01-03 21:53:41.962196219
48.0,54600.0,Male,38700.0,Berlin,High School,Married,2023-01-03 22:46:07.236723672
65.0,,Female,24100.0,London,High School,Single,2023-01-03 23:38:32.511251125
32.0,46500.0,Male,25200.0,Paris,High School,Single,2023-01-04 00:30:57.785778577
25.0,35900.0,Male,27800.0,Paris,Bachelor,Married,2023-01-04 01:23:23.060306030
31.0,66800.0,Male,28200.0,Paris,High School,Married,2023-01-04 02:15:48.334833483
40.0,45600.0,Male,21000.0,Madrid,Bachelor,Married,2023-01-04 03:08:13.609360936
,71800.0,,40800.0,Madrid,High School,Married,2023-01-04 04:00:38.883888388
38.0,72900.0,Male,47100.0,Paris,High School,Single,2023-01-04 04:53:04.158415841
33.0,,Female,19700.0,London,High School,Single,2023-01-04 05:45:29.432943294
62.0,34900.0,Male,24000.0,Rome,Bachelor,Married,2023-01-04 06:37:54.707470747
35.0,18700.0,Female,11700.0,Berlin,Bachelor,,2023-01-04 07:30:19.981998199
64.0,,Female,16600.0,London,High School,Married,2023-01-04 08:22:45.256525652
41.0,,Female,16700.0,Paris,High School,Single,2023-01-04 09:15:10.531053105
43.0,70700.0,Male,43000.0,Paris,PhD,Married,2023-01-04 10:07:35.805580558
42.0,51700.0,Male,24000.0,Berlin,High School,Married,2023-01-04 11:00:01.080108010
62.0,55800.0,Male,24700.0,Berlin,Bachelor,Married,2023-01-04 11:52:26.354635463
58.0,16700.0,Male,8600.0,London,Bachelor,Married,2023-01-04 12:44:51.629162916
46.0,32000.0,Male,21900.0,Paris,High School,Single,2023-01-04 13:37:16.903690369
,63300.0,,40200.0,Madrid,Bachelor,Single,2023-01-04 14:29:42.178217821
62.0,54300.0,Male,32100.0,Berlin,PhD,Divorced,2023-01-04 15:22:07.452745274
18.0,47800.0,Female,30000.0,Paris,Master,Single,2023-01-04 16:14:32.727272727
42.0,58500.0,Male,36500.0,Paris,Bachelor,Married,2023-01-04 17:06:58.001800180
24.0,74500.0,Female,38900.0,London,Bachelor,Single,2023-01-04 17:59:23.276327632
26.0,46700.0,Male,20500.0,Paris,High School,Married,2023-01-04 18:51:48.550855085
41.0,51000.0,Male,38700.0,Paris,High School,Single,2023-01-04 19:44:13.825382538
18.0,52900.0,Female,33900.0,Paris,High School,Married,2023-01-04 20:36:39.099909991
61.0,85900.0,Male,58300.0,Rome,Master,Single,2023-01-04 21:29:04.374437443
25.0,18500.0,Female,10800.0,Berlin,High School,Single,2023-01-04 22:21:29.648964896
41.0,60200.0,Male,42300.0,Paris,High School,Single,2023-01-04 23:13:54.923492349
28.0,48300.0,Male,30600.0,Madrid,High School,Married,2023-01-05 00:06:20.198019801
,58500.0,,24700.0,London,High School,Divorced,2023-01-05 00:58:45.472547254
34.0,40100.0,Male,30300.0,Paris,High School,Single,2023-01-05 01:51:10.747074707
25.0,49300.0,Female,25700.0,Madrid,High School,Single,2023-01-05 02:43:36.021602160
52.0,60700.0,Male,27600.0,London,High School,Single,2023-01-05 03:36:01.296129612
52.0,96700.0,Female,42100.0,Berlin,Bachelor,Married,2023-01-05 04:28:26.570657065
,62100.0,,42700.0,London,Bachelor,Widowed,2023-01-05 05:20:51.845184518
22.0,37300.0,Male,25400.0,London,High School,Single,2023-01-05 06:13:17.119711971
59.0,43600.0,Male,29700.0,Paris,Bachelor,Married,2023-01-05 07:05:42.394239423
,43200.0,,33100.0,Paris,Bachelor,Single,2023-01-05 07:58:07.668766876
58.0,23100.0,Male,12500.0,London,High School,Single,2023-01-05 08:50:32.943294329
45.0,45000.0,Male,28100.0,Madrid,High School,Single,2023-01-05 09:42:58.217821782
24.0,61000.0,Male,39500.0,London,Master,Divorced,2023-01-05 10:35:23.492349234
26.0,30900.0,Male,24500.0,Paris,Bachelor,Married,2023-01-05 11:27:48.766876687
25.0,65700.0,Male,34500.0,Paris,High School,Single,2023-01-05 12:20:14.041404140
29.0,57300.0,Male,44800.0,Madrid,High School,Divorced,2023-01-05 13:12:39.315931593
51.0,39000.0,Male,17900.0,Paris,Bachelor,Single,2023-01-05 14:05:04.590459045
50.0,47900.0,Male,33800.0,Paris,Bachelor,Single,2023-01-05 14:57:29.864986498
65.0,74000.0,Male,48300.0,Berlin,Master,,2023-01-05 15:49:55.139513951
40.0,61000.0,Female,44300.0,Madrid,High School,Widowed,2023-01-05 16:42:20.414041404
41.0,50100.0,Male,20600.0,Berlin,High School,Single,2023-01-05 17:34:45.688568856
,46400.0,,20000.0,Paris,Bachelor,Married,2023-01-05 18:27:10.963096309
52.0,51100.0,Male,21900.0,Paris,High School,Divorced,2023-01-05 19:19:36.237623762
61.0,42300.0,Female,27000.0,Berlin,High School,Single,2023-01-05 20:12:01.512151215
57.0,18400.0,Male,11800.0,Madrid,High School,Single,2023-01-05 21:04:26.786678667
39.0,80600.0,Male,61500.0,Rome,High School,Single,2023-01-05 21:56:52.061206120
44.0,,Female,30700.0,London,Master,,2023-01-05 22:49:17.335733573
52.0,56000.0,Female,23900.0,Berlin,Bachelor,Married,2023-01-05 23:41:42.610261026
18.0,49100.0,Male,23800.0,Paris,High School,Single,2023-01-06 00:34:07.884788478
52.0,39000.0,Male,15700.0,Paris,Bachelor,Single,
54.0,47200.0,Male,33500.0,Paris,Bachelor,Married,2023-01-06 02:18:58.433843384
64.0,26000.0,Male,18900.0,Rome,Master,Married,2023-01-06 03:11:23.708370837
31.0,84200.0,Female,67300.0,Paris,Master,Married,2023-01-06 04:03:48.982898289
20.0,31500.0,Male,17800.0,Paris,High School,Single,2023-01-06 04:56:14.257425742
18.0,34500.0,Male,14100.0,Madrid,Master,Single,2023-01-06 05:48:39.531953195
22.0,43400.0,Male,21400.0,Paris,High School,Single,2023-01-06 06:41:04.806480648
43.0,69300.0,Male,44000.0,Paris,High School,Married,2023-01-06 07:33:30.081008100
31.0,50200.0,Male,39400.0,Berlin,High School,Married,2023-01-06 08:25:55.355535553
56.0,,Female,13900.0,Berlin,High School,Married,2023-01-06 09:18:20.630063006
44.0,68800.0,Male,30900.0,London,Master,Single,2023-01-06 10:10:45.904590459
26.0,61000.0,Female,41500.0,Madrid,Bachelor,Married,2023-01-06 11:03:11.179117911
32.0,58100.0,Male,38700.0,Paris,Bachelor,Married,2023-01-06 11:55:36.453645364
32.0,60700.0,Male,30400.0,Madrid,Master,Married,2023-01-06 12:48:01.728172817
43.0,85900.0,Male,,Berlin,High School,Divorced,2023-01-06 13:40:27.002700270
59.0,82800.0,Male,37400.0,Paris,High School,Single,2023-01-06 14:32:52.277227722
30.0,,Female,30600.0,Berlin,Bachelor,Single,2023-01-06 15:25:17.551755175
,74400.0,,35700.0,Paris,Master,Single,2023-01-06 16:17:42.826282628
49.0,55700.0,Male,24100.0,Paris,PhD,Married,2023-01-06 17:10:08.100810081
56.0,57500.0,Male,30800.0,Madrid,High School,Single,2023-01-06 18:02:33.375337533
66.0,24600.0,Male,11700.0,Paris,Master,Single,2023-01-06 18:54:58.649864986
69.0,47400.0,Female,29000.0,Paris,Master,Married,2023-01-06 19:47:23.924392439
49.0,37800.0,Male,25500.0,Paris,High School,Married,2023-01-06 20:39:49.198919891
,62400.0,,37200.0,Paris,Bachelor,Single,2023-01-06 21:32:14.473447344
47.0,66100.0,Male,43900.0,Madrid,High School,Widowed,2023-01-06 22:24:39.747974797
54.0,18900.0,Male,10300.0,Madrid,High School,,2023-01-06 23:17:05.022502250
40.0,49700.0,Male,20400.0,London,Master,Single,2023-01-07 00:09:30.297029702
56.0,66800.0,Female,52700.0,London,Bachelor,Widowed,2023-01-07 01:01:55.571557155
62.0,47200.0,Female,34400.0,London,Bachelor,Single,2023-01-07 01:54:20.846084608
32.0,60900.0,Male,26100.0,Paris,Master,Married,2023-01-07 02:46:46.120612061
60.0,55300.0,Male,32100.0,Paris,High School,Married,2023-01-07 03:39:11.395139513
46.0,55100.0,Male,36000.0,Paris,High School,Single,2023-01-07 04:31:36.669666966
53.0,45900.0,Male,21900.0,London,High School,Married,2023-01-07 05:24:01.944194419
30.0,31800.0,Male,20100.0,London,Bachelor,Divorced,2023-01-07 06:16:27.218721872
49.0,33200.0,Male,20400.0,Madrid,Master,Single,2023-01-07 07:08:52.493249324
24.0,60600.0,Male,29300.0,Berlin,Bachelor,Single,2023-01-07 08:01:17.767776777
68.0,50300.0,Male,23000.0,Berlin,PhD,Single,2023-01-07 08:53:43.042304230
39.0,47900.0,Male,33700.0,Paris,Bachelor,Single,2023-01-07 09:46:08.316831683
45.0,43600.0,Female,23100.0,Madrid,Bachelor,Single,2023-01-07 10:38:33.591359135
19.0,45400.0,Male,22600.0,Madrid,Bachelor,Single,2023-01-07 11:30:58.865886588
59.0,,Female,45700.0,Madrid,Master,Divorced,2023-01-07 12:23:24.140414041
,45000.0,,31200.0,Paris,High School,Married,2023-01-07 13:15:49.414941494
23.0,29900.0,Male,15300.0,London,High School,Single,
45.0,61200.0,Male,45800.0,London,High School,Divorced,2023-01-07 15:00:39.963996399
45.0,46900.0,Male,31700.0,Paris,Master,Married,2023-01-07 15:53:05.238523852
61.0,50500.0,Male,27200.0,Rome,Master,Single,2023-01-07 16:45:30.513051305
61.0,74100.0,Male,42300.0,Paris,High School,Married,2023-01-07 17:37:55.787578757
37.0,,Female,34300.0,Paris,Master,Married,2023-01-07 18:30:21.062106210
47.0,54300.0,Male,26300.0,London,Bachelor,Married,
28.0,32300.0,Female,19000.0,Paris,High School,Single,2023-01-07 20:15:11.611161116
45.0,46700.0,Male,30900.0,Madrid,Master,,2023-01-07 21:07:36.885688568
42.0,59100.0,Male,36400.0,London,Bachelor,Single,2023-01-07 22:00:02.160216021
56.0,26700.0,Male,17200.0,London,High School,Single,2023-01-07 22:52:27.434743474
50.0,53000.0,Female,32800.0,London,High School,Single,2023-01-07 23:44:52.709270927
18.0,51500.0,Male,24700.0,Paris,High School,Single,2023-01-08 00:37:17.983798379
44.0,50600.0,Female,28500.0,Berlin,Bachelor,Single,2023-01-08 01:29:43.258325832
69.0,65600.0,Male,40200.0,Berlin,High School,Divorced,
30.0,55000.0,Female,39200.0,London,Bachelor,Married,2023-01-08 03:14:33.807380738
58.0,72200.0,Male,47800.0,Rome,Bachelor,Single,2023-01-08 04:06:59.081908190
20.0,35100.0,Male,20000.0,London,High School,Widowed,2023-01-08 04:59:24.356435643
56.0,52000.0,Male,41100.0,London,Bachelor,Divorced,2023-01-08 05:51:49.630963096
23.0,51300.0,Male,22700.0,Madrid,PhD,Single,2023-01-08 06:44:14.905490549
25.0,34000.0,Male,16400.0,London,High School,Married,2023-01-08 07:36:40.180018001
44.0,64300.0,Male,34500.0,London,Bachelor,Married,2023-01-08 08:29:05.454545454
26.0,84900.0,Male,41700.0,Paris,Master,,2023-01-08 09:21:30.729072907
54.0,49700.0,Male,32300.0,Berlin,High School,,2023-01-08 10:13:56.003600360
50.0,57600.0,Male,24000.0,Rome,High School,Single,2023-01-08 11:06:21.278127812
68.0,51300.0,Male,24200.0,London,Bachelor,Single,2023-01-08 11:58:46.552655265
59.0,39300.0,Male,20300.0,Paris,Bachelor,Widowed,2023-01-08 12:51:11.827182718
61.0,22700.0,Female,15300.0,London,High School,Married,2023-01-08 13:43:37.101710171
,39400.0,,29600.0,Berlin,High School,Single,2023-01-08 14:36:02.376237623
32.0,29100.0,Male,20900.0,Paris,Bachelor,Married,2023-01-08 15:28:27.650765076
49.0,75600.0,Female,35700.0,Madrid,High School,Single,2023-01-08 16:20:52.925292529
49.0,48300.0,Male,30200.0,Madrid,Bachelor,Single,2023-01-08 17:13:18.199819982
41.0,44800.0,Male,18500.0,London,Bachelor,,2023-01-08 18:05:43.474347434
58.0,63300.0,Male,33200.0,Paris,High School,Single,2023-01-08 18:58:08.748874887
69.0,,Female,24000.0,London,High School,Single,2023-01-08 19:50:34.023402340
66.0,38500.0,Male,22400.0,Paris,Bachelor,Married,2023-01-08 20:42:59.297929793
66.0,51000.0,Female,23500.0,London,Bachelor,,2023-01-08 21:35:24.572457245
69.0,,Female,37600.0,Paris,Master,Married,2023-01-08 22:27:49.846984698
29.0,57500.0,Male,27600.0,London,High School,Single,2023-01-08 23:20:15.121512151
56.0,53700.0,Male,29900.0,Paris,Bachelor,Married,2023-01-09 00:12:40.396039603
19.0,51200.0,Male,30500.0,Berlin,High School,Divorced,2023-01-09 01:05:05.670567056
20.0,56000.0,Male,30200.0,Berlin,Master,Single,2023-01-09 01:57:30.945094509
,53000.0,,41100.0,Rome,High School,Married,2023-01-09 02:49:56.219621962
54.0,34600.0,Male,21600.0,Paris,Bachelor,Married,2023-01-09 03:42:21.494149414
66.0,50700.0,Male,37400.0,Paris,High School,Single,2023-01-09 04:34:46.768676867
34.0,33900.0,Male,23900.0,London,High School,Single,2023-01-09 05:27:12.043204320
66.0,51200.0,Male,34000.0,Paris,High School,Married,2023-01-09 06:19:37.317731773
19.0,42800.0,Male,25600.0,Paris,High School,Single,2023-01-09 07:12:02.592259225
19.0,88100.0,Male,35300.0,London,High School,Single,2023-01-09 08:04:27.866786678
45.0,49400.0,Male,31900.0,London,High School,Married,2023-01-09 08:56:53.141314131
40.0,28900.0,Male,15700.0,Paris,High School,Divorced,2023-01-09 09:49:18.415841584
54.0,48000.0,Female,21500.0,London,High School,Single,2023-01-09 10:41:43.690369036
49.0,57800.0,Male,33400.0,London,Bachelor,Married,2023-01-09 11:34:08.964896489
50.0,75100.0,Male,52100.0,Paris,Bachelor,Widowed,2023-01-09 12:26:34.239423942
18.0,41200.0,Female,32300.0,Madrid,High School,Single,2023-01-09 13:18:59.513951395
36.0,26300.0,Male,14500.0,Paris,High School,Married,2023-01-09 14:11:24.788478847
19.0,62300.0,Female,38400.0,Paris,High School,Single,2023-01-09 15:03:50.063006300
61.0,29300.0,Male,21700.0,Paris,High School,Married,
43.0,,Female,23200.0,Paris,High School,Single,2023-01-09 16:48:40.612061206
49.0,46100.0,Female,21100.0,Madrid,High School,Single,2023-01-09 17:41:05.886588658
23.0,49000.0,Male,25100.0,Paris,Master,Married,2023-01-09 18:33:31.161116111
49.0,60300.0,Male,45800.0,Berlin,Master,Married,2023-01-09 19:25:56.435643564
21.0,39700.0,Female,18400.0,London,High School,Single,2023-01-09 20:18:21.710171017
28.0,45900.0,Female,24400.0,London,Bachelor,Married,2023-01-09 21:10:46.984698469
34.0,49800.0,Female,29200.0,Madrid,High School,Widowed,2023-01-09 22:03:12.259225922
,52200.0,,38600.0,Berlin,High School,Divorced,2023-01-09 22:55:37.533753375
41.0,51500.0,Female,39900.0,Paris,Master,Married,2023-01-09 23:48:02.808280828
22.0,56500.0,Male,32200.0,Berlin,High School,Divorced,2023-01-10 00:40:28.082808280
69.0,62700.0,Male,48500.0,London,Bachelor,Divorced,2023-01-10 01:32:53.357335733
51.0,55900.0,Male,26000.0,Paris,Bachelor,Married,2023-01-10 02:25:18.631863186
23.0,56800.0,Male,26300.0,London,Bachelor,Divorced,2023-01-10 03:17:43.906390639
39.0,26300.0,Male,20500.0,Rome,High School,Married,
28.0,50800.0,Male,30700.0,Paris,Bachelor,Married,2023-01-10 05:02:34.455445544
65.0,57200.0,Male,27100.0,Berlin,High School,Married,2023-01-10 05:54:59.729972997
33.0,60900.0,Male,36200.0,Paris,High School,Single,2023-01-10 06:47:25.004500450
50.0,39600.0,Female,28200.0,Paris,Master,Single,2023-01-10 07:39:50.279027902
26.0,40100.0,Male,29300.0,Madrid,Bachelor,Married,2023-01-10 08:32:15.553555355
23.0,41400.0,Male,30900.0,London,Master,Married,2023-01-10 09:24:40.828082808
33.0,58000.0,Male,36400.0,Paris,High School,Married,2023-01-10 10:17:06.102610261
46.0,65500.0,Male,48900.0,London,High School,Divorced,2023-01-10 11:09:31.377137713
20.0,43900.0,Male,26500.0,Berlin,Bachelor,Single,2023-01-10 12:01:56.651665166
37.0,63600.0,Male,40900.0,London,High School,Single,2023-01-10 12:54:21.926192619
53.0,51900.0,Male,36500.0,Paris,Bachelor,Married,2023-01-10 13:46:47.200720072
36.0,48100.0,Female,27400.0,London,Master,Single,2023-01-10 14:39:12.475247524
43.0,46800.0,Male,20100.0,Madrid,Master,Married,2023-01-10 15:31:37.749774977
20.0,61200.0,Male,33100.0,London,Bachelor,Married,2023-01-10 16:24:03.024302430
36.0,54900.0,Male,35700.0,Berlin,High School,Married,2023-01-10 17:16:28.298829883
37.0,84100.0,Male,40100.0,Berlin,Master,,2023-01-10 18:08:53.573357335
49.0,37200.0,Male,17100.0,Paris,Bachelor,Single,2023-01-10 19:01:18.847884788
24.0,57800.0,Male,29900.0,London,Master,Single,2023-01-10 19:53:44.122412241
69.0,42100.0,Male,17400.0,Paris,Bachelor,,2023-01-10 20:46:09.396939693
58.0,37000.0,Male,25800.0,Paris,Master,Single,
50.0,49800.0,Male,25100.0,Paris,High School,Married,2023-01-10 22:30:59.945994599
57.0,52100.0,Male,23400.0,Berlin,Bachelor,Single,2023-01-10 23:23:25.220522052
56.0,93800.0,Female,63800.0,Paris,High School,Married,2023-01-11 00:15:50.495049504
35.0,47200.0,Male,34800.0,Paris,Bachelor,Widowed,2023-01-11 01:08:15.769576957
57.0,33000.0,Male,13500.0,Paris,Bachelor,Single,2023-01-11 02:00:41.044104410
18.0,54100.0,Male,26700.0,Paris,High School,Married,2023-01-11 02:53:06.318631863
28.0,18900.0,Female,14700.0,London,Bachelor,Single,2023-01-11 03:45:31.593159315
45.0,48600.0,Female,26900.0,Berlin,High School,Married,2023-01-11 04:37:56.867686768
42.0,50200.0,Male,38900.0,Paris,High School,Single,2023-01-11 05:30:22.142214221
67.0,61900.0,Female,31500.0,Paris,High School,Married,2023-01-11 06:22:47.416741674
40.0,64600.0,Male,31500.0,Berlin,High School,Single,2023-01-11 07:15:12.691269126
48.0,42400.0,Female,20600.0,London,High School,Divorced,2023-01-11 08:07:37.965796579
47.0,47700.0,Male,20700.0,Berlin,High School,Single,2023-01-11 09:00:03.240324032
59.0,38500.0,Male,29200.0,Paris,High School,Divorced,2023-01-11 09:52:28.514851485
52.0,33100.0,Male,26200.0,Berlin,High School,Single,2023-01-11 10:44:53.789378937
,54600.0,,42700.0,London,High School,Single,2023-01-11 11:37:19.063906390
33.0,30900.0,Male,22900.0,London,Bachelor,Married,2023-01-11 12:29:44.338433843
43.0,43800.0,Male,32400.0,Paris,Bachelor,Divorced,2023-01-11 13:22:09.612961296
65.0,35100.0,Male,23300.0,Paris,PhD,Married,2023-01-11 14:14:34.887488748
69.0,58200.0,Male,42500.0,Berlin,High School,Single,2023-01-11 15:07:00.162016201
66.0,77000.0,Male,37200.0,Paris,Master,Divorced,2023-01-11 15:59:25.436543654
19.0,30500.0,Female,16900.0,Paris,High School,Married,2023-01-11 16:51:50.711071107
18.0,22200.0,Female,14600.0,London,High School,Single,2023-01-11 17:44:15.985598559
65.0,,Female,36100.0,London,High School,Married,2023-01-11 18:36:41.260126012
29.0,50200.0,Female,33300.0,London,High School,Married,2023-01-11 19:29:06.534653465
22.0,53300.0,Male,39200.0,London,High School,Married,2023-01-11 20:21:31.809180918
54.0,43300.0,Male,25500.0,London,Bachelor,Married,2023-01-11 21:13:57.083708370
49.0,47000.0,Male,32300.0,London,Master,Divorced,2023-01-11 22:06:22.358235823
26.0,55500.0,Male,44000.0,Madrid,PhD,Married,2023-01-11 22:58:47.632763276
58.0,65600.0,Male,30300.0,London,Bachelor,Married,2023-01-11 23:51:12.907290729
52.0,20700.0,Female,16000.0,London,Bachelor,Single,2023-01-12 00:43:38.181818181
36.0,44500.0,Male,27100.0,Paris,High School,Married,2023-01-12 01:36:03.456345634
65.0,53200.0,Female,35000.0,Madrid,Master,Widowed,2023-01-12 02:28:28.730873087
33.0,36200.0,Male,27200.0,Paris,Bachelor,Single,2023-01-12 03:20:54.005400540
20.0,76000.0,Female,42900.0,London,High School,Married,2023-01-12 04:13:19.279927992
37.0,40500.0,Male,23000.0,Paris,Bachelor,Married,2023-01-12 05:05:44.554455445
41.0,49400.0,Male,30200.0,London,High School,Married,2023-01-12 05:58:09.828982898
50.0,58300.0,Female,23800.0,Paris,Bachelor,Divorced,2023-01-12 06:50:35.103510351
41.0,41100.0,Male,24600.0,Berlin,Master,Single,2023-01-12 07:43:00.378037803
69.0,22300.0,Male,11500.0,Paris,Bachelor,Married,2023-01-12 08:35:25.652565256
28.0,43600.0,Male,33600.0,London,Master,Single,2023-01-12 09:27:50.927092709
66.0,65400.0,Male,28500.0,Berlin,Master,Divorced,2023-01-12 10:20:16.201620162
25.0,44900.0,Male,26200.0,Paris,High School,Single,2023-01-12 11:12:41.476147614
53.0,37300.0,Male,29100.0,Paris,High School,Widowed,2023-01-12 12:05:06.750675067
55.0,63900.0,Male,48600.0,London,High School,,2023-01-12 12:57:32.025202520
57.0,45000.0,Male,30600.0,Rome,Master,Single,2023-01-12 13:49:57.299729973
37.0,42300.0,Male,26900.0,Paris,High School,Single,2023-01-12 14:42:22.574257425
52.0,52200.0,Female,26700.0,Paris,Bachelor,Married,2023-01-12 15:34:47.848784878
65.0,61600.0,Female,33700.0,London,High School,Single,2023-01-12 16:27:13.123312331
42.0,85700.0,Male,37400.0,Paris,Bachelor,Single,2023-01-12 17:19:38.397839783
52.0,62400.0,Male,44600.0,London,High School,Married,2023-01-12 18:12:03.672367236
42.0,67400.0,Male,35700.0,Berlin,High School,Widowed,2023-01-12 19:04:28.946894689
,42400.0,,28300.0,Paris,High School,Widowed,2023-01-12 19:56:54.221422142
35.0,,Female,18800.0,Berlin,Bachelor,Single,2023-01-12 20:49:19.495949594
63.0,50900.0,Female,29800.0,London,High School,,2023-01-12 21:41:44.770477047
35.0,51600.0,Male,32100.0,Madrid,Master,Married,2023-01-12 22:34:10.045004500
19.0,33800.0,Male,24400.0,Rome,High School,Married,2023-01-12 23:26:35.319531953
52.0,47400.0,Male,23000.0,London,Bachelor,Single,2023-01-13 00:19:00.594059405
33.0,56000.0,Male,31300.0,London,Master,Married,2023-01-13 01:11:25.868586858
58.0,55400.0,Male,25000.0,Berlin,Bachelor,Married,2023-01-13 02:03:51.143114311
53.0,57600.0,Male,24800.0,Paris,High School,Single,2023-01-13 02:56:16.417641764
50.0,54400.0,Female,34900.0,Paris,Master,Single,2023-01-13 03:48:41.692169216
21.0,42400.0,Male,20200.0,Rome,High School,Single,2023-01-13 04:41:06.966696669
50.0,42300.0,Female,17900.0,London,High School,Divorced,2023-01-13 05:33:32.241224122
31.0,32000.0,Male,24300.0,Paris,High School,Divorced,2023-01-13 06:25:57.515751575
38.0,76800.0,Female,47100.0,Berlin,High School,Single,2023-01-13 07:18:22.790279027
65.0,50200.0,Female,22800.0,London,Bachelor,Married,2023-01-13 08:10:48.064806480
37.0,46600.0,Female,19600.0,Paris,Bachelor,Single,2023-01-13 09:03:13.339333933
,36100.0,,16200.0,Paris,High School,Married,2023-01-13 09:55:38.613861386
,94000.0,,55300.0,Paris,High School,Single,2023-01-13 10:48:03.888388838
20.0,33900.0,Male,22600.0,Madrid,High School,Single,2023-01-13 11:40:29.162916291
34.0,43600.0,Male,28600.0,Madrid,High School,Divorced,2023-01-13 12:32:54.437443744
50.0,56200.0,Male,25700.0,Paris,High School,Married,2023-01-13 13:25:19.711971197
65.0,59000.0,Female,38600.0,Berlin,High School,Single,2023-01-13 14:17:44.986498649
29.0,64400.0,Female,36200.0,London,Bachelor,Single,2023-01-13 15:10:10.261026102
68.0,77100.0,Male,45200.0,London,Bachelor,Divorced,2023-01-13 16:02:35.535553555
39.0,57600.0,Male,41500.0,Paris,High School,Single,2023-01-13 16:55:00.810081008
39.0,34200.0,Male,18200.0,London,Master,Married,2023-01-13 17:47:26.084608460
63.0,46100.0,Female,21200.0,Paris,High School,Single,2023-01-13 18:39:51.359135913
47.0,54600.0,Male,40900.0,Paris,Bachelor,Single,2023-01-13 19:32:16.633663366
55.0,81000.0,Male,39300.0,Paris,High School,Married,2023-01-13 20:24:41.908190819
55.0,29000.0,Male,15000.0,Paris,Bachelor,,2023-01-13 21:17:07.182718271
62.0,68000.0,Male,46400.0,Rome,High School,Single,2023-01-13 22:09:32.457245724
68.0,52700.0,Male,35500.0,Rome,Bachelor,Single,2023-01-13 23:01:57.731773177
25.0,62600.0,Male,45100.0,Berlin,High School,Married,2023-01-13 23:54:23.006300630
44.0,48500.0,Female,23000.0,Paris,High School,Married,2023-01-14 00:46:48.280828082
44.0,37400.0,Male,20200.0,London,Bachelor,Married,2023-01-14 01:39:13.555355535
51.0,61300.0,Male,27600.0,London,Bachelor,,2023-01-14 02:31:38.829882988
38.0,,Female,36900.0,Paris,High School,Single,2023-01-14 03:24:04.104410441
47.0,64600.0,Female,33400.0,Paris,High School,Single,2023-01-14 04:16:29.378937893
50.0,49800.0,Female,33600.0,London,High School,Married,2023-01-14 05:08:54.653465346
45.0,41000.0,Male,16400.0,Paris,High School,Single,2023-01-14 06:01:19.927992799
64.0,26600.0,Female,11300.0,Berlin,High School,Married,2023-01-14 06:53:45.202520252
50.0,62300.0,Male,35700.0,London,High School,Married,
22.0,56400.0,Female,44200.0,Paris,Bachelor,Married,2023-01-14 08:38:35.751575157
65.0,35500.0,Male,26900.0,London,Bachelor,Divorced,2023-01-14 09:31:01.026102610
36.0,41900.0,Male,33400.0,Paris,Bachelor,,2023-01-14 10:23:26.300630063
21.0,43000.0,Male,24400.0,Paris,Bachelor,Married,2023-01-14 11:15:51.575157515
52.0,27800.0,Male,11600.0,Paris,Bachelor,Single,2023-01-14 12:08:16.849684968
66.0,37700.0,Female,19700.0,Berlin,High School,Single,2023-01-14 13:00:42.124212421
34.0,33000.0,Male,22100.0,Paris,Master,Married,2023-01-14 13:53:07.398739874
61.0,43800.0,Male,19900.0,London,Bachelor,Married,2023-01-14 14:45:32.673267326
45.0,38900.0,Male,20200.0,Paris,High School,Single,2023-01-14 15:37:57.947794779
47.0,25600.0,Male,10800.0,Paris,Master,Widowed,2023-01-14 16:30:23.222322232
46.0,80300.0,Female,47400.0,Paris,High School,Single,2023-01-14 17:22:48.496849685
63.0,68800.0,Female,33300.0,London,Bachelor,Married,2023-01-14 18:15:13.771377137
23.0,38300.0,Female,16700.0,London,High School,Married,2023-01-14 19:07:39.045904590
52.0,54100.0,Male,30500.0,Berlin,Master,Married,2023-01-14 20:00:04.320432043
58.0,56300.0,Male,30400.0,Paris,Bachelor,Married,2023-01-14 20:52:29.594959496
54.0,67900.0,Male,41800.0,Paris,Bachelor,Single,2023-01-14 21:44:54.869486948
41.0,37700.0,Male,26400.0,London,Bachelor,Widowed,2023-01-14 22:37:20.144014401
46.0,66400.0,Male,29500.0,Paris,Bachelor,Widowed,2023-01-14 23:29:45.418541854
66.0,,Female,29900.0,Paris,High School,Married,2023-01-15 00:22:10.693069306
63.0,30000.0,Male,12300.0,Paris,Master,Single,2023-01-15 01:14:35.967596759
48.0,60900.0,Male,35200.0,Berlin,High School,Single,2023-01-15 02:07:01.242124212
52.0,69400.0,Male,44100.0,London,Master,Single,2023-01-15 02:59:26.516651665
50.0,88800.0,Male,69500.0,Paris,Bachelor,Married,2023-01-15 03:51:51.791179117
69.0,,Female,20100.0,London,High School,Single,
38.0,60500.0,Male,28000.0,Berlin,High School,Single,2023-01-15 05:36:42.340234023
49.0,43900.0,Male,26600.0,Paris,High School,Married,2023-01-15 06:29:07.614761476
40.0,61800.0,Male,34500.0,Paris,Master,Divorced,2023-01-15 07:21:32.889288928
50.0,27900.0,Female,16500.0,London,High School,Single,2023-01-15 08:13:58.163816381
20.0,31100.0,Female,14900.0,London,High School,Married,2023-01-15 09:06:23.438343834
35.0,38400.0,Male,23100.0,Paris,High School,Married,2023-01-15 09:58:48.712871287
42.0,51200.0,Male,23600.0,London,High School,Widowed,2023-01-15 10:51:13.987398739
59.0,40400.0,Male,28200.0,London,High School,Married,2023-01-15 11:43:39.261926192
48.0,59900.0,Male,38200.0,Berlin,High School,Married,2023-01-15 12:36:04.536453645
20.0,65400.0,Female,28200.0,Paris,Master,,2023-01-15 13:28:29.810981098
57.0,59000.0,Female,44600.0,Paris,Bachelor,Widowed,2023-01-15 14:20:55.085508550
63.0,74300.0,Female,48000.0,London,Master,Divorced,2023-01-15 15:13:20.360036003
,56200.0,,29600.0,London,Bachelor,Single,2023-01-15 16:05:45.634563456
67.0,31700.0,Female,13300.0,Paris,High School,Married,2023-01-15 16:58:10.909090909
49.0,70500.0,Male,46000.0,Berlin,Master,Married,2023-01-15 17:50:36.183618361
64.0,40900.0,Female,22500.0,London,High School,Married,2023-01-15 18:43:01.458145814
39.0,63700.0,Male,48600.0,Berlin,High School,Single,2023-01-15 19:35:26.732673267
40.0,73600.0,Male,30500.0,Paris,High School,,2023-01-15 20:27:52.007200720
19.0,56900.0,Male,23600.0,Berlin,Bachelor,Married,2023-01-15 21:20:17.281728172
44.0,27600.0,Male,21500.0,London,High School,Single,2023-01-15 22:12:42.556255625
59.0,36200.0,Male,28500.0,Paris,Bachelor,Single,2023-01-15 23:05:07.830783078
19.0,69800.0,Female,28700.0,Paris,Master,Married,
43.0,47500.0,Male,32600.0,Paris,Bachelor,Single,2023-01-16 00:49:58.379837983
34.0,51200.0,Male,25000.0,London,High School,Married,2023-01-16 01:42:23.654365436
57.0,61400.0,Male,41800.0,Paris,Bachelor,Divorced,2023-01-16 02:34:48.928892889
50.0,60400.0,Male,45100.0,Rome,Master,Married,2023-01-16 03:27:14.203420342
26.0,54200.0,Female,23900.0,Madrid,High School,,2023-01-16 04:19:39.477947794
60.0,46900.0,Male,23200.0,Berlin,High School,Single,2023-01-16 05:12:04.752475247
65.0,45300.0,Male,18600.0,London,High School,Married,2023-01-16 06:04:30.027002700
56.0,62900.0,Female,26300.0,Berlin,High School,Widowed,2023-01-16 06:56:55.301530153
46.0,58300.0,Female,24000.0,Paris,Bachelor,Married,2023-01-16 07:49:20.576057605
59.0,46100.0,Male,33200.0,London,Bachelor,Married,2023-01-16 08:41:45.850585058
43.0,66200.0,Female,34400.0,Paris,High School,,2023-01-16 09:34:11.125112511
52.0,48100.0,Male,28700.0,Paris,Bachelor,Single,2023-01-16 10:26:36.399639964
67.0,37200.0,Female,26600.0,Paris,Bachelor,Married,2023-01-16 11:19:01.674167416
42.0,38600.0,Male,23100.0,London,Bachelor,Single,2023-01-16 12:11:26.948694869
41.0,35300.0,Female,20200.0,Paris,High School,Divorced,2023-01-16 13:03:52.223222322
30.0,45900.0,Male,18600.0,Berlin,High School,Single,2023-01-16 13:56:17.497749775
24.0,68500.0,Male,43000.0,Madrid,High School,Single,2023-01-16 14:48:42.772277227
53.0,37900.0,Male,17100.0,Paris,Master,Single,2023-01-16 15:41:08.046804680
62.0,52800.0,Male,37300.0,London,Bachelor,Single,2023-01-16 16:33:33.321332133
37.0,40100.0,Female,20200.0,Berlin,High School,Married,2023-01-16 17:25:58.595859586
18.0,46100.0,Male,30900.0,Paris,High School,Single,2023-01-16 18:18:23.870387038
25.0,27300.0,Male,18000.0,Madrid,Bachelor,Married,2023-01-16 19:10:49.144914491
63.0,46700.0,Male,30200.0,Madrid,High School,Married,2023-01-16 20:03:14.419441944
33.0,47100.0,Male,23900.0,Paris,High School,,
31.0,58100.0,Female,29400.0,Paris,High School,Single,2023-01-16 21:48:04.968496849
29.0,53300.0,Male,39700.0,Rome,High School,Divorced,
68.0,32000.0,Male,13000.0,Rome,High School,Single,2023-01-16 23:32:55.517551755
40.0,66300.0,Female,31300.0,London,High School,,2023-01-17 00:25:20.792079207
32.0,53200.0,Female,34300.0,Paris,Bachelor,Single,2023-01-17 01:17:46.066606660
45.0,53000.0,Male,38500.0,London,PhD,Married,2023-01-17 02:10:11.341134113
,49900.0,,27100.0,Paris,High School,Married,2023-01-17 03:02:36.615661566
19.0,42200.0,Female,27900.0,Madrid,High School,Single,2023-01-17 03:55:01.890189018
49.0,53300.0,Female,33200.0,Berlin,High School,Widowed,2023-01-17 04:47:27.164716471
40.0,57100.0,Female,24300.0,London,High School,Single,2023-01-17 05:39:52.439243924
39.0,23800.0,Female,15400.0,Paris,Bachelor,Single,2023-01-17 06:32:17.713771377
68.0,41900.0,Female,30400.0,Berlin,High School,Single,2023-01-17 07:24:42.988298829
42.0,46200.0,Female,36800.0,Paris,High School,Divorced,2023-01-17 08:17:08.262826282
39.0,,Female,22200.0,Paris,Bachelor,Single,2023-01-17 09:09:33.537353735
39.0,67900.0,Male,45100.0,London,Bachelor,Married,2023-01-17 10:01:58.811881188
66.0,38400.0,Male,21700.0,London,High School,Married,2023-01-17 10:54:24.086408640
69.0,42500.0,Male,17200.0,Berlin,High School,Single,2023-01-17 11:46:49.360936093
59.0,42300.0,Male,27300.0,Madrid,Bachelor,Married,2023-01-17 12:39:14.635463546
23.0,38000.0,Female,17100.0,Paris,High School,,2023-01-17 13:31:39.909990999
32.0,44800.0,Female,24700.0,London,High School,Married,2023-01-17 14:24:05.184518451
60.0,61600.0,Female,31100.0,London,Bachelor,Single,2023-01-17 15:16:30.459045904
,34200.0,,18600.0,Paris,High School,Divorced,2023-01-17 16:08:55.733573357
50.0,56400.0,Male,33700.0,Berlin,Master,Single,2023-01-17 17:01:21.008100810
25.0,24500.0,Female,13300.0,London,Bachelor,Married,2023-01-17 17:53:46.282628262
61.0,41600.0,Male,25800.0,Madrid,High School,Divorced,2023-01-17 18:46:11.557155715
61.0,45100.0,Male,22300.0,London,Bachelor,Single,2023-01-17 19:38:36.831683168
22.0,75100.0,Male,49100.0,Paris,Bachelor,Single,2023-01-17 20:31:02.106210621
56.0,45900.0,Female,34000.0,Paris,High School,Single,2023-01-17 21:23:27.380738073
21.0,17000.0,Male,8300.0,Paris,High School,Married,2023-01-17 22:15:52.655265526
23.0,20000.0,Female,12100.0,Paris,Bachelor,Married,2023-01-17 23:08:17.929792979
62.0,50500.0,Male,33300.0,London,Bachelor,Married,2023-01-18 00:00:43.204320432
49.0,59200.0,Male,37100.0,Paris,High School,Single,2023-01-18 00:53:08.478847884
69.0,55600.0,Male,30400.0,Rome,High School,Widowed,2023-01-18 01:45:33.753375337
47.0,52500.0,Male,34500.0,Paris,Master,Single,2023-01-18 02:37:59.027902790
64.0,67400.0,Female,27700.0,London,Bachelor,Married,2023-01-18 03:30:24.302430243
52.0,41900.0,Male,23000.0,Paris,Bachelor,Single,2023-01-18 04:22:49.576957695
57.0,63400.0,Female,38900.0,London,Bachelor,Single,2023-01-18 05:15:14.851485148
69.0,25500.0,Female,10400.0,Paris,High School,Single,2023-01-18 06:07:40.126012601
33.0,36400.0,Female,22000.0,Paris,PhD,Single,2023-01-18 07:00:05.400540054
30.0,22900.0,Male,15200.0,London,High School,Single,2023-01-18 07:52:30.675067506
67.0,45900.0,Female,32300.0,London,Bachelor,Single,2023-01-18 08:44:55.949594959
59.0,49300.0,Male,22000.0,London,High School,Single,2023-01-18 09:37:21.224122412
47.0,51700.0,Male,41200.0,London,Master,Married,2023-01-18 10:29:46.498649865
36.0,50900.0,Male,32700.0,Berlin,Bachelor,Single,2023-01-18 11:22:11.773177317
34.0,,Female,19700.0,Madrid,Bachelor,Single,2023-01-18 12:14:37.047704770
36.0,47100.0,Male,23500.0,Berlin,Master,Widowed,2023-01-18 13:07:02.322232223
45.0,27500.0,Male,17300.0,Paris,Master,Single,2023-01-18 13:59:27.596759676
43.0,70400.0,Male,,Rome,High School,Single,2023-01-18 14:51:52.871287128
54.0,45400.0,Male,27600.0,Madrid,High School,Single,2023-01-18 15:44:18.145814581
43.0,42700.0,Male,28400.0,Berlin,Bachelor,Married,2023-01-18 16:36:43.420342034
40.0,73800.0,Female,40100.0,London,Master,Single,2023-01-18 17:29:08.694869486
26.0,31400.0,Male,17400.0,Paris,High School,Single,2023-01-18 18:21:33.969396939
29.0,33100.0,Female,17000.0,Berlin,High School,Married,2023-01-18 19:13:59.243924392
18.0,33600.0,Male,22900.0,Madrid,Bachelor,Single,2023-01-18 20:06:24.518451845
18.0,49000.0,Female,26600.0,London,High School,Single,
64.0,56500.0,Male,26900.0,London,Bachelor,Single,2023-01-18 21:51:15.067506750
51.0,61100.0,Male,33500.0,Paris,High School,Single,2023-01-18 22:43:40.342034203
49.0,88600.0,Male,65700.0,Paris,Bachelor,Single,2023-01-18 23:36:05.616561656
65.0,16300.0,Male,11300.0,Berlin,Master,Single,2023-01-19 00:28:30.891089108
42.0,,Female,31600.0,Paris,High School,Married,2023-01-19 01:20:56.165616561
57.0,41600.0,Male,31700.0,London,High School,Single,2023-01-19 02:13:21.440144014
62.0,41200.0,Female,17700.0,Berlin,Bachelor,Single,2023-01-19 03:05:46.714671467
18.0,40700.0,Female,17100.0,Paris,High School,Single,2023-01-19 03:58:11.989198919
33.0,36400.0,Male,16400.0,Paris,Bachelor,Single,2023-01-19 04:50:37.263726372
56.0,75300.0,Male,33600.0,Berlin,High School,Single,2023-01-19 05:43:02.538253825
22.0,62600.0,Male,27200.0,Paris,Bachelor,Divorced,2023-01-19 06:35:27.812781278
39.0,50300.0,Male,33400.0,Paris,Master,Single,2023-01-19 07:27:53.087308730
46.0,70300.0,Male,45000.0,Berlin,High School,Married,2023-01-19 08:20:18.361836183
20.0,27300.0,Female,18000.0,Berlin,PhD,Divorced,2023-01-19 09:12:43.636363636
29.0,30000.0,Male,20300.0,Madrid,High School,Single,2023-01-19 10:05:08.910891089
43.0,17300.0,Male,12200.0,London,Bachelor,Married,2023-01-19 10:57:34.185418541
33.0,39500.0,Male,19100.0,London,High School,Married,2023-01-19 11:49:59.459945994
68.0,52400.0,Male,34000.0,Berlin,High School,Single,2023-01-19 12:42:24.734473447
54.0,,Female,32500.0,London,Bachelor,Single,2023-01-19 13:34:50.009000900
39.0,52200.0,Female,40600.0,London,High School,Single,2023-01-19 14:27:15.283528352
46.0,28800.0,Female,14200.0,London,High School,Single,2023-01-19 15:19:40.558055805
31.0,,Female,26300.0,Paris,High School,Married,2023-01-19 16:12:05.832583258
45.0,53600.0,Male,35500.0,London,Bachelor,Married,2023-01-19 17:04:31.107110711
,61000.0,,42500.0,Paris,High School,Married,2023-01-19 17:56:56.381638163
64.0,21600.0,Male,11100.0,Paris,High School,Single,2023-01-19 18:49:21.656165616
66.0,54700.0,Female,34400.0,Rome,Bachelor,Married,2023-01-19 19:41:46.930693069
47.0,32200.0,Female,13600.0,Paris,High School,Single,2023-01-19 20:34:12.205220522
63.0,44000.0,Male,34500.0,Paris,High School,Single,2023-01-19 21:26:37.479747974
69.0,58000.0,Male,25800.0,Paris,Bachelor,Married,2023-01-19 22:19:02.754275427
22.0,51400.0,Male,21900.0,London,Bachelor,,2023-01-19 23:11:28.028802880
29.0,37200.0,Female,15500.0,Madrid,Bachelor,Single,2023-01-20 00:03:53.303330333
33.0,50100.0,Male,28600.0,Berlin,Bachelor,Married,2023-01-20 00:56:18.577857785
43.0,27000.0,Female,11800.0,Berlin,High School,Single,2023-01-20 01:48:43.852385238
43.0,67300.0,Male,47000.0,Madrid,Bachelor,Single,2023-01-20 02:41:09.126912691
,46900.0,,35600.0,Madrid,High School,Single,2023-01-20 03:33:34.401440144
38.0,66800.0,Female,33700.0,Paris,High School,Single,2023-01-20 04:25:59.675967596
56.0,42100.0,Male,27400.0,London,High School,Single,2023-01-20 05:18:24.950495049
53.0,,Female,17600.0,Paris,Master,Married,2023-01-20 06:10:50.225022502
,38500.0,,21400.0,Paris,Bachelor,Single,2023-01-20 07:03:15.499549955
47.0,63100.0,Male,32600.0,London,PhD,Married,2023-01-20 07:55:40.774077407
54.0,,Female,19400.0,London,Master,Married,2023-01-20 08:48:06.048604860
40.0,59700.0,Male,39300.0,London,PhD,Single,2023-01-20 09:40:31.323132313
27.0,44300.0,Male,20000.0,Paris,High School,Married,2023-01-20 10:32:56.597659766
22.0,20400.0,Female,15200.0,Paris,Bachelor,Married,2023-01-20 11:25:21.872187218
53.0,41400.0,Male,27600.0,Paris,High School,Single,2023-01-20 12:17:47.146714671
51.0,32300.0,Male,22100.0,Berlin,Bachelor,Single,2023-01-20 13:10:12.421242124
69.0,50500.0,Female,39100.0,London,High School,Married,2023-01-20 14:02:37.695769576
48.0,32100.0,Male,24900.0,Rome,High School,Widowed,2023-01-20 14:55:02.970297029
27.0,63900.0,Female,39700.0,Berlin,Bachelor,Single,2023-01-20 15:47:28.244824482
36.0,48600.0,Female,29100.0,London,PhD,Divorced,2023-01-20 16:39:53.519351935
49.0,47300.0,Male,25300.0,Paris,Bachelor,Married,2023-01-20 17:32:18.793879387
18.0,59800.0,Male,41000.0,London,High School,Single,2023-01-20 18:24:44.068406840
22.0,64500.0,Male,39700.0,Berlin,Master,Divorced,2023-01-20 19:17:09.342934293
62.0,49700.0,Male,38400.0,London,High School,Divorced,2023-01-20 20:09:34.617461746
21.0,,Female,19000.0,Paris,Master,Single,2023-01-20 21:01:59.891989198
,23400.0,,12300.0,London,Master,Single,2023-01-20 21:54:25.166516651
41.0,39700.0,Male,20900.0,Paris,Bachelor,Divorced,2023-01-20 22:46:50.441044104
33.0,40700.0,Male,29400.0,Madrid,Bachelor,Single,2023-01-20 23:39:15.715571557
19.0,,Female,22700.0,London,Bachelor,Single,2023-01-21 00:31:40.990099009
66.0,44800.0,Male,26100.0,Paris,Bachelor,Widowed,2023-01-21 01:24:06.264626462
45.0,60300.0,Female,34400.0,Paris,High School,Single,2023-01-21 02:16:31.539153915
49.0,40800.0,Female,17500.0,Berlin,Bachelor,Married,2023-01-21 03:08:56.813681368
44.0,49100.0,Male,27700.0,Berlin,High School,Single,2023-01-21 04:01:22.088208820
37.0,67800.0,Male,41000.0,London,Bachelor,Single,2023-01-21 04:53:47.362736273
41.0,55100.0,Female,23500.0,London,Bachelor,Single,2023-01-21 05:46:12.637263726
29.0,49100.0,Male,29700.0,London,High School,Single,2023-01-21 06:38:37.911791179
67.0,41000.0,Male,32100.0,Paris,Master,Single,2023-01-21 07:31:03.186318631
52.0,,Female,32100.0,Madrid,High School,Married,2023-01-21 08:23:28.460846084
,37200.0,,22800.0,London,High School,Married,2023-01-21 09:15:53.735373537
50.0,41900.0,Male,25400.0,Paris,High School,Married,
68.0,61300.0,Male,31500.0,Paris,High School,Married,2023-01-21 11:00:44.284428442
60.0,46700.0,Male,37300.0,Paris,High School,Single,2023-01-21 11:53:09.558955895
54.0,29800.0,Male,15200.0,Paris,High School,Widowed,2023-01-21 12:45:34.833483348
29.0,76500.0,Male,44500.0,London,High School,Single,2023-01-21 13:38:00.108010801
,54800.0,,22000.0,Paris,High School,Single,2023-01-21 14:30:25.382538253
18.0,28900.0,Male,15600.0,Madrid,High School,Married,2023-01-21 15:22:50.657065706
50.0,43400.0,Male,18600.0,London,Bachelor,Single,2023-01-21 16:15:15.931593159
57.0,51700.0,Male,36100.0,Paris,Bachelor,Single,2023-01-21 17:07:41.206120612
27.0,75600.0,Male,47200.0,Paris,High School,Divorced,2023-01-21 18:00:06.480648064
60.0,33400.0,Male,21000.0,London,Master,Single,2023-01-21 18:52:31.755175517
61.0,64600.0,Male,33200.0,Paris,High School,Married,2023-01-21 19:44:57.029702970
46.0,,Female,,Paris,Bachelor,Divorced,2023-01-21 20:37:22.304230423
30.0,40600.0,Male,16300.0,Paris,Master,,2023-01-21 21:29:47.578757875
29.0,45800.0,Male,24400.0,Paris,High School,Single,2023-01-21 22:22:12.853285328
48.0,34500.0,Female,22900.0,Paris,High School,Single,2023-01-21 23:14:38.127812781
63.0,46900.0,Male,35800.0,Paris,Bachelor,Married,2023-01-22 00:07:03.402340234
19.0,49500.0,Female,24400.0,Madrid,High School,Single,2023-01-22 00:59:28.676867686
68.0,59900.0,Male,36900.0,Paris,High School,,2023-01-22 01:51:53.951395139
67.0,66400.0,Male,40800.0,London,Bachelor,Married,2023-01-22 02:44:19.225922592
52.0,38800.0,Male,29100.0,Paris,Bachelor,Married,2023-01-22 03:36:44.500450045
40.0,20500.0,Male,8600.0,Paris,High School,Married,2023-01-22 04:29:09.774977497
34.0,49700.0,Male,28300.0,Berlin,Bachelor,Divorced,2023-01-22 05:21:35.049504950
43.0,54400.0,Male,25700.0,Paris,Bachelor,Single,2023-01-22 06:14:00.324032403
25.0,53700.0,Male,21900.0,Paris,High School,Married,2023-01-22 07:06:25.598559856
46.0,45100.0,Female,20700.0,London,High School,Single,2023-01-22 07:58:50.873087308
43.0,51900.0,Male,41000.0,Paris,Bachelor,,2023-01-22 08:51:16.147614761
27.0,72700.0,Male,35300.0,London,High School,Single,2023-01-22 09:43:41.422142214
43.0,55700.0,Male,43100.0,Paris,Bachelor,Married,2023-01-22 10:36:06.696669666
51.0,44400.0,Male,21400.0,Paris,High School,Widowed,2023-01-22 11:28:31.971197119
68.0,42500.0,Female,32800.0,Paris,High School,Married,2023-01-22 12:20:57.245724572
58.0,47500.0,Male,31400.0,Rome,High School,,2023-01-22 13:13:22.520252025
24.0,74600.0,Male,,London,Master,Married,2023-01-22 14:05:47.794779477
21.0,47300.0,Female,29900.0,London,Master,Single,2023-01-22 14:58:13.069306930
67.0,49700.0,Female,26200.0,London,Bachelor,Married,2023-01-22 15:50:38.343834383
62.0,42800.0,Male,23700.0,Berlin,Bachelor,Divorced,2023-01-22 16:43:03.618361836
28.0,66500.0,Male,38300.0,London,High School,Single,2023-01-22 17:35:28.892889288
,79400.0,,45200.0,Berlin,Bachelor,Single,2023-01-22 18:27:54.167416741
53.0,56800.0,Male,37800.0,London,High School,Single,
42.0,51200.0,Male,36200.0,Paris,Bachelor,Single,2023-01-22 20:12:44.716471647
38.0,50600.0,Male,26900.0,Berlin,Master,Married,2023-01-22 21:05:09.990999099
53.0,14200.0,Female,10900.0,Madrid,High School,Single,2023-01-22 21:57:35.265526552
27.0,61200.0,Male,47500.0,Paris,Bachelor,Single,2023-01-22 22:50:00.540054005
54.0,52000.0,Male,21600.0,London,Bachelor,Married,2023-01-22 23:42:25.814581458
26.0,56400.0,Male,22900.0,London,High School,Divorced,2023-01-23 00:34:51.089108910
41.0,39300.0,Male,22400.0,Paris,Bachelor,Single,2023-01-23 01:27:16.363636363
52.0,44200.0,Male,28100.0,Madrid,Bachelor,Single,2023-01-23 02:19:41.638163816
66.0,43800.0,Male,22400.0,London,Bachelor,Single,2023-01-23 03:12:06.912691269
52.0,65300.0,Male,32900.0,London,High School,Single,2023-01-23 04:04:32.187218721
65.0,44300.0,Male,29700.0,Paris,High School,Single,2023-01-23 04:56:57.461746174
53.0,81200.0,Male,52000.0,Paris,PhD,Widowed,2023-01-23 05:49:22.736273627
35.0,56500.0,Male,26400.0,Paris,Bachelor,Single,2023-01-23 06:41:48.010801080
66.0,30900.0,Male,23300.0,Paris,Bachelor,Single,2023-01-23 07:34:13.285328532
56.0,48100.0,Male,32300.0,London,High School,Single,2023-01-23 08:26:38.559855985
49.0,40200.0,Male,21900.0,Berlin,High School,Divorced,2023-01-23 09:19:03.834383438
,17100.0,,11500.0,London,Master,Single,2023-01-23 10:11:29.108910891
40.0,74000.0,Female,32900.0,Paris,High School,,2023-01-23 11:03:54.383438343
49.0,60500.0,Female,35500.0,Paris,PhD,Married,2023-01-23 11:56:19.657965796
54.0,58000.0,Male,27100.0,London,High School,Divorced,2023-01-23 12:48:44.932493249
29.0,52500.0,Female,21900.0,London,High School,Single,2023-01-23 13:41:10.207020702
66.0,29300.0,Male,15700.0,Rome,High School,Single,2023-01-23 14:33:35.481548154
30.0,42700.0,Female,19700.0,Berlin,Bachelor,Married,2023-01-23 15:26:00.756075607
40.0,62600.0,Male,40900.0,Berlin,Bachelor,Married,2023-01-23 16:18:26.030603060
42.0,34200.0,Male,22900.0,Paris,PhD,Married,2023-01-23 17:10:51.305130513
52.0,12000.0,Male,5500.0,Berlin,High School,Married,2023-01-23 18:03:16.579657965
58.0,46600.0,Male,19100.0,Paris,High School,Married,2023-01-23 18:55:41.854185418
47.0,47900.0,Female,34400.0,London,Bachelor,Divorced,2023-01-23 19:48:07.128712871
34.0,52000.0,Male,20800.0,London,Bachelor,Divorced,2023-01-23 20:40:32.403240324
66.0,60900.0,Male,32700.0,London,High School,Single,2023-01-23 21:32:57.677767776
37.0,59600.0,Male,35600.0,Paris,High School,Single,2023-01-23 22:25:22.952295229
65.0,53900.0,Male,39200.0,London,High School,Married,2023-01-23 23:17:48.226822682
42.0,67900.0,Male,49900.0,Paris,Bachelor,Single,2023-01-24 00:10:13.501350135
39.0,27200.0,Male,18800.0,Paris,High School,Single,2023-01-24 01:02:38.775877587
30.0,57600.0,Male,28700.0,London,Bachelor,Single,2023-01-24 01:55:04.050405040
36.0,59400.0,Female,40900.0,Rome,High School,Widowed,2023-01-24 02:47:29.324932493
66.0,31400.0,Male,15700.0,Berlin,Master,Single,2023-01-24 03:39:54.599459946
,27500.0,,13400.0,London,High School,Married,2023-01-24 04:32:19.873987398
29.0,38800.0,Male,24000.0,Paris,High School,Single,2023-01-24 05:24:45.148514851
58.0,40100.0,Female,26900.0,Paris,Bachelor,Married,2023-01-24 06:17:10.423042304
36.0,61300.0,Male,25800.0,Paris,Bachelor,Single,2023-01-24 07:09:35.697569757
29.0,40800.0,Male,17300.0,Rome,High School,Single,2023-01-24 08:02:00.972097209
26.0,37200.0,Female,26500.0,Paris,Master,Divorced,2023-01-24 08:54:26.246624662
24.0,40800.0,Male,30300.0,Berlin,Bachelor,Widowed,2023-01-24 09:46:51.521152115
45.0,66800.0,Male,42900.0,Berlin,High School,Single,2023-01-24 10:39:16.795679567
31.0,50200.0,Male,28700.0,London,Bachelor,Married,2023-01-24 11:31:42.070207020
48.0,,Female,34900.0,Madrid,Bachelor,Married,2023-01-24 12:24:07.344734473
69.0,,Female,33400.0,Paris,Bachelor,Single,2023-01-24 13:16:32.619261926
36.0,69400.0,Female,43800.0,London,Master,Single,2023-01-24 14:08:57.893789378
64.0,38800.0,Male,20500.0,Madrid,Bachelor,Married,2023-01-24 15:01:23.168316831
33.0,69700.0,Male,33400.0,London,High School,Single,2023-01-24 15:53:48.442844284
,53200.0,,30200.0,Paris,Bachelor,Single,2023-01-24 16:46:13.717371737
52.0,47600.0,Female,24500.0,Paris,Bachelor,Widowed,2023-01-24 17:38:38.991899189
29.0,87500.0,Female,46900.0,Berlin,Bachelor,Single,2023-01-24 18:31:04.266426642
42.0,34200.0,Male,20700.0,Paris,High School,Single,2023-01-24 19:23:29.540954095
69.0,44700.0,Male,20900.0,Madrid,Master,Divorced,2023-01-24 20:15:54.815481548
38.0,31500.0,Male,22800.0,Paris,Bachelor,Single,2023-01-24 21:08:20.090009000
53.0,64300.0,Male,29500.0,London,Bachelor,Married,2023-01-24 22:00:45.364536453
40.0,75300.0,Male,44600.0,London,High School,Single,2023-01-24 22:53:10.639063906
33.0,75000.0,Male,52400.0,London,Bachelor,Divorced,2023-01-24 23:45:35.913591359
56.0,68400.0,Male,40600.0,London,High School,Single,2023-01-25 00:38:01.188118811
62.0,47000.0,Male,25600.0,Madrid,Master,Single,2023-01-25 01:30:26.462646264
59.0,44500.0,Female,26300.0,London,High School,Single,2023-01-25 02:22:51.737173717
56.0,,Female,18400.0,Berlin,Bachelor,Single,2023-01-25 03:15:17.011701170
31.0,80500.0,Female,64100.0,Paris,High School,Married,2023-01-25 04:07:42.286228622
48.0,57000.0,Female,37200.0,Paris,Bachelor,Single,2023-01-25 05:00:07.560756075
22.0,42600.0,Male,30600.0,Paris,Bachelor,Single,2023-01-25 05:52:32.835283528
52.0,69900.0,Male,28400.0,Paris,High School,Single,2023-01-25 06:44:58.109810981
40.0,35400.0,Female,26600.0,London,High School,Widowed,2023-01-25 07:37:23.384338433
46.0,56100.0,Male,43800.0,London,PhD,Single,2023-01-25 08:29:48.658865886
60.0,47400.0,Male,29900.0,Berlin,Bachelor,,2023-01-25 09:22:13.933393339
28.0,59600.0,Male,41800.0,Paris,High School,Married,2023-01-25 10:14:39.207920792
35.0,49000.0,Female,29600.0,Paris,Master,Married,2023-01-25 11:07:04.482448244
64.0,28200.0,Male,14500.0,Madrid,Bachelor,Married,2023-01-25 11:59:29.756975697
,51100.0,,37900.0,Madrid,High School,Single,2023-01-25 12:51:55.031503150
26.0,65700.0,Male,42000.0,Madrid,Bachelor,Single,2023-01-25 13:44:20.306030603
27.0,49600.0,Female,31300.0,Berlin,High School,Single,2023-01-25 14:36:45.580558055
61.0,61600.0,Male,40900.0,London,High School,Married,2023-01-25 15:29:10.855085508
34.0,34300.0,Male,25500.0,Madrid,Master,Single,2023-01-25 16:21:36.129612961
55.0,49600.0,Male,34400.0,Berlin,High School,Single,2023-01-25 17:14:01.404140414
24.0,,Female,19700.0,Rome,High School,Single,2023-01-25 18:06:26.678667866
63.0,61200.0,Female,35900.0,Paris,Bachelor,Divorced,2023-01-25 18:58:51.953195319
30.0,50500.0,Male,40000.0,Madrid,Master,Married,2023-01-25 19:51:17.227722772
57.0,60400.0,Male,37600.0,London,High School,Single,2023-01-25 20:43:42.502250225
59.0,66300.0,Female,51400.0,Paris,High School,Single,2023-01-25 21:36:07.776777677
26.0,60400.0,Male,43800.0,Paris,Bachelor,Single,2023-01-25 22:28:33.051305130
67.0,,Female,36100.0,Madrid,Bachelor,Single,2023-01-25 23:20:58.325832583
44.0,35000.0,Male,18900.0,London,Master,Married,2023-01-26 00:13:23.600360036
19.0,50000.0,Male,26100.0,Rome,High School,Married,2023-01-26 01:05:48.874887488
22.0,,Female,27600.0,Paris,Bachelor,Married,2023-01-26 01:58:14.149414941
46.0,44800.0,Male,25700.0,London,High School,Divorced,2023-01-26 02:50:39.423942394
54.0,44400.0,Male,31900.0,Paris,Bachelor,Single,2023-01-26 03:43:04.698469847
55.0,35300.0,Male,24900.0,London,High School,Divorced,2023-01-26 04:35:29.972997299
36.0,20600.0,Female,10800.0,London,Master,Married,2023-01-26 05:27:55.247524752
,40000.0,,27200.0,London,High School,Married,2023-01-26 06:20:20.522052205
65.0,52900.0,Male,31600.0,Paris,Bachelor,Widowed,2023-01-26 07:12:45.796579657
62.0,29800.0,Female,15800.0,Paris,High School,Divorced,2023-01-26 08:05:11.071107110
18.0,50200.0,Male,28400.0,Paris,Bachelor,Divorced,2023-01-26 08:57:36.345634563
39.0,78500.0,Male,59500.0,Madrid,Bachelor,Single,2023-01-26 09:50:01.620162016
69.0,65300.0,Male,35500.0,Paris,High School,Single,
34.0,,Female,38500.0,Paris,High School,Divorced,2023-01-26 11:34:52.169216921
24.0,55900.0,Male,30200.0,London,High School,Single,
42.0,67500.0,Male,32800.0,Berlin,High School,Married,2023-01-26 13:19:42.718271827
62.0,39100.0,Male,24200.0,Paris,High School,Married,2023-01-26 14:12:07.992799279
21.0,,Female,18500.0,Paris,Bachelor,Married,
53.0,8900.0,Female,6500.0,London,Bachelor,Single,2023-01-26 15:56:58.541854185
23.0,67800.0,Male,33200.0,Rome,Bachelor,Single,2023-01-26 16:49:23.816381638
,73100.0,,46700.0,London,High School,Divorced,2023-01-26 17:41:49.090909090
36.0,,Female,18800.0,Paris,High School,Single,2023-01-26 18:34:14.365436543
61.0,46200.0,Male,36600.0,London,Bachelor,Married,2023-01-26 19:26:39.639963996
56.0,38700.0,Female,22500.0,Rome,High School,Married,2023-01-26 20:19:04.914491449
44.0,55700.0,Male,40600.0,London,High School,Single,2023-01-26 21:11:30.189018901
27.0,66900.0,Male,47300.0,Paris,High School,Single,2023-01-26 22:03:55.463546354
43.0,23900.0,Male,16400.0,Paris,High School,,2023-01-26 22:56:20.738073807
36.0,56100.0,Female,41000.0,Rome,High School,Single,2023-01-26 23:48:46.012601260
56.0,45800.0,Male,20200.0,Berlin,Bachelor,Single,2023-01-27 00:41:11.287128712
20.0,51700.0,Male,34700.0,London,High School,Divorced,2023-01-27 01:33:36.561656165
62.0,56900.0,Male,28800.0,Paris,Master,Married,2023-01-27 02:26:01.836183618
30.0,47200.0,Male,33700.0,London,Master,Divorced,2023-01-27 03:18:27.110711071
67.0,48400.0,Male,37900.0,Paris,Bachelor,Single,2023-01-27 04:10:52.385238523
45.0,46800.0,Male,35600.0,Paris,High School,Married,2023-01-27 05:03:17.659765976
37.0,,Female,28800.0,Madrid,High School,Single,2023-01-27 05:55:42.934293429
45.0,56300.0,Male,30800.0,Paris,High School,Single,2023-01-27 06:48:08.208820882
25.0,53300.0,Female,29100.0,Paris,High School,Widowed,
58.0,30900.0,Male,13900.0,Madrid,Master,Single,2023-01-27 08:32:58.757875787
56.0,44300.0,Male,19500.0,Paris,High School,Single,2023-01-27 09:25:24.032403240
18.0,63500.0,Male,35200.0,Berlin,Bachelor,Married,2023-01-27 10:17:49.306930693
20.0,,Female,40300.0,London,Bachelor,Married,2023-01-27 11:10:14.581458145
30.0,59900.0,Female,37600.0,Madrid,Master,Widowed,2023-01-27 12:02:39.855985598
45.0,76500.0,Male,49600.0,Berlin,Bachelor,Single,
66.0,65600.0,Female,38600.0,Berlin,Bachelor,,2023-01-27 13:47:30.405040504
42.0,51400.0,Male,34200.0,Paris,PhD,Single,2023-01-27 14:39:55.679567956
50.0,42300.0,Male,33100.0,London,High School,Married,2023-01-27 15:32:20.954095409
55.0,11700.0,Male,7400.0,Madrid,High School,Single,2023-01-27 16:24:46.228622862
23.0,47500.0,Male,20200.0,Paris,High School,Single,2023-01-27 17:17:11.503150315
,45100.0,,26900.0,Berlin,High School,Married,2023-01-27 18:09:36.777677767
62.0,55900.0,Female,44600.0,Paris,High School,Married,2023-01-27 19:02:02.052205220
49.0,47700.0,Male,26500.0,Paris,High School,Single,2023-01-27 19:54:27.326732673
,45200.0,,28800.0,Paris,High School,Divorced,2023-01-27 20:46:52.601260126
64.0,23300.0,Male,10300.0,Paris,Bachelor,Single,
,35900.0,,16400.0,Rome,High School,Divorced,2023-01-27 22:31:43.150315031
33.0,57100.0,Female,42800.0,Madrid,Master,Divorced,2023-01-27 23:24:08.424842484
38.0,75700.0,Female,39400.0,London,High School,Single,2023-01-28 00:16:33.699369937
28.0,48500.0,Female,25300.0,Berlin,Bachelor,Single,2023-01-28 01:08:58.973897389
54.0,54900.0,Male,30500.0,London,High School,,2023-01-28 02:01:24.248424842
53.0,,Female,50600.0,Berlin,Bachelor,Married,2023-01-28 02:53:49.522952295
52.0,37800.0,Female,16400.0,Berlin,High School,Single,2023-01-28 03:46:14.797479748
36.0,55500.0,Male,40400.0,Paris,High School,Married,2023-01-28 04:38:40.072007200
37.0,38900.0,Male,20900.0,London,Master,Married,2023-01-28 05:31:05.346534653
35.0,63000.0,Male,46600.0,London,Master,,2023-01-28 06:23:30.621062106
64.0,52300.0,Male,41700.0,Rome,High School,Widowed,2023-01-28 07:15:55.895589559
58.0,54500.0,Male,29400.0,London,PhD,Married,2023-01-28 08:08:21.170117011
66.0,38300.0,Female,17300.0,Madrid,High School,Single,2023-01-28 09:00:46.444644464
31.0,60600.0,Male,27700.0,Berlin,High School,Single,2023-01-28 09:53:11.719171917
32.0,81300.0,Female,57200.0,London,Bachelor,Single,2023-01-28 10:45:36.993699370
48.0,34900.0,Male,16000.0,Madrid,High School,Divorced,2023-01-28 11:38:02.268226822
18.0,44900.0,Male,22600.0,Paris,High School,Single,2023-01-28 12:30:27.542754275
20.0,53500.0,Male,25800.0,Paris,High School,Widowed,2023-01-28 13:22:52.817281728
33.0,61800.0,Male,33500.0,Berlin,High School,Single,2023-01-28 14:15:18.091809181
40.0,,Female,17900.0,Paris,High School,,2023-01-28 15:07:43.366336633
28.0,7500.0,Female,5600.0,Paris,High School,Married,2023-01-28 16:00:08.640864086
29.0,70400.0,Male,52400.0,London,Master,Single,
27.0,61400.0,Female,34700.0,London,High School,Divorced,2023-01-28 17:44:59.189918992
49.0,23900.0,Male,15400.0,Madrid,High School,Single,2023-01-28 18:37:24.464446444
33.0,40900.0,Male,26900.0,Rome,Bachelor,Widowed,2023-01-28 19:29:49.738973897
25.0,73500.0,Male,51400.0,London,High School,Divorced,2023-01-28 20:22:15.013501350
55.0,71700.0,Male,43600.0,London,High School,Married,2023-01-28 21:14:40.288028803
29.0,64100.0,Male,38700.0,Berlin,PhD,Single,2023-01-28 22:07:05.562556255
,47400.0,,30900.0,London,Master,Married,2023-01-28 22:59:30.837083708
45.0,51200.0,Male,34900.0,Paris,High School,Single,2023-01-28 23:51:56.111611161
25.0,48000.0,Female,25900.0,Berlin,Master,Widowed,2023-01-29 00:44:21.386138613
45.0,66900.0,Male,35600.0,Berlin,Master,Single,2023-01-29 01:36:46.660666066
53.0,36900.0,Male,18700.0,Paris,Bachelor,Single,2023-01-29 02:29:11.935193519
43.0,37900.0,Male,23500.0,Berlin,Bachelor,Widowed,2023-01-29 03:21:37.209720972
25.0,,Female,35500.0,London,High School,Single,2023-01-29 04:14:02.484248424
67.0,49300.0,Female,30400.0,Paris,High School,Single,2023-01-29 05:06:27.758775877
45.0,,Female,39800.0,London,Bachelor,Married,2023-01-29 05:58:53.033303330
45.0,39900.0,Male,29300.0,Paris,Master,Divorced,2023-01-29 06:51:18.307830783
54.0,49200.0,Male,21100.0,Paris,Bachelor,Single,2023-01-29 07:43:43.582358235
58.0,36200.0,Female,22800.0,Berlin,High School,Divorced,2023-01-29 08:36:08.856885688
53.0,50100.0,Male,31600.0,Madrid,High School,Single,2023-01-29 09:28:34.131413141
,27800.0,,15400.0,Paris,Bachelor,Married,2023-01-29 10:20:59.405940594
34.0,42700.0,Male,24300.0,Madrid,Bachelor,,2023-01-29 11:13:24.680468046
26.0,28500.0,Male,20500.0,Paris,High School,Single,2023-01-29 12:05:49.954995499
50.0,60400.0,Male,30900.0,Paris,Bachelor,Married,2023-01-29 12:58:15.229522952
37.0,60700.0,Male,45400.0,Paris,Bachelor,,2023-01-29 13:50:40.504050405
30.0,24000.0,Male,18200.0,Paris,High School,Single,2023-01-29 14:43:05.778577857
45.0,70000.0,Male,46200.0,Paris,High School,Single,2023-01-29 15:35:31.053105310
65.0,87500.0,Female,62100.0,Madrid,High School,Married,2023-01-29 16:27:56.327632763
46.0,50700.0,Male,32700.0,Paris,Master,Single,2023-01-29 17:20:21.602160216
30.0,40400.0,Male,24600.0,Paris,High School,Single,2023-01-29 18:12:46.876687668
63.0,92400.0,Male,72700.0,Berlin,Bachelor,Single,2023-01-29 19:05:12.151215121
52.0,30200.0,Male,15500.0,Paris,Bachelor,Single,2023-01-29 19:57:37.425742574
23.0,50300.0,Male,23200.0,London,High School,Married,2023-01-29 20:50:02.700270027
35.0,52700.0,Male,27100.0,London,High School,Married,2023-01-29 21:42:27.974797479
68.0,70200.0,Male,45300.0,Paris,Bachelor,Married,2023-01-29 22:34:53.249324932
22.0,55400.0,Male,26300.0,Berlin,Bachelor,Single,2023-01-29 23:27:18.523852385
,42500.0,,32400.0,Paris,High School,Married,
42.0,35700.0,Male,20100.0,Paris,High School,Single,2023-01-30 01:12:09.072907290
19.0,44900.0,Male,33200.0,Paris,Bachelor,Divorced,2023-01-30 02:04:34.347434743
27.0,34900.0,Male,17400.0,London,Bachelor,Married,
47.0,50700.0,Female,26600.0,London,High School,Single,2023-01-30 03:49:24.896489649
67.0,41500.0,Male,17600.0,London,Bachelor,Single,2023-01-30 04:41:50.171017101
62.0,,Female,13900.0,London,Master,,2023-01-30 05:34:15.445544554
22.0,68800.0,Male,41000.0,London,High School,Married,
50.0,42500.0,Male,33100.0,Paris,Bachelor,Single,2023-01-30 07:19:05.994599460
18.0,31000.0,Male,17200.0,Madrid,Bachelor,Single,2023-01-30 08:11:31.269126912
35.0,47500.0,Male,31200.0,Rome,High School,Married,2023-01-30 09:03:56.543654365
49.0,51000.0,Male,29100.0,London,Bachelor,Single,2023-01-30 09:56:21.818181818
64.0,23800.0,Male,10000.0,Paris,Master,Married,2023-01-30 10:48:47.092709271
66.0,55000.0,Male,33100.0,London,Master,Single,2023-01-30 11:41:12.367236723
28.0,34300.0,Male,14600.0,Paris,High School,Single,2023-01-30 12:33:37.641764176
38.0,75700.0,Male,57000.0,London,Master,Single,2023-01-30 13:26:02.916291629
43.0,,Female,40600.0,Paris,High School,Married,2023-01-30 14:18:28.190819082
42.0,44000.0,Female,24300.0,Berlin,High School,Single,2023-01-30 15:10:53.465346534
39.0,38800.0,Male,25500.0,Paris,High School,Married,2023-01-30 16:03:18.739873987
44.0,48400.0,Female,21500.0,Rome,Master,Married,2023-01-30 16:55:44.014401440
66.0,59200.0,Male,40300.0,Paris,High School,Married,2023-01-30 17:48:09.288928893
30.0,49600.0,Male,36200.0,London,Master,Widowed,2023-01-30 18:40:34.563456345
50.0,46700.0,Male,34000.0,Madrid,High School,Divorced,2023-01-30 19:32:59.837983798
51.0,50900.0,Male,26100.0,Paris,Bachelor,Married,2023-01-30 20:25:25.112511251
58.0,40900.0,Male,20700.0,Madrid,High School,Married,2023-01-30 21:17:50.387038703
52.0,44900.0,Male,27300.0,Paris,High School,Single,2023-01-30 22:10:15.661566156
,18700.0,,14700.0,Rome,PhD,Divorced,2023-01-30 23:02:40.936093609
38.0,64600.0,Male,49600.0,Rome,High School,Divorced,2023-01-30 23:55:06.210621062
65.0,54500.0,Female,29600.0,Paris,High School,Married,2023-01-31 00:47:31.485148514
23.0,,Female,27300.0,Berlin,Master,Single,2023-01-31 01:39:56.759675967
45.0,78500.0,Male,60300.0,Paris,Master,Married,2023-01-31 02:32:22.034203420
34.0,51300.0,Male,25900.0,Paris,High School,Single,2023-01-31 03:24:47.308730873
22.0,34500.0,Male,25300.0,Paris,Bachelor,,2023-01-31 04:17:12.583258325
48.0,62900.0,Male,31900.0,Paris,Bachelor,Married,
22.0,56000.0,Male,30100.0,London,High School,Widowed,2023-01-31 06:02:03.132313231
55.0,55900.0,Male,26800.0,London,High School,Single,2023-01-31 06:54:28.406840684
20.0,43600.0,Male,26300.0,Berlin,High School,Single,2023-01-31 07:46:53.681368136
40.0,56800.0,Male,41900.0,Paris,High School,Single,2023-01-31 08:39:18.955895589
54.0,46100.0,Female,28200.0,Rome,High School,Widowed,2023-01-31 09:31:44.230423042
,58300.0,,26200.0,Paris,High School,Married,2023-01-31 10:24:09.504950495
27.0,21400.0,Male,10700.0,Paris,High School,Married,2023-01-31 11:16:34.779477947
27.0,43500.0,Male,27200.0,Berlin,High School,Married,2023-01-31 12:09:00.054005400
36.0,75800.0,Female,48000.0,Madrid,High School,Married,2023-01-31 13:01:25.328532853
34.0,38500.0,Male,24300.0,Berlin,High School,Single,2023-01-31 13:53:50.603060306
38.0,40900.0,Male,17600.0,London,Bachelor,Single,2023-01-31 14:46:15.877587758
31.0,43300.0,Male,30400.0,Paris,Master,Married,2023-01-31 15:38:41.152115211
26.0,31800.0,Male,24300.0,Paris,High School,Single,2023-01-31 16:31:06.426642664
63.0,,Female,10200.0,London,High School,Single,2023-01-31 17:23:31.701170117
18.0,46500.0,Male,32000.0,London,Bachelor,Married,2023-01-31 18:15:56.975697569
68.0,52000.0,Male,39800.0,Paris,Master,Single,
62.0,49200.0,Male,32300.0,London,High School,Single,2023-01-31 20:00:47.524752475
30.0,47800.0,Male,32000.0,Berlin,High School,Single,2023-01-31 20:53:12.799279928
21.0,50600.0,Male,34800.0,Berlin,High School,Married,2023-01-31 21:45:38.073807380
18.0,65300.0,Female,32900.0,Paris,Bachelor,Single,2023-01-31 22:38:03.348334833
66.0,47100.0,Male,29800.0,London,PhD,Single,2023-01-31 23:30:28.622862286
57.0,41400.0,Male,30500.0,Paris,Bachelor,Married,2023-02-01 00:22:53.897389739
49.0,45800.0,Male,23700.0,Paris,Bachelor,Married,2023-02-01 01:15:19.171917191
51.0,58700.0,Male,44500.0,Berlin,Bachelor,Single,2023-02-01 02:07:44.446444644
45.0,71200.0,Male,46100.0,London,High School,Single,2023-02-01 03:00:09.720972097
48.0,40600.0,Male,23100.0,Berlin,Bachelor,Divorced,2023-02-01 03:52:34.995499550
25.0,51500.0,Male,33400.0,Paris,High School,Single,2023-02-01 04:45:00.270027002
56.0,55100.0,Male,30900.0,Madrid,High School,Married,2023-02-01 05:37:25.544554455
43.0,35100.0,Male,25800.0,Paris,High School,Divorced,2023-02-01 06:29:50.819081908
51.0,50300.0,Female,29800.0,Madrid,Bachelor,Single,2023-02-01 07:22:16.093609361
20.0,28000.0,Male,21300.0,Paris,Bachelor,Single,2023-02-01 08:14:41.368136813
67.0,23500.0,Male,14200.0,Paris,Bachelor,Single,2023-02-01 09:07:06.642664266
29.0,55500.0,Male,36900.0,Paris,High School,Single,2023-02-01 09:59:31.917191719
18.0,44200.0,Male,35300.0,Paris,High School,Single,2023-02-01 10:51:57.191719172
61.0,53000.0,Male,24300.0,London,High School,Married,2023-02-01 11:44:22.466246624
22.0,49700.0,Male,34500.0,Madrid,High School,Married,2023-02-01 12:36:47.740774077
47.0,35400.0,Male,16100.0,Paris,High School,Divorced,2023-02-01 13:29:13.015301530
47.0,49300.0,Male,36300.0,London,High School,Single,2023-02-01 14:21:38.289828983
34.0,31500.0,Male,20100.0,Madrid,Bachelor,Married,2023-02-01 15:14:03.564356435
65.0,70900.0,Male,55000.0,London,Bachelor,,2023-02-01 16:06:28.838883888
64.0,29700.0,Male,22200.0,Paris,High School,Single,2023-02-01 16:58:54.113411341
40.0,47100.0,Male,20300.0,Rome,Bachelor,Single,2023-02-01 17:51:19.387938793
32.0,,Female,15600.0,Paris,High School,Married,2023-02-01 18:43:44.662466246
54.0,,Female,37500.0,London,High School,Divorced,2023-02-01 19:36:09.936993699
38.0,45000.0,Male,27300.0,Berlin,Master,Divorced,2023-02-01 20:28:35.211521152
31.0,42200.0,Male,19700.0,Paris,Bachelor,Single,2023-02-01 21:21:00.486048604
19.0,62800.0,Male,28400.0,Berlin,High School,Single,2023-02-01 22:13:25.760576057
28.0,50400.0,Male,31500.0,Paris,Master,Single,2023-02-01 23:05:51.035103510
68.0,57700.0,Male,24200.0,Paris,Bachelor,Single,2023-02-01 23:58:16.309630963
56.0,35300.0,Male,26500.0,Paris,High School,Single,2023-02-02 00:50:41.584158415
55.0,,Female,20900.0,Rome,Bachelor,Single,2023-02-02 01:43:06.858685868
51.0,51600.0,Male,36900.0,Madrid,High School,Single,2023-02-02 02:35:32.133213321
55.0,45200.0,Male,18400.0,Paris,Bachelor,Single,2023-02-02 03:27:57.407740774
67.0,59400.0,Female,24900.0,Paris,Bachelor,Single,
51.0,48800.0,Male,30300.0,Paris,Master,Married,2023-02-02 05:12:47.956795679
,53100.0,,42400.0,London,High School,Married,2023-02-02 06:05:13.231323132
47.0,25600.0,Male,13700.0,Madrid,High School,Divorced,2023-02-02 06:57:38.505850585
32.0,78300.0,Male,,Rome,Master,Single,2023-02-02 07:50:03.780378037
44.0,47500.0,Male,21600.0,Berlin,High School,Single,2023-02-02 08:42:29.054905490
68.0,60500.0,Male,40500.0,London,Master,,2023-02-02 09:34:54.329432943
51.0,37500.0,Male,24700.0,Paris,High School,Single,2023-02-02 10:27:19.603960396
69.0,54600.0,Male,24100.0,Paris,High School,Married,2023-02-02 11:19:44.878487848
55.0,30500.0,Male,17900.0,London,High School,Single,2023-02-02 12:12:10.153015301
50.0,,Female,37900.0,London,Bachelor,Married,2023-02-02 13:04:35.427542754
41.0,44700.0,Male,26700.0,Berlin,High School,Married,2023-02-02 13:57:00.702070207
32.0,50400.0,Male,33800.0,Paris,High School,Married,2023-02-02 14:49:25.976597659
47.0,60500.0,Male,44000.0,Paris,High School,Married,2023-02-02 15:41:51.251125112
59.0,31500.0,Male,21200.0,London,High School,Married,2023-02-02 16:34:16.525652565
68.0,39700.0,Male,25700.0,Rome,Bachelor,Married,2023-02-02 17:26:41.800180018
34.0,,Female,42200.0,Berlin,High School,Married,2023-02-02 18:19:07.074707470
22.0,81500.0,Male,62000.0,Paris,High School,Married,2023-02-02 19:11:32.349234923
46.0,47900.0,Female,26600.0,Madrid,High School,Single,2023-02-02 20:03:57.623762376
21.0,,Female,27600.0,London,Bachelor,Single,2023-02-02 20:56:22.898289829
27.0,48400.0,Female,35200.0,Paris,High School,Single,2023-02-02 21:48:48.172817281
34.0,79100.0,Male,38400.0,Paris,High School,Single,
27.0,23800.0,Female,18400.0,London,High School,Divorced,2023-02-02 23:33:38.721872187
34.0,51400.0,Male,21000.0,London,High School,Single,2023-02-03 00:26:03.996399640
37.0,25600.0,Male,19700.0,London,Master,,2023-02-03 01:18:29.270927092
41.0,12400.0,Male,7900.0,London,Master,Single,2023-02-03 02:10:54.545454545
22.0,54500.0,Female,38700.0,Paris,High School,Married,2023-02-03 03:03:19.819981998
51.0,52100.0,Male,29100.0,Paris,Bachelor,Single,2023-02-03 03:55:45.094509451
23.0,45700.0,Male,36400.0,Berlin,Bachelor,Single,2023-02-03 04:48:10.369036903
19.0,48400.0,Male,23800.0,London,Master,Married,2023-02-03 05:40:35.643564356
30.0,96500.0,Male,48800.0,London,Master,Married,2023-02-03 06:33:00.918091809
60.0,46100.0,Male,19400.0,Paris,High School,Married,2023-02-03 07:25:26.192619262
60.0,57700.0,Female,44800.0,Paris,PhD,,2023-02-03 08:17:51.467146714
65.0,40300.0,Female,23500.0,Paris,PhD,Married,2023-02-03 09:10:16.741674167
28.0,54400.0,Female,36400.0,Paris,Bachelor,Single,2023-02-03 10:02:42.016201620
68.0,46400.0,Male,31300.0,London,Bachelor,Single,2023-02-03 10:55:07.290729073
64.0,43800.0,Male,32800.0,Berlin,Bachelor,Widowed,2023-02-03 11:47:32.565256525
40.0,77300.0,Male,51500.0,Paris,High School,Single,2023-02-03 12:39:57.839783978
33.0,67700.0,Male,42300.0,Berlin,Bachelor,,2023-02-03 13:32:23.114311431
48.0,52100.0,Male,35600.0,Berlin,Bachelor,Married,2023-02-03 14:24:48.388838883
28.0,15400.0,Female,10800.0,Paris,High School,Married,2023-02-03 15:17:13.663366336
33.0,44600.0,Male,21200.0,London,Master,,2023-02-03 16:09:38.937893789
25.0,90500.0,Female,,Paris,Master,Single,2023-02-03 17:02:04.212421242
21.0,46500.0,Female,20000.0,London,High School,Single,2023-02-03 17:54:29.486948694
57.0,66500.0,Male,36500.0,Paris,Bachelor,Married,2023-02-03 18:46:54.761476147
21.0,71600.0,Female,42900.0,Paris,High School,Single,2023-02-03 19:39:20.036003600
42.0,,Female,34400.0,London,Bachelor,,2023-02-03 20:31:45.310531053
20.0,37400.0,Male,29300.0,Paris,High School,Married,2023-02-03 21:24:10.585058505
49.0,13500.0,Male,7200.0,Paris,Bachelor,Divorced,2023-02-03 22:16:35.859585958
20.0,60300.0,Male,42500.0,Paris,High School,Divorced,2023-02-03 23:09:01.134113411
44.0,37800.0,Male,23200.0,London,Master,Divorced,2023-02-04 00:01:26.408640864
46.0,52600.0,Male,25700.0,Madrid,Bachelor,Single,2023-02-04 00:53:51.683168316
,31300.0,,20200.0,Paris,High School,Divorced,2023-02-04 01:46:16.957695769
67.0,46000.0,Male,36200.0,Paris,Bachelor,Married,2023-02-04 02:38:42.232223222
68.0,50500.0,Male,22700.0,London,PhD,Divorced,2023-02-04 03:31:07.506750675
36.0,54000.0,Male,32600.0,Paris,High School,Single,2023-02-04 04:23:32.781278127
38.0,33300.0,Male,14000.0,London,High School,Single,2023-02-04 05:15:58.055805580
22.0,68000.0,Male,35900.0,Paris,Master,Single,2023-02-04 06:08:23.330333033
35.0,41000.0,Male,26600.0,Berlin,Bachelor,Married,2023-02-04 07:00:48.604860486
45.0,24900.0,Male,18300.0,London,Master,Single,2023-02-04 07:53:13.879387938
59.0,48400.0,Female,33500.0,Paris,High School,Divorced,2023-02-04 08:45:39.153915391
39.0,50500.0,Male,29500.0,London,Master,Single,2023-02-04 09:38:04.428442844
38.0,52400.0,Male,40000.0,London,Bachelor,Single,2023-02-04 10:30:29.702970297
23.0,70400.0,Male,36700.0,Paris,Master,Married,2023-02-04 11:22:54.977497749
18.0,46500.0,Male,32600.0,Paris,Bachelor,Married,2023-02-04 12:15:20.252025202
22.0,48200.0,Male,28400.0,Paris,High School,Single,2023-02-04 13:07:45.526552655
58.0,33500.0,Male,25400.0,London,Bachelor,,2023-02-04 14:00:10.801080108
29.0,62300.0,Female,44800.0,Paris,High School,Married,2023-02-04 14:52:36.075607560
43.0,52800.0,Female,40200.0,London,Bachelor,Single,2023-02-04 15:45:01.350135013
63.0,43700.0,Male,21200.0,Berlin,Bachelor,Married,2023-02-04 16:37:26.624662466
,21400.0,,14300.0,Madrid,Bachelor,Single,2023-02-04 17:29:51.899189919
66.0,71700.0,Male,49900.0,London,High School,Married,2023-02-04 18:22:17.173717371
31.0,31600.0,Female,22000.0,London,Bachelor,Single,2023-02-04 19:14:42.448244824
43.0,41100.0,Male,24700.0,London,High School,Single,2023-02-04 20:07:07.722772277
62.0,55400.0,Male,22400.0,Rome,High School,Single,2023-02-04 20:59:32.997299730
44.0,32100.0,Male,16200.0,Paris,High School,Single,2023-02-04 21:51:58.271827182
26.0,27600.0,Male,14600.0,Paris,Bachelor,Single,2023-02-04 22:44:23.546354635
43.0,18100.0,Female,13400.0,Paris,Master,Single,2023-02-04 23:36:48.820882088
64.0,60800.0,Male,44800.0,London,Bachelor,Married,2023-02-05 00:29:14.095409541
39.0,41800.0,Male,18500.0,Paris,Master,Single,2023-02-05 01:21:39.369936993
64.0,93900.0,Male,73200.0,Paris,High School,Single,2023-02-05 02:14:04.644464446
47.0,35100.0,Male,16600.0,London,PhD,Single,2023-02-05 03:06:29.918991899
60.0,36200.0,Male,20500.0,Rome,Master,Single,2023-02-05 03:58:55.193519352
,41500.0,,20200.0,Rome,Bachelor,Single,2023-02-05 04:51:20.468046804
34.0,,Female,39900.0,Berlin,High School,Single,2023-02-05 05:43:45.742574257
43.0,42900.0,Male,30000.0,Paris,High School,Divorced,2023-02-05 06:36:11.017101710
53.0,59200.0,Male,32100.0,Madrid,High School,Single,2023-02-05 07:28:36.291629163
18.0,35300.0,Male,23700.0,Madrid,Bachelor,Single,
25.0,29300.0,Female,13900.0,Madrid,High School,Single,2023-02-05 09:13:26.840684068
66.0,23000.0,Female,12700.0,London,High School,Single,2023-02-05 10:05:52.115211521
52.0,16600.0,Male,9100.0,Paris,High School,Single,2023-02-05 10:58:17.389738973
69.0,42200.0,Female,20900.0,Paris,High School,Married,2023-02-05 11:50:42.664266426
32.0,45500.0,Male,34100.0,Madrid,High School,Married,2023-02-05 12:43:07.938793879
64.0,40500.0,Male,27200.0,Paris,High School,Single,2023-02-05 13:35:33.213321332
39.0,68700.0,Female,35200.0,Paris,Bachelor,Single,2023-02-05 14:27:58.487848784
31.0,68400.0,Male,34000.0,London,High School,Single,2023-02-05 15:20:23.762376237
43.0,45000.0,Male,18300.0,Paris,Bachelor,Single,2023-02-05 16:12:49.036903690
45.0,23100.0,Male,12400.0,Madrid,Bachelor,Single,2023-02-05 17:05:14.311431143
40.0,41500.0,Male,25300.0,Paris,High School,Married,2023-02-05 17:57:39.585958595
31.0,41000.0,Male,21000.0,Paris,High School,Married,2023-02-05 18:50:04.860486048
41.0,40100.0,Female,27300.0,Rome,Bachelor,Divorced,2023-02-05 19:42:30.135013501
19.0,39500.0,Male,22300.0,Paris,Master,Single,2023-02-05 20:34:55.409540954
62.0,40200.0,Female,21200.0,Madrid,High School,Married,2023-02-05 21:27:20.684068406
43.0,44200.0,Male,34300.0,London,Bachelor,Single,2023-02-05 22:19:45.958595859
31.0,40500.0,Male,20500.0,London,Bachelor,Married,2023-02-05 23:12:11.233123312
68.0,,Female,29700.0,Paris,Master,Single,2023-02-06 00:04:36.507650765
24.0,55400.0,Male,30600.0,London,Master,Single,2023-02-06 00:57:01.782178217
20.0,36300.0,Male,18000.0,Paris,High School,Single,2023-02-06 01:49:27.056705670
64.0,69100.0,Male,33700.0,Rome,High School,Single,2023-02-06 02:41:52.331233123
40.0,35300.0,Male,18400.0,Paris,Bachelor,Married,2023-02-06 03:34:17.605760576
63.0,25700.0,Male,19200.0,Paris,High School,Single,2023-02-06 04:26:42.880288028
60.0,55700.0,Female,39400.0,Madrid,High School,Married,2023-02-06 05:19:08.154815481
64.0,,Female,25300.0,London,Bachelor,Married,2023-02-06 06:11:33.429342934
62.0,54800.0,Male,31900.0,London,Bachelor,Married,2023-02-06 07:03:58.703870387
,13900.0,,8400.0,London,Bachelor,Divorced,2023-02-06 07:56:23.978397839
55.0,70900.0,Female,35900.0,Paris,High School,Single,2023-02-06 08:48:49.252925292
52.0,,Female,25800.0,Paris,PhD,Single,2023-02-06 09:41:14.527452745
68.0,27500.0,Male,14600.0,Madrid,High School,Single,2023-02-06 10:33:39.801980198
32.0,27800.0,Male,16600.0,Paris,High School,Single,2023-02-06 11:26:05.076507650
42.0,75100.0,Male,31800.0,Paris,Bachelor,Married,2023-02-06 12:18:30.351035103
54.0,38900.0,Male,16900.0,London,Master,Married,2023-02-06 13:10:55.625562556
45.0,37500.0,Male,18900.0,Paris,Bachelor,Married,2023-02-06 14:03:20.900090009
27.0,16000.0,Male,8700.0,Berlin,Bachelor,Single,2023-02-06 14:55:46.174617461
,44700.0,,24900.0,London,Bachelor,Divorced,2023-02-06 15:48:11.449144914
34.0,46600.0,Male,20800.0,Madrid,High School,Single,2023-02-06 16:40:36.723672367
56.0,60700.0,Male,29800.0,Paris,Bachelor,Single,
39.0,29000.0,Male,14600.0,Paris,High School,Widowed,2023-02-06 18:25:27.272727272
43.0,,Female,11600.0,Berlin,Master,Single,2023-02-06 19:17:52.547254725
61.0,56800.0,Male,30100.0,Paris,High School,Married,2023-02-06 20:10:17.821782178
42.0,65100.0,Female,27900.0,London,High School,Married,2023-02-06 21:02:43.096309631
34.0,,Female,18000.0,Berlin,Bachelor,Divorced,2023-02-06 21:55:08.370837083
30.0,66200.0,Female,36700.0,London,High School,Single,2023-02-06 22:47:33.645364536
37.0,,Female,26900.0,London,High School,Widowed,2023-02-06 23:39:58.919891989
42.0,66400.0,Female,29900.0,Paris,High School,Single,2023-02-07 00:32:24.194419442
21.0,48900.0,Male,24000.0,Berlin,High School,Single,2023-02-07 01:24:49.468946894
27.0,12200.0,Female,6000.0,Paris,Master,Single,2023-02-07 02:17:14.743474347
20.0,47700.0,Female,37900.0,Madrid,High School,Single,2023-02-07 03:09:40.018001800
,65900.0,,48400.0,Paris,Bachelor,Widowed,2023-02-07 04:02:05.292529253
62.0,36600.0,Male,14900.0,Berlin,Bachelor,Married,2023-02-07 04:54:30.567056705
35.0,44200.0,Male,28600.0,London,Bachelor,Married,2023-02-07 05:46:55.841584158
64.0,47400.0,Male,23800.0,Paris,Bachelor,Single,2023-02-07 06:39:21.116111611
,6500.0,,2900.0,London,Bachelor,Married,
64.0,75100.0,Female,51200.0,Paris,High School,Single,2023-02-07 08:24:11.665166516
39.0,36500.0,Male,16500.0,Paris,Bachelor,Single,2023-02-07 09:16:36.939693969
51.0,57600.0,Male,33300.0,Paris,High School,Married,2023-02-07 10:09:02.214221422
64.0,48700.0,Male,31800.0,Madrid,Bachelor,Married,
25.0,68900.0,Male,42800.0,Paris,High School,Single,
57.0,56100.0,Male,44400.0,Rome,High School,Single,2023-02-07 12:46:18.037803780
66.0,46500.0,Male,33200.0,Paris,Bachelor,Married,2023-02-07 13:38:43.312331233
61.0,36600.0,Male,26000.0,London,High School,Single,2023-02-07 14:31:08.586858685
36.0,62000.0,Male,33600.0,Madrid,Master,Married,
59.0,21900.0,Male,8800.0,Madrid,High School,Married,2023-02-07 16:15:59.135913591
58.0,59700.0,Female,41400.0,Paris,PhD,Married,2023-02-07 17:08:24.410441044
54.0,33500.0,Female,26800.0,London,High School,Single,2023-02-07 18:00:49.684968496
23.0,68800.0,Female,38700.0,Paris,High School,Married,2023-02-07 18:53:14.959495949
69.0,52400.0,Male,41600.0,Paris,High School,Single,2023-02-07 19:45:40.234023402
43.0,59700.0,Male,27300.0,Berlin,High School,Married,2023-02-07 20:38:05.508550855
51.0,51200.0,Male,26600.0,Paris,High School,Single,
62.0,23700.0,Female,11100.0,Paris,High School,Single,2023-02-07 22:22:56.057605760
23.0,37100.0,Female,21900.0,Paris,High School,Divorced,2023-02-07 23:15:21.332133213
54.0,60100.0,Male,43200.0,Paris,High School,Single,2023-02-08 00:07:46.606660666
50.0,52500.0,Female,28200.0,Paris,High School,Married,2023-02-08 01:00:11.881188118
39.0,67700.0,Male,51600.0,Madrid,High School,Married,2023-02-08 01:52:37.155715571
38.0,56000.0,Male,34600.0,Paris,Bachelor,Single,2023-02-08 02:45:02.430243024
23.0,35500.0,Male,20800.0,London,High School,Single,2023-02-08 03:37:27.704770477
23.0,38100.0,Male,27200.0,Berlin,Master,Married,2023-02-08 04:29:52.979297929
65.0,51500.0,Male,22700.0,London,Bachelor,Married,2023-02-08 05:22:18.253825382
21.0,15300.0,Female,10900.0,Berlin,Bachelor,Single,2023-02-08 06:14:43.528352835
47.0,75100.0,Male,37300.0,London,High School,Single,2023-02-08 07:07:08.802880288
28.0,56600.0,Male,29000.0,London,Bachelor,Married,2023-02-08 07:59:34.077407740
47.0,68400.0,Female,43800.0,Paris,High School,Widowed,2023-02-08 08:51:59.351935193
48.0,26300.0,Male,20000.0,Madrid,Master,Married,2023-02-08 09:44:24.626462646
41.0,68700.0,Male,43400.0,Rome,Master,Married,2023-02-08 10:36:49.900990099
,83500.0,,55100.0,London,Bachelor,Divorced,2023-02-08 11:29:15.175517551
20.0,30200.0,Male,21500.0,Paris,Bachelor,Single,2023-02-08 12:21:40.450045004
68.0,61600.0,Male,31000.0,London,Bachelor,Single,2023-02-08 13:14:05.724572457
48.0,50000.0,Male,36500.0,London,High School,Single,2023-02-08 14:06:30.999099910
57.0,26800.0,Male,15200.0,Berlin,Bachelor,Widowed,2023-02-08 14:58:56.273627362
54.0,57400.0,Male,27000.0,London,High School,Divorced,
53.0,62500.0,Female,33800.0,London,Bachelor,Single,2023-02-08 16:43:46.822682268
41.0,41000.0,Female,20400.0,London,High School,Married,2023-02-08 17:36:12.097209721
48.0,67500.0,Female,33200.0,Paris,High School,Single,2023-02-08 18:28:37.371737173
23.0,25000.0,Male,12800.0,Berlin,Bachelor,Married,2023-02-08 19:21:02.646264626
19.0,27600.0,Male,13000.0,Paris,High School,Single,2023-02-08 20:13:27.920792079
37.0,,Female,34700.0,London,Bachelor,Divorced,2023-02-08 21:05:53.195319532
45.0,50400.0,Male,31900.0,Paris,Bachelor,Single,2023-02-08 21:58:18.469846984
28.0,39300.0,Male,25900.0,Paris,PhD,Married,2023-02-08 22:50:43.744374437
21.0,62100.0,Female,33400.0,Paris,High School,Single,
,58000.0,,41100.0,Madrid,Bachelor,Single,2023-02-09 00:35:34.293429343
23.0,62900.0,Male,28400.0,London,Master,Married,2023-02-09 01:27:59.567956795
66.0,48200.0,Female,30300.0,Paris,High School,Single,2023-02-09 02:20:24.842484248
47.0,,Female,30100.0,Berlin,Bachelor,Single,2023-02-09 03:12:50.117011701
55.0,43300.0,Male,26500.0,London,High School,Married,2023-02-09 04:05:15.391539153
68.0,80800.0,Male,42800.0,London,High School,Married,2023-02-09 04:57:40.666066606
,37800.0,,27100.0,London,High School,Single,2023-02-09 05:50:05.940594059
32.0,81600.0,Female,61700.0,Paris,Bachelor,Married,2023-02-09 06:42:31.215121512
28.0,50500.0,Male,35200.0,Paris,High School,Married,2023-02-09 07:34:56.489648964
25.0,29400.0,Male,13800.0,Paris,High School,Single,2023-02-09 08:27:21.764176417
,70500.0,,36000.0,London,High School,Married,2023-02-09 09:19:47.038703870
68.0,51900.0,Male,39800.0,Paris,High School,Married,2023-02-09 10:12:12.313231323
62.0,62800.0,Female,36100.0,London,Bachelor,Married,2023-02-09 11:04:37.587758775
61.0,68400.0,Female,53100.0,Paris,High School,Single,2023-02-09 11:57:02.862286228
22.0,55100.0,Male,30700.0,Paris,High School,Married,2023-02-09 12:49:28.136813681
23.0,41100.0,Female,32100.0,Rome,High School,Married,2023-02-09 13:41:53.411341134
43.0,64600.0,Male,49800.0,Madrid,Bachelor,Single,2023-02-09 14:34:18.685868586
,50000.0,,33200.0,Paris,Master,Married,2023-02-09 15:26:43.960396039
,60300.0,,24300.0,Berlin,Bachelor,Single,2023-02-09 16:19:09.234923492
37.0,17700.0,Male,9900.0,London,Master,Single,2023-02-09 17:11:34.509450945
50.0,56700.0,Female,43300.0,Berlin,High School,Married,2023-02-09 18:03:59.783978397
37.0,40400.0,Female,30500.0,Paris,Bachelor,Single,2023-02-09 18:56:25.058505850
66.0,74800.0,Male,35500.0,Paris,Bachelor,Single,2023-02-09 19:48:50.333033303
29.0,59300.0,Male,33200.0,Madrid,Bachelor,Single,2023-02-09 20:41:15.607560756
64.0,53600.0,Male,39400.0,Madrid,PhD,Single,2023-02-09 21:33:40.882088208
18.0,57300.0,Male,36200.0,London,High School,Single,2023-02-09 22:26:06.156615661
43.0,35000.0,Female,25900.0,Madrid,High School,Married,2023-02-09 23:18:31.431143114
31.0,,Female,54300.0,London,Master,Single,2023-02-10 00:10:56.705670567
55.0,79900.0,Male,61000.0,Paris,High School,Married,2023-02-10 01:03:21.980198019
54.0,55900.0,Male,25000.0,Paris,High School,Single,2023-02-10 01:55:47.254725472
28.0,73900.0,Male,33900.0,Paris,High School,Single,2023-02-10 02:48:12.529252925
,41500.0,,18000.0,Berlin,High School,Divorced,2023-02-10 03:40:37.803780378
30.0,38000.0,Male,29400.0,Rome,High School,Married,2023-02-10 04:33:03.078307830
,50600.0,,29900.0,London,PhD,Single,2023-02-10 05:25:28.352835283
,56500.0,,24100.0,London,High School,Married,2023-02-10 06:17:53.627362736
50.0,44100.0,Female,23300.0,Berlin,Bachelor,Single,2023-02-10 07:10:18.901890189
23.0,58100.0,Male,31400.0,Paris,High School,Divorced,2023-02-10 08:02:44.176417641
67.0,54600.0,Male,39500.0,Paris,High School,Single,2023-02-10 08:55:09.450945094
27.0,35000.0,Male,24300.0,London,High School,Married,2023-02-10 09:47:34.725472547
22.0,57800.0,Female,39100.0,London,Bachelor,Single,2023-02-10 10:40:00.000000000
40.0,63000.0,Female,25800.0,Madrid,High School,,2023-02-10 11:32:25.274527452
27.0,52600.0,Female,40200.0,Paris,Bachelor,Divorced,2023-02-10 12:24:50.549054905
61.0,67300.0,Male,32700.0,London,Bachelor,Single,2023-02-10 13:17:15.823582358
,31700.0,,20700.0,Berlin,High School,Single,2023-02-10 14:09:41.098109811
,57000.0,,24200.0,Paris,High School,Married,2023-02-10 15:02:06.372637263
57.0,32400.0,Male,14000.0,London,High School,Single,2023-02-10 15:54:31.647164716
19.0,33300.0,Male,13400.0,Paris,Bachelor,,2023-02-10 16:46:56.921692169
37.0,40500.0,Female,25400.0,London,Master,Married,2023-02-10 17:39:22.196219622
18.0,35900.0,Male,23400.0,Berlin,Bachelor,Single,2023-02-10 18:31:47.470747074
54.0,41800.0,Male,17600.0,Paris,High School,Married,2023-02-10 19:24:12.745274527
26.0,,Female,24200.0,Berlin,Master,Single,2023-02-10 20:16:38.019801980
34.0,62600.0,Male,46400.0,Paris,High School,Divorced,2023-02-10 21:09:03.294329433
26.0,45200.0,Male,19900.0,Paris,High School,Single,2023-02-10 22:01:28.568856885
28.0,26200.0,Male,12700.0,London,Bachelor,Married,2023-02-10 22:53:53.843384338
32.0,67100.0,Male,38200.0,Madrid,High School,Single,2023-02-10 23:46:19.117911791
41.0,37400.0,Female,27600.0,Paris,PhD,Married,2023-02-11 00:38:44.392439243
55.0,49100.0,Male,24600.0,Paris,High School,Single,2023-02-11 01:31:09.666966696
52.0,56700.0,Female,45300.0,London,High School,Single,2023-02-11 02:23:34.941494149
47.0,53000.0,Female,28700.0,Paris,High School,Single,2023-02-11 03:16:00.216021602
48.0,66400.0,Female,36800.0,Paris,Bachelor,Single,2023-02-11 04:08:25.490549054
66.0,57200.0,Male,25700.0,Paris,Bachelor,Single,2023-02-11 05:00:50.765076507
22.0,37100.0,Male,24900.0,Berlin,PhD,Single,2023-02-11 05:53:16.039603960
,82700.0,,41100.0,Rome,Bachelor,Widowed,2023-02-11 06:45:41.314131413
,52900.0,,34500.0,Paris,Bachelor,Single,2023-02-11 07:38:06.588658865
31.0,47800.0,Female,23400.0,London,High School,Married,
28.0,64500.0,Male,35800.0,Paris,High School,Single,2023-02-11 09:22:57.137713771
26.0,53700.0,Female,39900.0,London,Bachelor,Single,2023-02-11 10:15:22.412241224
51.0,56000.0,Male,39000.0,Paris,Master,Single,2023-02-11 11:07:47.686768676
29.0,87400.0,Male,40400.0,Paris,Bachelor,Married,2023-02-11 12:00:12.961296129
52.0,45900.0,Female,29500.0,Berlin,High School,,2023-02-11 12:52:38.235823582
52.0,45200.0,Male,29400.0,Paris,Bachelor,Married,2023-02-11 13:45:03.510351035
18.0,51700.0,Female,22600.0,Paris,High School,Widowed,2023-02-11 14:37:28.784878487
57.0,66100.0,Male,38800.0,Rome,High School,Single,2023-02-11 15:29:54.059405940
39.0,27400.0,Female,13800.0,Rome,Bachelor,Single,
,20500.0,,12000.0,Paris,Bachelor,Single,2023-02-11 17:14:44.608460846
25.0,41200.0,Female,29300.0,London,High School,Single,2023-02-11 18:07:09.882988298
,25500.0,,11800.0,London,Bachelor,Single,2023-02-11 18:59:35.157515751
58.0,43600.0,Male,19600.0,London,High School,Widowed,2023-02-11 19:52:00.432043204
54.0,,Female,29200.0,Madrid,High School,Married,2023-02-11 20:44:25.706570657
31.0,36600.0,Female,28600.0,Berlin,Bachelor,Widowed,2023-02-11 21:36:50.981098109
47.0,28600.0,Male,20000.0,Berlin,High School,Single,2023-02-11 22:29:16.255625562
52.0,51000.0,Male,20800.0,Paris,Bachelor,,2023-02-11 23:21:41.530153015
38.0,62900.0,Male,35200.0,London,Bachelor,Single,2023-02-12 00:14:06.804680468
54.0,24600.0,Male,12400.0,London,Master,Married,2023-02-12 01:06:32.079207920
22.0,62300.0,Female,40800.0,Paris,Master,Married,
36.0,62300.0,Male,36400.0,Paris,High School,Divorced,2023-02-12 02:51:22.628262826
31.0,64300.0,Male,50500.0,Paris,High School,Single,2023-02-12 03:43:47.902790279
43.0,68300.0,Male,33300.0,Paris,Bachelor,Single,2023-02-12 04:36:13.177317731
21.0,83000.0,Male,52700.0,Paris,High School,Single,2023-02-12 05:28:38.451845184
42.0,,Female,30400.0,Paris,Bachelor,Married,2023-02-12 06:21:03.726372637
62.0,,Female,37700.0,Paris,High School,Married,2023-02-12 07:13:29.000900090
59.0,43800.0,Male,24700.0,London,Bachelor,Single,2023-02-12 08:05:54.275427542
42.0,50000.0,Female,33700.0,London,High School,Single,2023-02-12 08:58:19.549954995
35.0,73000.0,Male,38100.0,Paris,High School,Divorced,2023-02-12 09:50:44.824482448
57.0,29800.0,Male,17100.0,Madrid,PhD,Married,2023-02-12 10:43:10.099009901
25.0,37100.0,Male,28100.0,London,High School,Single,2023-02-12 11:35:35.373537353
56.0,70700.0,Male,55100.0,Berlin,Bachelor,Single,2023-02-12 12:28:00.648064806
57.0,65300.0,Male,44900.0,Madrid,Bachelor,Married,2023-02-12 13:20:25.922592259
31.0,44600.0,Male,24500.0,Paris,High School,Single,2023-02-12 14:12:51.197119712
49.0,62800.0,Female,45700.0,London,Bachelor,Single,2023-02-12 15:05:16.471647164
68.0,,Female,22600.0,London,High School,Married,2023-02-12 15:57:41.746174617
55.0,72500.0,Female,32000.0,Paris,Bachelor,Single,2023-02-12 16:50:07.020702070
50.0,51100.0,Male,34000.0,Paris,Bachelor,Single,2023-02-12 17:42:32.295229523
,65400.0,,33800.0,Berlin,High School,Single,2023-02-12 18:34:57.569756975
32.0,89600.0,Male,69900.0,Paris,High School,Single,2023-02-12 19:27:22.844284428
50.0,59000.0,Male,33900.0,Rome,Bachelor,Single,2023-02-12 20:19:48.118811881
42.0,50700.0,Male,29000.0,Berlin,Bachelor,Single,2023-02-12 21:12:13.393339333
34.0,60800.0,Male,40800.0,London,Bachelor,Single,2023-02-12 22:04:38.667866786
50.0,44500.0,Male,31500.0,Paris,High School,Married,2023-02-12 22:57:03.942394239
64.0,85800.0,Male,50600.0,London,Bachelor,Widowed,2023-02-12 23:49:29.216921692
19.0,52700.0,Male,25600.0,Paris,High School,Married,2023-02-13 00:41:54.491449144
31.0,45900.0,Male,32600.0,Paris,Bachelor,,2023-02-13 01:34:19.765976597
57.0,37500.0,Male,19800.0,Berlin,High School,Single,2023-02-13 02:26:45.040504050
57.0,66500.0,Male,31300.0,Paris,High School,Single,2023-02-13 03:19:10.315031503
68.0,63000.0,Female,41100.0,London,Bachelor,Single,2023-02-13 04:11:35.589558955
56.0,42500.0,Male,18500.0,Berlin,High School,Single,2023-02-13 05:04:00.864086408
68.0,58600.0,Female,46200.0,Paris,Master,Single,2023-02-13 05:56:26.138613861
23.0,27400.0,Male,17900.0,London,Bachelor,Married,2023-02-13 06:48:51.413141314
23.0,52800.0,Male,41900.0,London,Master,Married,2023-02-13 07:41:16.687668766
,56800.0,,30400.0,London,High School,Married,2023-02-13 08:33:41.962196219
24.0,75600.0,Male,59600.0,Berlin,High School,Widowed,2023-02-13 09:26:07.236723672
68.0,38400.0,Male,17600.0,Madrid,Bachelor,Single,2023-02-13 10:18:32.511251125
25.0,30800.0,Female,12800.0,London,High School,Widowed,2023-02-13 11:10:57.785778577
59.0,36600.0,Male,15100.0,London,High School,Single,2023-02-13 12:03:23.060306030
69.0,30000.0,Male,17600.0,London,Bachelor,Single,2023-02-13 12:55:48.334833483
32.0,70000.0,Female,30300.0,Berlin,Bachelor,Divorced,2023-02-13 13:48:13.609360936
64.0,73200.0,Female,44300.0,London,High School,Single,2023-02-13 14:40:38.883888388
46.0,54800.0,Male,29100.0,Paris,Bachelor,Single,2023-02-13 15:33:04.158415841
50.0,68300.0,Male,36500.0,Paris,High School,Single,2023-02-13 16:25:29.432943294
69.0,52000.0,Female,34000.0,Madrid,Bachelor,Single,2023-02-13 17:17:54.707470747
47.0,48600.0,Male,22600.0,Paris,High School,Widowed,2023-02-13 18:10:19.981998199
56.0,45000.0,Male,31800.0,London,High School,Single,2023-02-13 19:02:45.256525652
44.0,45300.0,Male,28700.0,Berlin,Bachelor,Widowed,2023-02-13 19:55:10.531053105
53.0,26800.0,Female,20500.0,Paris,Bachelor,Single,2023-02-13 20:47:35.805580558
46.0,54000.0,Male,29500.0,London,High School,Single,2023-02-13 21:40:01.080108010
55.0,49400.0,Female,39200.0,Paris,Bachelor,Single,2023-02-13 22:32:26.354635463
50.0,61200.0,Male,38600.0,Rome,High School,,2023-02-13 23:24:51.629162916
54.0,51400.0,Male,40600.0,Paris,Master,Single,2023-02-14 00:17:16.903690369
44.0,47600.0,Female,19600.0,London,Bachelor,Married,2023-02-14 01:09:42.178217821
50.0,36900.0,Female,25500.0,London,Bachelor,Single,2023-02-14 02:02:07.452745274
21.0,51100.0,Male,37100.0,Berlin,High School,Married,2023-02-14 02:54:32.727272727
39.0,61100.0,Male,25700.0,Paris,High School,Married,2023-02-14 03:46:58.001800180
19.0,32800.0,Female,20700.0,London,High School,Single,2023-02-14 04:39:23.276327632
27.0,51300.0,Male,37000.0,Paris,High School,Married,2023-02-14 05:31:48.550855085
22.0,53500.0,Male,33400.0,Paris,High School,Divorced,2023-02-14 06:24:13.825382538
27.0,39200.0,Male,16700.0,Berlin,High School,Married,2023-02-14 07:16:39.099909991
,41200.0,,27900.0,Paris,Bachelor,,2023-02-14 08:09:04.374437443
55.0,53500.0,Female,22700.0,Berlin,High School,,2023-02-14 09:01:29.648964896
30.0,33000.0,Female,24000.0,Berlin,Master,Married,2023-02-14 09:53:54.923492349
,55200.0,,23000.0,Madrid,High School,Single,2023-02-14 10:46:20.198019802
64.0,36600.0,Male,16700.0,London,PhD,,2023-02-14 11:38:45.472547254
53.0,65900.0,Male,33600.0,Paris,PhD,Single,2023-02-14 12:31:10.747074707
62.0,85100.0,Male,55600.0,London,High School,,2023-02-14 13:23:36.021602160
41.0,37100.0,Male,29300.0,Rome,PhD,Single,2023-02-14 14:16:01.296129613
69.0,58000.0,Male,25900.0,Madrid,Master,Single,2023-02-14 15:08:26.570657065
32.0,39100.0,Male,17900.0,London,High School,Single,2023-02-14 16:00:51.845184518
46.0,65600.0,Male,35900.0,Madrid,Master,Single,2023-02-14 16:53:17.119711971
25.0,31000.0,Male,22800.0,Berlin,High School,Single,2023-02-14 17:45:42.394239423
22.0,57200.0,Female,33600.0,Madrid,High School,Married,2023-02-14 18:38:07.668766876
46.0,36900.0,Male,19500.0,London,Bachelor,Divorced,2023-02-14 19:30:32.943294329
64.0,46900.0,Male,29300.0,Madrid,High School,Single,2023-02-14 20:22:58.217821782
21.0,34500.0,Male,17400.0,Madrid,High School,Single,2023-02-14 21:15:23.492349234
29.0,62300.0,Female,34900.0,Paris,PhD,Single,2023-02-14 22:07:48.766876687
62.0,37400.0,Male,19900.0,Rome,PhD,Divorced,2023-02-14 23:00:14.041404140
19.0,58300.0,Male,42100.0,Paris,Bachelor,Married,2023-02-14 23:52:39.315931593
44.0,44800.0,Male,34500.0,London,Bachelor,Single,2023-02-15 00:45:04.590459045
,48300.0,,34000.0,Berlin,Master,Married,2023-02-15 01:37:29.864986498
68.0,52200.0,Female,30000.0,London,High School,,2023-02-15 02:29:55.139513951
68.0,38600.0,Male,23200.0,Madrid,Master,Single,2023-02-15 03:22:20.414041404
53.0,53200.0,Male,23900.0,London,High School,Single,2023-02-15 04:14:45.688568856
53.0,73000.0,Male,51000.0,Paris,Master,,2023-02-15 05:07:10.963096309
43.0,38300.0,Male,24500.0,Paris,Bachelor,Married,2023-02-15 05:59:36.237623762
60.0,67600.0,Male,51400.0,London,PhD,Single,2023-02-15 06:52:01.512151215
44.0,72500.0,Male,34800.0,Berlin,Master,Married,2023-02-15 07:44:26.786678667
22.0,37800.0,Female,26600.0,Paris,Master,Married,2023-02-15 08:36:52.061206120
37.0,28200.0,Female,19000.0,London,Bachelor,Single,2023-02-15 09:29:17.335733573
28.0,54500.0,Female,27600.0,Paris,Master,Married,2023-02-15 10:21:42.610261026
27.0,41800.0,Male,27900.0,Berlin,Bachelor,Single,2023-02-15 11:14:07.884788478
57.0,78000.0,Male,60000.0,Paris,High School,,2023-02-15 12:06:33.159315931
55.0,50500.0,Male,38800.0,Berlin,Bachelor,Married,2023-02-15 12:58:58.433843384
23.0,38000.0,Male,26100.0,Paris,High School,Widowed,2023-02-15 13:51:23.708370837
25.0,32800.0,Male,13800.0,Paris,Master,Single,2023-02-15 14:43:48.982898289
40.0,66300.0,Female,49700.0,Madrid,High School,Single,
64.0,41400.0,Male,27500.0,London,PhD,Single,2023-02-15 16:28:39.531953195
43.0,50700.0,Female,26600.0,London,High School,Divorced,2023-02-15 17:21:04.806480648
63.0,64300.0,Male,30500.0,Berlin,High School,Divorced,2023-02-15 18:13:30.081008100
60.0,42700.0,Male,19100.0,London,Master,Married,2023-02-15 19:05:55.355535553
29.0,49300.0,Male,20700.0,Berlin,High School,Single,2023-02-15 19:58:20.630063006
43.0,49800.0,Male,34900.0,Berlin,High School,Divorced,2023-02-15 20:50:45.904590459
30.0,60200.0,Male,29800.0,London,Bachelor,Single,2023-02-15 21:43:11.179117911
,58900.0,,24100.0,Paris,High School,Single,2023-02-15 22:35:36.453645364
35.0,,Female,26100.0,Paris,Bachelor,Married,2023-02-15 23:28:01.728172817
42.0,51000.0,Male,30200.0,Madrid,Bachelor,Married,2023-02-16 00:20:27.002700270
50.0,44400.0,Male,20800.0,Rome,PhD,Married,2023-02-16 01:12:52.277227722
64.0,27800.0,Female,11600.0,Paris,High School,Married,2023-02-16 02:05:17.551755175
57.0,,Female,25600.0,Paris,High School,Divorced,2023-02-16 02:57:42.826282628
,78400.0,,52700.0,Paris,Bachelor,Single,2023-02-16 03:50:08.100810081
29.0,36700.0,Female,15900.0,London,High School,Married,2023-02-16 04:42:33.375337533
61.0,38400.0,Male,23900.0,Paris,High School,Single,2023-02-16 05:34:58.649864986
53.0,36900.0,Male,16900.0,Berlin,High School,Single,2023-02-16 06:27:23.924392439
65.0,60900.0,Male,29100.0,Madrid,Bachelor,Single,2023-02-16 07:19:49.198919892
21.0,56700.0,Male,31600.0,Rome,Master,Divorced,2023-02-16 08:12:14.473447344
22.0,47600.0,Male,21000.0,Paris,High School,Widowed,2023-02-16 09:04:39.747974797
54.0,36200.0,Male,17000.0,Rome,High School,Single,2023-02-16 09:57:05.022502250
25.0,51400.0,Male,27700.0,Berlin,Bachelor,Married,2023-02-16 10:49:30.297029703
59.0,26500.0,Female,14100.0,Paris,High School,Single,2023-02-16 11:41:55.571557155
66.0,52200.0,Female,36500.0,London,Bachelor,Single,2023-02-16 12:34:20.846084608
45.0,63100.0,Male,27100.0,Berlin,High School,Single,2023-02-16 13:26:46.120612061
48.0,31200.0,Male,23200.0,Rome,High School,Single,2023-02-16 14:19:11.395139514
26.0,27000.0,Male,19600.0,Paris,High School,Single,2023-02-16 15:11:36.669666966
68.0,73700.0,Male,52100.0,Paris,High School,,2023-02-16 16:04:01.944194419
46.0,40800.0,Male,21400.0,London,Master,Single,2023-02-16 16:56:27.218721872
31.0,67000.0,Male,48900.0,Rome,Master,Married,2023-02-16 17:48:52.493249324
57.0,47700.0,Male,22600.0,Rome,Bachelor,Single,
58.0,47600.0,Male,21400.0,Paris,Bachelor,Married,2023-02-16 19:33:43.042304230
39.0,56600.0,Male,23700.0,Paris,High School,Married,2023-02-16 20:26:08.316831683
28.0,,Female,28500.0,Madrid,Bachelor,Married,2023-02-16 21:18:33.591359135
40.0,52000.0,Male,27200.0,Berlin,Bachelor,Single,2023-02-16 22:10:58.865886588
18.0,44300.0,Male,34000.0,Rome,High School,Single,2023-02-16 23:03:24.140414041
63.0,30200.0,Male,15400.0,Madrid,High School,Widowed,2023-02-16 23:55:49.414941494
54.0,55100.0,Male,42000.0,Paris,High School,Single,2023-02-17 00:48:14.689468946
38.0,46100.0,Male,35100.0,Berlin,High School,Single,2023-02-17 01:40:39.963996399
43.0,47600.0,Female,36600.0,Paris,Bachelor,Divorced,2023-02-17 02:33:05.238523852
63.0,31800.0,Male,19000.0,Berlin,Master,Single,2023-02-17 03:25:30.513051305
53.0,,Female,55200.0,London,Bachelor,Married,2023-02-17 04:17:55.787578757
40.0,63200.0,Male,49300.0,Rome,High School,Single,2023-02-17 05:10:21.062106210
18.0,64500.0,Male,34200.0,Rome,High School,Single,2023-02-17 06:02:46.336633663
68.0,45400.0,Male,25800.0,Paris,High School,Single,2023-02-17 06:55:11.611161116
57.0,24100.0,Male,16600.0,Paris,Bachelor,Single,2023-02-17 07:47:36.885688568
32.0,79300.0,Male,41200.0,London,High School,Single,2023-02-17 08:40:02.160216021
38.0,,Female,34400.0,Madrid,High School,Married,2023-02-17 09:32:27.434743474
,38800.0,,16700.0,Berlin,Bachelor,Widowed,
26.0,56300.0,Male,34300.0,Rome,High School,,2023-02-17 11:17:17.983798379
26.0,67500.0,Female,30300.0,London,High School,,2023-02-17 12:09:43.258325832
27.0,49700.0,Male,25700.0,Paris,High School,Married,2023-02-17 13:02:08.532853285
69.0,69200.0,Male,34800.0,Paris,High School,Married,2023-02-17 13:54:33.807380738
43.0,66200.0,Male,48700.0,Paris,Bachelor,Single,2023-02-17 14:46:59.081908190
58.0,33900.0,Male,16200.0,London,High School,Single,2023-02-17 15:39:24.356435643
52.0,39900.0,Male,28900.0,Madrid,High School,Married,2023-02-17 16:31:49.630963096
69.0,64400.0,Male,46200.0,Paris,High School,Married,2023-02-17 17:24:14.905490549
42.0,9300.0,Male,5600.0,Madrid,High School,Widowed,2023-02-17 18:16:40.180018001
43.0,47800.0,Male,23600.0,Paris,Master,Married,2023-02-17 19:09:05.454545454
28.0,28500.0,Male,14000.0,Paris,High School,Single,2023-02-17 20:01:30.729072907
55.0,42900.0,Male,25100.0,London,High School,Married,2023-02-17 20:53:56.003600360
19.0,45500.0,Male,18400.0,London,Bachelor,Single,2023-02-17 21:46:21.278127812
24.0,44600.0,Female,27300.0,Madrid,High School,Single,2023-02-17 22:38:46.552655265
35.0,41700.0,Male,32600.0,London,Bachelor,Married,2023-02-17 23:31:11.827182718
44.0,33500.0,Female,15500.0,Paris,High School,Divorced,2023-02-18 00:23:37.101710171
51.0,84400.0,Male,53100.0,Berlin,PhD,Divorced,2023-02-18 01:16:02.376237623
44.0,78000.0,Male,,Rome,PhD,Married,2023-02-18 02:08:27.650765076
34.0,32600.0,Male,24300.0,London,Bachelor,Single,2023-02-18 03:00:52.925292529
60.0,,Female,54500.0,Paris,Bachelor,Single,2023-02-18 03:53:18.199819982
61.0,44000.0,Male,32100.0,Paris,High School,Single,2023-02-18 04:45:43.474347434
68.0,51900.0,Female,27200.0,Paris,PhD,Widowed,2023-02-18 05:38:08.748874887
41.0,49100.0,Female,37100.0,Paris,High School,Married,2023-02-18 06:30:34.023402340
42.0,40100.0,Male,31100.0,Madrid,High School,Married,2023-02-18 07:22:59.297929793
24.0,64800.0,Male,38800.0,Paris,High School,Married,2023-02-18 08:15:24.572457245
69.0,51900.0,Male,28100.0,London,High School,Married,2023-02-18 09:07:49.846984698
23.0,42900.0,Male,24300.0,London,Bachelor,Married,2023-02-18 10:00:15.121512151
41.0,30400.0,Male,16200.0,Madrid,High School,Single,2023-02-18 10:52:40.396039604
50.0,36600.0,Female,17700.0,Paris,Bachelor,Single,2023-02-18 11:45:05.670567056
66.0,25400.0,Male,16400.0,London,High School,Divorced,2023-02-18 12:37:30.945094509
46.0,50200.0,Male,31400.0,Paris,Master,Single,2023-02-18 13:29:56.219621962
60.0,32100.0,Male,18800.0,Paris,Bachelor,Married,2023-02-18 14:22:21.494149414
39.0,46000.0,Female,20200.0,Paris,Bachelor,Married,2023-02-18 15:14:46.768676867
43.0,70600.0,Male,50700.0,London,Bachelor,Married,2023-02-18 16:07:12.043204320
45.0,68000.0,Female,32000.0,Paris,Master,Single,2023-02-18 16:59:37.317731773
67.0,49500.0,Female,22100.0,London,High School,Single,2023-02-18 17:52:02.592259225
38.0,48700.0,Male,31600.0,Paris,High School,Single,2023-02-18 18:44:27.866786678
66.0,78200.0,Male,43700.0,Rome,Bachelor,Married,2023-02-18 19:36:53.141314131
24.0,57800.0,Male,24500.0,London,Bachelor,,2023-02-18 20:29:18.415841584
34.0,45100.0,Male,24500.0,Madrid,High School,Single,2023-02-18 21:21:43.690369036
37.0,28600.0,Female,20300.0,Paris,High School,,2023-02-18 22:14:08.964896489
58.0,55900.0,Male,36100.0,Berlin,High School,Divorced,2023-02-18 23:06:34.239423942
66.0,62400.0,Male,34000.0,London,High School,Single,2023-02-18 23:58:59.513951395
37.0,40500.0,Male,19300.0,Paris,Master,Widowed,2023-02-19 00:51:24.788478847
39.0,54400.0,Male,35500.0,Berlin,High School,Single,2023-02-19 01:43:50.063006300
45.0,44500.0,Male,33600.0,Berlin,Bachelor,Divorced,2023-02-19 02:36:15.337533753
57.0,47200.0,Male,31100.0,Rome,Bachelor,Single,2023-02-19 03:28:40.612061206
66.0,,Female,9200.0,Berlin,High School,Single,2023-02-19 04:21:05.886588658
24.0,46700.0,Male,28400.0,Paris,High School,Single,2023-02-19 05:13:31.161116111
18.0,64500.0,Male,44300.0,Paris,High School,Divorced,2023-02-19 06:05:56.435643564
49.0,40500.0,Female,30700.0,London,Bachelor,Single,2023-02-19 06:58:21.710171017
30.0,50800.0,Female,36000.0,Paris,High School,Married,2023-02-19 07:50:46.984698469
47.0,38700.0,Male,29600.0,Berlin,High School,Single,2023-02-19 08:43:12.259225922
40.0,55400.0,Male,31700.0,London,High School,Divorced,2023-02-19 09:35:37.533753375
68.0,46800.0,Male,35600.0,Madrid,High School,,2023-02-19 10:28:02.808280828
36.0,35900.0,Male,23300.0,London,High School,Single,2023-02-19 11:20:28.082808280
49.0,70000.0,Female,52400.0,London,High School,Single,
47.0,63900.0,Male,26600.0,Paris,High School,Married,2023-02-19 13:05:18.631863186
46.0,40900.0,Female,27100.0,Paris,Bachelor,Single,2023-02-19 13:57:43.906390639
66.0,57500.0,Male,42500.0,Berlin,High School,Single,2023-02-19 14:50:09.180918091
62.0,58100.0,Male,27300.0,Rome,Bachelor,Married,2023-02-19 15:42:34.455445544
46.0,59600.0,Male,39600.0,London,Bachelor,Single,2023-02-19 16:34:59.729972997
47.0,24600.0,Male,18000.0,Berlin,Master,Single,2023-02-19 17:27:25.004500450
33.0,65100.0,Male,33500.0,London,High School,Single,2023-02-19 18:19:50.279027902
57.0,41500.0,Male,23300.0,Rome,High School,Single,2023-02-19 19:12:15.553555355
36.0,44600.0,Male,28000.0,Paris,Master,Single,2023-02-19 20:04:40.828082808
35.0,,Female,54400.0,London,Master,Married,2023-02-19 20:57:06.102610261
18.0,54500.0,Male,22700.0,London,High School,Single,2023-02-19 21:49:31.377137713
31.0,,Female,19400.0,London,High School,Married,2023-02-19 22:41:56.651665166
68.0,16900.0,Male,7400.0,Paris,Master,Single,2023-02-19 23:34:21.926192619
64.0,70800.0,Female,35700.0,London,High School,Married,2023-02-20 00:26:47.200720072
67.0,29800.0,Female,14900.0,London,Master,Divorced,2023-02-20 01:19:12.475247524
19.0,34900.0,Male,24300.0,Paris,PhD,Single,2023-02-20 02:11:37.749774977
45.0,45000.0,Female,28300.0,Berlin,High School,Single,2023-02-20 03:04:03.024302430
66.0,71200.0,Male,50200.0,Berlin,Master,Single,2023-02-20 03:56:28.298829883
67.0,61600.0,Female,26400.0,Madrid,High School,Divorced,2023-02-20 04:48:53.573357335
47.0,47600.0,Male,28300.0,London,Bachelor,Single,2023-02-20 05:41:18.847884788
55.0,54600.0,Male,28900.0,Paris,High School,Widowed,2023-02-20 06:33:44.122412241
68.0,41000.0,Male,30300.0,London,High School,Single,2023-02-20 07:26:09.396939694
21.0,52100.0,Male,35600.0,Paris,Bachelor,Single,2023-02-20 08:18:34.671467146
18.0,51100.0,Male,38200.0,London,High School,Single,2023-02-20 09:10:59.945994599
25.0,,Female,27000.0,Paris,Master,Single,
46.0,,Female,44400.0,Paris,High School,Married,2023-02-20 10:55:50.495049504
56.0,57400.0,Male,35400.0,Paris,High School,Married,2023-02-20 11:48:15.769576957
20.0,44600.0,Female,32600.0,Paris,High School,,2023-02-20 12:40:41.044104410
49.0,,Female,36800.0,Rome,Master,Married,2023-02-20 13:33:06.318631863
27.0,48600.0,Male,29900.0,Rome,High School,Married,2023-02-20 14:25:31.593159315
27.0,33800.0,Male,14200.0,London,Master,Married,2023-02-20 15:17:56.867686768
36.0,44000.0,Male,29400.0,Paris,High School,Single,2023-02-20 16:10:22.142214221
63.0,51300.0,Female,26100.0,Madrid,High School,Single,2023-02-20 17:02:47.416741674
51.0,,Female,26000.0,Madrid,Master,Single,2023-02-20 17:55:12.691269126
50.0,47200.0,Male,20100.0,Madrid,High School,Single,2023-02-20 18:47:37.965796579
40.0,31900.0,Male,25000.0,London,High School,Married,2023-02-20 19:40:03.240324032
45.0,50900.0,Female,27400.0,Paris,Master,Married,2023-02-20 20:32:28.514851485
49.0,51700.0,Female,38600.0,Paris,Bachelor,Married,2023-02-20 21:24:53.789378937
67.0,52800.0,Female,41400.0,Madrid,Bachelor,Married,2023-02-20 22:17:19.063906390
24.0,63800.0,Male,49600.0,Madrid,Master,Single,2023-02-20 23:09:44.338433843
46.0,65300.0,Male,49200.0,London,Bachelor,Single,2023-02-21 00:02:09.612961296
25.0,41100.0,Male,31200.0,Paris,Master,Married,2023-02-21 00:54:34.887488748
18.0,40800.0,Male,21000.0,London,Bachelor,Single,2023-02-21 01:47:00.162016201
20.0,34400.0,Female,15800.0,Berlin,Bachelor,Married,2023-02-21 02:39:25.436543654
41.0,60500.0,Male,39700.0,Berlin,High School,Single,2023-02-21 03:31:50.711071107
40.0,71700.0,Female,42700.0,London,Master,Married,2023-02-21 04:24:15.985598559
25.0,45300.0,Male,19900.0,Paris,Bachelor,Widowed,2023-02-21 05:16:41.260126012
64.0,46400.0,Female,31100.0,Paris,High School,Single,2023-02-21 06:09:06.534653465
54.0,72000.0,Male,45000.0,Berlin,Bachelor,Single,2023-02-21 07:01:31.809180918
20.0,57600.0,Male,42900.0,Berlin,High School,Single,2023-02-21 07:53:57.083708370
68.0,56500.0,Male,36400.0,Paris,Bachelor,Single,2023-02-21 08:46:22.358235823
50.0,32100.0,Male,20200.0,Paris,PhD,,2023-02-21 09:38:47.632763276
45.0,60200.0,Female,34700.0,London,High School,Single,2023-02-21 10:31:12.907290729
64.0,36100.0,Male,21100.0,Paris,PhD,Single,2023-02-21 11:23:38.181818181
,33000.0,,25800.0,London,High School,Married,2023-02-21 12:16:03.456345634
51.0,44800.0,Female,20400.0,London,High School,Single,2023-02-21 13:08:28.730873087
52.0,41200.0,Female,23800.0,Berlin,High School,Married,2023-02-21 14:00:54.005400540
49.0,46700.0,Male,30900.0,Berlin,High School,Single,2023-02-21 14:53:19.279927992
41.0,28400.0,Female,16300.0,Paris,Bachelor,Single,2023-02-21 15:45:44.554455445
31.0,64400.0,Male,33100.0,London,Master,Single,2023-02-21 16:38:09.828982898
49.0,66900.0,Male,34400.0,Paris,High School,Single,2023-02-21 17:30:35.103510351
63.0,20800.0,Male,10300.0,Berlin,High School,Divorced,2023-02-21 18:23:00.378037803
60.0,64700.0,Male,34800.0,Berlin,Bachelor,Single,
33.0,37800.0,Male,28300.0,Paris,Bachelor,Single,2023-02-21 20:07:50.927092709
21.0,62900.0,Male,37900.0,Paris,PhD,Single,2023-02-21 21:00:16.201620162
69.0,49000.0,Male,24300.0,Paris,High School,Single,2023-02-21 21:52:41.476147614
54.0,,Female,27900.0,London,Master,Married,2023-02-21 22:45:06.750675067
38.0,47200.0,Male,20900.0,Paris,High School,Single,2023-02-21 23:37:32.025202520
,68200.0,,51900.0,London,High School,Single,2023-02-22 00:29:57.299729973
48.0,31400.0,Female,17700.0,London,PhD,Single,2023-02-22 01:22:22.574257425
65.0,59100.0,Male,46800.0,London,High School,Single,2023-02-22 02:14:47.848784878
35.0,66500.0,Male,35800.0,Madrid,Bachelor,,2023-02-22 03:07:13.123312331
24.0,60700.0,Male,44600.0,Paris,Bachelor,Married,2023-02-22 03:59:38.397839784
27.0,84900.0,Female,42700.0,Madrid,High School,Divorced,2023-02-22 04:52:03.672367236
24.0,42100.0,Male,18100.0,Paris,Bachelor,Single,2023-02-22 05:44:28.946894689
50.0,64400.0,Male,26600.0,Paris,Bachelor,Single,2023-02-22 06:36:54.221422142
40.0,48400.0,Female,31100.0,London,High School,Married,2023-02-22 07:29:19.495949595
38.0,68500.0,Male,35900.0,London,Bachelor,Single,2023-02-22 08:21:44.770477047
36.0,49900.0,Male,28800.0,Paris,Master,Single,2023-02-22 09:14:10.045004500
65.0,44200.0,Male,32200.0,London,High School,Single,2023-02-22 10:06:35.319531953
36.0,69600.0,Female,34700.0,Paris,PhD,Married,2023-02-22 10:59:00.594059406
53.0,42600.0,Female,22300.0,Madrid,High School,Single,2023-02-22 11:51:25.868586858
46.0,28800.0,Male,21300.0,London,High School,Single,2023-02-22 12:43:51.143114311
35.0,42200.0,Male,25200.0,London,Bachelor,,2023-02-22 13:36:16.417641764
19.0,59300.0,Female,43400.0,Madrid,High School,Married,2023-02-22 14:28:41.692169217
18.0,70900.0,Female,39000.0,Berlin,Master,Married,2023-02-22 15:21:06.966696669
64.0,,Female,28900.0,London,Master,Married,2023-02-22 16:13:32.241224122
22.0,69800.0,Male,32600.0,London,Master,,2023-02-22 17:05:57.515751575
37.0,29600.0,Female,22700.0,London,Bachelor,Single,2023-02-22 17:58:22.790279028
28.0,43400.0,Male,32900.0,Paris,Master,Single,2023-02-22 18:50:48.064806480
59.0,45700.0,Male,36300.0,Paris,Bachelor,Divorced,2023-02-22 19:43:13.339333933
19.0,48300.0,Female,27100.0,Paris,Bachelor,Married,2023-02-22 20:35:38.613861386
20.0,51300.0,Male,37300.0,Berlin,Master,Married,2023-02-22 21:28:03.888388839
40.0,60400.0,Female,34200.0,Paris,High School,,2023-02-22 22:20:29.162916291
29.0,43300.0,Male,25200.0,Paris,Bachelor,Married,2023-02-22 23:12:54.437443744
37.0,52100.0,Female,38100.0,Paris,High School,Married,2023-02-23 00:05:19.711971197
22.0,49300.0,Male,23200.0,London,Master,Married,2023-02-23 00:57:44.986498650
54.0,36100.0,Male,17600.0,London,High School,Single,2023-02-23 01:50:10.261026102
55.0,48300.0,Male,25400.0,London,High School,Widowed,2023-02-23 02:42:35.535553555
47.0,47800.0,Male,34200.0,Paris,High School,Married,2023-02-23 03:35:00.810081008
26.0,47500.0,Female,26100.0,Madrid,High School,Single,2023-02-23 04:27:26.084608461
51.0,50500.0,Male,27400.0,London,High School,Single,2023-02-23 05:19:51.359135913
61.0,51100.0,Male,40900.0,London,Bachelor,Married,2023-02-23 06:12:16.633663366
52.0,43500.0,Male,24100.0,Madrid,High School,Single,2023-02-23 07:04:41.908190819
69.0,69100.0,Female,34500.0,Rome,Bachelor,Single,2023-02-23 07:57:07.182718272
39.0,32500.0,Male,21100.0,London,High School,Single,2023-02-23 08:49:32.457245724
61.0,39200.0,Male,28300.0,Madrid,High School,Married,2023-02-23 09:41:57.731773177
41.0,91700.0,Male,39200.0,London,Master,Single,2023-02-23 10:34:23.006300630
34.0,34400.0,Female,22300.0,Paris,High School,Married,2023-02-23 11:26:48.280828083
27.0,29700.0,Male,12300.0,Paris,High School,Married,2023-02-23 12:19:13.555355535
47.0,61000.0,Male,37200.0,London,PhD,Divorced,2023-02-23 13:11:38.829882988
63.0,18800.0,Female,9500.0,London,High School,Married,2023-02-23 14:04:04.104410441
40.0,46500.0,Male,24300.0,London,High School,Married,2023-02-23 14:56:29.378937894
49.0,82200.0,Male,48200.0,Madrid,High School,Single,2023-02-23 15:48:54.653465346
34.0,26800.0,Female,20700.0,London,High School,Single,2023-02-23 16:41:19.927992799
67.0,20300.0,Male,13900.0,Paris,High School,Married,2023-02-23 17:33:45.202520252
68.0,27500.0,Male,21300.0,Paris,Master,Single,2023-02-23 18:26:10.477047705
34.0,63500.0,Male,42200.0,Rome,High School,Single,2023-02-23 19:18:35.751575157
31.0,66900.0,Female,27000.0,Berlin,High School,Single,2023-02-23 20:11:01.026102610
26.0,42300.0,Male,21400.0,London,Master,Single,2023-02-23 21:03:26.300630063
57.0,60200.0,Male,45900.0,Berlin,High School,Divorced,2023-02-23 21:55:51.575157516
19.0,70900.0,Male,46600.0,Berlin,High School,Married,2023-02-23 22:48:16.849684968
62.0,,Female,60900.0,Madrid,Bachelor,Married,2023-02-23 23:40:42.124212421
42.0,46300.0,Male,21400.0,Paris,High School,Single,2023-02-24 00:33:07.398739874
56.0,15500.0,Male,8000.0,London,High School,Single,2023-02-24 01:25:32.673267326
26.0,37700.0,Male,20500.0,Paris,Bachelor,Single,2023-02-24 02:17:57.947794779
39.0,43600.0,Male,23100.0,Rome,PhD,Single,2023-02-24 03:10:23.222322232
60.0,46100.0,Female,23100.0,Rome,High School,Married,2023-02-24 04:02:48.496849685
63.0,47200.0,Male,27300.0,Berlin,Bachelor,Single,2023-02-24 04:55:13.771377137
21.0,66800.0,Female,43900.0,London,High School,Single,2023-02-24 05:47:39.045904590
43.0,69100.0,Male,36200.0,London,High School,Single,2023-02-24 06:40:04.320432043
46.0,47400.0,Female,20500.0,London,High School,Single,
62.0,66500.0,Male,45400.0,Paris,High School,Married,2023-02-24 08:24:54.869486948
51.0,55400.0,Male,32300.0,London,High School,Married,2023-02-24 09:17:20.144014401
,51000.0,,31800.0,Paris,PhD,Single,2023-02-24 10:09:45.418541854
54.0,63600.0,Female,37000.0,Rome,Master,Single,2023-02-24 11:02:10.693069307
28.0,51100.0,Male,38600.0,London,Bachelor,Widowed,2023-02-24 11:54:35.967596759
,80900.0,,50400.0,Madrid,High School,,2023-02-24 12:47:01.242124212
35.0,28400.0,Male,21800.0,Berlin,Bachelor,Single,2023-02-24 13:39:26.516651665
38.0,42300.0,Female,25600.0,Paris,Bachelor,,2023-02-24 14:31:51.791179118
59.0,48100.0,Male,24900.0,Paris,High School,Single,2023-02-24 15:24:17.065706570
53.0,56600.0,Male,30700.0,Rome,High School,Married,2023-02-24 16:16:42.340234023
58.0,69000.0,Male,42000.0,Berlin,High School,Single,2023-02-24 17:09:07.614761476
55.0,49600.0,Female,30400.0,Paris,High School,Married,2023-02-24 18:01:32.889288929
51.0,28700.0,Male,19400.0,Paris,High School,Married,2023-02-24 18:53:58.163816381
34.0,62600.0,Male,30700.0,London,PhD,Married,2023-02-24 19:46:23.438343834
54.0,61300.0,Male,40700.0,Paris,High School,Single,2023-02-24 20:38:48.712871287
42.0,20900.0,Male,14900.0,Paris,High School,Single,2023-02-24 21:31:13.987398740
55.0,49900.0,Male,33500.0,Berlin,PhD,Married,2023-02-24 22:23:39.261926192
29.0,26100.0,Female,15500.0,London,Bachelor,Single,2023-02-24 23:16:04.536453645
40.0,40000.0,Female,31900.0,London,Bachelor,Married,2023-02-25 00:08:29.810981098
59.0,36500.0,Male,20500.0,Madrid,High School,Single,2023-02-25 01:00:55.085508551
39.0,62100.0,Female,27500.0,London,Bachelor,Divorced,2023-02-25 01:53:20.360036003
38.0,51800.0,Male,37700.0,Madrid,High School,Single,2023-02-25 02:45:45.634563456
44.0,30700.0,Male,14900.0,Paris,High School,Single,2023-02-25 03:38:10.909090909
48.0,63200.0,Female,43300.0,Paris,Bachelor,Married,
23.0,28500.0,Male,13400.0,Paris,Bachelor,Divorced,2023-02-25 05:23:01.458145814
44.0,55000.0,Male,22400.0,Paris,High School,Single,2023-02-25 06:15:26.732673267
57.0,37800.0,Female,17500.0,Rome,Bachelor,Single,2023-02-25 07:07:52.007200720
51.0,44500.0,Male,24500.0,Rome,Bachelor,Married,2023-02-25 08:00:17.281728173
,57600.0,,25500.0,Berlin,Bachelor,Married,2023-02-25 08:52:42.556255625
62.0,57800.0,Female,27700.0,London,High School,Single,2023-02-25 09:45:07.830783078
24.0,70100.0,Male,49500.0,Berlin,Master,Single,2023-02-25 10:37:33.105310531
27.0,48800.0,Male,34500.0,London,High School,Single,2023-02-25 11:29:58.379837984
62.0,54600.0,Male,39700.0,Paris,High School,Single,2023-02-25 12:22:23.654365436
34.0,43400.0,Male,32000.0,London,High School,Single,2023-02-25 13:14:48.928892889
43.0,52700.0,Male,29900.0,London,Master,Single,2023-02-25 14:07:14.203420342
38.0,56600.0,Female,42300.0,Paris,Master,Married,2023-02-25 14:59:39.477947795
,48500.0,,29600.0,Paris,High School,Married,2023-02-25 15:52:04.752475247
63.0,22900.0,Male,13500.0,Paris,Bachelor,Married,2023-02-25 16:44:30.027002700
19.0,55000.0,Male,37800.0,London,High School,Single,2023-02-25 17:36:55.301530153
60.0,55500.0,Male,26900.0,Paris,High School,Married,2023-02-25 18:29:20.576057606
18.0,39800.0,Female,28500.0,Berlin,Master,Married,2023-02-25 19:21:45.850585058
68.0,30700.0,Male,17600.0,London,High School,Divorced,2023-02-25 20:14:11.125112511
53.0,72100.0,Female,32500.0,Paris,High School,Single,2023-02-25 21:06:36.399639964
68.0,57400.0,Male,25700.0,Berlin,Bachelor,Single,2023-02-25 21:59:01.674167416
43.0,46600.0,Male,21700.0,London,Master,Married,2023-02-25 22:51:26.948694869
46.0,32900.0,Male,24900.0,Paris,High School,Single,2023-02-25 23:43:52.223222322
38.0,37700.0,Male,30000.0,Madrid,High School,Widowed,2023-02-26 00:36:17.497749775
28.0,69500.0,Male,37700.0,Paris,High School,Married,2023-02-26 01:28:42.772277227
57.0,52100.0,Male,26900.0,Madrid,High School,Married,
28.0,41700.0,Female,20300.0,London,High School,Married,2023-02-26 03:13:33.321332133
53.0,57600.0,Male,42000.0,Paris,Master,Single,2023-02-26 04:05:58.595859586
66.0,37800.0,Female,18300.0,London,High School,Single,2023-02-26 04:58:23.870387038
56.0,72500.0,Male,55800.0,Paris,Bachelor,Married,2023-02-26 05:50:49.144914491
57.0,70300.0,Male,46900.0,Paris,Master,Single,2023-02-26 06:43:14.419441944
52.0,43000.0,Male,32600.0,Paris,Bachelor,Married,2023-02-26 07:35:39.693969397
51.0,40600.0,Male,25200.0,Paris,High School,,2023-02-26 08:28:04.968496849
64.0,10700.0,Female,7200.0,Berlin,Bachelor,Single,2023-02-26 09:20:30.243024302
41.0,27800.0,Male,18000.0,Berlin,Master,Single,2023-02-26 10:12:55.517551755
39.0,29900.0,Male,21900.0,Madrid,High School,Divorced,2023-02-26 11:05:20.792079208
22.0,52000.0,Male,38200.0,Paris,High School,Single,2023-02-26 11:57:46.066606660
50.0,45100.0,Male,28700.0,London,High School,Single,2023-02-26 12:50:11.341134113
53.0,29800.0,Female,19500.0,Paris,Bachelor,Single,2023-02-26 13:42:36.615661566
64.0,45800.0,Male,35200.0,London,High School,Married,2023-02-26 14:35:01.890189019
37.0,,Female,44500.0,Madrid,Bachelor,Widowed,2023-02-26 15:27:27.164716471
36.0,57900.0,Male,38500.0,Paris,Bachelor,Single,2023-02-26 16:19:52.439243924
52.0,21500.0,Female,8700.0,Rome,High School,Divorced,2023-02-26 17:12:17.713771377
69.0,48100.0,Female,21200.0,Berlin,Bachelor,Single,2023-02-26 18:04:42.988298830
,29200.0,,21700.0,Berlin,High School,Married,2023-02-26 18:57:08.262826282
34.0,63500.0,Male,27600.0,London,Bachelor,Single,2023-02-26 19:49:33.537353735
62.0,61800.0,Female,30000.0,Berlin,Bachelor,,2023-02-26 20:41:58.811881188
60.0,36500.0,Male,18000.0,Rome,Bachelor,Divorced,2023-02-26 21:34:24.086408641
51.0,38500.0,Female,24600.0,Berlin,High School,,2023-02-26 22:26:49.360936093
26.0,43100.0,Male,27200.0,Paris,Bachelor,Single,2023-02-26 23:19:14.635463546
43.0,16200.0,Male,8400.0,London,High School,Married,2023-02-27 00:11:39.909990999
19.0,55000.0,Female,26600.0,Paris,High School,Single,2023-02-27 01:04:05.184518452
,45900.0,,32400.0,Rome,High School,Single,2023-02-27 01:56:30.459045904
26.0,64600.0,Male,50000.0,Madrid,High School,Divorced,2023-02-27 02:48:55.733573357
57.0,33500.0,Male,14100.0,London,High School,Married,
34.0,40700.0,Male,18400.0,Berlin,High School,Single,2023-02-27 04:33:46.282628263
,27400.0,,18000.0,Madrid,High School,Widowed,2023-02-27 05:26:11.557155715
,34900.0,,25200.0,Paris,Bachelor,Single,2023-02-27 06:18:36.831683168
60.0,32300.0,Female,23100.0,London,High School,Married,
57.0,64900.0,Male,44600.0,London,High School,Single,2023-02-27 08:03:27.380738074
59.0,39500.0,Male,29800.0,Berlin,High School,Single,2023-02-27 08:55:52.655265526
42.0,51900.0,Female,25300.0,Paris,Bachelor,Single,2023-02-27 09:48:17.929792979
56.0,44300.0,Male,19600.0,Berlin,Bachelor,Married,2023-02-27 10:40:43.204320432
52.0,31000.0,Male,20000.0,London,Master,Married,
20.0,47500.0,Female,34600.0,Paris,Bachelor,Single,2023-02-27 12:25:33.753375337
67.0,59000.0,Male,37300.0,Paris,High School,Single,2023-02-27 13:17:59.027902790
54.0,31900.0,Male,25000.0,Paris,Bachelor,Married,2023-02-27 14:10:24.302430243
61.0,62100.0,Male,44600.0,Paris,High School,Divorced,2023-02-27 15:02:49.576957696
61.0,37300.0,Male,25400.0,London,High School,Married,2023-02-27 15:55:14.851485148
68.0,42800.0,Male,18200.0,London,PhD,Single,2023-02-27 16:47:40.126012601
47.0,,Female,25700.0,Paris,High School,Married,2023-02-27 17:40:05.400540054
55.0,40000.0,Male,28600.0,London,Bachelor,Married,2023-02-27 18:32:30.675067507
51.0,50600.0,Male,24300.0,London,PhD,Single,2023-02-27 19:24:55.949594959
29.0,,Female,18600.0,Paris,High School,Married,2023-02-27 20:17:21.224122412
36.0,51900.0,Male,39700.0,London,High School,Single,2023-02-27 21:09:46.498649865
54.0,14300.0,Male,10800.0,Berlin,High School,Single,2023-02-27 22:02:11.773177317
61.0,22600.0,Male,11000.0,Paris,High School,Married,2023-02-27 22:54:37.047704770
66.0,,Female,42200.0,Paris,High School,Married,2023-02-27 23:47:02.322232223
34.0,65600.0,Male,27500.0,Rome,PhD,Widowed,2023-02-28 00:39:27.596759676
27.0,36300.0,Male,18700.0,Berlin,PhD,Single,2023-02-28 01:31:52.871287128
66.0,46300.0,Male,30100.0,London,Bachelor,Married,2023-02-28 02:24:18.145814581
64.0,54400.0,Male,38400.0,London,Bachelor,Single,2023-02-28 03:16:43.420342034
29.0,60400.0,Male,24400.0,Berlin,High School,Married,2023-02-28 04:09:08.694869487
33.0,19600.0,Male,10400.0,Berlin,Bachelor,Single,2023-02-28 05:01:33.969396939
41.0,36700.0,Male,17800.0,Paris,High School,Single,2023-02-28 05:53:59.243924392
36.0,45000.0,Male,36000.0,London,High School,,2023-02-28 06:46:24.518451845
25.0,60500.0,Male,40400.0,London,High School,Married,2023-02-28 07:38:49.792979298
48.0,87500.0,Male,49200.0,Paris,Bachelor,Married,2023-02-28 08:31:15.067506750
38.0,46600.0,Male,20100.0,Madrid,High School,Married,2023-02-28 09:23:40.342034203
34.0,28900.0,Female,18500.0,London,High School,Single,2023-02-28 10:16:05.616561656
40.0,56000.0,Female,36800.0,Paris,Bachelor,Single,2023-02-28 11:08:30.891089109
54.0,69800.0,Female,50700.0,Madrid,Bachelor,Single,2023-02-28 12:00:56.165616561
33.0,51600.0,Male,26600.0,Paris,High School,Married,2023-02-28 12:53:21.440144014
23.0,36400.0,Male,28800.0,Paris,High School,Single,
25.0,64400.0,Male,37100.0,London,Master,Single,2023-02-28 14:38:11.989198920
42.0,60000.0,Male,31100.0,Paris,High School,Single,2023-02-28 15:30:37.263726372
35.0,34600.0,Male,18700.0,Berlin,Bachelor,Married,
42.0,55700.0,Male,33900.0,Paris,High School,Married,2023-02-28 17:15:27.812781278
29.0,65000.0,Male,50400.0,Paris,Bachelor,Married,2023-02-28 18:07:53.087308731
32.0,67700.0,Male,47000.0,Paris,Bachelor,Single,2023-02-28 19:00:18.361836183
43.0,49000.0,Male,30900.0,Berlin,Master,Married,2023-02-28 19:52:43.636363636
58.0,44600.0,Male,20700.0,Paris,High School,Married,2023-02-28 20:45:08.910891089
62.0,68400.0,Male,31400.0,London,High School,Single,2023-02-28 21:37:34.185418542
43.0,31800.0,Male,19100.0,Berlin,Master,Single,2023-02-28 22:29:59.459945994
64.0,,Female,39100.0,Madrid,High School,Single,2023-02-28 23:22:24.734473447
49.0,29400.0,Male,20600.0,Berlin,Master,Married,2023-03-01 00:14:50.009000900
27.0,66000.0,Male,32400.0,London,Bachelor,Single,2023-03-01 01:07:15.283528353
33.0,,Female,20300.0,London,High School,Single,2023-03-01 01:59:40.558055805
24.0,69000.0,Male,38200.0,London,PhD,Single,2023-03-01 02:52:05.832583258
34.0,57400.0,Male,44000.0,Madrid,High School,Single,2023-03-01 03:44:31.107110711
40.0,31700.0,Male,19600.0,Madrid,Bachelor,,2023-03-01 04:36:56.381638164
43.0,71400.0,Male,37700.0,Madrid,Bachelor,Married,2023-03-01 05:29:21.656165616
38.0,73300.0,Male,38800.0,Berlin,Bachelor,Single,2023-03-01 06:21:46.930693069
39.0,63200.0,Male,28600.0,Paris,Bachelor,Single,2023-03-01 07:14:12.205220522
24.0,38600.0,Male,22700.0,Berlin,Bachelor,Married,2023-03-01 08:06:37.479747975
31.0,45400.0,Female,32500.0,Berlin,Bachelor,Divorced,2023-03-01 08:59:02.754275427
32.0,52200.0,Male,41100.0,Madrid,High School,Divorced,2023-03-01 09:51:28.028802880
24.0,39400.0,Male,23700.0,Madrid,Bachelor,Single,2023-03-01 10:43:53.303330333
26.0,75400.0,Male,35200.0,London,High School,Single,2023-03-01 11:36:18.577857786
68.0,52200.0,Male,35100.0,London,High School,Married,2023-03-01 12:28:43.852385238
65.0,9400.0,Female,6600.0,Paris,High School,Single,2023-03-01 13:21:09.126912691
25.0,55100.0,Male,23600.0,London,High School,Married,2023-03-01 14:13:34.401440144
67.0,44800.0,Female,33200.0,London,Master,Single,2023-03-01 15:05:59.675967597
40.0,48900.0,Male,35800.0,Rome,Bachelor,Married,2023-03-01 15:58:24.950495049
46.0,44500.0,Female,26200.0,Madrid,PhD,Divorced,2023-03-01 16:50:50.225022502
35.0,62100.0,Male,38800.0,Berlin,High School,Single,2023-03-01 17:43:15.499549955
48.0,66800.0,Male,45800.0,Paris,Bachelor,Married,2023-03-01 18:35:40.774077407
47.0,,Female,36400.0,London,High School,Single,2023-03-01 19:28:06.048604860
69.0,44900.0,Female,18300.0,London,High School,Single,2023-03-01 20:20:31.323132313
56.0,49400.0,Male,22200.0,Paris,Master,,2023-03-01 21:12:56.597659766
52.0,50300.0,Female,23400.0,Paris,High School,Widowed,2023-03-01 22:05:21.872187218
35.0,38000.0,Male,26700.0,Madrid,High School,Divorced,2023-03-01 22:57:47.146714671
59.0,58700.0,Male,33800.0,Paris,High School,Married,2023-03-01 23:50:12.421242124
56.0,56900.0,Male,35200.0,Paris,Bachelor,Single,2023-03-02 00:42:37.695769577
34.0,73100.0,Female,51800.0,London,Bachelor,Single,2023-03-02 01:35:02.970297029
31.0,68800.0,Female,36900.0,Madrid,High School,Married,2023-03-02 02:27:28.244824482
48.0,39700.0,Male,27800.0,Berlin,High School,Single,2023-03-02 03:19:53.519351935
41.0,62300.0,Male,35900.0,Rome,High School,Married,2023-03-02 04:12:18.793879388
52.0,35700.0,Male,19700.0,Berlin,High School,Married,2023-03-02 05:04:44.068406840
61.0,60400.0,Male,32200.0,London,Master,Married,2023-03-02 05:57:09.342934293
62.0,42300.0,Male,33200.0,Madrid,Master,Single,2023-03-02 06:49:34.617461746
51.0,34700.0,Male,24600.0,London,PhD,Married,2023-03-02 07:41:59.891989199
20.0,54200.0,Male,22100.0,Paris,Master,Married,2023-03-02 08:34:25.166516651
54.0,9900.0,Male,7800.0,London,Master,Single,2023-03-02 09:26:50.441044104
60.0,23700.0,Male,16800.0,Berlin,Master,Single,2023-03-02 10:19:15.715571557
57.0,47300.0,Female,21700.0,Madrid,PhD,Married,2023-03-02 11:11:40.990099010
,51200.0,,22000.0,Paris,Master,Divorced,2023-03-02 12:04:06.264626462
,44500.0,,23300.0,London,High School,Single,2023-03-02 12:56:31.539153915
61.0,26300.0,Male,17100.0,Madrid,High School,Single,2023-03-02 13:48:56.813681368
56.0,37700.0,Male,24400.0,Paris,Bachelor,Single,2023-03-02 14:41:22.088208821
32.0,55900.0,Male,28500.0,Berlin,Bachelor,Widowed,2023-03-02 15:33:47.362736273
66.0,58700.0,Male,33900.0,London,Bachelor,Married,2023-03-02 16:26:12.637263726
21.0,49800.0,Female,24100.0,Paris,Bachelor,Married,2023-03-02 17:18:37.911791179
46.0,67400.0,Male,28300.0,London,Bachelor,Single,2023-03-02 18:11:03.186318632
39.0,56000.0,Male,34000.0,London,High School,Single,2023-03-02 19:03:28.460846084
42.0,38800.0,Male,20900.0,Berlin,High School,Married,2023-03-02 19:55:53.735373537
30.0,45800.0,Male,28300.0,Madrid,Master,Divorced,2023-03-02 20:48:19.009900990
35.0,29000.0,Female,22600.0,London,Bachelor,Single,
50.0,48400.0,Female,22100.0,Berlin,High School,Widowed,2023-03-02 22:33:09.558955895
33.0,66700.0,Male,26700.0,Berlin,Master,Single,2023-03-02 23:25:34.833483348
62.0,60300.0,Male,26000.0,Paris,High School,Single,2023-03-03 00:18:00.108010801
59.0,71000.0,Female,41500.0,London,High School,Divorced,2023-03-03 01:10:25.382538254
61.0,45500.0,Male,31100.0,London,High School,Married,2023-03-03 02:02:50.657065706
19.0,70200.0,Female,44400.0,Paris,Master,Married,2023-03-03 02:55:15.931593159
52.0,,Female,28200.0,Paris,Bachelor,Divorced,2023-03-03 03:47:41.206120612
59.0,72100.0,Male,39000.0,Rome,High School,Married,
,49700.0,,26000.0,London,Master,Single,2023-03-03 05:32:31.755175517
47.0,,Female,33400.0,Paris,Master,Married,2023-03-03 06:24:57.029702970
30.0,72100.0,Female,46500.0,Paris,Bachelor,Married,2023-03-03 07:17:22.304230423
,47100.0,,22000.0,Paris,Master,Married,2023-03-03 08:09:47.578757876
35.0,53300.0,Male,37800.0,London,Bachelor,Married,2023-03-03 09:02:12.853285328
49.0,69300.0,Male,43700.0,Paris,Bachelor,Married,2023-03-03 09:54:38.127812781
49.0,48000.0,Male,24400.0,Paris,High School,Divorced,2023-03-03 10:47:03.402340234
52.0,30200.0,Male,18100.0,Paris,High School,Married,2023-03-03 11:39:28.676867687
56.0,82100.0,Male,64500.0,London,High School,Married,2023-03-03 12:31:53.951395139
63.0,43000.0,Male,17600.0,Paris,Master,Married,2023-03-03 13:24:19.225922592
69.0,52400.0,Male,25100.0,Paris,High School,Single,2023-03-03 14:16:44.500450045
46.0,67300.0,Male,39000.0,Paris,High School,Widowed,2023-03-03 15:09:09.774977497
66.0,40900.0,Male,26800.0,Paris,High School,Married,2023-03-03 16:01:35.049504950
46.0,34900.0,Female,16900.0,Paris,High School,,2023-03-03 16:54:00.324032403
61.0,53800.0,Male,41600.0,London,High School,Married,2023-03-03 17:46:25.598559856
33.0,23100.0,Male,15200.0,London,Master,Married,2023-03-03 18:38:50.873087308
61.0,,Female,34300.0,Paris,PhD,Married,2023-03-03 19:31:16.147614761
64.0,53700.0,Male,28600.0,Berlin,Master,Married,2023-03-03 20:23:41.422142214
27.0,46000.0,Male,33700.0,London,Bachelor,Single,2023-03-03 21:16:06.696669667
47.0,26800.0,Female,14800.0,Paris,PhD,Single,2023-03-03 22:08:31.971197119
42.0,73900.0,Female,37000.0,Paris,High School,Single,2023-03-03 23:00:57.245724572
56.0,51600.0,Male,39500.0,Rome,Bachelor,Single,2023-03-03 23:53:22.520252025
37.0,,Female,31200.0,Rome,High School,Single,2023-03-04 00:45:47.794779478
22.0,46100.0,Female,35800.0,Paris,Master,,2023-03-04 01:38:13.069306930
18.0,36800.0,Male,21500.0,Paris,High School,Divorced,2023-03-04 02:30:38.343834383
47.0,54000.0,Male,43000.0,London,Bachelor,Widowed,2023-03-04 03:23:03.618361836
66.0,46800.0,Male,28800.0,London,Bachelor,Married,2023-03-04 04:15:28.892889289
20.0,32300.0,Male,22700.0,London,Bachelor,Single,2023-03-04 05:07:54.167416741
62.0,72000.0,Male,29000.0,London,High School,Single,2023-03-04 06:00:19.441944194
31.0,40700.0,Female,24400.0,Paris,Bachelor,Married,2023-03-04 06:52:44.716471647
47.0,22400.0,Male,15600.0,Paris,Bachelor,Single,2023-03-04 07:45:09.990999100
67.0,69900.0,Male,49800.0,London,High School,Single,2023-03-04 08:37:35.265526552
21.0,42400.0,Male,19600.0,Madrid,Bachelor,Single,2023-03-04 09:30:00.540054005
35.0,40900.0,Male,23200.0,Paris,Master,Single,2023-03-04 10:22:25.814581458
54.0,23500.0,Male,13300.0,Berlin,PhD,Single,2023-03-04 11:14:51.089108911
42.0,76100.0,Male,33600.0,London,High School,Single,2023-03-04 12:07:16.363636363
65.0,30700.0,Male,17700.0,Paris,High School,Divorced,
18.0,,Female,36800.0,Madrid,High School,Married,2023-03-04 13:52:06.912691269
63.0,63700.0,Male,33100.0,London,Bachelor,Single,2023-03-04 14:44:32.187218722
32.0,56300.0,Male,32300.0,London,Master,Single,2023-03-04 15:36:57.461746174
26.0,49100.0,Male,38500.0,London,Master,Married,2023-03-04 16:29:22.736273627
32.0,24500.0,Male,10100.0,Paris,Master,Single,2023-03-04 17:21:48.010801080
66.0,37900.0,Male,24100.0,London,Bachelor,Married,2023-03-04 18:14:13.285328533
41.0,52800.0,Male,36800.0,London,Bachelor,Single,2023-03-04 19:06:38.559855985
21.0,38200.0,Female,26900.0,Paris,High School,Single,2023-03-04 19:59:03.834383438
29.0,53100.0,Male,36400.0,London,High School,Single,2023-03-04 20:51:29.108910891
54.0,60200.0,Male,41600.0,Paris,Master,Single,2023-03-04 21:43:54.383438344
54.0,64400.0,Male,27300.0,Paris,Bachelor,Divorced,2023-03-04 22:36:19.657965796
60.0,31600.0,Female,19400.0,Berlin,High School,Married,2023-03-04 23:28:44.932493249
23.0,82900.0,Male,59100.0,Paris,High School,Divorced,2023-03-05 00:21:10.207020702
56.0,61500.0,Female,26900.0,London,High School,Married,2023-03-05 01:13:35.481548155
63.0,50000.0,Male,20200.0,Madrid,Bachelor,Married,2023-03-05 02:06:00.756075607
41.0,66300.0,Male,48100.0,Paris,Master,Single,2023-03-05 02:58:26.030603060
28.0,,Female,58600.0,London,High School,Married,2023-03-05 03:50:51.305130513
30.0,28400.0,Female,16000.0,London,High School,Divorced,2023-03-05 04:43:16.579657966
51.0,46600.0,Male,36200.0,London,Bachelor,Single,
42.0,14300.0,Male,10100.0,London,High School,Single,
24.0,52900.0,Male,41600.0,London,High School,Single,2023-03-05 07:20:32.403240324
69.0,55500.0,Male,42800.0,Paris,High School,Married,2023-03-05 08:12:57.677767777
21.0,,Female,29300.0,Paris,High School,Married,2023-03-05 09:05:22.952295229
25.0,40200.0,Male,28200.0,Berlin,Bachelor,Divorced,2023-03-05 09:57:48.226822682
37.0,19300.0,Male,12900.0,Paris,Master,Single,2023-03-05 10:50:13.501350135
46.0,,Female,40300.0,Berlin,Bachelor,Divorced,2023-03-05 11:42:38.775877587
,71800.0,,,Berlin,Bachelor,Single,2023-03-05 12:35:04.050405040
62.0,41100.0,Male,19000.0,Paris,High School,Single,2023-03-05 13:27:29.324932493
,56600.0,,27900.0,Paris,Bachelor,Single,2023-03-05 14:19:54.599459946
27.0,26500.0,Male,13400.0,Paris,Bachelor,,2023-03-05 15:12:19.873987398
60.0,56900.0,Male,41400.0,London,High School,Single,2023-03-05 16:04:45.148514851
51.0,44100.0,Male,31900.0,Berlin,Bachelor,Single,2023-03-05 16:57:10.423042304
43.0,38600.0,Male,23100.0,Paris,High School,Married,2023-03-05 17:49:35.697569757
58.0,38600.0,Male,24400.0,Paris,Bachelor,Divorced,2023-03-05 18:42:00.972097209
66.0,44100.0,Male,32200.0,Paris,Bachelor,Married,2023-03-05 19:34:26.246624662
20.0,55700.0,Female,29200.0,Paris,Bachelor,Single,2023-03-05 20:26:51.521152115
23.0,30300.0,Female,12700.0,London,Master,,2023-03-05 21:19:16.795679568
22.0,44000.0,Female,26100.0,London,Master,Single,2023-03-05 22:11:42.070207020
22.0,49400.0,Male,37800.0,Paris,Master,Married,2023-03-05 23:04:07.344734473
64.0,33500.0,Female,24000.0,London,Master,Married,2023-03-05 23:56:32.619261926
40.0,76900.0,Male,,Paris,High School,Married,2023-03-06 00:48:57.893789379
66.0,37200.0,Male,15800.0,Paris,High School,Single,2023-03-06 01:41:23.168316831
26.0,40000.0,Female,26200.0,Paris,High School,Single,2023-03-06 02:33:48.442844284
52.0,35300.0,Male,25900.0,London,High School,Married,2023-03-06 03:26:13.717371737
37.0,77000.0,Male,51300.0,London,High School,Married,2023-03-06 04:18:38.991899190
66.0,58300.0,Female,33200.0,Paris,Master,Single,2023-03-06 05:11:04.266426642
59.0,36000.0,Male,16200.0,Paris,Bachelor,Single,2023-03-06 06:03:29.540954095
52.0,66600.0,Male,50900.0,Paris,Bachelor,Divorced,2023-03-06 06:55:54.815481548
67.0,53000.0,Male,27100.0,Paris,High School,Married,2023-03-06 07:48:20.090009001
35.0,53900.0,Female,26400.0,London,Bachelor,Married,
34.0,44800.0,Male,32500.0,Paris,Master,Single,2023-03-06 09:33:10.639063906
41.0,38800.0,Male,30700.0,London,High School,Married,2023-03-06 10:25:35.913591359
20.0,55100.0,Male,36600.0,Paris,Master,Single,2023-03-06 11:18:01.188118812
49.0,41800.0,Male,27200.0,London,High School,Single,2023-03-06 12:10:26.462646264
52.0,77300.0,Female,40800.0,Berlin,Master,Single,2023-03-06 13:02:51.737173717
55.0,31000.0,Male,12700.0,London,High School,Single,2023-03-06 13:55:17.011701170
30.0,73000.0,Male,34800.0,Paris,Bachelor,Single,2023-03-06 14:47:42.286228623
64.0,48300.0,Male,30600.0,Paris,PhD,Single,2023-03-06 15:40:07.560756075
42.0,,Female,25100.0,Paris,Bachelor,Married,2023-03-06 16:32:32.835283528
26.0,62500.0,Male,47100.0,London,Bachelor,Single,2023-03-06 17:24:58.109810981
21.0,40500.0,Male,19200.0,Paris,Bachelor,Single,2023-03-06 18:17:23.384338434
31.0,63000.0,Male,38400.0,Paris,High School,Married,2023-03-06 19:09:48.658865886
54.0,9400.0,Male,5700.0,Madrid,High School,Married,2023-03-06 20:02:13.933393339
51.0,,Female,25100.0,Paris,High School,Divorced,2023-03-06 20:54:39.207920792
28.0,,Female,19200.0,Madrid,High School,Married,2023-03-06 21:47:04.482448245
58.0,31200.0,Female,23400.0,Madrid,Master,Single,2023-03-06 22:39:29.756975697
20.0,46800.0,Female,27000.0,Berlin,Master,Divorced,2023-03-06 23:31:55.031503150
45.0,,Female,37900.0,Madrid,High School,Single,2023-03-07 00:24:20.306030603
46.0,60500.0,Male,39600.0,Paris,Master,Married,2023-03-07 01:16:45.580558056
26.0,53600.0,Female,24000.0,Paris,High School,Single,2023-03-07 02:09:10.855085508
20.0,40000.0,Male,26000.0,Paris,High School,Married,2023-03-07 03:01:36.129612961
42.0,55500.0,Male,34400.0,Paris,Bachelor,Married,2023-03-07 03:54:01.404140414
51.0,51900.0,Male,39400.0,Paris,High School,Married,2023-03-07 04:46:26.678667867
29.0,64000.0,Female,48200.0,Berlin,High School,Single,2023-03-07 05:38:51.953195319
59.0,61700.0,Male,28400.0,Paris,Bachelor,Widowed,2023-03-07 06:31:17.227722772
26.0,,Female,21900.0,Paris,PhD,Single,2023-03-07 07:23:42.502250225
32.0,36500.0,Male,18900.0,London,Bachelor,Single,2023-03-07 08:16:07.776777677
57.0,40200.0,Male,31900.0,Paris,High School,,2023-03-07 09:08:33.051305130
42.0,41800.0,Male,17100.0,Paris,High School,Married,2023-03-07 10:00:58.325832583
22.0,45300.0,Male,30300.0,Paris,Bachelor,Married,2023-03-07 10:53:23.600360036
,54000.0,,34700.0,Berlin,Bachelor,Married,2023-03-07 11:45:48.874887488
51.0,60700.0,Male,40000.0,London,Master,Single,2023-03-07 12:38:14.149414941
41.0,,Female,24000.0,London,Master,Single,2023-03-07 13:30:39.423942394
32.0,50200.0,Male,24600.0,Paris,Master,Single,2023-03-07 14:23:04.698469847
55.0,52100.0,Male,29800.0,Madrid,Bachelor,Single,2023-03-07 15:15:29.972997299
25.0,42300.0,Male,18500.0,Paris,High School,Single,2023-03-07 16:07:55.247524752
22.0,36100.0,Male,15500.0,Berlin,Bachelor,Single,2023-03-07 17:00:20.522052205
65.0,23700.0,Male,10300.0,Rome,Bachelor,Married,2023-03-07 17:52:45.796579658
43.0,39600.0,Male,24900.0,London,High School,Single,2023-03-07 18:45:11.071107110
35.0,57100.0,Male,31900.0,London,Bachelor,Single,2023-03-07 19:37:36.345634563
23.0,39500.0,Male,20400.0,Paris,High School,Single,2023-03-07 20:30:01.620162016
54.0,46400.0,Female,24400.0,Paris,Master,Single,2023-03-07 21:22:26.894689469
65.0,57000.0,Female,27500.0,Madrid,High School,Single,2023-03-07 22:14:52.169216921
30.0,57800.0,Male,32600.0,Paris,Master,Married,2023-03-07 23:07:17.443744374
45.0,33800.0,Male,16300.0,Madrid,High School,Single,2023-03-07 23:59:42.718271827
22.0,65000.0,Male,44100.0,London,Bachelor,Single,2023-03-08 00:52:07.992799280
30.0,66900.0,Male,30100.0,London,High School,Divorced,2023-03-08 01:44:33.267326732
34.0,33100.0,Female,25800.0,London,Bachelor,Single,2023-03-08 02:36:58.541854185
67.0,37600.0,Male,16400.0,Paris,High School,Widowed,2023-03-08 03:29:23.816381638
57.0,67900.0,Male,52800.0,Paris,High School,Widowed,2023-03-08 04:21:49.090909091
62.0,47800.0,Male,35100.0,Paris,High School,Married,2023-03-08 05:14:14.365436543
,16700.0,,11200.0,Paris,Bachelor,Married,2023-03-08 06:06:39.639963996
46.0,29000.0,Female,22200.0,Madrid,Master,Married,2023-03-08 06:59:04.914491449
68.0,46300.0,Female,21100.0,Paris,Bachelor,Divorced,2023-03-08 07:51:30.189018902
20.0,32600.0,Male,15300.0,London,High School,Married,2023-03-08 08:43:55.463546354
57.0,43800.0,Male,21900.0,Paris,High School,Single,2023-03-08 09:36:20.738073807
51.0,50500.0,Male,25100.0,Berlin,Master,Single,2023-03-08 10:28:46.012601260
57.0,71900.0,Male,37700.0,London,Bachelor,Single,2023-03-08 11:21:11.287128713
44.0,45600.0,Male,28700.0,London,High School,Single,2023-03-08 12:13:36.561656165
30.0,66100.0,Male,27200.0,Madrid,High School,Single,2023-03-08 13:06:01.836183618
62.0,71400.0,Male,39500.0,Madrid,Bachelor,Married,2023-03-08 13:58:27.110711071
50.0,,Female,35600.0,London,High School,Married,2023-03-08 14:50:52.385238524
23.0,54300.0,Male,34900.0,Madrid,Bachelor,Married,2023-03-08 15:43:17.659765976
41.0,20600.0,Male,16400.0,London,Bachelor,Single,2023-03-08 16:35:42.934293429
36.0,56900.0,Male,34500.0,Berlin,High School,Single,2023-03-08 17:28:08.208820882
33.0,65700.0,Male,37500.0,London,Bachelor,Married,2023-03-08 18:20:33.483348335
57.0,48800.0,Male,26700.0,Paris,Master,Single,2023-03-08 19:12:58.757875787
45.0,76200.0,Male,54400.0,Rome,High School,Married,2023-03-08 20:05:24.032403240
50.0,62900.0,Male,27000.0,Paris,High School,Single,2023-03-08 20:57:49.306930693
65.0,58500.0,Male,45900.0,Paris,Bachelor,Married,2023-03-08 21:50:14.581458146
58.0,66300.0,Male,37600.0,Paris,High School,Married,2023-03-08 22:42:39.855985598
30.0,55000.0,Male,28900.0,Paris,Master,Married,2023-03-08 23:35:05.130513051
60.0,12600.0,Male,9900.0,Paris,Master,Single,2023-03-09 00:27:30.405040504
62.0,42500.0,Male,32900.0,London,PhD,Divorced,2023-03-09 01:19:55.679567957
42.0,68000.0,Male,44700.0,Rome,High School,Single,2023-03-09 02:12:20.954095409
59.0,,Female,15400.0,Paris,Bachelor,Single,2023-03-09 03:04:46.228622862
53.0,46600.0,Male,32600.0,Berlin,Master,Married,2023-03-09 03:57:11.503150315
,34300.0,,18300.0,Paris,High School,Single,
55.0,,Female,42600.0,Paris,High School,Single,
24.0,75200.0,Female,34900.0,London,High School,Married,2023-03-09 06:34:27.326732673
22.0,36700.0,Female,22400.0,Madrid,Master,Single,2023-03-09 07:26:52.601260126
60.0,52200.0,Male,36400.0,Paris,Bachelor,Married,2023-03-09 08:19:17.875787578
62.0,39800.0,Male,20300.0,Paris,Bachelor,,2023-03-09 09:11:43.150315031
68.0,59200.0,Male,45900.0,Paris,Bachelor,Single,2023-03-09 10:04:08.424842484
48.0,57600.0,Male,27500.0,Madrid,Bachelor,Married,2023-03-09 10:56:33.699369937
40.0,62200.0,Female,26500.0,Paris,High School,Single,2023-03-09 11:48:58.973897389
59.0,55000.0,Male,36200.0,London,Bachelor,Married,2023-03-09 12:41:24.248424842
27.0,94000.0,Female,69500.0,Madrid,Bachelor,Single,2023-03-09 13:33:49.522952295
49.0,34600.0,Male,27000.0,London,Bachelor,Married,2023-03-09 14:26:14.797479748
60.0,24300.0,Male,17200.0,Madrid,Bachelor,Married,2023-03-09 15:18:40.072007200
47.0,44100.0,Female,21200.0,Madrid,Bachelor,Widowed,2023-03-09 16:11:05.346534653
56.0,26500.0,Female,21000.0,London,Master,Single,2023-03-09 17:03:30.621062106
48.0,27600.0,Female,21200.0,London,High School,Single,2023-03-09 17:55:55.895589559
35.0,,Female,16300.0,Paris,Bachelor,Single,2023-03-09 18:48:21.170117011
53.0,36200.0,Male,22600.0,Rome,Bachelor,Single,2023-03-09 19:40:46.444644464
19.0,35700.0,Male,22200.0,Paris,Master,Single,2023-03-09 20:33:11.719171917
,57800.0,,33400.0,Berlin,Bachelor,Divorced,2023-03-09 21:25:36.993699370
30.0,42400.0,Male,33700.0,Paris,High School,Single,2023-03-09 22:18:02.268226822
46.0,47300.0,Male,20000.0,Paris,High School,Single,2023-03-09 23:10:27.542754275
29.0,63400.0,Male,41300.0,Paris,High School,Married,2023-03-10 00:02:52.817281728
56.0,38500.0,Male,18600.0,London,High School,Single,2023-03-10 00:55:18.091809181
19.0,46000.0,Male,28100.0,Paris,Bachelor,Single,2023-03-10 01:47:43.366336633
49.0,,Female,39500.0,Paris,Master,Divorced,2023-03-10 02:40:08.640864086
30.0,20900.0,Male,10400.0,Paris,Bachelor,Single,2023-03-10 03:32:33.915391539
63.0,14200.0,Male,7900.0,Paris,High School,Married,2023-03-10 04:24:59.189918992
44.0,55200.0,Female,43100.0,London,High School,Single,2023-03-10 05:17:24.464446444
66.0,57400.0,Male,40400.0,Paris,Bachelor,Married,2023-03-10 06:09:49.738973897
58.0,81000.0,Female,,Paris,Bachelor,Single,2023-03-10 07:02:15.013501350
34.0,52400.0,Male,25600.0,London,Master,Single,2023-03-10 07:54:40.288028803
57.0,62300.0,Female,35500.0,Berlin,PhD,Single,2023-03-10 08:47:05.562556255
48.0,47100.0,Male,33400.0,London,Master,Single,2023-03-10 09:39:30.837083708
51.0,54500.0,Male,39700.0,Rome,High School,Widowed,2023-03-10 10:31:56.111611161
41.0,75000.0,Female,37300.0,Paris,Bachelor,Single,2023-03-10 11:24:21.386138614
62.0,18100.0,Female,12000.0,Berlin,High School,Married,2023-03-10 12:16:46.660666066
52.0,56200.0,Male,24600.0,London,High School,Divorced,2023-03-10 13:09:11.935193519
65.0,82000.0,Female,33600.0,London,High School,Single,2023-03-10 14:01:37.209720972
23.0,54200.0,Male,33600.0,London,High School,Divorced,2023-03-10 14:54:02.484248425
36.0,74800.0,Female,36600.0,Paris,High School,Married,2023-03-10 15:46:27.758775877
47.0,40600.0,Male,17500.0,Paris,Master,Married,2023-03-10 16:38:53.033303330
24.0,49500.0,Male,34300.0,London,High School,Married,2023-03-10 17:31:18.307830783
27.0,50500.0,Male,30300.0,Paris,Master,Single,2023-03-10 18:23:43.582358236
58.0,16700.0,Male,12000.0,London,Master,Single,2023-03-10 19:16:08.856885688
49.0,32500.0,Male,21600.0,Berlin,PhD,Single,2023-03-10 20:08:34.131413141
51.0,33500.0,Male,23200.0,Paris,Master,Divorced,2023-03-10 21:00:59.405940594
45.0,62300.0,Male,32600.0,Paris,Bachelor,Single,2023-03-10 21:53:24.680468047
32.0,63100.0,Male,31900.0,Paris,High School,Widowed,2023-03-10 22:45:49.954995499
47.0,54900.0,Male,35200.0,Paris,Bachelor,Single,2023-03-10 23:38:15.229522952
54.0,62400.0,Female,30000.0,Paris,Master,Married,2023-03-11 00:30:40.504050405
46.0,47500.0,Male,34500.0,Paris,Master,Married,2023-03-11 01:23:05.778577857
39.0,68000.0,Female,41400.0,Paris,PhD,Divorced,2023-03-11 02:15:31.053105310
21.0,50100.0,Female,24600.0,Paris,Bachelor,Single,2023-03-11 03:07:56.327632763
37.0,50900.0,Male,33100.0,Paris,Bachelor,Single,2023-03-11 04:00:21.602160216
49.0,46000.0,Female,35800.0,Rome,PhD,Married,2023-03-11 04:52:46.876687668
53.0,60300.0,Male,26100.0,Rome,PhD,Widowed,2023-03-11 05:45:12.151215121
67.0,43700.0,Male,19400.0,Paris,High School,Single,2023-03-11 06:37:37.425742574
21.0,64600.0,Male,47600.0,Paris,Bachelor,Married,2023-03-11 07:30:02.700270027
44.0,33000.0,Male,14600.0,London,Master,Single,2023-03-11 08:22:27.974797479
34.0,33500.0,Female,13900.0,Paris,High School,Married,2023-03-11 09:14:53.249324932
29.0,60300.0,Male,32500.0,London,Master,Married,
39.0,48700.0,Male,28600.0,Paris,High School,Married,2023-03-11 10:59:43.798379838
34.0,43200.0,Female,27100.0,Paris,High School,Single,2023-03-11 11:52:09.072907290
27.0,63400.0,Male,38200.0,Berlin,High School,Single,2023-03-11 12:44:34.347434743
18.0,40900.0,Male,31300.0,Berlin,Bachelor,Married,2023-03-11 13:36:59.621962196
39.0,47000.0,Male,33300.0,Rome,High School,Married,2023-03-11 14:29:24.896489649
43.0,,Female,56300.0,Paris,High School,Divorced,2023-03-11 15:21:50.171017101
35.0,73100.0,Female,43200.0,Madrid,Master,Single,2023-03-11 16:14:15.445544554
67.0,73600.0,Male,31900.0,London,High School,Single,2023-03-11 17:06:40.720072007
31.0,45800.0,Male,35800.0,London,High School,Single,2023-03-11 17:59:05.994599460
,68500.0,,27500.0,Madrid,Bachelor,Married,2023-03-11 18:51:31.269126912
46.0,35800.0,Male,25400.0,Madrid,High School,Married,
,36400.0,,15000.0,Berlin,Master,Married,2023-03-11 20:36:21.818181818
53.0,14700.0,Male,10400.0,Paris,High School,,2023-03-11 21:28:47.092709271
52.0,75100.0,Male,58200.0,London,Bachelor,Single,2023-03-11 22:21:12.367236723
69.0,37000.0,Female,20600.0,London,Bachelor,Widowed,2023-03-11 23:13:37.641764176
29.0,48100.0,Female,23900.0,Berlin,Master,Married,2023-03-12 00:06:02.916291629
24.0,36300.0,Male,17800.0,London,High School,Single,2023-03-12 00:58:28.190819082
46.0,60400.0,Male,36000.0,Paris,High School,Single,2023-03-12 01:50:53.465346534
28.0,44400.0,Male,20800.0,London,PhD,Divorced,2023-03-12 02:43:18.739873987
,30400.0,,20300.0,Paris,Bachelor,Single,2023-03-12 03:35:44.014401440
23.0,56600.0,Male,31000.0,Madrid,Bachelor,Married,2023-03-12 04:28:09.288928893
,28500.0,,15100.0,Paris,High School,Single,2023-03-12 05:20:34.563456345
32.0,37400.0,Female,21900.0,London,Bachelor,Divorced,2023-03-12 06:12:59.837983798
49.0,18400.0,Female,11400.0,Madrid,High School,Married,2023-03-12 07:05:25.112511251
68.0,28600.0,Male,13100.0,London,High School,Single,2023-03-12 07:57:50.387038704
28.0,52700.0,Male,36000.0,Berlin,Bachelor,Married,2023-03-12 08:50:15.661566156
40.0,20500.0,Female,15400.0,Berlin,PhD,Single,2023-03-12 09:42:40.936093609
43.0,27800.0,Female,14200.0,Paris,High School,Single,2023-03-12 10:35:06.210621062
51.0,50000.0,Female,23600.0,London,High School,Single,2023-03-12 11:27:31.485148515
63.0,41800.0,Male,29400.0,London,High School,Married,2023-03-12 12:19:56.759675967
51.0,79900.0,Male,37800.0,London,Bachelor,Single,2023-03-12 13:12:22.034203420
46.0,,Female,32300.0,London,Bachelor,Single,2023-03-12 14:04:47.308730873
21.0,37000.0,Male,24000.0,London,High School,Single,2023-03-12 14:57:12.583258326
34.0,58400.0,Male,29000.0,Paris,Master,Married,2023-03-12 15:49:37.857785778
52.0,61200.0,Male,28700.0,London,High School,Divorced,2023-03-12 16:42:03.132313231
30.0,41000.0,Female,32500.0,Paris,High School,Single,2023-03-12 17:34:28.406840684
58.0,27600.0,Male,14300.0,Paris,High School,Single,2023-03-12 18:26:53.681368137
56.0,49800.0,Female,37900.0,London,High School,Married,2023-03-12 19:19:18.955895589
32.0,47400.0,Male,22300.0,London,High School,Single,
46.0,,Female,31700.0,Paris,High School,Married,2023-03-12 21:04:09.504950495
46.0,56600.0,Male,34000.0,Berlin,Bachelor,Single,2023-03-12 21:56:34.779477947
,38700.0,,16700.0,Paris,High School,Married,2023-03-12 22:49:00.054005400
69.0,32700.0,Female,22700.0,Madrid,High School,Single,2023-03-12 23:41:25.328532853
49.0,51600.0,Female,39100.0,Paris,High School,,2023-03-13 00:33:50.603060306
19.0,55800.0,Female,26000.0,Paris,High School,Married,2023-03-13 01:26:15.877587758
64.0,32400.0,Male,22400.0,Berlin,High School,Married,2023-03-13 02:18:41.152115211
31.0,63900.0,Male,36900.0,London,High School,Single,2023-03-13 03:11:06.426642664
37.0,23400.0,Male,16400.0,Paris,PhD,Married,2023-03-13 04:03:31.701170117
39.0,41300.0,Male,28300.0,Paris,Bachelor,Single,
28.0,46100.0,Female,18900.0,Paris,Bachelor,Married,2023-03-13 05:48:22.250225022
44.0,40500.0,Male,19100.0,Paris,Master,Single,2023-03-13 06:40:47.524752475
,41500.0,,24400.0,Paris,Bachelor,Single,2023-03-13 07:33:12.799279928
34.0,78100.0,Male,60400.0,London,Bachelor,Divorced,2023-03-13 08:25:38.073807380
61.0,37200.0,Male,20000.0,Madrid,Bachelor,Single,2023-03-13 09:18:03.348334833
45.0,,Female,56400.0,Berlin,Bachelor,Married,2023-03-13 10:10:28.622862286
46.0,56600.0,Male,22900.0,Paris,Master,Married,2023-03-13 11:02:53.897389739
38.0,51400.0,Male,35200.0,Madrid,High School,Married,2023-03-13 11:55:19.171917191
64.0,57100.0,Female,36600.0,London,High School,Married,2023-03-13 12:47:44.446444644
33.0,87900.0,Male,60300.0,Paris,High School,Single,2023-03-13 13:40:09.720972097
54.0,35100.0,Male,26700.0,Berlin,Master,Divorced,2023-03-13 14:32:34.995499550
37.0,33200.0,Male,15200.0,Paris,High School,Single,2023-03-13 15:25:00.270027002
23.0,38700.0,Male,19500.0,Paris,Master,Divorced,
36.0,50500.0,Male,40300.0,Paris,High School,Married,2023-03-13 17:09:50.819081908
22.0,24100.0,Male,11100.0,London,High School,Married,2023-03-13 18:02:16.093609361
20.0,50300.0,Male,34600.0,Paris,High School,Single,2023-03-13 18:54:41.368136813
18.0,75400.0,Male,52000.0,Berlin,Bachelor,Single,2023-03-13 19:47:06.642664266
55.0,52300.0,Male,35200.0,London,Bachelor,Single,2023-03-13 20:39:31.917191719
,45600.0,,22400.0,London,High School,,2023-03-13 21:31:57.191719172
51.0,40700.0,Female,19800.0,Paris,Bachelor,Married,2023-03-13 22:24:22.466246624
52.0,63500.0,Male,42300.0,Berlin,High School,Married,2023-03-13 23:16:47.740774077
66.0,37600.0,Female,17800.0,London,Bachelor,Widowed,2023-03-14 00:09:13.015301530
42.0,77700.0,Male,51600.0,London,Bachelor,Widowed,2023-03-14 01:01:38.289828983
41.0,79000.0,Male,47200.0,Berlin,Master,Single,2023-03-14 01:54:03.564356435
29.0,53900.0,Male,29900.0,Paris,Master,Single,
35.0,49800.0,Female,25900.0,Paris,High School,Single,2023-03-14 03:38:54.113411341
32.0,65500.0,Male,51000.0,London,High School,Married,2023-03-14 04:31:19.387938794
61.0,66400.0,Male,40100.0,London,Master,Single,2023-03-14 05:23:44.662466246
33.0,37900.0,Female,23700.0,Paris,High School,Single,
44.0,42100.0,Female,32800.0,Paris,High School,Married,2023-03-14 07:08:35.211521152
25.0,30200.0,Male,20000.0,Paris,High School,Married,2023-03-14 08:01:00.486048605
63.0,56100.0,Female,43900.0,Rome,High School,Widowed,
42.0,60000.0,Female,26600.0,Paris,Bachelor,Married,2023-03-14 09:45:51.035103510
34.0,29800.0,Male,22000.0,Paris,High School,Widowed,2023-03-14 10:38:16.309630963
46.0,43200.0,Male,23100.0,Berlin,Master,Single,2023-03-14 11:30:41.584158416
25.0,29800.0,Male,21600.0,London,Bachelor,Divorced,2023-03-14 12:23:06.858685868
32.0,36500.0,Male,27100.0,London,Bachelor,Single,2023-03-14 13:15:32.133213321
44.0,58300.0,Female,29700.0,London,High School,Married,2023-03-14 14:07:57.407740774
63.0,39000.0,Male,22000.0,London,High School,Divorced,2023-03-14 15:00:22.682268227
,45500.0,,31400.0,London,Bachelor,Married,2023-03-14 15:52:47.956795679
69.0,,Female,11300.0,Paris,Bachelor,Married,2023-03-14 16:45:13.231323132
24.0,52800.0,Male,37100.0,Berlin,Bachelor,Widowed,2023-03-14 17:37:38.505850585
20.0,49300.0,Female,21900.0,Paris,High School,Single,2023-03-14 18:30:03.780378037
46.0,39100.0,Female,29900.0,Paris,Bachelor,Married,2023-03-14 19:22:29.054905490
61.0,47200.0,Female,24100.0,Paris,Bachelor,Divorced,
41.0,52700.0,Female,33200.0,Berlin,Bachelor,Married,2023-03-14 21:07:19.603960396
20.0,37800.0,Male,16900.0,London,Bachelor,Divorced,2023-03-14 21:59:44.878487848
,27900.0,,14200.0,Berlin,Master,Married,2023-03-14 22:52:10.153015301
63.0,77100.0,Male,43300.0,London,Bachelor,Married,2023-03-14 23:44:35.427542754
32.0,40500.0,Male,24100.0,Paris,High School,Single,2023-03-15 00:37:00.702070207
42.0,48500.0,Male,19400.0,Paris,Bachelor,Single,2023-03-15 01:29:25.976597659
47.0,65200.0,Male,49300.0,London,Bachelor,Married,2023-03-15 02:21:51.251125112
31.0,,Female,41500.0,Paris,High School,Single,2023-03-15 03:14:16.525652565
24.0,31300.0,Female,22200.0,Paris,High School,Single,2023-03-15 04:06:41.800180018
34.0,56700.0,Male,33400.0,Madrid,Bachelor,Widowed,2023-03-15 04:59:07.074707470
61.0,39400.0,Male,24000.0,Berlin,Bachelor,Married,2023-03-15 05:51:32.349234923
37.0,41900.0,Male,20300.0,Paris,Master,Single,2023-03-15 06:43:57.623762376
53.0,39200.0,Female,25200.0,Berlin,Master,Single,2023-03-15 07:36:22.898289829
26.0,33100.0,Male,20400.0,London,High School,Married,2023-03-15 08:28:48.172817281
55.0,49400.0,Male,23000.0,Paris,Bachelor,Widowed,2023-03-15 09:21:13.447344734
65.0,27900.0,Male,13800.0,Paris,Bachelor,Married,2023-03-15 10:13:38.721872187
39.0,64200.0,Male,27400.0,Paris,High School,Married,2023-03-15 11:06:03.996399640
19.0,50800.0,Female,21700.0,Paris,High School,Single,2023-03-15 11:58:29.270927092
41.0,56300.0,Male,22800.0,Paris,High School,Divorced,2023-03-15 12:50:54.545454545
25.0,43000.0,Male,21000.0,Madrid,High School,Married,2023-03-15 13:43:19.819981998
28.0,44500.0,Female,29900.0,London,Master,Single,2023-03-15 14:35:45.094509451
30.0,54300.0,Female,28600.0,Berlin,High School,Single,2023-03-15 15:28:10.369036903
34.0,32500.0,Female,17500.0,Paris,High School,Single,2023-03-15 16:20:35.643564356
25.0,44600.0,Male,20200.0,Paris,High School,Widowed,2023-03-15 17:13:00.918091809
38.0,37100.0,Male,23400.0,Madrid,Bachelor,Married,2023-03-15 18:05:26.192619262
35.0,36600.0,Male,19600.0,London,High School,Single,2023-03-15 18:57:51.467146714
47.0,18400.0,Male,12300.0,Madrid,High School,Single,2023-03-15 19:50:16.741674167
35.0,70100.0,Male,48800.0,Paris,High School,,2023-03-15 20:42:42.016201620
63.0,39700.0,Male,25200.0,Madrid,High School,Single,2023-03-15 21:35:07.290729073
64.0,67500.0,Male,34500.0,London,High School,Single,2023-03-15 22:27:32.565256525
48.0,66000.0,Female,39800.0,Paris,Bachelor,Single,2023-03-15 23:19:57.839783978
55.0,30700.0,Male,15400.0,London,High School,Divorced,2023-03-16 00:12:23.114311431
49.0,33700.0,Female,25700.0,Berlin,High School,Widowed,2023-03-16 01:04:48.388838884
28.0,88400.0,Male,62500.0,Paris,High School,Single,2023-03-16 01:57:13.663366336
62.0,76300.0,Male,45600.0,Rome,Master,Single,2023-03-16 02:49:38.937893789
42.0,49500.0,Male,38900.0,London,High School,Married,2023-03-16 03:42:04.212421242
50.0,,Female,33300.0,Paris,PhD,Single,2023-03-16 04:34:29.486948695
55.0,40500.0,Male,21500.0,Paris,Master,Single,2023-03-16 05:26:54.761476147
58.0,,Female,24800.0,Paris,High School,Single,2023-03-16 06:19:20.036003600
25.0,39200.0,Male,24200.0,Paris,Bachelor,Single,2023-03-16 07:11:45.310531053
28.0,19500.0,Female,14500.0,London,Bachelor,Single,2023-03-16 08:04:10.585058506
39.0,30200.0,Male,22500.0,Berlin,Bachelor,Divorced,2023-03-16 08:56:35.859585958
68.0,50300.0,Female,32300.0,London,Bachelor,Single,2023-03-16 09:49:01.134113411
,33000.0,,18400.0,London,Bachelor,Single,2023-03-16 10:41:26.408640864
58.0,49000.0,Female,32300.0,Paris,High School,,2023-03-16 11:33:51.683168317
34.0,33900.0,Male,23900.0,Rome,Bachelor,Single,2023-03-16 12:26:16.957695769
29.0,38300.0,Male,21600.0,Paris,Bachelor,Married,2023-03-16 13:18:42.232223222
63.0,62800.0,Female,37100.0,Paris,High School,Married,2023-03-16 14:11:07.506750675
49.0,53700.0,Male,36100.0,London,PhD,Single,2023-03-16 15:03:32.781278127
32.0,49900.0,Male,37500.0,Berlin,High School,Widowed,2023-03-16 15:55:58.055805580
33.0,63200.0,Female,45300.0,Rome,Master,Married,2023-03-16 16:48:23.330333033
,57200.0,,23400.0,Rome,Bachelor,Married,2023-03-16 17:40:48.604860486
45.0,71700.0,Male,32200.0,Madrid,Bachelor,Single,2023-03-16 18:33:13.879387938
37.0,43100.0,Male,31900.0,London,Master,Single,2023-03-16 19:25:39.153915391
50.0,,Female,32000.0,Paris,Master,,2023-03-16 20:18:04.428442844
27.0,30500.0,Male,16900.0,London,High School,Single,2023-03-16 21:10:29.702970297
57.0,43600.0,Male,27600.0,Paris,Bachelor,Single,
49.0,64500.0,Female,49200.0,Paris,High School,Widowed,2023-03-16 22:55:20.252025202
67.0,,Female,53100.0,Paris,High School,Married,2023-03-16 23:47:45.526552655
50.0,64400.0,Female,45900.0,Paris,Master,Single,2023-03-17 00:40:10.801080108
19.0,23100.0,Female,11200.0,London,High School,Divorced,2023-03-17 01:32:36.075607560
50.0,66200.0,Male,45800.0,Paris,High School,Married,2023-03-17 02:25:01.350135013
50.0,22400.0,Male,9900.0,Paris,Bachelor,Single,2023-03-17 03:17:26.624662466
58.0,63500.0,Male,48100.0,Berlin,High School,Single,2023-03-17 04:09:51.899189919
30.0,,Female,20500.0,London,High School,Single,2023-03-17 05:02:17.173717371
47.0,60500.0,Female,40200.0,Madrid,Bachelor,Single,2023-03-17 05:54:42.448244824
50.0,30000.0,Female,19300.0,London,Bachelor,Single,2023-03-17 06:47:07.722772277
30.0,67600.0,Male,48000.0,Paris,High School,Single,2023-03-17 07:39:32.997299730
69.0,28000.0,Male,17400.0,Paris,Bachelor,Single,2023-03-17 08:31:58.271827182
43.0,40000.0,Male,17000.0,London,PhD,Single,2023-03-17 09:24:23.546354635
39.0,35000.0,Male,23900.0,Berlin,PhD,Single,2023-03-17 10:16:48.820882088
56.0,23700.0,Female,13100.0,Paris,Bachelor,Single,2023-03-17 11:09:14.095409541
19.0,51400.0,Male,27100.0,Madrid,High School,Single,2023-03-17 12:01:39.369936993
55.0,77100.0,Male,61400.0,London,High School,Single,2023-03-17 12:54:04.644464446
56.0,90000.0,Female,57300.0,Paris,Master,Married,2023-03-17 13:46:29.918991899
43.0,51500.0,Male,35200.0,London,High School,Single,2023-03-17 14:38:55.193519352
63.0,66800.0,Male,40800.0,London,PhD,Single,2023-03-17 15:31:20.468046804
67.0,53500.0,Male,37900.0,Paris,High School,Divorced,2023-03-17 16:23:45.742574257
32.0,57500.0,Female,40300.0,Paris,Master,Single,2023-03-17 17:16:11.017101710
51.0,44900.0,Female,29800.0,Berlin,High School,Single,2023-03-17 18:08:36.291629163
59.0,52900.0,Male,42300.0,London,High School,Single,2023-03-17 19:01:01.566156615
61.0,58100.0,Male,33900.0,Paris,Bachelor,Married,2023-03-17 19:53:26.840684068
66.0,41300.0,Male,28200.0,Madrid,Master,Divorced,2023-03-17 20:45:52.115211521
,48800.0,,35100.0,Paris,Bachelor,Single,2023-03-17 21:38:17.389738974
28.0,49100.0,Male,27000.0,Paris,High School,Single,2023-03-17 22:30:42.664266426
20.0,62400.0,Male,36400.0,Paris,Master,Married,2023-03-17 23:23:07.938793879
23.0,34000.0,Male,26800.0,Madrid,Bachelor,Single,2023-03-18 00:15:33.213321332
26.0,49200.0,Female,20300.0,London,High School,Widowed,2023-03-18 01:07:58.487848785
23.0,78700.0,Male,42000.0,London,High School,Single,2023-03-18 02:00:23.762376237
26.0,67500.0,Male,40100.0,Rome,Bachelor,Single,2023-03-18 02:52:49.036903690
56.0,70200.0,Male,28100.0,Berlin,High School,Single,2023-03-18 03:45:14.311431143
48.0,50400.0,Male,38300.0,Paris,Master,Single,2023-03-18 04:37:39.585958596
49.0,54800.0,Male,28200.0,Berlin,High School,Single,2023-03-18 05:30:04.860486048
58.0,65000.0,Male,32700.0,Berlin,Bachelor,Married,2023-03-18 06:22:30.135013501
67.0,73400.0,Female,53400.0,Paris,High School,Single,2023-03-18 07:14:55.409540954
29.0,20700.0,Female,10600.0,Paris,Bachelor,Single,2023-03-18 08:07:20.684068407
25.0,30300.0,Female,20100.0,Berlin,High School,Single,2023-03-18 08:59:45.958595859
25.0,69600.0,Male,50700.0,Paris,High School,Married,2023-03-18 09:52:11.233123312
67.0,45800.0,Female,32800.0,Paris,High School,,2023-03-18 10:44:36.507650765
45.0,39900.0,Male,28400.0,Berlin,High School,Single,2023-03-18 11:37:01.782178217
37.0,31200.0,Female,13600.0,Madrid,High School,Single,2023-03-18 12:29:27.056705670
64.0,41700.0,Male,18000.0,Paris,High School,,2023-03-18 13:21:52.331233123
24.0,29000.0,Male,15200.0,London,High School,Divorced,2023-03-18 14:14:17.605760576
28.0,81400.0,Male,33700.0,London,High School,Single,2023-03-18 15:06:42.880288028
37.0,49700.0,Female,29800.0,London,PhD,Single,2023-03-18 15:59:08.154815481
33.0,49100.0,Female,27400.0,Rome,High School,Widowed,2023-03-18 16:51:33.429342934
21.0,58800.0,Female,36600.0,London,High School,Single,2023-03-18 17:43:58.703870387
23.0,64400.0,Male,33500.0,London,High School,Married,2023-03-18 18:36:23.978397839
39.0,64200.0,Male,38200.0,Rome,Bachelor,Married,2023-03-18 19:28:49.252925292
43.0,66100.0,Female,35300.0,Paris,Bachelor,Single,2023-03-18 20:21:14.527452745
20.0,40500.0,Male,19400.0,Paris,High School,Single,2023-03-18 21:13:39.801980198
58.0,45500.0,Female,30000.0,London,High School,Divorced,2023-03-18 22:06:05.076507650
59.0,61500.0,Male,41200.0,Paris,Bachelor,Single,2023-03-18 22:58:30.351035103
,42100.0,,30800.0,Paris,Master,Single,2023-03-18 23:50:55.625562556
28.0,49900.0,Female,37400.0,Paris,Master,Single,2023-03-19 00:43:20.900090009
35.0,56000.0,Male,38200.0,London,High School,Single,2023-03-19 01:35:46.174617461
29.0,61800.0,Female,41700.0,Madrid,Bachelor,Single,2023-03-19 02:28:11.449144914
40.0,23300.0,Male,9800.0,Paris,High School,Single,2023-03-19 03:20:36.723672367
,60700.0,,26900.0,London,Bachelor,Single,2023-03-19 04:13:01.998199820
30.0,46500.0,Male,33700.0,Paris,High School,Married,2023-03-19 05:05:27.272727272
42.0,60600.0,Female,29900.0,London,High School,Single,2023-03-19 05:57:52.547254725
62.0,61700.0,Male,33500.0,London,Bachelor,Single,2023-03-19 06:50:17.821782178
68.0,74100.0,Male,33900.0,Madrid,Bachelor,Single,2023-03-19 07:42:43.096309631
36.0,70300.0,Male,33600.0,Paris,Bachelor,Single,2023-03-19 08:35:08.370837083
63.0,70200.0,Female,49900.0,London,High School,Single,2023-03-19 09:27:33.645364536
53.0,71700.0,Male,36200.0,Paris,Bachelor,Single,2023-03-19 10:19:58.919891989
,54400.0,,31500.0,London,Master,Single,2023-03-19 11:12:24.194419442
25.0,50500.0,Female,23300.0,Madrid,High School,Married,2023-03-19 12:04:49.468946894
46.0,63100.0,Male,42400.0,Madrid,High School,Single,
49.0,61000.0,Male,42200.0,Paris,Bachelor,Single,2023-03-19 13:49:40.018001800
68.0,45400.0,Male,24700.0,Berlin,High School,Widowed,2023-03-19 14:42:05.292529253
61.0,56100.0,Female,40000.0,Paris,Bachelor,Single,2023-03-19 15:34:30.567056705
35.0,49500.0,Male,24600.0,Paris,Bachelor,Single,2023-03-19 16:26:55.841584158
23.0,37200.0,Male,25200.0,Madrid,PhD,Divorced,2023-03-19 17:19:21.116111611
35.0,69400.0,Female,48000.0,Paris,Master,Single,2023-03-19 18:11:46.390639064
36.0,50800.0,Female,40000.0,Paris,High School,Divorced,2023-03-19 19:04:11.665166516
39.0,80700.0,Male,39800.0,Paris,High School,Single,2023-03-19 19:56:36.939693969
54.0,25600.0,Female,11200.0,Paris,High School,Married,2023-03-19 20:49:02.214221422
49.0,41600.0,Female,21000.0,Paris,High School,Single,2023-03-19 21:41:27.488748875
58.0,50500.0,Male,22700.0,Berlin,High School,Divorced,2023-03-19 22:33:52.763276327
,67100.0,,31400.0,London,Bachelor,Married,2023-03-19 23:26:18.037803780
45.0,56000.0,Male,29900.0,London,Master,Single,2023-03-20 00:18:43.312331233
27.0,54700.0,Male,30900.0,Paris,Master,Married,2023-03-20 01:11:08.586858686
68.0,33100.0,Male,25200.0,London,High School,Single,2023-03-20 02:03:33.861386138
52.0,32600.0,Male,15600.0,Berlin,Bachelor,Married,2023-03-20 02:55:59.135913591
46.0,54800.0,Male,43200.0,Madrid,Bachelor,Married,2023-03-20 03:48:24.410441044
32.0,29500.0,Female,21400.0,Rome,High School,Married,2023-03-20 04:40:49.684968497
50.0,42000.0,Male,31600.0,London,High School,Single,2023-03-20 05:33:14.959495949
,57500.0,,44400.0,Rome,Master,Divorced,2023-03-20 06:25:40.234023402
29.0,35300.0,Male,24800.0,Paris,High School,Married,2023-03-20 07:18:05.508550855
66.0,74100.0,Female,53000.0,Paris,PhD,Single,2023-03-20 08:10:30.783078307
47.0,68400.0,Male,39300.0,Berlin,Bachelor,Single,2023-03-20 09:02:56.057605760
38.0,26400.0,Male,16000.0,Paris,High School,Married,2023-03-20 09:55:21.332133213
48.0,36000.0,Male,27800.0,Paris,High School,Married,2023-03-20 10:47:46.606660666
41.0,15700.0,Female,8700.0,Madrid,High School,Married,2023-03-20 11:40:11.881188118
37.0,38300.0,Male,16000.0,Berlin,Bachelor,Single,2023-03-20 12:32:37.155715571
54.0,61500.0,Female,43400.0,Paris,Bachelor,Single,2023-03-20 13:25:02.430243024
21.0,43800.0,Male,27600.0,Berlin,Bachelor,Married,2023-03-20 14:17:27.704770477
45.0,56900.0,Male,41300.0,Berlin,Bachelor,Single,2023-03-20 15:09:52.979297929
61.0,27200.0,Male,11700.0,Madrid,Master,Single,2023-03-20 16:02:18.253825382
37.0,,Female,40200.0,London,High School,Married,2023-03-20 16:54:43.528352835
41.0,41700.0,Male,20800.0,Berlin,Bachelor,Single,2023-03-20 17:47:08.802880288
67.0,50200.0,Male,38200.0,Berlin,Bachelor,Single,2023-03-20 18:39:34.077407740
66.0,48600.0,Male,21600.0,London,High School,Single,2023-03-20 19:31:59.351935193
68.0,30900.0,Male,22800.0,London,Master,Single,2023-03-20 20:24:24.626462646
49.0,32700.0,Male,14200.0,London,Bachelor,Married,2023-03-20 21:16:49.900990099
58.0,64500.0,Female,26400.0,London,High School,Married,2023-03-20 22:09:15.175517551
53.0,56000.0,Male,27700.0,Rome,Master,Married,2023-03-20 23:01:40.450045004
51.0,65800.0,Male,35100.0,Paris,Master,Single,2023-03-20 23:54:05.724572457
53.0,54900.0,Male,35700.0,Paris,Bachelor,Divorced,2023-03-21 00:46:30.999099910
19.0,52100.0,Male,23600.0,Berlin,High School,Married,2023-03-21 01:38:56.273627362
32.0,24100.0,Male,13900.0,Paris,PhD,Divorced,2023-03-21 02:31:21.548154815
51.0,45900.0,Male,22100.0,London,High School,Widowed,2023-03-21 03:23:46.822682268
53.0,49600.0,Female,36800.0,Paris,Bachelor,Single,2023-03-21 04:16:12.097209721
23.0,79300.0,Male,33100.0,London,High School,Divorced,2023-03-21 05:08:37.371737173
56.0,60300.0,Female,32700.0,Madrid,High School,Single,2023-03-21 06:01:02.646264626
59.0,73000.0,Male,47600.0,Berlin,Master,Single,2023-03-21 06:53:27.920792079
68.0,59000.0,Male,45100.0,Paris,Bachelor,Single,2023-03-21 07:45:53.195319532
68.0,39300.0,Female,29400.0,Rome,Bachelor,Single,2023-03-21 08:38:18.469846984
29.0,51800.0,Female,39300.0,Paris,High School,Married,2023-03-21 09:30:43.744374437
20.0,53500.0,Male,22700.0,London,Master,Widowed,2023-03-21 10:23:09.018901890
62.0,35900.0,Male,26400.0,London,High School,,2023-03-21 11:15:34.293429343
35.0,44200.0,Male,31500.0,Rome,High School,Married,2023-03-21 12:07:59.567956795
57.0,46900.0,Male,35700.0,Paris,Bachelor,Divorced,2023-03-21 13:00:24.842484248
38.0,74100.0,Male,38900.0,London,High School,Married,2023-03-21 13:52:50.117011701
32.0,18800.0,Female,14400.0,Paris,High School,Single,2023-03-21 14:45:15.391539154
50.0,68100.0,Male,38200.0,Paris,Master,Married,2023-03-21 15:37:40.666066606
52.0,35900.0,Male,23500.0,Madrid,Bachelor,Married,2023-03-21 16:30:05.940594059
43.0,29400.0,Male,16700.0,London,Master,Married,2023-03-21 17:22:31.215121512
25.0,67700.0,Male,38700.0,Berlin,Bachelor,,2023-03-21 18:14:56.489648965
53.0,61000.0,Male,37700.0,Paris,High School,Single,2023-03-21 19:07:21.764176417
65.0,68800.0,Male,37300.0,Berlin,High School,Single,2023-03-21 19:59:47.038703870
47.0,62000.0,Female,44500.0,Berlin,Master,Single,2023-03-21 20:52:12.313231323
40.0,80900.0,Male,52900.0,London,High School,Single,2023-03-21 21:44:37.587758776
59.0,58400.0,Female,39500.0,London,Bachelor,Married,2023-03-21 22:37:02.862286228
61.0,47700.0,Male,23500.0,Rome,High School,Married,2023-03-21 23:29:28.136813681
31.0,55100.0,Female,43400.0,Berlin,Bachelor,Single,2023-03-22 00:21:53.411341134
31.0,68700.0,Female,45600.0,London,High School,Single,2023-03-22 01:14:18.685868587
19.0,38300.0,Female,18300.0,London,High School,Married,2023-03-22 02:06:43.960396039
54.0,40200.0,Female,28100.0,Berlin,Bachelor,Single,2023-03-22 02:59:09.234923492
22.0,45400.0,Male,21300.0,Paris,High School,Single,2023-03-22 03:51:34.509450945
55.0,18400.0,Female,7800.0,London,Bachelor,,2023-03-22 04:43:59.783978397
62.0,52100.0,Female,31800.0,Rome,Bachelor,Single,2023-03-22 05:36:25.058505850
58.0,21700.0,Male,13500.0,Madrid,Bachelor,Divorced,2023-03-22 06:28:50.333033303
64.0,50800.0,Male,24200.0,Berlin,High School,Divorced,2023-03-22 07:21:15.607560756
31.0,63000.0,Male,34000.0,Paris,Bachelor,Married,2023-03-22 08:13:40.882088208
56.0,42800.0,Male,33300.0,Rome,Master,Single,2023-03-22 09:06:06.156615661
42.0,75200.0,Male,38700.0,London,Bachelor,Married,2023-03-22 09:58:31.431143114
37.0,28100.0,Male,13000.0,Paris,Bachelor,Single,2023-03-22 10:50:56.705670567
19.0,67900.0,Male,54100.0,London,Master,Single,2023-03-22 11:43:21.980198019
56.0,60100.0,Female,31300.0,Madrid,Master,Single,2023-03-22 12:35:47.254725472
23.0,24300.0,Male,16300.0,Paris,High School,Single,2023-03-22 13:28:12.529252925
34.0,,Female,44700.0,Madrid,PhD,Single,2023-03-22 14:20:37.803780378
42.0,49000.0,Male,30400.0,Madrid,High School,Married,2023-03-22 15:13:03.078307830
45.0,36800.0,Male,20400.0,Paris,PhD,Single,2023-03-22 16:05:28.352835283
19.0,28900.0,Male,22700.0,Madrid,High School,Single,2023-03-22 16:57:53.627362736
52.0,46700.0,Male,26800.0,Madrid,High School,Married,2023-03-22 17:50:18.901890189
54.0,48100.0,Male,30500.0,Paris,Master,Married,2023-03-22 18:42:44.176417641
22.0,51500.0,Male,40100.0,Paris,High School,Single,2023-03-22 19:35:09.450945094
18.0,45500.0,Male,36200.0,Paris,High School,Married,2023-03-22 20:27:34.725472547
57.0,59500.0,Male,26200.0,Paris,Bachelor,Married,2023-03-22 21:20:00.000000000
29.0,44200.0,Male,32400.0,Berlin,Bachelor,Single,2023-03-22 22:12:25.274527452
53.0,21000.0,Male,11600.0,Paris,High School,Widowed,2023-03-22 23:04:50.549054905
62.0,47800.0,Male,30500.0,Rome,High School,Single,2023-03-22 23:57:15.823582358
40.0,14500.0,Male,8000.0,Rome,High School,Married,2023-03-23 00:49:41.098109811
64.0,55300.0,Male,31000.0,Paris,High School,Single,2023-03-23 01:42:06.372637263
48.0,35300.0,Male,16400.0,London,Bachelor,Single,2023-03-23 02:34:31.647164716
,52500.0,,33000.0,London,High School,Single,2023-03-23 03:26:56.921692169
27.0,69700.0,Male,43100.0,London,High School,Married,2023-03-23 04:19:22.196219622
20.0,35800.0,Male,17000.0,Paris,Bachelor,Single,2023-03-23 05:11:47.470747074
31.0,65900.0,Male,40600.0,Paris,Master,Widowed,2023-03-23 06:04:12.745274527
33.0,43500.0,Male,34300.0,Paris,Bachelor,Married,2023-03-23 06:56:38.019801980
27.0,76300.0,Male,52300.0,Paris,High School,Divorced,2023-03-23 07:49:03.294329433
46.0,44500.0,Male,26400.0,Madrid,Bachelor,Single,2023-03-23 08:41:28.568856885
27.0,37400.0,Female,28700.0,Paris,Master,Single,2023-03-23 09:33:53.843384338
29.0,60300.0,Female,38000.0,Paris,Bachelor,Single,2023-03-23 10:26:19.117911791
47.0,43500.0,Male,19700.0,London,High School,Married,2023-03-23 11:18:44.392439244
58.0,,Female,23200.0,Paris,PhD,Single,
18.0,42800.0,Male,20200.0,Paris,Bachelor,Divorced,2023-03-23 13:03:34.941494149
22.0,49300.0,Male,34900.0,London,Master,Single,2023-03-23 13:56:00.216021602
37.0,70100.0,Female,55200.0,London,Bachelor,Divorced,2023-03-23 14:48:25.490549055
25.0,,Female,11400.0,Paris,High School,Single,2023-03-23 15:40:50.765076507
60.0,50300.0,Male,28900.0,London,High School,Married,
29.0,59400.0,Male,33800.0,London,Bachelor,Widowed,2023-03-23 17:25:41.314131413
18.0,52900.0,Male,27200.0,London,High School,Divorced,2023-03-23 18:18:06.588658866
37.0,69600.0,Male,49900.0,Berlin,High School,Divorced,2023-03-23 19:10:31.863186318
45.0,48900.0,Male,31600.0,Paris,High School,Married,2023-03-23 20:02:57.137713771
60.0,47200.0,Male,20100.0,London,Master,Widowed,2023-03-23 20:55:22.412241224
54.0,58900.0,Female,43300.0,Berlin,Master,Married,2023-03-23 21:47:47.686768677
64.0,51500.0,Male,24500.0,Madrid,High School,Married,2023-03-23 22:40:12.961296129
54.0,,Female,34900.0,Madrid,Bachelor,Married,2023-03-23 23:32:38.235823582
29.0,57700.0,Male,31800.0,London,High School,Married,2023-03-24 00:25:03.510351035
54.0,40200.0,Male,26000.0,London,Bachelor,Married,2023-03-24 01:17:28.784878487
66.0,40800.0,Male,17600.0,London,High School,Married,2023-03-24 02:09:54.059405940
66.0,42100.0,Male,22600.0,Madrid,Bachelor,Single,2023-03-24 03:02:19.333933393
61.0,70300.0,Male,50700.0,Berlin,High School,Married,2023-03-24 03:54:44.608460846
45.0,1700.0,Male,1000.0,Paris,High School,Single,
,55900.0,,42600.0,Paris,High School,Married,2023-03-24 05:39:35.157515751
32.0,50500.0,Male,31800.0,Paris,High School,Married,2023-03-24 06:32:00.432043204
23.0,24800.0,Male,19100.0,Paris,Master,Divorced,2023-03-24 07:24:25.706570657
61.0,54600.0,Male,43300.0,Rome,High School,Married,2023-03-24 08:16:50.981098109
37.0,57100.0,Male,33200.0,Paris,High School,Married,2023-03-24 09:09:16.255625562
67.0,58800.0,Male,36800.0,Paris,High School,Single,2023-03-24 10:01:41.530153015
31.0,10200.0,Male,7500.0,Madrid,High School,,2023-03-24 10:54:06.804680468
19.0,,Female,,Paris,Bachelor,Single,
26.0,38900.0,Male,29000.0,Paris,High School,Divorced,2023-03-24 12:38:57.353735373
54.0,60300.0,Male,38400.0,London,High School,Married,2023-03-24 13:31:22.628262826
37.0,61100.0,Male,42200.0,London,High School,Single,2023-03-24 14:23:47.902790279
43.0,36800.0,Male,15900.0,Paris,High School,Divorced,2023-03-24 15:16:13.177317731
46.0,59900.0,Male,42300.0,London,High School,Single,2023-03-24 16:08:38.451845184
18.0,44200.0,Male,23200.0,Paris,Master,Single,2023-03-24 17:01:03.726372637
52.0,18900.0,Female,13600.0,London,High School,Single,2023-03-24 17:53:29.000900090
23.0,67500.0,Male,40700.0,London,Bachelor,Widowed,2023-03-24 18:45:54.275427542
54.0,38400.0,Male,19600.0,Berlin,Bachelor,Married,2023-03-24 19:38:19.549954995
22.0,37200.0,Male,29100.0,London,High School,Divorced,2023-03-24 20:30:44.824482448
50.0,44000.0,Male,31100.0,London,Bachelor,Single,2023-03-24 21:23:10.099009901
66.0,54100.0,Male,43000.0,London,Bachelor,Single,2023-03-24 22:15:35.373537353
68.0,49100.0,Female,26800.0,Paris,Bachelor,Married,2023-03-24 23:08:00.648064806
31.0,58200.0,Female,38400.0,Paris,Master,Single,2023-03-25 00:00:25.922592259
29.0,29900.0,Female,19300.0,Berlin,High School,Married,2023-03-25 00:52:51.197119712
59.0,38900.0,Male,26300.0,Paris,High School,Married,2023-03-25 01:45:16.471647164
37.0,48300.0,Female,20100.0,London,Bachelor,Single,2023-03-25 02:37:41.746174617
,78500.0,,,Paris,High School,Single,2023-03-25 03:30:07.020702070
41.0,48300.0,Female,36900.0,Berlin,High School,Single,2023-03-25 04:22:32.295229523
60.0,66300.0,Female,37800.0,Rome,Master,,2023-03-25 05:14:57.569756975
51.0,50600.0,Male,39700.0,Paris,Bachelor,Divorced,2023-03-25 06:07:22.844284428
42.0,42700.0,Male,20700.0,London,High School,,2023-03-25 06:59:48.118811881
67.0,46300.0,Male,37000.0,London,High School,Married,2023-03-25 07:52:13.393339334
46.0,47500.0,Female,32300.0,Madrid,High School,,2023-03-25 08:44:38.667866786
56.0,59100.0,Male,42000.0,Paris,High School,Single,2023-03-25 09:37:03.942394239
48.0,70600.0,Female,,London,Master,Married,2023-03-25 10:29:29.216921692
64.0,55400.0,Male,42300.0,London,PhD,Married,2023-03-25 11:21:54.491449145
60.0,67800.0,Male,41900.0,Paris,Bachelor,Divorced,2023-03-25 12:14:19.765976597
67.0,35500.0,Male,23900.0,Paris,High School,Divorced,2023-03-25 13:06:45.040504050
40.0,43800.0,Female,19200.0,Paris,Bachelor,Single,
61.0,39100.0,Male,25500.0,Berlin,Master,Widowed,2023-03-25 14:51:35.589558956
55.0,54700.0,Male,41100.0,Paris,Master,Single,2023-03-25 15:44:00.864086408
37.0,44600.0,Male,21000.0,London,Bachelor,Married,2023-03-25 16:36:26.138613861
40.0,60900.0,Male,42300.0,Paris,Bachelor,Married,2023-03-25 17:28:51.413141314
62.0,36000.0,Male,14800.0,Paris,Bachelor,,2023-03-25 18:21:16.687668767
69.0,50600.0,Male,39000.0,London,High School,Married,2023-03-25 19:13:41.962196219
,60300.0,,47800.0,Madrid,Bachelor,Divorced,2023-03-25 20:06:07.236723672
67.0,19000.0,Female,10300.0,London,Bachelor,Married,2023-03-25 20:58:32.511251125
59.0,81800.0,Male,36200.0,Berlin,Bachelor,,2023-03-25 21:50:57.785778577
25.0,,Female,30400.0,London,Bachelor,Single,2023-03-25 22:43:23.060306030
67.0,,Female,8100.0,London,Bachelor,Divorced,2023-03-25 23:35:48.334833483
38.0,52400.0,Male,31100.0,London,Bachelor,Widowed,2023-03-26 00:28:13.609360936
18.0,50500.0,Male,25700.0,Madrid,High School,Married,2023-03-26 01:20:38.883888388
25.0,48800.0,Male,28800.0,London,Master,Widowed,2023-03-26 02:13:04.158415841
46.0,64900.0,Male,26400.0,London,Bachelor,Single,2023-03-26 03:05:29.432943294
49.0,61200.0,Male,25700.0,London,Bachelor,Married,2023-03-26 03:57:54.707470747
55.0,54500.0,Female,22100.0,Paris,High School,,2023-03-26 04:50:19.981998199
22.0,56800.0,Female,36800.0,Paris,Master,Married,2023-03-26 05:42:45.256525652
64.0,48400.0,Male,30200.0,Paris,Bachelor,Married,2023-03-26 06:35:10.531053105
39.0,76600.0,Male,,Berlin,Bachelor,Married,2023-03-26 07:27:35.805580558
64.0,27800.0,Male,18300.0,Paris,PhD,Married,2023-03-26 08:20:01.080108010
51.0,52100.0,Female,39300.0,Paris,Master,Single,2023-03-26 09:12:26.354635463
18.0,51000.0,Male,26100.0,Madrid,Bachelor,Widowed,2023-03-26 10:04:51.629162916
43.0,62200.0,Male,45600.0,London,High School,Single,2023-03-26 10:57:16.903690369
60.0,37300.0,Male,24800.0,Paris,PhD,Married,2023-03-26 11:49:42.178217821
27.0,23800.0,Male,9800.0,Berlin,PhD,Divorced,2023-03-26 12:42:07.452745274
47.0,52400.0,Male,28800.0,Paris,High School,Divorced,2023-03-26 13:34:32.727272727
67.0,54200.0,Female,32700.0,London,High School,Married,2023-03-26 14:26:58.001800180
35.0,72300.0,Male,50100.0,London,Bachelor,Married,2023-03-26 15:19:23.276327632
34.0,30900.0,Female,15900.0,Paris,High School,Single,2023-03-26 16:11:48.550855085
43.0,67300.0,Male,53400.0,Paris,High School,,2023-03-26 17:04:13.825382538
25.0,85500.0,Male,57600.0,Paris,Bachelor,Single,2023-03-26 17:56:39.099909991
64.0,44300.0,Male,24300.0,Paris,PhD,Married,2023-03-26 18:49:04.374437443
57.0,30600.0,Female,13400.0,Paris,High School,Married,2023-03-26 19:41:29.648964896
,43900.0,,20700.0,Rome,Master,Married,2023-03-26 20:33:54.923492349
29.0,50200.0,Male,29900.0,London,Master,Married,2023-03-26 21:26:20.198019802
44.0,,Female,35000.0,Madrid,Master,Married,2023-03-26 22:18:45.472547254
25.0,41100.0,Male,29100.0,London,High School,Single,2023-03-26 23:11:10.747074707
42.0,73300.0,Male,50600.0,London,High School,Divorced,2023-03-27 00:03:36.021602160
,33300.0,,16000.0,Paris,High School,Divorced,2023-03-27 00:56:01.296129613
21.0,23900.0,Female,15200.0,Paris,Master,Single,2023-03-27 01:48:26.570657065
50.0,66600.0,Male,27200.0,London,Bachelor,Married,2023-03-27 02:40:51.845184518
18.0,15900.0,Male,8900.0,Madrid,High School,Married,2023-03-27 03:33:17.119711971
36.0,46900.0,Male,33100.0,Paris,High School,Single,2023-03-27 04:25:42.394239424
48.0,96800.0,Male,54200.0,London,High School,Single,2023-03-27 05:18:07.668766876
33.0,49800.0,Male,36600.0,Paris,PhD,,2023-03-27 06:10:32.943294329
31.0,33200.0,Male,26200.0,London,Bachelor,Married,2023-03-27 07:02:58.217821782
65.0,49100.0,Male,31600.0,London,Bachelor,Single,2023-03-27 07:55:23.492349235
22.0,49200.0,Female,22500.0,Berlin,High School,Single,2023-03-27 08:47:48.766876687
58.0,52400.0,Male,28900.0,Paris,Master,Single,2023-03-27 09:40:14.041404140
43.0,59900.0,Male,24200.0,Paris,Bachelor,Single,2023-03-27 10:32:39.315931593
45.0,34400.0,Male,22100.0,London,Master,Married,2023-03-27 11:25:04.590459046
19.0,75300.0,Male,54900.0,Rome,High School,Married,2023-03-27 12:17:29.864986498
67.0,53700.0,Female,35000.0,Paris,Bachelor,Single,2023-03-27 13:09:55.139513951
23.0,60900.0,Male,43500.0,London,High School,Married,2023-03-27 14:02:20.414041404
26.0,40600.0,Female,29200.0,London,High School,,2023-03-27 14:54:45.688568857
50.0,69300.0,Female,51300.0,Paris,High School,Single,2023-03-27 15:47:10.963096309
58.0,46100.0,Female,23400.0,Berlin,High School,Single,2023-03-27 16:39:36.237623762
42.0,54200.0,Male,40600.0,Paris,High School,Married,2023-03-27 17:32:01.512151215
65.0,36000.0,Male,23800.0,Berlin,Bachelor,Single,2023-03-27 18:24:26.786678667
30.0,35000.0,Male,18100.0,London,High School,Married,2023-03-27 19:16:52.061206120
26.0,60300.0,Female,47900.0,London,High School,Single,2023-03-27 20:09:17.335733573
30.0,43300.0,Male,33800.0,Paris,High School,Single,2023-03-27 21:01:42.610261026
48.0,37200.0,Male,23400.0,Madrid,Bachelor,Married,2023-03-27 21:54:07.884788478
58.0,40400.0,Male,29800.0,Paris,High School,Married,2023-03-27 22:46:33.159315931
28.0,60500.0,Male,30500.0,London,Bachelor,Single,2023-03-27 23:38:58.433843384
21.0,40600.0,Female,23000.0,Berlin,High School,,2023-03-28 00:31:23.708370837
51.0,48200.0,Male,22800.0,London,High School,Married,
55.0,50200.0,Male,30500.0,Paris,Bachelor,Single,2023-03-28 02:16:14.257425742
63.0,21200.0,Male,12700.0,Rome,High School,Single,2023-03-28 03:08:39.531953195
21.0,27900.0,Male,13500.0,Paris,Master,Single,
55.0,55000.0,Female,36800.0,Madrid,Master,Married,2023-03-28 04:53:30.081008100
36.0,38900.0,Female,17400.0,Paris,Bachelor,Single,2023-03-28 05:45:55.355535553
23.0,65900.0,Male,28000.0,Paris,High School,Divorced,2023-03-28 06:38:20.630063006
51.0,64500.0,Male,35700.0,Paris,Bachelor,Divorced,2023-03-28 07:30:45.904590459
35.0,60800.0,Male,34300.0,Paris,Bachelor,Widowed,2023-03-28 08:23:11.179117911
30.0,77300.0,Female,,Paris,High School,Divorced,2023-03-28 09:15:36.453645364
58.0,48800.0,Female,24600.0,Paris,High School,Widowed,2023-03-28 10:08:01.728172817
40.0,59700.0,Female,32000.0,Rome,High School,Divorced,2023-03-28 11:00:27.002700270
36.0,41200.0,Male,19200.0,Berlin,High School,Single,2023-03-28 11:52:52.277227722
62.0,86800.0,Female,48700.0,Paris,Bachelor,Single,2023-03-28 12:45:17.551755175
28.0,79800.0,Female,60800.0,Paris,Master,Single,2023-03-28 13:37:42.826282628
18.0,50200.0,Male,24600.0,London,High School,Married,2023-03-28 14:30:08.100810081
41.0,55800.0,Male,37600.0,Paris,High School,Married,2023-03-28 15:22:33.375337533
,70400.0,,,Berlin,High School,Divorced,2023-03-28 16:14:58.649864986
42.0,47800.0,Male,25900.0,London,High School,Widowed,2023-03-28 17:07:23.924392439
38.0,40200.0,Male,21200.0,London,High School,Single,2023-03-28 17:59:49.198919892
,63100.0,,48900.0,London,High School,,2023-03-28 18:52:14.473447344
18.0,51200.0,Male,29200.0,London,High School,Single,2023-03-28 19:44:39.747974797
29.0,52700.0,Male,35600.0,Paris,Bachelor,Married,2023-03-28 20:37:05.022502250
24.0,37500.0,Male,24000.0,Paris,Bachelor,Married,2023-03-28 21:29:30.297029703
32.0,24200.0,Female,11000.0,Paris,Master,Divorced,2023-03-28 22:21:55.571557155
38.0,53500.0,Female,41500.0,London,Bachelor,Divorced,2023-03-28 23:14:20.846084608
36.0,63600.0,Female,34200.0,London,High School,Single,2023-03-29 00:06:46.120612061
46.0,46600.0,Male,19500.0,Berlin,Bachelor,Single,2023-03-29 00:59:11.395139514
42.0,71500.0,Male,37200.0,Paris,High School,Married,2023-03-29 01:51:36.669666966
50.0,39400.0,Male,21000.0,London,Bachelor,Married,2023-03-29 02:44:01.944194419
66.0,34200.0,Male,14900.0,Paris,High School,Married,2023-03-29 03:36:27.218721872
49.0,49000.0,Male,31800.0,London,High School,Widowed,2023-03-29 04:28:52.493249325
66.0,48800.0,Female,26300.0,Berlin,High School,Single,
52.0,61500.0,Male,40100.0,Berlin,High School,Married,2023-03-29 06:13:43.042304230
61.0,38400.0,Male,15500.0,Madrid,High School,Widowed,2023-03-29 07:06:08.316831683
55.0,70500.0,Male,55900.0,Rome,High School,Married,2023-03-29 07:58:33.591359136
43.0,79500.0,Male,37200.0,Berlin,Bachelor,Married,2023-03-29 08:50:58.865886588
28.0,49400.0,Female,32800.0,Paris,High School,Single,2023-03-29 09:43:24.140414041
52.0,,Female,47100.0,Paris,High School,,2023-03-29 10:35:49.414941494
25.0,34200.0,Male,16000.0,London,Bachelor,Single,2023-03-29 11:28:14.689468947
63.0,66100.0,Male,29400.0,Rome,High School,Single,2023-03-29 12:20:39.963996399
31.0,65700.0,Male,30300.0,London,Master,Single,2023-03-29 13:13:05.238523852
27.0,63000.0,Female,31400.0,Paris,Master,Divorced,2023-03-29 14:05:30.513051305
19.0,49800.0,Male,23300.0,Madrid,PhD,Single,2023-03-29 14:57:55.787578757
63.0,5700.0,Male,3800.0,Paris,High School,Single,2023-03-29 15:50:21.062106210
26.0,40400.0,Male,23000.0,London,High School,Single,2023-03-29 16:42:46.336633663
,40600.0,,25000.0,Berlin,Bachelor,Married,2023-03-29 17:35:11.611161116
38.0,35300.0,Male,14800.0,Berlin,High School,Widowed,2023-03-29 18:27:36.885688568
43.0,51800.0,Male,38600.0,Berlin,High School,Divorced,
25.0,43700.0,Male,20500.0,Berlin,High School,Married,2023-03-29 20:12:27.434743474
65.0,37600.0,Male,20500.0,London,Bachelor,Single,2023-03-29 21:04:52.709270927
19.0,34100.0,Female,14600.0,London,High School,Single,2023-03-29 21:57:17.983798379
23.0,39300.0,Male,17900.0,London,Bachelor,Divorced,2023-03-29 22:49:43.258325832
45.0,66800.0,Male,44500.0,Berlin,High School,Married,2023-03-29 23:42:08.532853285
46.0,40100.0,Female,27100.0,Paris,Bachelor,Single,2023-03-30 00:34:33.807380738
43.0,,Female,28400.0,Paris,High School,Single,2023-03-30 01:26:59.081908190
42.0,43100.0,Male,26800.0,Paris,High School,Single,2023-03-30 02:19:24.356435643
29.0,55100.0,Male,43000.0,London,High School,Married,2023-03-30 03:11:49.630963096
22.0,56800.0,Male,34200.0,Paris,High School,Divorced,2023-03-30 04:04:14.905490549
51.0,4300.0,Female,2500.0,Berlin,High School,Single,2023-03-30 04:56:40.180018001
65.0,65300.0,Female,32600.0,Paris,High School,Married,2023-03-30 05:49:05.454545454
54.0,71500.0,Male,31400.0,Paris,PhD,Single,2023-03-30 06:41:30.729072907
32.0,34200.0,Male,21200.0,Paris,Bachelor,,2023-03-30 07:33:56.003600360
61.0,35400.0,Male,18600.0,London,Master,Single,2023-03-30 08:26:21.278127812
,43200.0,,26300.0,Paris,PhD,Married,2023-03-30 09:18:46.552655265
32.0,38700.0,Male,18700.0,Paris,Bachelor,Single,2023-03-30 10:11:11.827182718
60.0,53400.0,Male,39300.0,Madrid,High School,Divorced,2023-03-30 11:03:37.101710171
65.0,20800.0,Male,16600.0,Berlin,Master,Single,2023-03-30 11:56:02.376237623
40.0,33200.0,Male,17600.0,Madrid,Bachelor,Single,2023-03-30 12:48:27.650765076
,73100.0,,,London,PhD,Single,2023-03-30 13:40:52.925292529
63.0,36100.0,Male,27000.0,Madrid,Bachelor,Married,2023-03-30 14:33:18.199819982
67.0,68700.0,Male,54900.0,Berlin,Bachelor,Single,2023-03-30 15:25:43.474347434
61.0,55300.0,Male,29700.0,Rome,Master,Single,2023-03-30 16:18:08.748874887
60.0,22900.0,Female,16100.0,Paris,Bachelor,Married,2023-03-30 17:10:34.023402340
,59500.0,,29200.0,Paris,Bachelor,Married,2023-03-30 18:02:59.297929793
38.0,,Female,31300.0,Paris,High School,Single,2023-03-30 18:55:24.572457245
40.0,43200.0,Male,29500.0,Madrid,Master,Single,2023-03-30 19:47:49.846984698
,53700.0,,37400.0,London,Bachelor,Married,2023-03-30 20:40:15.121512151
33.0,57100.0,Female,27600.0,London,High School,Married,2023-03-30 21:32:40.396039604
64.0,60600.0,Male,44800.0,London,High School,Married,2023-03-30 22:25:05.670567056
32.0,67700.0,Male,38500.0,Berlin,Bachelor,Single,
42.0,56100.0,Male,27300.0,Madrid,High School,Divorced,2023-03-31 00:09:56.219621962
53.0,29400.0,Female,18100.0,Berlin,High School,Single,2023-03-31 01:02:21.494149415
28.0,42900.0,Male,32000.0,Berlin,High School,Single,2023-03-31 01:54:46.768676867
68.0,94100.0,Male,74000.0,Paris,Master,Single,2023-03-31 02:47:12.043204320
32.0,60900.0,Male,42600.0,London,High School,Divorced,2023-03-31 03:39:37.317731773
21.0,85500.0,Female,34400.0,Madrid,Bachelor,Married,2023-03-31 04:32:02.592259226
38.0,70900.0,Male,32200.0,Berlin,Master,Married,2023-03-31 05:24:27.866786678
30.0,53600.0,Male,23100.0,London,High School,Single,2023-03-31 06:16:53.141314131
39.0,54500.0,Male,24000.0,Paris,High School,Married,2023-03-31 07:09:18.415841584
36.0,49500.0,Male,27400.0,Paris,Master,Single,2023-03-31 08:01:43.690369037
,23900.0,,12800.0,Paris,Bachelor,Widowed,2023-03-31 08:54:08.964896489
31.0,50300.0,Male,22400.0,London,High School,Married,2023-03-31 09:46:34.239423942
21.0,68200.0,Female,51300.0,London,Master,Married,2023-03-31 10:38:59.513951395
65.0,,Female,26500.0,Madrid,Bachelor,Single,2023-03-31 11:31:24.788478847
69.0,56200.0,Female,40400.0,London,Master,Married,2023-03-31 12:23:50.063006300
63.0,62800.0,Male,34500.0,Paris,High School,Married,2023-03-31 13:16:15.337533753
44.0,36400.0,Female,20500.0,Paris,High School,,2023-03-31 14:08:40.612061206
46.0,43200.0,Male,22800.0,Berlin,Bachelor,Married,2023-03-31 15:01:05.886588658
64.0,34700.0,Male,20000.0,London,High School,Single,2023-03-31 15:53:31.161116111
45.0,37700.0,Female,24300.0,London,High School,Married,2023-03-31 16:45:56.435643564
52.0,,Female,18300.0,London,High School,Divorced,2023-03-31 17:38:21.710171017
25.0,36500.0,Male,26800.0,Paris,Bachelor,Single,2023-03-31 18:30:46.984698469
33.0,71300.0,Female,54200.0,Paris,High School,Single,
59.0,,Female,21300.0,Paris,High School,Married,2023-03-31 20:15:37.533753375
53.0,51900.0,Male,25700.0,Paris,Bachelor,Single,2023-03-31 21:08:02.808280828
47.0,42500.0,Male,33100.0,London,High School,Single,2023-03-31 22:00:28.082808280
35.0,67700.0,Female,47000.0,London,High School,Single,2023-03-31 22:52:53.357335733
19.0,69700.0,Male,45700.0,Rome,Bachelor,Married,2023-03-31 23:45:18.631863186
66.0,63000.0,Male,44000.0,Madrid,High School,Single,2023-04-01 00:37:43.906390639
30.0,54600.0,Female,23500.0,London,Bachelor,Married,2023-04-01 01:30:09.180918091
21.0,46500.0,Male,19900.0,London,High School,Widowed,2023-04-01 02:22:34.455445544
43.0,32100.0,Male,14800.0,London,High School,Married,2023-04-01 03:14:59.729972997
42.0,79200.0,Male,36400.0,Paris,Bachelor,Married,
47.0,38600.0,Male,21900.0,Rome,PhD,Single,2023-04-01 04:59:50.279027902
28.0,60000.0,Female,27800.0,London,High School,Single,2023-04-01 05:52:15.553555355
24.0,65900.0,Male,48900.0,Madrid,Bachelor,Single,2023-04-01 06:44:40.828082808
48.0,41700.0,Male,26300.0,Rome,High School,Widowed,2023-04-01 07:37:06.102610261
61.0,65600.0,Female,35900.0,London,High School,Married,2023-04-01 08:29:31.377137713
27.0,61500.0,Female,26300.0,Paris,High School,,2023-04-01 09:21:56.651665166
56.0,75900.0,Male,48300.0,London,Master,Single,2023-04-01 10:14:21.926192619
30.0,43000.0,Female,19200.0,London,High School,Single,2023-04-01 11:06:47.200720072
,30700.0,,21400.0,Berlin,High School,Married,2023-04-01 11:59:12.475247524
24.0,42400.0,Male,30600.0,Paris,Bachelor,Single,2023-04-01 12:51:37.749774977
66.0,53100.0,Male,32800.0,London,High School,Single,2023-04-01 13:44:03.024302430
59.0,50900.0,Male,23400.0,Madrid,High School,Single,2023-04-01 14:36:28.298829883
59.0,44100.0,Male,31500.0,Rome,High School,Single,2023-04-01 15:28:53.573357335
53.0,21400.0,Male,11200.0,Paris,PhD,Married,2023-04-01 16:21:18.847884788
37.0,57100.0,Male,27900.0,Madrid,High School,Single,2023-04-01 17:13:44.122412241
21.0,79600.0,Male,46800.0,Paris,PhD,Single,2023-04-01 18:06:09.396939694
24.0,57000.0,Male,43800.0,Berlin,High School,Married,2023-04-01 18:58:34.671467146
18.0,59100.0,Male,30700.0,Paris,High School,Single,2023-04-01 19:50:59.945994599
61.0,58600.0,Male,44700.0,Rome,Master,Married,2023-04-01 20:43:25.220522052
62.0,56000.0,Male,23600.0,London,Bachelor,,2023-04-01 21:35:50.495049505
59.0,64000.0,Male,27700.0,Paris,High School,Single,2023-04-01 22:28:15.769576957
64.0,55900.0,Male,38000.0,Paris,Bachelor,Single,2023-04-01 23:20:41.044104410
30.0,45300.0,Male,21600.0,Paris,High School,Single,2023-04-02 00:13:06.318631863
39.0,38100.0,Male,20100.0,London,Bachelor,,2023-04-02 01:05:31.593159316
38.0,46300.0,Female,21000.0,Madrid,Bachelor,Single,2023-04-02 01:57:56.867686768
39.0,,Female,29100.0,Berlin,High School,Single,2023-04-02 02:50:22.142214221
45.0,,Female,23200.0,Berlin,Master,Single,2023-04-02 03:42:47.416741674
26.0,54700.0,Male,38000.0,Berlin,High School,Single,2023-04-02 04:35:12.691269127
43.0,56600.0,Male,38500.0,Rome,High School,Single,2023-04-02 05:27:37.965796579
26.0,62500.0,Male,48900.0,Berlin,High School,Single,2023-04-02 06:20:03.240324032
32.0,69200.0,Female,47700.0,Paris,Master,Divorced,2023-04-02 07:12:28.514851485
27.0,51200.0,Male,34700.0,Berlin,High School,Single,2023-04-02 08:04:53.789378937
41.0,30400.0,Male,20600.0,Paris,Bachelor,Married,
59.0,44800.0,Male,33700.0,Rome,Master,Single,2023-04-02 09:49:44.338433843
25.0,50700.0,Female,26300.0,Paris,Bachelor,Single,2023-04-02 10:42:09.612961296
41.0,22500.0,Male,11700.0,Paris,Bachelor,Married,2023-04-02 11:34:34.887488748
33.0,70800.0,Male,,Paris,High School,Married,2023-04-02 12:27:00.162016201
66.0,,Female,25600.0,London,Bachelor,Single,2023-04-02 13:19:25.436543654
43.0,55700.0,Male,42600.0,Paris,High School,Single,2023-04-02 14:11:50.711071107
44.0,70500.0,Male,43300.0,Rome,Master,Single,2023-04-02 15:04:15.985598559
54.0,40500.0,Male,21100.0,Paris,High School,Single,2023-04-02 15:56:41.260126012
21.0,58600.0,Male,41600.0,Paris,High School,Divorced,2023-04-02 16:49:06.534653465
67.0,48400.0,Male,25400.0,Paris,High School,Married,2023-04-02 17:41:31.809180918
41.0,47200.0,Male,37100.0,Paris,High School,Widowed,2023-04-02 18:33:57.083708370
36.0,38400.0,Male,30500.0,London,High School,Single,2023-04-02 19:26:22.358235823
53.0,75000.0,Female,50000.0,Paris,Master,Married,2023-04-02 20:18:47.632763276
56.0,44400.0,Male,19800.0,Paris,Master,Single,2023-04-02 21:11:12.907290729
27.0,60500.0,Male,30600.0,Paris,Bachelor,,2023-04-02 22:03:38.181818181
42.0,21900.0,Male,13300.0,Paris,High School,Single,2023-04-02 22:56:03.456345634
35.0,67700.0,Female,50100.0,Berlin,High School,Married,2023-04-02 23:48:28.730873087
36.0,65800.0,Male,31200.0,London,PhD,Single,2023-04-03 00:40:54.005400540
53.0,51500.0,Male,22800.0,Paris,High School,Married,2023-04-03 01:33:19.279927992
27.0,46600.0,Male,20000.0,Paris,Bachelor,Married,2023-04-03 02:25:44.554455445
50.0,56000.0,Male,33800.0,London,High School,Married,2023-04-03 03:18:09.828982898
67.0,84300.0,Male,63600.0,Paris,PhD,Single,2023-04-03 04:10:35.103510351
22.0,23600.0,Female,9800.0,London,High School,Married,2023-04-03 05:03:00.378037803
64.0,61700.0,Male,29900.0,Rome,High School,Single,2023-04-03 05:55:25.652565256
66.0,,Female,24600.0,Paris,Bachelor,Single,2023-04-03 06:47:50.927092709
52.0,49700.0,Male,36300.0,Paris,High School,Single,2023-04-03 07:40:16.201620162
61.0,46300.0,Female,33500.0,Paris,Bachelor,Widowed,2023-04-03 08:32:41.476147614
51.0,43600.0,Male,31100.0,London,High School,Divorced,2023-04-03 09:25:06.750675067
50.0,49800.0,Male,22500.0,Paris,Bachelor,Single,2023-04-03 10:17:32.025202520
38.0,33000.0,Male,18400.0,London,High School,Divorced,2023-04-03 11:09:57.299729973
34.0,65400.0,Male,51900.0,Madrid,Bachelor,Divorced,2023-04-03 12:02:22.574257425
39.0,23100.0,Female,18400.0,Paris,Master,Single,2023-04-03 12:54:47.848784878
65.0,58100.0,Male,37200.0,Paris,PhD,Married,2023-04-03 13:47:13.123312331
54.0,45100.0,Male,30800.0,Berlin,Bachelor,Divorced,2023-04-03 14:39:38.397839784
32.0,32400.0,Male,25300.0,Paris,Bachelor,Married,2023-04-03 15:32:03.672367236
52.0,53000.0,Female,30700.0,Paris,Bachelor,Single,2023-04-03 16:24:28.946894689
45.0,26600.0,Male,12100.0,London,High School,Married,2023-04-03 17:16:54.221422142
24.0,,Female,33800.0,Paris,Bachelor,Single,2023-04-03 18:09:19.495949595
49.0,28700.0,Female,22500.0,Berlin,High School,,2023-04-03 19:01:44.770477047
28.0,56900.0,Female,38600.0,Paris,High School,Married,2023-04-03 19:54:10.045004500
27.0,36100.0,Male,26000.0,London,Bachelor,Single,2023-04-03 20:46:35.319531953
26.0,43200.0,Male,24600.0,Berlin,Bachelor,Married,2023-04-03 21:39:00.594059406
31.0,54400.0,Male,23900.0,Paris,High School,Single,2023-04-03 22:31:25.868586858
30.0,38400.0,Female,18000.0,Paris,Bachelor,Single,2023-04-03 23:23:51.143114311
,49100.0,,38900.0,Paris,Master,Married,2023-04-04 00:16:16.417641764
19.0,27300.0,Male,16300.0,Madrid,Bachelor,Married,2023-04-04 01:08:41.692169217
52.0,59500.0,Female,24100.0,Berlin,Bachelor,Divorced,2023-04-04 02:01:06.966696669
24.0,76500.0,Male,,Paris,High School,Married,2023-04-04 02:53:32.241224122
38.0,91900.0,Male,55100.0,Berlin,PhD,Married,2023-04-04 03:45:57.515751575
35.0,51400.0,Male,37800.0,Berlin,High School,Single,2023-04-04 04:38:22.790279028
20.0,61800.0,Female,38300.0,Rome,Master,Married,2023-04-04 05:30:48.064806480
59.0,23300.0,Female,10300.0,Paris,Master,Single,2023-04-04 06:23:13.339333933
56.0,72500.0,Female,46900.0,Madrid,Bachelor,Single,2023-04-04 07:15:38.613861386
58.0,61600.0,Female,49200.0,London,Master,Single,2023-04-04 08:08:03.888388838
66.0,42700.0,Male,17700.0,Madrid,High School,Single,2023-04-04 09:00:29.162916291
28.0,68600.0,Female,50500.0,Paris,Master,Single,2023-04-04 09:52:54.437443744
56.0,46200.0,Male,22800.0,Paris,Bachelor,Single,2023-04-04 10:45:19.711971197
41.0,,Female,24000.0,Berlin,High School,Single,2023-04-04 11:37:44.986498649
63.0,57100.0,Female,31400.0,Berlin,High School,Single,2023-04-04 12:30:10.261026102
36.0,34000.0,Male,25800.0,Paris,Bachelor,Single,2023-04-04 13:22:35.535553555
21.0,65300.0,Male,39300.0,London,Master,Single,2023-04-04 14:15:00.810081008
43.0,34200.0,Male,19800.0,Paris,Master,Single,2023-04-04 15:07:26.084608460
55.0,34200.0,Female,24900.0,Paris,Master,Single,2023-04-04 15:59:51.359135913
59.0,36400.0,Male,15300.0,Paris,High School,Single,2023-04-04 16:52:16.633663366
49.0,61400.0,Male,26700.0,Paris,High School,Single,2023-04-04 17:44:41.908190819
56.0,40700.0,Female,16600.0,London,Bachelor,Divorced,2023-04-04 18:37:07.182718271
62.0,29800.0,Male,20100.0,Paris,Bachelor,Single,2023-04-04 19:29:32.457245724
63.0,40900.0,Male,25000.0,Paris,High School,Married,2023-04-04 20:21:57.731773177
53.0,49500.0,Male,37100.0,Madrid,Bachelor,Single,2023-04-04 21:14:23.006300630
57.0,32300.0,Male,19400.0,Paris,Bachelor,Single,2023-04-04 22:06:48.280828082
54.0,32700.0,Female,16000.0,London,Bachelor,Single,2023-04-04 22:59:13.555355535
50.0,81700.0,Male,59000.0,Madrid,Bachelor,Single,2023-04-04 23:51:38.829882988
53.0,37100.0,Male,19200.0,Paris,Bachelor,Single,2023-04-05 00:44:04.104410441
20.0,45200.0,Male,35000.0,Paris,High School,Married,2023-04-05 01:36:29.378937893
26.0,44500.0,Male,22300.0,London,Master,Married,2023-04-05 02:28:54.653465346
25.0,43700.0,Female,20400.0,London,High School,Single,2023-04-05 03:21:19.927992799
50.0,,Female,35400.0,London,Bachelor,Single,2023-04-05 04:13:45.202520252
23.0,64200.0,Male,27000.0,London,High School,Single,2023-04-05 05:06:10.477047704
58.0,45400.0,Male,18800.0,Madrid,Bachelor,Single,2023-04-05 05:58:35.751575157
56.0,31500.0,Male,18800.0,Paris,Master,Married,2023-04-05 06:51:01.026102610
21.0,69100.0,Male,33600.0,Berlin,High School,Widowed,2023-04-05 07:43:26.300630063
30.0,48600.0,Male,19600.0,Paris,PhD,Single,2023-04-05 08:35:51.575157515
,76000.0,,39400.0,Paris,High School,Married,2023-04-05 09:28:16.849684968
19.0,16300.0,Male,9600.0,Paris,High School,Married,2023-04-05 10:20:42.124212421
22.0,52900.0,Male,29500.0,London,Master,Married,2023-04-05 11:13:07.398739874
61.0,78800.0,Male,,Berlin,Bachelor,Single,2023-04-05 12:05:32.673267326
44.0,44700.0,Male,28200.0,Paris,High School,Single,2023-04-05 12:57:57.947794779
49.0,46600.0,Female,31900.0,Paris,Master,Married,2023-04-05 13:50:23.222322232
38.0,54400.0,Male,36500.0,Paris,Bachelor,Married,2023-04-05 14:42:48.496849685
25.0,41600.0,Male,23200.0,Paris,High School,Widowed,2023-04-05 15:35:13.771377137
55.0,45300.0,Male,20600.0,Berlin,Master,Married,2023-04-05 16:27:39.045904590
25.0,44900.0,Female,26900.0,Berlin,High School,Single,2023-04-05 17:20:04.320432043
67.0,40600.0,Male,30700.0,Berlin,High School,Widowed,2023-04-05 18:12:29.594959496
20.0,68400.0,Female,40200.0,London,Master,Single,2023-04-05 19:04:54.869486948
61.0,56900.0,Male,27200.0,London,Bachelor,Single,2023-04-05 19:57:20.144014401
20.0,53800.0,Female,23500.0,Paris,Bachelor,Married,2023-04-05 20:49:45.418541854
39.0,62100.0,Female,48300.0,London,Master,Single,2023-04-05 21:42:10.693069307
23.0,46000.0,Male,32100.0,London,Master,Divorced,2023-04-05 22:34:35.967596759
19.0,38400.0,Female,20200.0,Rome,High School,,2023-04-05 23:27:01.242124212
,41000.0,,21200.0,Rome,Master,Single,2023-04-06 00:19:26.516651665
61.0,50000.0,Male,37900.0,Madrid,High School,Single,
19.0,34100.0,Male,16100.0,Paris,High School,Married,2023-04-06 02:04:17.065706570
55.0,42500.0,Male,26100.0,Paris,PhD,Single,2023-04-06 02:56:42.340234023
34.0,42300.0,Male,29000.0,Madrid,Bachelor,Single,2023-04-06 03:49:07.614761476
,81900.0,,45700.0,Berlin,High School,Married,2023-04-06 04:41:32.889288928
51.0,8400.0,Female,3500.0,Berlin,Bachelor,Single,
40.0,47300.0,Male,23200.0,Paris,Bachelor,Single,2023-04-06 06:26:23.438343834
47.0,,Female,57700.0,Berlin,High School,Married,2023-04-06 07:18:48.712871287
69.0,51800.0,Male,31600.0,London,Master,Single,2023-04-06 08:11:13.987398739
25.0,61300.0,Male,44500.0,London,Master,Divorced,2023-04-06 09:03:39.261926192
39.0,,Female,32000.0,Madrid,Bachelor,Single,2023-04-06 09:56:04.536453645
61.0,40000.0,Male,31100.0,Paris,Bachelor,Single,2023-04-06 10:48:29.810981098
53.0,16400.0,Male,12500.0,London,High School,Single,2023-04-06 11:40:55.085508550
22.0,53100.0,Female,31500.0,London,Master,Single,2023-04-06 12:33:20.360036003
30.0,38400.0,Male,20200.0,London,High School,Married,2023-04-06 13:25:45.634563456
46.0,38000.0,Male,24300.0,Paris,High School,Married,
48.0,42500.0,Male,28500.0,London,PhD,Single,2023-04-06 15:10:36.183618361
64.0,76200.0,Male,45700.0,London,Master,Single,2023-04-06 16:03:01.458145814
33.0,86100.0,Female,62800.0,London,Bachelor,Single,2023-04-06 16:55:26.732673267
59.0,53300.0,Male,25200.0,Berlin,High School,Married,2023-04-06 17:47:52.007200720
47.0,43000.0,Male,23000.0,Paris,High School,Married,2023-04-06 18:40:17.281728172
33.0,32300.0,Male,21800.0,Madrid,High School,Single,2023-04-06 19:32:42.556255625
29.0,57000.0,Male,28400.0,London,Bachelor,Single,2023-04-06 20:25:07.830783078
34.0,76700.0,Male,44200.0,London,Bachelor,Married,2023-04-06 21:17:33.105310531
33.0,46300.0,Male,36400.0,Paris,Bachelor,Married,2023-04-06 22:09:58.379837983
29.0,14300.0,Male,9300.0,Paris,Bachelor,Single,2023-04-06 23:02:23.654365436
25.0,60100.0,Male,46900.0,Berlin,Bachelor,,2023-04-06 23:54:48.928892889
37.0,64800.0,Male,44600.0,Paris,Master,Divorced,2023-04-07 00:47:14.203420342
20.0,26200.0,Female,18100.0,Rome,Bachelor,,2023-04-07 01:39:39.477947794
33.0,52600.0,Female,33500.0,Paris,PhD,Single,2023-04-07 02:32:04.752475247
47.0,56800.0,Female,26000.0,Madrid,Master,Single,2023-04-07 03:24:30.027002700
62.0,48900.0,Male,29700.0,London,High School,Widowed,2023-04-07 04:16:55.301530153
40.0,38100.0,Male,19100.0,London,Master,Married,2023-04-07 05:09:20.576057605
45.0,,Female,52100.0,Paris,High School,Married,2023-04-07 06:01:45.850585058
68.0,43900.0,Male,22200.0,Paris,PhD,Single,2023-04-07 06:54:11.125112511
57.0,27700.0,Male,13600.0,Paris,Bachelor,Married,2023-04-07 07:46:36.399639964
22.0,,Female,12500.0,London,Bachelor,Married,2023-04-07 08:39:01.674167416
37.0,,Female,41600.0,London,High School,Single,2023-04-07 09:31:26.948694869
57.0,59200.0,Female,24200.0,Berlin,High School,Single,2023-04-07 10:23:52.223222322
61.0,51300.0,Female,23200.0,Madrid,High School,Single,2023-04-07 11:16:17.497749775
18.0,43400.0,Male,31400.0,London,Master,Married,2023-04-07 12:08:42.772277227
47.0,42100.0,Male,25000.0,Paris,High School,Married,2023-04-07 13:01:08.046804680
38.0,,Female,15500.0,Paris,Bachelor,Single,2023-04-07 13:53:33.321332133
37.0,43500.0,Male,25500.0,Berlin,Master,Single,2023-04-07 14:45:58.595859586
23.0,18200.0,Female,9100.0,Paris,High School,Single,2023-04-07 15:38:23.870387038
39.0,39000.0,Male,19100.0,London,Bachelor,Single,2023-04-07 16:30:49.144914491
35.0,45300.0,Male,35500.0,Paris,High School,Single,2023-04-07 17:23:14.419441944
25.0,59100.0,Female,32200.0,Paris,High School,Single,2023-04-07 18:15:39.693969397
56.0,49400.0,Male,20700.0,London,Master,Single,2023-04-07 19:08:04.968496849
49.0,61900.0,Female,48800.0,London,Bachelor,Widowed,2023-04-07 20:00:30.243024302
50.0,70200.0,Male,50400.0,London,High School,Single,2023-04-07 20:52:55.517551755
,65900.0,,33100.0,London,Bachelor,Single,
29.0,57100.0,Male,32200.0,Paris,Master,Divorced,2023-04-07 22:37:46.066606660
55.0,50200.0,Male,37400.0,Paris,High School,Single,2023-04-07 23:30:11.341134113
69.0,35300.0,Male,19200.0,London,High School,Married,2023-04-08 00:22:36.615661566
51.0,61100.0,Male,38300.0,London,Master,Single,2023-04-08 01:15:01.890189018
31.0,75200.0,Female,46200.0,Paris,Master,Single,2023-04-08 02:07:27.164716471
53.0,55100.0,Male,30900.0,London,Bachelor,Married,2023-04-08 02:59:52.439243924
50.0,78800.0,Male,51700.0,London,High School,Single,2023-04-08 03:52:17.713771377
40.0,27100.0,Male,16000.0,Paris,Bachelor,Single,2023-04-08 04:44:42.988298829
67.0,32700.0,Male,13400.0,Berlin,Bachelor,Single,2023-04-08 05:37:08.262826282
62.0,62800.0,Male,45600.0,London,High School,Married,2023-04-08 06:29:33.537353735
19.0,54000.0,Male,24000.0,Paris,Bachelor,Single,2023-04-08 07:21:58.811881188
58.0,69700.0,Male,40800.0,London,Bachelor,Single,2023-04-08 08:14:24.086408640
38.0,49800.0,Female,31500.0,London,Master,Single,2023-04-08 09:06:49.360936093
19.0,37000.0,Male,25200.0,Madrid,High School,Married,2023-04-08 09:59:14.635463546
44.0,46800.0,Female,26400.0,Berlin,High School,Married,2023-04-08 10:51:39.909990999
26.0,27000.0,Male,18700.0,Paris,Bachelor,Single,2023-04-08 11:44:05.184518451
18.0,33100.0,Male,15000.0,Paris,Bachelor,Divorced,2023-04-08 12:36:30.459045904
28.0,64600.0,Male,42700.0,Madrid,Bachelor,,2023-04-08 13:28:55.733573357
20.0,63100.0,Male,46100.0,Berlin,High School,Married,2023-04-08 14:21:21.008100810
69.0,55400.0,Male,41900.0,Paris,High School,Single,2023-04-08 15:13:46.282628262
40.0,24200.0,Female,15300.0,Paris,Bachelor,Single,2023-04-08 16:06:11.557155715
43.0,44600.0,Male,23400.0,Berlin,Master,Divorced,2023-04-08 16:58:36.831683168
21.0,31600.0,Female,14700.0,Berlin,Bachelor,Divorced,2023-04-08 17:51:02.106210621
35.0,67600.0,Male,36400.0,Paris,Bachelor,Married,2023-04-08 18:43:27.380738073
23.0,41200.0,Male,25400.0,London,PhD,Married,2023-04-08 19:35:52.655265526
,33700.0,,16100.0,Paris,High School,Single,2023-04-08 20:28:17.929792979
39.0,50400.0,Female,39400.0,Paris,Bachelor,Widowed,2023-04-08 21:20:43.204320432
60.0,40400.0,Male,30700.0,Paris,High School,Married,2023-04-08 22:13:08.478847884
32.0,72300.0,Female,29900.0,London,Master,Single,2023-04-08 23:05:33.753375337
39.0,39000.0,Male,24400.0,Berlin,Bachelor,Married,2023-04-08 23:57:59.027902790
54.0,29000.0,Male,20800.0,London,High School,Single,2023-04-09 00:50:24.302430243
69.0,17700.0,Male,8800.0,Paris,High School,Single,2023-04-09 01:42:49.576957695
59.0,,Female,30200.0,Madrid,High School,Married,2023-04-09 02:35:14.851485148
,41600.0,,23400.0,Paris,High School,Married,2023-04-09 03:27:40.126012601
64.0,28600.0,Male,13700.0,Berlin,High School,Married,2023-04-09 04:20:05.400540054
66.0,67800.0,Female,43800.0,Berlin,PhD,Married,2023-04-09 05:12:30.675067506
59.0,60000.0,Male,47800.0,Paris,High School,Single,2023-04-09 06:04:55.949594959
55.0,,Female,27100.0,Paris,Bachelor,Single,2023-04-09 06:57:21.224122412
35.0,70500.0,Female,,Madrid,High School,Married,2023-04-09 07:49:46.498649865
62.0,59900.0,Female,31800.0,London,Bachelor,Single,2023-04-09 08:42:11.773177317
52.0,37700.0,Female,28300.0,Paris,Bachelor,Married,2023-04-09 09:34:37.047704770
47.0,34400.0,Male,25700.0,Madrid,High School,Married,2023-04-09 10:27:02.322232223
41.0,62300.0,Male,29400.0,Paris,Master,Divorced,2023-04-09 11:19:27.596759676
59.0,55900.0,Male,42500.0,Paris,Bachelor,Single,2023-04-09 12:11:52.871287128
47.0,52500.0,Male,24200.0,London,PhD,Single,2023-04-09 13:04:18.145814581
31.0,37300.0,Male,16300.0,London,High School,Widowed,2023-04-09 13:56:43.420342034
23.0,59100.0,Male,39100.0,Paris,High School,Single,2023-04-09 14:49:08.694869487
20.0,38700.0,Male,21500.0,Paris,PhD,Married,2023-04-09 15:41:33.969396939
33.0,48500.0,Male,29700.0,London,Master,Single,2023-04-09 16:33:59.243924392
24.0,71700.0,Male,47400.0,London,Master,Divorced,2023-04-09 17:26:24.518451845
69.0,40100.0,Male,16900.0,Madrid,Bachelor,Single,2023-04-09 18:18:49.792979298
31.0,26400.0,Female,13700.0,London,Bachelor,Widowed,2023-04-09 19:11:15.067506750
26.0,34200.0,Male,20000.0,London,Master,Single,2023-04-09 20:03:40.342034203
32.0,64900.0,Female,32900.0,Paris,High School,Married,2023-04-09 20:56:05.616561656
38.0,53800.0,Male,22600.0,Madrid,Bachelor,Married,2023-04-09 21:48:30.891089108
52.0,48100.0,Male,20900.0,Paris,Master,Married,2023-04-09 22:40:56.165616561
19.0,42400.0,Male,30600.0,London,High School,Single,2023-04-09 23:33:21.440144014
44.0,57300.0,Male,43800.0,Madrid,High School,Single,2023-04-10 00:25:46.714671467
19.0,37300.0,Male,17200.0,Berlin,High School,Single,2023-04-10 01:18:11.989198919
52.0,54600.0,Male,27300.0,London,Master,Single,2023-04-10 02:10:37.263726372
35.0,39000.0,Male,25800.0,Berlin,Bachelor,Married,2023-04-10 03:03:02.538253825
31.0,36500.0,Male,28500.0,Madrid,Bachelor,Single,2023-04-10 03:55:27.812781278
37.0,,Female,21000.0,Berlin,Master,Married,2023-04-10 04:47:53.087308730
35.0,44400.0,Male,32900.0,London,High School,Married,
27.0,49300.0,Male,29700.0,London,Master,Single,2023-04-10 06:32:43.636363636
42.0,53500.0,Male,41900.0,Paris,High School,Single,2023-04-10 07:25:08.910891089
19.0,-5300.0,Male,-2400.0,London,Bachelor,Single,2023-04-10 08:17:34.185418541
42.0,,Female,29900.0,Paris,High School,Single,2023-04-10 09:09:59.459945994
50.0,44100.0,Male,25400.0,London,High School,Married,2023-04-10 10:02:24.734473447
53.0,72600.0,Male,56700.0,London,High School,Married,2023-04-10 10:54:50.009000900
48.0,33800.0,Male,19700.0,Paris,High School,Widowed,2023-04-10 11:47:15.283528352
31.0,52400.0,Male,32100.0,Paris,Master,,2023-04-10 12:39:40.558055805
18.0,72400.0,Male,52300.0,Paris,Bachelor,Married,
63.0,30300.0,Female,20900.0,Paris,High School,Married,2023-04-10 14:24:31.107110711
33.0,55900.0,Male,36200.0,London,PhD,Single,2023-04-10 15:16:56.381638163
63.0,38000.0,Male,21500.0,Madrid,High School,Divorced,2023-04-10 16:09:21.656165616
69.0,42400.0,Male,30400.0,Berlin,PhD,Divorced,2023-04-10 17:01:46.930693069
20.0,38000.0,Male,29600.0,Paris,Master,Single,2023-04-10 17:54:12.205220522
52.0,39000.0,Male,15800.0,Paris,Bachelor,Single,2023-04-10 18:46:37.479747974
58.0,90800.0,Male,57700.0,London,High School,Married,2023-04-10 19:39:02.754275427
23.0,62700.0,Male,46800.0,London,Bachelor,Single,2023-04-10 20:31:28.028802880
42.0,66500.0,Male,44000.0,London,Master,Married,2023-04-10 21:23:53.303330333
30.0,57400.0,Male,41300.0,Paris,High School,Single,2023-04-10 22:16:18.577857785
51.0,25900.0,Male,19600.0,Paris,High School,Single,2023-04-10 23:08:43.852385238
25.0,55900.0,Male,39200.0,Paris,Master,Single,2023-04-11 00:01:09.126912691
38.0,66100.0,Male,45400.0,London,Bachelor,Single,2023-04-11 00:53:34.401440144
51.0,37200.0,Male,29200.0,Berlin,High School,Divorced,2023-04-11 01:45:59.675967596
,64500.0,,48100.0,Madrid,Master,Married,2023-04-11 02:38:24.950495049
42.0,,Female,44000.0,London,Master,Married,2023-04-11 03:30:50.225022502
32.0,77800.0,Female,33800.0,Berlin,High School,Single,2023-04-11 04:23:15.499549955
21.0,43700.0,Female,21700.0,Rome,High School,Single,2023-04-11 05:15:40.774077407
62.0,33500.0,Female,20900.0,Berlin,Bachelor,Married,2023-04-11 06:08:06.048604860
29.0,,Female,30500.0,Berlin,High School,Married,2023-04-11 07:00:31.323132313
49.0,,Female,37300.0,Madrid,High School,Divorced,2023-04-11 07:52:56.597659766
,22600.0,,9900.0,Paris,Master,Single,2023-04-11 08:45:21.872187218
45.0,19000.0,Female,10000.0,Paris,PhD,Single,
30.0,51300.0,Male,36300.0,Rome,High School,Widowed,2023-04-11 10:30:12.421242124
48.0,43400.0,Male,32600.0,London,Bachelor,Single,2023-04-11 11:22:37.695769577
31.0,50100.0,Female,38300.0,Berlin,High School,Single,2023-04-11 12:15:02.970297029
37.0,64200.0,Male,35400.0,Berlin,High School,Single,2023-04-11 13:07:28.244824482
35.0,41700.0,Female,22900.0,Paris,High School,Married,2023-04-11 13:59:53.519351935
46.0,21900.0,Male,12300.0,London,High School,Married,2023-04-11 14:52:18.793879388
23.0,80700.0,Male,44400.0,London,Bachelor,Single,2023-04-11 15:44:44.068406840
49.0,35000.0,Female,23300.0,Paris,Master,Divorced,2023-04-11 16:37:09.342934293
46.0,34100.0,Female,18500.0,Paris,High School,Married,2023-04-11 17:29:34.617461746
60.0,66600.0,Male,27200.0,London,Bachelor,Single,2023-04-11 18:21:59.891989198
19.0,44200.0,Female,25400.0,Paris,High School,Single,2023-04-11 19:14:25.166516651
40.0,,Female,24000.0,Paris,Bachelor,Divorced,2023-04-11 20:06:50.441044104
36.0,57200.0,Male,23500.0,Paris,High School,,2023-04-11 20:59:15.715571557
48.0,66300.0,Male,39000.0,Berlin,High School,Married,2023-04-11 21:51:40.990099009
68.0,45000.0,Male,21700.0,Madrid,High School,Single,2023-04-11 22:44:06.264626462
22.0,72800.0,Male,42300.0,London,High School,Single,2023-04-11 23:36:31.539153915
36.0,18000.0,Male,9200.0,London,High School,Single,2023-04-12 00:28:56.813681368
51.0,61400.0,Male,39400.0,Rome,High School,Married,2023-04-12 01:21:22.088208820
27.0,37400.0,Male,29800.0,Paris,Master,Single,2023-04-12 02:13:47.362736273
42.0,70600.0,Female,43700.0,Paris,Master,Widowed,
19.0,52100.0,Male,34300.0,Paris,High School,Single,2023-04-12 03:58:37.911791179
28.0,39900.0,Male,30600.0,Paris,High School,Married,2023-04-12 04:51:03.186318631
67.0,59900.0,Male,32900.0,Paris,Bachelor,Single,2023-04-12 05:43:28.460846084
48.0,63400.0,Female,29600.0,Paris,PhD,Married,2023-04-12 06:35:53.735373537
32.0,59600.0,Female,30600.0,Paris,High School,Divorced,2023-04-12 07:28:19.009900990
,34600.0,,19400.0,London,Bachelor,Single,2023-04-12 08:20:44.284428442
40.0,42700.0,Female,28100.0,Paris,High School,Single,2023-04-12 09:13:09.558955895
36.0,49900.0,Female,20100.0,London,Bachelor,Single,2023-04-12 10:05:34.833483348
26.0,49400.0,Female,36600.0,London,High School,Married,2023-04-12 10:58:00.108010801
52.0,61200.0,Female,26300.0,Paris,High School,Married,2023-04-12 11:50:25.382538253
38.0,19800.0,Male,15100.0,Berlin,High School,Single,2023-04-12 12:42:50.657065706
26.0,55000.0,Male,42900.0,London,High School,Single,2023-04-12 13:35:15.931593159
45.0,45700.0,Male,36400.0,Paris,High School,Single,
63.0,37400.0,Male,27100.0,Paris,Bachelor,Single,2023-04-12 15:20:06.480648064
68.0,38900.0,Male,17800.0,Berlin,Bachelor,Single,2023-04-12 16:12:31.755175517
24.0,46800.0,Female,31900.0,Berlin,Bachelor,Single,2023-04-12 17:04:57.029702970
33.0,-4000.0,Male,-1900.0,London,High School,Single,2023-04-12 17:57:22.304230423
33.0,,Female,30000.0,Paris,High School,Divorced,2023-04-12 18:49:47.578757875
50.0,36900.0,Male,19400.0,London,Master,Single,2023-04-12 19:42:12.853285328
21.0,58000.0,Male,30800.0,London,High School,Single,2023-04-12 20:34:38.127812781
21.0,37900.0,Male,29100.0,Madrid,Master,Single,2023-04-12 21:27:03.402340234
56.0,46800.0,Male,19000.0,London,Master,Widowed,2023-04-12 22:19:28.676867686
57.0,73100.0,Female,34900.0,Paris,High School,Married,2023-04-12 23:11:53.951395139
34.0,,Female,36900.0,Paris,Master,Single,2023-04-13 00:04:19.225922592
54.0,63500.0,Male,43200.0,Paris,Bachelor,Married,
56.0,42500.0,Female,28000.0,London,Bachelor,,2023-04-13 01:49:09.774977497
69.0,58100.0,Female,38800.0,Paris,Master,Widowed,2023-04-13 02:41:35.049504950
46.0,46500.0,Male,35000.0,London,High School,Divorced,2023-04-13 03:34:00.324032403
69.0,47100.0,Male,21100.0,London,Bachelor,Single,2023-04-13 04:26:25.598559856
53.0,56100.0,Male,34200.0,Paris,Bachelor,Single,2023-04-13 05:18:50.873087308
,41000.0,,28300.0,London,Bachelor,Married,2023-04-13 06:11:16.147614761
56.0,72400.0,Female,47400.0,London,Bachelor,Widowed,2023-04-13 07:03:41.422142214
67.0,47600.0,Male,27600.0,London,High School,Single,2023-04-13 07:56:06.696669667
54.0,59300.0,Male,24100.0,Madrid,High School,Single,2023-04-13 08:48:31.971197119
69.0,71800.0,Male,,London,Master,Single,2023-04-13 09:40:57.245724572
52.0,65500.0,Female,29300.0,Paris,High School,Single,2023-04-13 10:33:22.520252025
24.0,28900.0,Female,15500.0,Berlin,High School,Single,2023-04-13 11:25:47.794779478
44.0,56700.0,Male,25300.0,Berlin,High School,Single,2023-04-13 12:18:13.069306930
45.0,62800.0,Male,35800.0,Berlin,High School,Widowed,2023-04-13 13:10:38.343834383
39.0,63400.0,Male,29900.0,London,High School,Married,2023-04-13 14:03:03.618361836
31.0,33300.0,Female,23700.0,Paris,High School,Married,2023-04-13 14:55:28.892889288
24.0,40100.0,Male,30000.0,Paris,High School,Single,2023-04-13 15:47:54.167416741
54.0,64900.0,Female,36100.0,London,Master,Divorced,2023-04-13 16:40:19.441944194
39.0,38600.0,Female,23300.0,Paris,Bachelor,Single,2023-04-13 17:32:44.716471647
22.0,45500.0,Male,35600.0,Berlin,Bachelor,Single,2023-04-13 18:25:09.990999099
19.0,73600.0,Male,45200.0,Paris,High School,Widowed,2023-04-13 19:17:35.265526552
44.0,49300.0,Male,39300.0,London,Master,Married,2023-04-13 20:10:00.540054005
38.0,39100.0,Male,17900.0,London,Bachelor,Single,2023-04-13 21:02:25.814581458
55.0,36800.0,Male,27400.0,London,High School,Divorced,2023-04-13 21:54:51.089108910
32.0,55000.0,Male,32900.0,Berlin,High School,Widowed,2023-04-13 22:47:16.363636363
38.0,30000.0,Male,12300.0,London,Master,Divorced,2023-04-13 23:39:41.638163816
27.0,46300.0,Male,36500.0,Paris,Bachelor,Single,2023-04-14 00:32:06.912691269
40.0,55000.0,Female,43200.0,Paris,Master,,2023-04-14 01:24:32.187218721
56.0,69500.0,Male,38500.0,Berlin,High School,Single,2023-04-14 02:16:57.461746174
22.0,60000.0,Male,46900.0,Madrid,PhD,Married,2023-04-14 03:09:22.736273627
18.0,39300.0,Female,17900.0,Paris,High School,Widowed,
30.0,67700.0,Male,45500.0,Paris,High School,Widowed,2023-04-14 04:54:13.285328532
38.0,45500.0,Female,21700.0,Paris,High School,Divorced,2023-04-14 05:46:38.559855985
43.0,31500.0,Female,15700.0,Madrid,High School,Single,2023-04-14 06:39:03.834383438
67.0,47400.0,Male,33700.0,Paris,Bachelor,Married,2023-04-14 07:31:29.108910891
62.0,71600.0,Male,39400.0,Paris,Master,Divorced,2023-04-14 08:23:54.383438343
38.0,52500.0,Male,21100.0,Paris,Master,Single,2023-04-14 09:16:19.657965796
35.0,50200.0,Male,28400.0,Berlin,Bachelor,Single,2023-04-14 10:08:44.932493249
54.0,74600.0,Male,36600.0,Madrid,Bachelor,Married,2023-04-14 11:01:10.207020702
62.0,28500.0,Female,19200.0,Paris,PhD,Single,2023-04-14 11:53:35.481548154
49.0,30700.0,Male,14700.0,Paris,Bachelor,Divorced,2023-04-14 12:46:00.756075607
53.0,25800.0,Male,19000.0,London,Master,Single,2023-04-14 13:38:26.030603060
34.0,,Female,28200.0,Paris,Master,Single,2023-04-14 14:30:51.305130513
52.0,,Female,29300.0,Paris,High School,Widowed,2023-04-14 15:23:16.579657965
66.0,73100.0,Male,38000.0,Madrid,High School,Widowed,2023-04-14 16:15:41.854185418
28.0,53700.0,Male,35300.0,Madrid,High School,Married,2023-04-14 17:08:07.128712871
38.0,43900.0,Male,19300.0,Rome,Master,Married,2023-04-14 18:00:32.403240324
69.0,,Female,29600.0,London,Master,Widowed,2023-04-14 18:52:57.677767776
43.0,51800.0,Male,27600.0,Paris,Bachelor,Divorced,2023-04-14 19:45:22.952295229
21.0,24900.0,Female,18800.0,Berlin,High School,Married,2023-04-14 20:37:48.226822682
51.0,90700.0,Male,38900.0,Paris,High School,Married,2023-04-14 21:30:13.501350135
69.0,57800.0,Female,42300.0,Paris,PhD,Married,2023-04-14 22:22:38.775877587
65.0,53200.0,Male,24800.0,Paris,High School,Married,2023-04-14 23:15:04.050405040
35.0,59200.0,Female,25800.0,Rome,Bachelor,Divorced,2023-04-15 00:07:29.324932493
57.0,60600.0,Female,29100.0,Berlin,Master,Married,2023-04-15 00:59:54.599459946
52.0,47900.0,Male,21100.0,Paris,Master,Divorced,
58.0,,Female,24600.0,Paris,Bachelor,Single,2023-04-15 02:44:45.148514851
46.0,59000.0,Female,46900.0,Berlin,High School,Married,2023-04-15 03:37:10.423042304
69.0,55800.0,Female,23100.0,Berlin,Bachelor,,2023-04-15 04:29:35.697569757
46.0,37900.0,Male,22200.0,London,High School,Married,2023-04-15 05:22:00.972097209
55.0,71300.0,Male,,Paris,Bachelor,Married,2023-04-15 06:14:26.246624662
59.0,54400.0,Female,29100.0,London,High School,Married,2023-04-15 07:06:51.521152114
38.0,60900.0,Female,32400.0,London,Master,Single,2023-04-15 07:59:16.795679568
59.0,70900.0,Male,53700.0,Madrid,PhD,Single,2023-04-15 08:51:42.070207020
30.0,50300.0,Female,20500.0,Paris,PhD,Divorced,2023-04-15 09:44:07.344734472
,54800.0,,38900.0,London,High School,Widowed,2023-04-15 10:36:32.619261926
58.0,62200.0,Female,31200.0,Paris,Bachelor,Single,2023-04-15 11:28:57.893789378
34.0,39100.0,Male,21600.0,London,High School,Single,2023-04-15 12:21:23.168316832
26.0,50800.0,Male,28900.0,Paris,High School,Single,2023-04-15 13:13:48.442844284
58.0,51900.0,Male,27100.0,Berlin,High School,Married,2023-04-15 14:06:13.717371736
18.0,35700.0,Male,15600.0,Paris,Bachelor,Married,2023-04-15 14:58:38.991899190
19.0,84800.0,Male,37800.0,London,High School,Married,2023-04-15 15:51:04.266426642
65.0,28900.0,Male,15000.0,London,High School,Married,2023-04-15 16:43:29.540954094
46.0,30500.0,Male,22200.0,Madrid,Bachelor,,2023-04-15 17:35:54.815481548
50.0,69700.0,Male,31600.0,Berlin,High School,Single,2023-04-15 18:28:20.090009000
27.0,60700.0,Female,42300.0,Paris,High School,Married,2023-04-15 19:20:45.364536454
67.0,34600.0,Male,17800.0,Paris,Bachelor,Married,2023-04-15 20:13:10.639063906
57.0,59100.0,Male,44500.0,London,Bachelor,Divorced,2023-04-15 21:05:35.913591358
,72000.0,,41100.0,London,Bachelor,Widowed,2023-04-15 21:58:01.188118812
45.0,49500.0,Female,23200.0,Paris,High School,Married,2023-04-15 22:50:26.462646264
28.0,89000.0,Female,70700.0,Berlin,High School,Single,2023-04-15 23:42:51.737173716
51.0,24100.0,Male,11300.0,Paris,High School,Single,2023-04-16 00:35:17.011701170
25.0,,Female,37900.0,Rome,High School,Married,2023-04-16 01:27:42.286228622
39.0,67500.0,Female,42400.0,Paris,High School,Single,2023-04-16 02:20:07.560756076
25.0,63400.0,Male,34800.0,Paris,Master,Single,2023-04-16 03:12:32.835283528
66.0,,Female,36600.0,Paris,High School,,2023-04-16 04:04:58.109810980
32.0,45600.0,Male,33600.0,London,High School,Widowed,2023-04-16 04:57:23.384338434
34.0,56700.0,Male,41500.0,Paris,High School,Single,2023-04-16 05:49:48.658865886
40.0,62200.0,Male,49100.0,Berlin,High School,Single,2023-04-16 06:42:13.933393338
41.0,59000.0,Male,34400.0,Paris,High School,Divorced,2023-04-16 07:34:39.207920792
62.0,65600.0,Male,28800.0,Paris,High School,Married,2023-04-16 08:27:04.482448244
36.0,34700.0,Male,24500.0,Madrid,High School,Single,2023-04-16 09:19:29.756975698
22.0,46600.0,Male,25700.0,Madrid,Master,Married,2023-04-16 10:11:55.031503150
49.0,35900.0,Male,17100.0,London,Master,Single,2023-04-16 11:04:20.306030602
61.0,44200.0,Male,26200.0,Berlin,Bachelor,Married,2023-04-16 11:56:45.580558056
18.0,65200.0,Male,50200.0,Paris,High School,Married,2023-04-16 12:49:10.855085508
40.0,51600.0,Male,24200.0,Paris,High School,Single,2023-04-16 13:41:36.129612960
54.0,89100.0,Female,,Paris,Bachelor,Married,2023-04-16 14:34:01.404140414
25.0,52900.0,Male,30000.0,Rome,High School,Single,2023-04-16 15:26:26.678667866
30.0,50900.0,Male,23100.0,London,Bachelor,Married,2023-04-16 16:18:51.953195320
25.0,51600.0,Male,38200.0,Paris,Bachelor,Divorced,2023-04-16 17:11:17.227722772
40.0,40400.0,Male,31800.0,Paris,Bachelor,Single,2023-04-16 18:03:42.502250224
60.0,49100.0,Male,25400.0,Paris,High School,Single,
18.0,66900.0,Male,34900.0,Paris,High School,Widowed,2023-04-16 19:48:33.051305130
62.0,51700.0,Female,28800.0,London,Bachelor,Married,2023-04-16 20:40:58.325832582
68.0,38100.0,Male,27600.0,Paris,Bachelor,Married,2023-04-16 21:33:23.600360036
41.0,36100.0,Male,14600.0,Paris,Bachelor,Single,2023-04-16 22:25:48.874887488
52.0,43200.0,Male,21100.0,Paris,High School,Single,2023-04-16 23:18:14.149414942
41.0,,Female,34900.0,London,Bachelor,Married,2023-04-17 00:10:39.423942394
34.0,67900.0,Female,38200.0,London,PhD,Single,
22.0,29900.0,Male,15900.0,London,Bachelor,Single,2023-04-17 01:55:29.972997300
37.0,45200.0,Male,33900.0,Berlin,High School,Married,2023-04-17 02:47:55.247524752
38.0,,Female,40000.0,Paris,Bachelor,Single,
57.0,22500.0,Male,17500.0,Paris,Bachelor,Married,2023-04-17 04:32:45.796579658
48.0,37500.0,Male,19100.0,Berlin,Master,Married,2023-04-17 05:25:11.071107110
63.0,39800.0,Male,30400.0,Paris,Bachelor,Single,2023-04-17 06:17:36.345634562
53.0,38100.0,Male,26500.0,London,Bachelor,Married,2023-04-17 07:10:01.620162016
28.0,52900.0,Female,24400.0,Madrid,Bachelor,Single,2023-04-17 08:02:26.894689468
69.0,47600.0,Female,30700.0,London,High School,Widowed,2023-04-17 08:54:52.169216922
32.0,41700.0,Female,17100.0,Paris,High School,Widowed,2023-04-17 09:47:17.443744374
36.0,56400.0,Male,38500.0,Madrid,High School,Married,2023-04-17 10:39:42.718271826
24.0,75800.0,Male,52600.0,Paris,High School,Single,
68.0,74600.0,Male,53400.0,London,Bachelor,Divorced,2023-04-17 12:24:33.267326732
45.0,,Female,9900.0,Paris,High School,Widowed,2023-04-17 13:16:58.541854184
68.0,58700.0,Female,38200.0,London,High School,Single,2023-04-17 14:09:23.816381638
60.0,47300.0,Male,22300.0,London,High School,Married,2023-04-17 15:01:49.090909090
22.0,52300.0,Male,40700.0,London,High School,Single,2023-04-17 15:54:14.365436544
22.0,44000.0,Male,29500.0,Berlin,Bachelor,Single,2023-04-17 16:46:39.639963996
47.0,,Female,22700.0,Madrid,Bachelor,Married,2023-04-17 17:39:04.914491448
49.0,52300.0,Male,24800.0,Paris,Master,Married,2023-04-17 18:31:30.189018902
25.0,41300.0,Male,27500.0,Berlin,High School,Single,2023-04-17 19:23:55.463546354
27.0,36600.0,Male,21600.0,Paris,High School,Single,2023-04-17 20:16:20.738073806
,43300.0,,30100.0,Paris,Master,Married,2023-04-17 21:08:46.012601260
64.0,53500.0,Female,27400.0,Rome,High School,Single,
49.0,59000.0,Female,39100.0,London,Bachelor,Married,2023-04-17 22:53:36.561656166
65.0,62800.0,Female,29600.0,Paris,Bachelor,Married,2023-04-17 23:46:01.836183618
45.0,42600.0,Female,26300.0,London,High School,Married,2023-04-18 00:38:27.110711070
,54300.0,,42500.0,Paris,Bachelor,Single,2023-04-18 01:30:52.385238524
48.0,64400.0,Male,41900.0,London,High School,Married,2023-04-18 02:23:17.659765976
25.0,67500.0,Male,28300.0,London,Master,Single,2023-04-18 03:15:42.934293428
57.0,49100.0,Female,39100.0,Madrid,High School,Married,2023-04-18 04:08:08.208820882
42.0,46700.0,Male,21600.0,Paris,High School,Single,2023-04-18 05:00:33.483348334
26.0,52900.0,Male,36400.0,Paris,Bachelor,Single,2023-04-18 05:52:58.757875788
19.0,32800.0,Male,20100.0,Paris,High School,Single,2023-04-18 06:45:24.032403240
32.0,47100.0,Male,24400.0,Paris,Bachelor,Married,2023-04-18 07:37:49.306930692
67.0,,Female,28800.0,Madrid,Bachelor,Married,2023-04-18 08:30:14.581458146
20.0,59600.0,Female,28100.0,Madrid,High School,Single,2023-04-18 09:22:39.855985598
66.0,45900.0,Male,34100.0,Berlin,High School,Married,2023-04-18 10:15:05.130513050
53.0,53300.0,Male,39900.0,London,High School,Single,2023-04-18 11:07:30.405040504
21.0,37600.0,Female,22000.0,Berlin,High School,Married,2023-04-18 11:59:55.679567956
31.0,60600.0,Female,26800.0,Paris,High School,Single,2023-04-18 12:52:20.954095410
58.0,48800.0,Male,36800.0,Paris,Master,Married,2023-04-18 13:44:46.228622862
58.0,45900.0,Male,27300.0,Paris,High School,Divorced,2023-04-18 14:37:11.503150314
42.0,44600.0,Male,25700.0,Berlin,High School,Widowed,2023-04-18 15:29:36.777677768
67.0,49100.0,Male,27600.0,London,High School,,2023-04-18 16:22:02.052205220
27.0,43300.0,Female,23600.0,London,Bachelor,Single,2023-04-18 17:14:27.326732672
38.0,59900.0,Male,36600.0,Paris,Bachelor,,2023-04-18 18:06:52.601260126
53.0,44100.0,Male,28300.0,London,Master,Single,2023-04-18 18:59:17.875787578
29.0,73900.0,Male,43300.0,Madrid,High School,Single,2023-04-18 19:51:43.150315032
44.0,72000.0,Male,54600.0,Paris,High School,Single,2023-04-18 20:44:08.424842484
57.0,36600.0,Male,19300.0,London,High School,Married,2023-04-18 21:36:33.699369936
19.0,51000.0,Male,32200.0,Paris,High School,Married,2023-04-18 22:28:58.973897390
,40200.0,,20900.0,Berlin,Bachelor,Divorced,2023-04-18 23:21:24.248424842
49.0,45100.0,Male,31600.0,London,Bachelor,Single,2023-04-19 00:13:49.522952294
48.0,80000.0,Male,35300.0,Paris,High School,Married,
33.0,45400.0,Male,21600.0,London,Master,Single,2023-04-19 01:58:40.072007200
,55400.0,,39900.0,Paris,Master,Married,2023-04-19 02:51:05.346534652
49.0,58100.0,Male,27500.0,Madrid,Master,Divorced,2023-04-19 03:43:30.621062106
51.0,35000.0,Male,22800.0,Rome,High School,Single,2023-04-19 04:35:55.895589558
28.0,37200.0,Male,29300.0,London,High School,Single,
27.0,31900.0,Female,19400.0,Paris,High School,Single,2023-04-19 06:20:46.444644464
32.0,36700.0,Female,17400.0,London,High School,Married,2023-04-19 07:13:11.719171916
34.0,7200.0,Male,3800.0,London,High School,Single,2023-04-19 08:05:36.993699370
57.0,,Female,42500.0,Paris,Master,Married,2023-04-19 08:58:02.268226822
,80800.0,,43700.0,Paris,High School,Married,2023-04-19 09:50:27.542754274
,52200.0,,36000.0,Madrid,Bachelor,Married,2023-04-19 10:42:52.817281728
42.0,28800.0,Male,20500.0,Berlin,Bachelor,Married,2023-04-19 11:35:18.091809180
57.0,40400.0,Male,24300.0,Berlin,High School,Married,2023-04-19 12:27:43.366336634
,43100.0,,30700.0,London,High School,Married,2023-04-19 13:20:08.640864086
,34700.0,,18300.0,Berlin,Bachelor,Single,2023-04-19 14:12:33.915391538
67.0,62900.0,Female,38100.0,London,Bachelor,Married,2023-04-19 15:04:59.189918992
39.0,62200.0,Male,42000.0,Paris,PhD,Married,2023-04-19 15:57:24.464446444
69.0,32700.0,Male,15300.0,Berlin,Master,Widowed,2023-04-19 16:49:49.738973896
47.0,60900.0,Male,31000.0,Rome,Master,Married,2023-04-19 17:42:15.013501350
37.0,72900.0,Male,48200.0,Madrid,Bachelor,Married,2023-04-19 18:34:40.288028802
38.0,78500.0,Female,52000.0,Berlin,High School,Married,2023-04-19 19:27:05.562556256
61.0,,Female,55600.0,Berlin,Master,Single,2023-04-19 20:19:30.837083708
49.0,36500.0,Female,26200.0,London,Master,Single,2023-04-19 21:11:56.111611160
68.0,92400.0,Male,54800.0,Madrid,High School,Single,2023-04-19 22:04:21.386138614
63.0,44700.0,Male,33600.0,London,High School,Single,2023-04-19 22:56:46.660666066
66.0,41100.0,Male,28500.0,Paris,Bachelor,Single,2023-04-19 23:49:11.935193518
38.0,54900.0,Male,28900.0,Berlin,PhD,Married,2023-04-20 00:41:37.209720972
52.0,41300.0,Male,23000.0,Madrid,High School,Divorced,2023-04-20 01:34:02.484248424
49.0,56000.0,Female,37400.0,Paris,Bachelor,Married,2023-04-20 02:26:27.758775878
47.0,30200.0,Male,22900.0,Berlin,Master,Single,2023-04-20 03:18:53.033303330
56.0,46400.0,Male,21900.0,Paris,Bachelor,Single,2023-04-20 04:11:18.307830782
66.0,69300.0,Female,42000.0,Madrid,Bachelor,Single,2023-04-20 05:03:43.582358236
,49100.0,,22000.0,London,Master,Single,2023-04-20 05:56:08.856885688
58.0,52100.0,Male,26700.0,London,High School,,2023-04-20 06:48:34.131413140
,57100.0,,38500.0,Berlin,High School,Married,2023-04-20 07:40:59.405940594
35.0,67600.0,Male,29100.0,Berlin,High School,Single,2023-04-20 08:33:24.680468046
38.0,25200.0,Male,16800.0,Madrid,High School,Single,2023-04-20 09:25:49.954995500
30.0,58800.0,Male,44700.0,Madrid,High School,,2023-04-20 10:18:15.229522952
38.0,46000.0,Male,36200.0,Paris,High School,Single,2023-04-20 11:10:40.504050404
25.0,52500.0,Male,25500.0,Paris,Bachelor,Married,2023-04-20 12:03:05.778577858
63.0,65900.0,Male,46100.0,Berlin,High School,Single,2023-04-20 12:55:31.053105310
57.0,32100.0,Female,24700.0,Madrid,Bachelor,Single,2023-04-20 13:47:56.327632762
63.0,,Female,15200.0,Paris,High School,Single,2023-04-20 14:40:21.602160216
24.0,21000.0,Male,11900.0,Paris,High School,Single,2023-04-20 15:32:46.876687668
40.0,,Female,32100.0,Paris,High School,Single,2023-04-20 16:25:12.151215122
61.0,70000.0,Male,33700.0,Paris,High School,Single,2023-04-20 17:17:37.425742574
,48200.0,,37300.0,Berlin,High School,Single,2023-04-20 18:10:02.700270026
28.0,29900.0,Male,18300.0,Paris,High School,,2023-04-20 19:02:27.974797480
39.0,42700.0,Male,18800.0,Paris,Bachelor,Single,2023-04-20 19:54:53.249324932
39.0,27700.0,Male,16100.0,Madrid,High School,Single,2023-04-20 20:47:18.523852384
60.0,33100.0,Female,17600.0,Paris,High School,,2023-04-20 21:39:43.798379838
42.0,55800.0,Male,28600.0,Berlin,High School,Married,2023-04-20 22:32:09.072907290
39.0,32400.0,Female,20000.0,Paris,Master,Single,2023-04-20 23:24:34.347434742
45.0,66700.0,Male,39600.0,London,High School,Single,2023-04-21 00:16:59.621962196
46.0,48900.0,Male,29000.0,Paris,High School,Single,2023-04-21 01:09:24.896489648
30.0,51300.0,Male,22300.0,Paris,High School,Single,2023-04-21 02:01:50.171017102
35.0,45800.0,Male,33000.0,London,Bachelor,,2023-04-21 02:54:15.445544554
19.0,61600.0,Male,36500.0,Madrid,High School,Married,2023-04-21 03:46:40.720072006
46.0,61700.0,Male,44900.0,London,High School,Married,2023-04-21 04:39:05.994599460
38.0,55000.0,Male,40100.0,Paris,Bachelor,Single,2023-04-21 05:31:31.269126912
32.0,58500.0,Male,30800.0,Berlin,Bachelor,Married,2023-04-21 06:23:56.543654364
,46800.0,,18800.0,Paris,High School,Divorced,2023-04-21 07:16:21.818181818
44.0,58100.0,Male,44400.0,Madrid,High School,Single,2023-04-21 08:08:47.092709270
67.0,44900.0,Male,31600.0,Paris,PhD,Single,2023-04-21 09:01:12.367236724
48.0,50000.0,Female,22100.0,London,High School,Married,2023-04-21 09:53:37.641764176
32.0,45900.0,Female,31200.0,Paris,High School,Married,2023-04-21 10:46:02.916291628
68.0,43100.0,Male,17600.0,London,High School,Married,2023-04-21 11:38:28.190819082
40.0,39700.0,Male,16300.0,London,Master,Divorced,2023-04-21 12:30:53.465346534
41.0,57000.0,Male,34800.0,London,High School,Single,2023-04-21 13:23:18.739873986
61.0,69700.0,Female,30600.0,Paris,High School,Single,2023-04-21 14:15:44.014401440
30.0,67600.0,Male,53100.0,Madrid,High School,Single,2023-04-21 15:08:09.288928892
39.0,31200.0,Male,23600.0,Berlin,High School,Single,2023-04-21 16:00:34.563456346
60.0,69300.0,Male,45700.0,London,PhD,Single,2023-04-21 16:52:59.837983798
54.0,45200.0,Male,19200.0,London,High School,Single,2023-04-21 17:45:25.112511250
50.0,,Female,31300.0,London,High School,Married,2023-04-21 18:37:50.387038704
20.0,36400.0,Female,20000.0,Paris,High School,Single,2023-04-21 19:30:15.661566156
36.0,52100.0,Male,30900.0,Madrid,Bachelor,Married,2023-04-21 20:22:40.936093608
40.0,54700.0,Female,25600.0,Paris,High School,Single,2023-04-21 21:15:06.210621062
46.0,27700.0,Male,17500.0,London,Bachelor,Single,2023-04-21 22:07:31.485148514
47.0,59100.0,Female,33900.0,London,High School,Single,2023-04-21 22:59:56.759675968
56.0,70200.0,Female,54700.0,London,Bachelor,Single,2023-04-21 23:52:22.034203420
61.0,47400.0,Male,36700.0,Madrid,High School,Married,2023-04-22 00:44:47.308730872
64.0,70400.0,Female,44100.0,Paris,High School,Married,2023-04-22 01:37:12.583258326
42.0,47200.0,Male,31000.0,Berlin,Bachelor,Married,2023-04-22 02:29:37.857785778
54.0,62700.0,Male,28500.0,London,High School,Single,2023-04-22 03:22:03.132313230
64.0,16700.0,Male,8200.0,Paris,Master,Divorced,2023-04-22 04:14:28.406840684
25.0,86300.0,Male,65600.0,London,High School,Single,2023-04-22 05:06:53.681368136
59.0,72400.0,Male,49200.0,Berlin,Master,Married,2023-04-22 05:59:18.955895590
33.0,45700.0,Male,21700.0,Paris,High School,Single,2023-04-22 06:51:44.230423042
25.0,20400.0,Female,12800.0,London,High School,Single,
18.0,54300.0,Male,42000.0,London,High School,Married,
61.0,28300.0,Male,15200.0,London,High School,Married,2023-04-22 09:29:00.054005400
22.0,56700.0,Male,26900.0,Madrid,High School,Married,2023-04-22 10:21:25.328532852
20.0,56200.0,Male,43700.0,Paris,High School,Single,2023-04-22 11:13:50.603060306
,35900.0,,21000.0,London,Master,Single,2023-04-22 12:06:15.877587758
21.0,66800.0,Male,37900.0,London,Bachelor,Widowed,2023-04-22 12:58:41.152115212
57.0,62100.0,Female,31500.0,Paris,High School,Single,2023-04-22 13:51:06.426642664
52.0,64600.0,Male,48900.0,Madrid,Bachelor,Single,2023-04-22 14:43:31.701170116
49.0,50100.0,Male,37000.0,Paris,High School,Single,2023-04-22 15:35:56.975697570
59.0,28800.0,Female,16200.0,Paris,Master,Single,2023-04-22 16:28:22.250225022
51.0,64700.0,Male,26700.0,Berlin,High School,Single,2023-04-22 17:20:47.524752474
60.0,45900.0,Male,26600.0,Paris,High School,Married,2023-04-22 18:13:12.799279928
42.0,29200.0,Male,13800.0,Berlin,Master,Married,2023-04-22 19:05:38.073807380
27.0,70300.0,Female,32100.0,Berlin,High School,Single,2023-04-22 19:58:03.348334832
38.0,81500.0,Female,,Paris,Bachelor,Widowed,2023-04-22 20:50:28.622862286
63.0,,Female,21700.0,Paris,Master,Married,2023-04-22 21:42:53.897389738
,82400.0,,,Paris,Master,Married,2023-04-22 22:35:19.171917192
44.0,51400.0,Male,21500.0,Paris,Master,Married,2023-04-22 23:27:44.446444644
44.0,44300.0,Female,24800.0,Paris,High School,Married,2023-04-23 00:20:09.720972096
19.0,40500.0,Male,18800.0,Madrid,Bachelor,Single,2023-04-23 01:12:34.995499550
58.0,74600.0,Male,50400.0,Berlin,High School,Married,2023-04-23 02:05:00.270027002
65.0,,Female,16500.0,Paris,Master,Divorced,2023-04-23 02:57:25.544554454
30.0,61000.0,Male,37700.0,Madrid,High School,Single,
26.0,41600.0,Male,29500.0,Paris,High School,Married,2023-04-23 04:42:16.093609360
,43100.0,,33600.0,London,Master,Married,2023-04-23 05:34:41.368136814
53.0,65500.0,Male,44500.0,Paris,Master,Single,2023-04-23 06:27:06.642664266
39.0,44300.0,Male,19500.0,Paris,PhD,Divorced,2023-04-23 07:19:31.917191718
59.0,,Female,19100.0,Berlin,High School,Single,2023-04-23 08:11:57.191719172
43.0,67000.0,Female,46400.0,London,High School,Single,2023-04-23 09:04:22.466246624
29.0,74000.0,Male,36000.0,London,Master,Divorced,2023-04-23 09:56:47.740774076
34.0,59700.0,Male,34600.0,London,High School,Single,2023-04-23 10:49:13.015301530
,40200.0,,31800.0,Paris,Master,Married,2023-04-23 11:41:38.289828982
31.0,42300.0,Male,30800.0,Berlin,Bachelor,Married,2023-04-23 12:34:03.564356436
51.0,51200.0,Male,37800.0,Berlin,Master,Single,2023-04-23 13:26:28.838883888
37.0,54800.0,Male,40800.0,Paris,Bachelor,Single,2023-04-23 14:18:54.113411340
28.0,35200.0,Female,22800.0,Paris,Master,Widowed,2023-04-23 15:11:19.387938794
33.0,60800.0,Female,42400.0,London,High School,Single,2023-04-23 16:03:44.662466246
68.0,51300.0,Male,27900.0,London,PhD,Married,2023-04-23 16:56:09.936993698
,24300.0,,19400.0,London,High School,Single,2023-04-23 17:48:35.211521152
23.0,36100.0,Female,18500.0,London,High School,Divorced,2023-04-23 18:41:00.486048604
36.0,42400.0,Male,27000.0,Rome,Bachelor,Widowed,2023-04-23 19:33:25.760576058
54.0,48900.0,Male,25100.0,Paris,Bachelor,,2023-04-23 20:25:51.035103510
21.0,78300.0,Male,34800.0,London,Bachelor,Married,2023-04-23 21:18:16.309630962
64.0,53600.0,Female,33600.0,London,High School,Married,2023-04-23 22:10:41.584158416
21.0,37400.0,Male,20200.0,London,Bachelor,Married,
37.0,53300.0,Male,33800.0,Paris,Master,Single,2023-04-23 23:55:32.133213320
27.0,44700.0,Male,27900.0,London,Bachelor,Single,2023-04-24 00:47:57.407740774
41.0,54900.0,Male,33900.0,London,High School,,2023-04-24 01:40:22.682268226
52.0,,Female,26400.0,London,Bachelor,Married,2023-04-24 02:32:47.956795680
43.0,68100.0,Male,39200.0,Paris,Master,Widowed,2023-04-24 03:25:13.231323132
54.0,49600.0,Female,36000.0,London,Master,Married,2023-04-24 04:17:38.505850584
55.0,74600.0,Male,39200.0,Madrid,High School,Single,2023-04-24 05:10:03.780378038
38.0,63600.0,Male,36700.0,Madrid,High School,Single,2023-04-24 06:02:29.054905490
57.0,39400.0,Female,23500.0,Berlin,High School,Divorced,
56.0,83100.0,Male,,London,High School,Single,2023-04-24 07:47:19.603960396
38.0,54900.0,Male,36400.0,Paris,High School,Married,2023-04-24 08:39:44.878487848
27.0,,Female,16500.0,London,Bachelor,Married,2023-04-24 09:32:10.153015302
55.0,74800.0,Male,55800.0,Paris,Bachelor,Divorced,2023-04-24 10:24:35.427542754
63.0,81200.0,Male,59500.0,Berlin,High School,,2023-04-24 11:17:00.702070206
,49500.0,,34700.0,Paris,High School,Single,2023-04-24 12:09:25.976597660
62.0,42400.0,Male,24900.0,Berlin,High School,Divorced,2023-04-24 13:01:51.251125112
37.0,47400.0,Female,33300.0,Berlin,High School,Married,2023-04-24 13:54:16.525652564
34.0,60700.0,Female,35900.0,Madrid,Master,Single,2023-04-24 14:46:41.800180018
24.0,69200.0,Male,48100.0,Berlin,High School,Single,
21.0,58600.0,Female,44100.0,London,Bachelor,Single,2023-04-24 16:31:32.349234924
46.0,51500.0,Female,38900.0,London,High School,Widowed,
31.0,72500.0,Male,42200.0,Paris,Bachelor,Single,2023-04-24 18:16:22.898289828
20.0,45300.0,Male,33700.0,Paris,Bachelor,Divorced,2023-04-24 19:08:48.172817282
,65500.0,,28900.0,Paris,High School,Single,2023-04-24 20:01:13.447344734
54.0,,Female,20100.0,Paris,Bachelor,Single,2023-04-24 20:53:38.721872186
33.0,56500.0,Female,35000.0,Madrid,High School,Divorced,2023-04-24 21:46:03.996399640
69.0,48300.0,Male,31900.0,Paris,High School,Divorced,2023-04-24 22:38:29.270927092
21.0,49200.0,Female,22700.0,Berlin,Bachelor,Single,2023-04-24 23:30:54.545454544
41.0,44300.0,Male,26100.0,Paris,Bachelor,Single,2023-04-25 00:23:19.819981998
51.0,70200.0,Male,30700.0,Rome,Bachelor,Married,2023-04-25 01:15:45.094509450
47.0,39000.0,Female,25000.0,Paris,High School,Single,2023-04-25 02:08:10.369036904
35.0,38900.0,Male,28900.0,London,High School,Divorced,2023-04-25 03:00:35.643564356
36.0,81800.0,Male,56900.0,London,High School,Single,2023-04-25 03:53:00.918091808
48.0,64700.0,Male,35700.0,Berlin,High School,Single,2023-04-25 04:45:26.192619262
36.0,14200.0,Male,11300.0,Paris,High School,Single,2023-04-25 05:37:51.467146714
66.0,41500.0,Male,27600.0,Berlin,Bachelor,Single,2023-04-25 06:30:16.741674166
63.0,22800.0,Male,16600.0,London,Bachelor,Single,2023-04-25 07:22:42.016201620
36.0,35700.0,Female,23800.0,Paris,Master,Single,
39.0,2900.0,Female,2300.0,Paris,Bachelor,Married,
,47900.0,,34900.0,Berlin,High School,Married,2023-04-25 09:59:57.839783978
62.0,32900.0,Male,20000.0,Paris,High School,Single,2023-04-25 10:52:23.114311430
29.0,50900.0,Female,27800.0,Madrid,High School,,2023-04-25 11:44:48.388838884
47.0,25600.0,Male,17200.0,Paris,High School,Married,2023-04-25 12:37:13.663366336
55.0,51200.0,Male,32600.0,London,Bachelor,Single,2023-04-25 13:29:38.937893788
48.0,43800.0,Male,28500.0,London,Master,Widowed,2023-04-25 14:22:04.212421242
53.0,72500.0,Male,38900.0,London,Bachelor,Single,2023-04-25 15:14:29.486948694
36.0,71200.0,Male,40700.0,Paris,High School,Single,2023-04-25 16:06:54.761476148
65.0,61800.0,Male,38500.0,Madrid,Master,Single,2023-04-25 16:59:20.036003600
62.0,45100.0,Male,33200.0,Berlin,High School,Widowed,2023-04-25 17:51:45.310531052
53.0,79800.0,Female,56300.0,London,Master,Single,2023-04-25 18:44:10.585058506
47.0,26700.0,Female,11900.0,London,Master,Single,2023-04-25 19:36:35.859585958
66.0,28900.0,Male,14400.0,London,High School,Married,2023-04-25 20:29:01.134113410
50.0,48700.0,Female,20000.0,Madrid,High School,Divorced,2023-04-25 21:21:26.408640864
35.0,83800.0,Male,33800.0,Madrid,Master,Divorced,2023-04-25 22:13:51.683168316
69.0,47000.0,Male,23000.0,Paris,Bachelor,Married,2023-04-25 23:06:16.957695770
66.0,47300.0,Female,34000.0,Paris,High School,Married,2023-04-25 23:58:42.232223222
,28400.0,,21600.0,Rome,Bachelor,Single,2023-04-26 00:51:07.506750674
,64200.0,,35700.0,Paris,Bachelor,Married,2023-04-26 01:43:32.781278128
28.0,64300.0,Male,40200.0,Rome,High School,Single,2023-04-26 02:35:58.055805580
62.0,61800.0,Female,42200.0,London,High School,Married,2023-04-26 03:28:23.330333032
50.0,40600.0,Male,31700.0,Paris,High School,Single,2023-04-26 04:20:48.604860486
34.0,39400.0,Female,30100.0,Paris,High School,Divorced,2023-04-26 05:13:13.879387938
23.0,30600.0,Female,12900.0,London,High School,Single,2023-04-26 06:05:39.153915392
21.0,,Female,25600.0,Berlin,High School,Married,2023-04-26 06:58:04.428442844
37.0,33800.0,Male,14200.0,Paris,High School,Married,2023-04-26 07:50:29.702970296
65.0,32300.0,Male,20900.0,Paris,High School,Single,2023-04-26 08:42:54.977497750
64.0,43600.0,Male,29800.0,Madrid,Master,Single,2023-04-26 09:35:20.252025202
44.0,42700.0,Male,22300.0,Paris,Bachelor,Single,2023-04-26 10:27:45.526552654
32.0,41900.0,Female,31100.0,London,High School,Widowed,2023-04-26 11:20:10.801080108
23.0,57000.0,Male,33100.0,London,Bachelor,Divorced,2023-04-26 12:12:36.075607560
64.0,51200.0,Female,40900.0,Paris,High School,Single,2023-04-26 13:05:01.350135014
31.0,45700.0,Male,18300.0,Paris,Master,Single,2023-04-26 13:57:26.624662466
28.0,,Female,23400.0,Paris,Bachelor,Single,2023-04-26 14:49:51.899189918
56.0,35100.0,Male,18300.0,Paris,High School,Single,2023-04-26 15:42:17.173717372
26.0,51600.0,Male,21200.0,London,Master,Single,2023-04-26 16:34:42.448244824
43.0,52300.0,Female,37300.0,London,Bachelor,Divorced,
33.0,27500.0,Male,11600.0,London,High School,Divorced,2023-04-26 18:19:32.997299730
22.0,64900.0,Male,45400.0,London,Master,Single,2023-04-26 19:11:58.271827182
69.0,36800.0,Male,15500.0,Paris,Master,Married,2023-04-26 20:04:23.546354634
27.0,51400.0,Male,25800.0,Paris,PhD,Single,2023-04-26 20:56:48.820882088
67.0,67500.0,Female,49700.0,Paris,High School,Married,2023-04-26 21:49:14.095409540
,63900.0,,49900.0,London,PhD,Divorced,2023-04-26 22:41:39.369936994
30.0,50500.0,Male,28600.0,Madrid,Bachelor,Married,2023-04-26 23:34:04.644464446
60.0,44600.0,Male,35100.0,Paris,Bachelor,Single,2023-04-27 00:26:29.918991898
66.0,64200.0,Male,41800.0,London,High School,Widowed,2023-04-27 01:18:55.193519352
47.0,,Female,34000.0,Berlin,High School,Married,2023-04-27 02:11:20.468046804
62.0,40700.0,Female,29300.0,Berlin,High School,Single,2023-04-27 03:03:45.742574256
23.0,38100.0,Female,19700.0,Rome,High School,Single,2023-04-27 03:56:11.017101710
34.0,18900.0,Male,9600.0,Paris,High School,,2023-04-27 04:48:36.291629162
62.0,52300.0,Male,34700.0,Paris,High School,Single,2023-04-27 05:41:01.566156616
68.0,48800.0,Male,27100.0,Paris,PhD,Single,2023-04-27 06:33:26.840684068
36.0,67000.0,Male,30400.0,Paris,Bachelor,Divorced,2023-04-27 07:25:52.115211520
59.0,,Female,23600.0,London,Bachelor,Single,2023-04-27 08:18:17.389738974
52.0,70000.0,Male,50100.0,Madrid,Bachelor,Married,2023-04-27 09:10:42.664266426
63.0,39500.0,Female,26500.0,London,Bachelor,Single,2023-04-27 10:03:07.938793878
43.0,67100.0,Male,37900.0,Paris,High School,Married,2023-04-27 10:55:33.213321332
68.0,42100.0,Female,31900.0,Paris,Bachelor,Married,2023-04-27 11:47:58.487848784
22.0,61700.0,Male,34800.0,Madrid,Bachelor,Widowed,2023-04-27 12:40:23.762376238
46.0,28100.0,Male,19200.0,London,High School,Single,
54.0,53500.0,Male,40900.0,Madrid,High School,Single,2023-04-27 14:25:14.311431142
37.0,20200.0,Female,14900.0,Berlin,High School,Married,2023-04-27 15:17:39.585958596
66.0,46000.0,Male,27800.0,Rome,Bachelor,Divorced,2023-04-27 16:10:04.860486048
38.0,56600.0,Female,38000.0,Madrid,High School,Single,2023-04-27 17:02:30.135013500
27.0,42200.0,Male,23900.0,London,Bachelor,Single,2023-04-27 17:54:55.409540954
22.0,34200.0,Male,22500.0,Berlin,High School,Single,2023-04-27 18:47:20.684068406
53.0,62700.0,Female,31500.0,London,Bachelor,Single,2023-04-27 19:39:45.958595860
23.0,48400.0,Male,27800.0,Paris,Master,Married,2023-04-27 20:32:11.233123312
43.0,42700.0,Male,20700.0,Paris,Master,Married,2023-04-27 21:24:36.507650764
21.0,50600.0,Male,21000.0,Paris,Bachelor,Single,2023-04-27 22:17:01.782178218
56.0,89600.0,Female,56900.0,Paris,High School,Married,2023-04-27 23:09:27.056705670
56.0,67300.0,Male,50200.0,Paris,Bachelor,Married,2023-04-28 00:01:52.331233122
67.0,67400.0,Male,27600.0,London,Bachelor,Single,2023-04-28 00:54:17.605760576
52.0,56500.0,Male,27000.0,Rome,Bachelor,Married,2023-04-28 01:46:42.880288028
18.0,52500.0,Male,30700.0,London,Master,Married,2023-04-28 02:39:08.154815482
41.0,14100.0,Male,9400.0,London,High School,Single,2023-04-28 03:31:33.429342934
53.0,39800.0,Male,18600.0,Paris,Bachelor,Divorced,
23.0,42800.0,Female,18100.0,Paris,High School,Single,2023-04-28 05:16:23.978397840
58.0,21900.0,Male,13300.0,London,High School,Divorced,2023-04-28 06:08:49.252925292
63.0,32600.0,Female,23700.0,Berlin,Bachelor,Married,2023-04-28 07:01:14.527452744
61.0,20300.0,Female,8400.0,Paris,High School,Married,2023-04-28 07:53:39.801980198
48.0,,Female,26700.0,London,Bachelor,Single,2023-04-28 08:46:05.076507650
37.0,62300.0,Male,41500.0,Berlin,Bachelor,Divorced,2023-04-28 09:38:30.351035104
41.0,66600.0,Male,30100.0,Paris,Bachelor,Single,2023-04-28 10:30:55.625562556
42.0,56200.0,Female,27800.0,Paris,PhD,Married,2023-04-28 11:23:20.900090008
53.0,35500.0,Male,21800.0,Berlin,Bachelor,Divorced,2023-04-28 12:15:46.174617462
38.0,21000.0,Male,16400.0,London,PhD,Single,2023-04-28 13:08:11.449144914
47.0,23600.0,Female,12200.0,Paris,Bachelor,Divorced,2023-04-28 14:00:36.723672366
41.0,31000.0,Male,18400.0,Paris,Bachelor,Married,2023-04-28 14:53:01.998199820
61.0,36700.0,Male,20600.0,London,High School,Married,2023-04-28 15:45:27.272727272
59.0,47600.0,Male,36100.0,Paris,Bachelor,Divorced,2023-04-28 16:37:52.547254724
47.0,34800.0,Female,14900.0,Berlin,Bachelor,Married,2023-04-28 17:30:17.821782178
39.0,55100.0,Male,34500.0,Paris,Bachelor,Single,2023-04-28 18:22:43.096309630
45.0,46500.0,Female,34300.0,Paris,Bachelor,Married,2023-04-28 19:15:08.370837084
24.0,50200.0,Male,39900.0,Paris,Master,,2023-04-28 20:07:33.645364536
52.0,67100.0,Male,45600.0,Madrid,High School,Single,2023-04-28 20:59:58.919891988
45.0,32300.0,Male,17800.0,Berlin,Bachelor,Single,2023-04-28 21:52:24.194419442
31.0,56300.0,Male,31800.0,Madrid,Bachelor,Single,2023-04-28 22:44:49.468946894
,49800.0,,26900.0,London,High School,Single,2023-04-28 23:37:14.743474346
33.0,45000.0,Male,28900.0,Berlin,PhD,Married,2023-04-29 00:29:40.018001800
33.0,63300.0,Female,44000.0,Madrid,Bachelor,Single,2023-04-29 01:22:05.292529252
48.0,63200.0,Male,46000.0,Paris,High School,Single,2023-04-29 02:14:30.567056706
59.0,35800.0,Male,20300.0,Rome,High School,Single,2023-04-29 03:06:55.841584158
42.0,47300.0,Male,32500.0,Madrid,Bachelor,Divorced,2023-04-29 03:59:21.116111610
30.0,54200.0,Female,41500.0,Rome,High School,Single,2023-04-29 04:51:46.390639064
23.0,45900.0,Male,35300.0,Madrid,High School,Married,2023-04-29 05:44:11.665166516
61.0,58800.0,Male,40100.0,Berlin,High School,Single,2023-04-29 06:36:36.939693968
26.0,54200.0,Female,35500.0,Madrid,Master,Single,2023-04-29 07:29:02.214221422
62.0,77500.0,Male,47500.0,London,Bachelor,Single,2023-04-29 08:21:27.488748874
53.0,27000.0,Male,12800.0,Berlin,High School,Single,2023-04-29 09:13:52.763276328
60.0,48200.0,Male,21700.0,Paris,Master,Single,2023-04-29 10:06:18.037803780
37.0,36400.0,Female,21600.0,Berlin,Master,Married,2023-04-29 10:58:43.312331232
35.0,59100.0,Male,27400.0,Berlin,Bachelor,Single,2023-04-29 11:51:08.586858686
60.0,25700.0,Male,16200.0,Berlin,High School,Married,2023-04-29 12:43:33.861386138
38.0,55200.0,Female,36300.0,Berlin,Bachelor,Single,2023-04-29 13:35:59.135913590
21.0,40500.0,Male,24700.0,London,High School,Married,2023-04-29 14:28:24.410441044
67.0,39000.0,Female,16200.0,London,Bachelor,Single,2023-04-29 15:20:49.684968496
50.0,28300.0,Male,12000.0,Paris,High School,Married,2023-04-29 16:13:14.959495950
44.0,43000.0,Male,19100.0,Paris,Bachelor,Single,2023-04-29 17:05:40.234023402
24.0,66300.0,Male,30600.0,London,High School,Married,2023-04-29 17:58:05.508550854
23.0,49600.0,Male,39500.0,London,Bachelor,Divorced,2023-04-29 18:50:30.783078308
32.0,59400.0,Male,31900.0,Paris,High School,Single,2023-04-29 19:42:56.057605760
35.0,75000.0,Male,38800.0,Paris,Bachelor,Single,2023-04-29 20:35:21.332133212
49.0,54000.0,Male,22700.0,Paris,Bachelor,Divorced,2023-04-29 21:27:46.606660666
28.0,41600.0,Female,27200.0,Berlin,High School,Single,2023-04-29 22:20:11.881188118
37.0,57000.0,Male,37700.0,London,Bachelor,,2023-04-29 23:12:37.155715572
41.0,41800.0,Female,19700.0,Paris,High School,Single,2023-04-30 00:05:02.430243024
32.0,42400.0,Female,32600.0,Berlin,Bachelor,Single,2023-04-30 00:57:27.704770476
65.0,27200.0,Female,19600.0,Paris,High School,Married,2023-04-30 01:49:52.979297930
24.0,63900.0,Female,31400.0,London,Bachelor,Single,
38.0,44200.0,Male,26300.0,Paris,High School,Divorced,2023-04-30 03:34:43.528352834
59.0,52700.0,Female,30700.0,Rome,High School,Single,2023-04-30 04:27:08.802880288
43.0,34500.0,Female,18600.0,Paris,High School,Single,2023-04-30 05:19:34.077407740
61.0,56500.0,Female,41100.0,Berlin,Master,Single,2023-04-30 06:11:59.351935194
31.0,38600.0,Male,17100.0,London,Bachelor,Married,2023-04-30 07:04:24.626462646
54.0,47900.0,Female,27100.0,Paris,PhD,Divorced,2023-04-30 07:56:49.900990098
38.0,,Female,36100.0,Paris,Master,Married,2023-04-30 08:49:15.175517552
35.0,,Female,36400.0,Paris,Master,Single,2023-04-30 09:41:40.450045004
22.0,49700.0,Male,37000.0,Berlin,Bachelor,Married,2023-04-30 10:34:05.724572456
20.0,23500.0,Male,11500.0,Paris,High School,Married,2023-04-30 11:26:30.999099910
40.0,94900.0,Female,41900.0,Berlin,Master,Single,2023-04-30 12:18:56.273627362
43.0,76200.0,Male,49300.0,London,High School,Single,2023-04-30 13:11:21.548154814
54.0,60800.0,Male,28500.0,Paris,Bachelor,Married,2023-04-30 14:03:46.822682268
41.0,,Female,16600.0,Paris,Master,Divorced,2023-04-30 14:56:12.097209720
,48300.0,,27600.0,Madrid,High School,Married,2023-04-30 15:48:37.371737174
36.0,41800.0,Male,20400.0,Paris,High School,Single,2023-04-30 16:41:02.646264626
68.0,69000.0,Male,37600.0,Paris,High School,Single,2023-04-30 17:33:27.920792078
42.0,53900.0,Male,27200.0,London,PhD,Single,2023-04-30 18:25:53.195319532
38.0,38200.0,Male,16700.0,Paris,PhD,Widowed,2023-04-30 19:18:18.469846984
29.0,42900.0,Male,26800.0,London,Bachelor,Married,2023-04-30 20:10:43.744374436
58.0,66800.0,Male,27400.0,Paris,Master,Married,2023-04-30 21:03:09.018901890
50.0,74000.0,Male,58200.0,Rome,High School,Single,2023-04-30 21:55:34.293429342
67.0,72900.0,Female,39100.0,London,High School,Married,2023-04-30 22:47:59.567956796
21.0,61400.0,Male,41600.0,Rome,High School,Single,
59.0,46200.0,Male,33500.0,Paris,High School,,2023-05-01 00:32:50.117011700
24.0,1400.0,Male,700.0,Paris,High School,Married,2023-05-01 01:25:15.391539154
39.0,54500.0,Female,38100.0,Madrid,High School,Single,2023-05-01 02:17:40.666066606
50.0,50000.0,Female,36600.0,Paris,Bachelor,Single,2023-05-01 03:10:05.940594058
34.0,52100.0,Male,25900.0,London,High School,Single,2023-05-01 04:02:31.215121512
41.0,50800.0,Male,40500.0,Paris,High School,Single,
51.0,30100.0,Male,12300.0,Rome,Master,Married,2023-05-01 05:47:21.764176418
45.0,58400.0,Female,28400.0,Paris,High School,Single,2023-05-01 06:39:47.038703870
60.0,59500.0,Male,42400.0,Berlin,High School,Married,2023-05-01 07:32:12.313231322
,60200.0,,28800.0,London,High School,Married,2023-05-01 08:24:37.587758776
56.0,,Female,43600.0,Paris,Master,Married,2023-05-01 09:17:02.862286228
39.0,59100.0,Female,43900.0,Paris,Bachelor,Divorced,2023-05-01 10:09:28.136813680
66.0,43800.0,Male,34300.0,Madrid,Bachelor,Married,2023-05-01 11:01:53.411341134
34.0,48900.0,Female,28800.0,Berlin,High School,Single,2023-05-01 11:54:18.685868586
51.0,51400.0,Male,40500.0,London,High School,Single,2023-05-01 12:46:43.960396040
23.0,51600.0,Female,29100.0,London,High School,Married,2023-05-01 13:39:09.234923492
63.0,65000.0,Male,31700.0,Paris,High School,Single,2023-05-01 14:31:34.509450944
23.0,59700.0,Male,36200.0,London,Bachelor,Divorced,2023-05-01 15:23:59.783978398
51.0,81200.0,Male,53600.0,London,Master,Single,2023-05-01 16:16:25.058505850
18.0,83100.0,Male,,Berlin,High School,Divorced,
27.0,51200.0,Male,32100.0,Paris,Bachelor,Married,2023-05-01 18:01:15.607560756
38.0,-7500.0,Male,-4200.0,Rome,High School,Divorced,2023-05-01 18:53:40.882088208
22.0,68600.0,Male,41800.0,Paris,High School,Divorced,2023-05-01 19:46:06.156615662
19.0,41900.0,Male,32700.0,Paris,High School,Single,2023-05-01 20:38:31.431143114
39.0,38000.0,Female,22800.0,Madrid,Master,Married,
65.0,44000.0,Male,22100.0,London,High School,Single,2023-05-01 22:23:21.980198020
19.0,43300.0,Male,30500.0,Paris,Bachelor,Widowed,2023-05-01 23:15:47.254725472
27.0,59200.0,Male,31700.0,Berlin,High School,Married,2023-05-02 00:08:12.529252924
51.0,26600.0,Male,19300.0,London,High School,Single,2023-05-02 01:00:37.803780378
33.0,33800.0,Male,14300.0,Paris,High School,Divorced,2023-05-02 01:53:03.078307830
65.0,55100.0,Male,29400.0,London,High School,Single,2023-05-02 02:45:28.352835284
68.0,59300.0,Male,26000.0,Paris,Master,Single,2023-05-02 03:37:53.627362736
56.0,59600.0,Male,25900.0,Paris,Bachelor,Married,
39.0,38200.0,Female,25300.0,Paris,High School,Divorced,2023-05-02 05:22:44.176417642
29.0,35300.0,Male,19600.0,London,Bachelor,Divorced,2023-05-02 06:15:09.450945094
41.0,42400.0,Male,31700.0,Paris,High School,Married,2023-05-02 07:07:34.725472546
64.0,53600.0,Male,32500.0,Madrid,Bachelor,Single,2023-05-02 08:00:00.000000000
57.0,72300.0,Female,37500.0,London,Bachelor,Single,2023-05-02 08:52:25.274527452
,19300.0,,13300.0,Paris,High School,Single,2023-05-02 09:44:50.549054904
,46700.0,,30300.0,London,Master,Single,2023-05-02 10:37:15.823582358
52.0,30000.0,Male,21600.0,Berlin,High School,Married,2023-05-02 11:29:41.098109810
68.0,25200.0,Male,16600.0,London,High School,Married,2023-05-02 12:22:06.372637264
66.0,,Female,30100.0,Paris,Bachelor,Married,2023-05-02 13:14:31.647164716
49.0,58200.0,Female,38900.0,Paris,High School,Single,2023-05-02 14:06:56.921692168
24.0,56700.0,Male,31600.0,Madrid,High School,Single,2023-05-02 14:59:22.196219622
38.0,63800.0,Male,37300.0,Paris,High School,Single,2023-05-02 15:51:47.470747074
37.0,42800.0,Male,32900.0,Paris,Master,Married,2023-05-02 16:44:12.745274526
43.0,,Female,23700.0,London,High School,Single,2023-05-02 17:36:38.019801980
21.0,82800.0,Male,53400.0,Paris,High School,Single,2023-05-02 18:29:03.294329432
63.0,46300.0,Male,25300.0,Rome,High School,Single,2023-05-02 19:21:28.568856886
,61000.0,,26700.0,Madrid,High School,Married,
39.0,50100.0,Male,29100.0,London,Bachelor,Single,2023-05-02 21:06:19.117911790
32.0,22300.0,Male,14200.0,Berlin,High School,Single,2023-05-02 21:58:44.392439244
57.0,19300.0,Male,10900.0,London,Bachelor,Married,2023-05-02 22:51:09.666966696
38.0,41300.0,Male,23000.0,Berlin,Bachelor,,2023-05-02 23:43:34.941494148
32.0,65800.0,Male,47900.0,London,High School,Single,2023-05-03 00:36:00.216021602
39.0,61800.0,Male,25500.0,Paris,High School,Single,2023-05-03 01:28:25.490549054
69.0,63700.0,Male,33000.0,Madrid,Bachelor,Single,2023-05-03 02:20:50.765076508
45.0,35200.0,Male,25500.0,Madrid,Bachelor,Single,2023-05-03 03:13:16.039603960
31.0,74200.0,Male,57000.0,Rome,Master,Single,2023-05-03 04:05:41.314131412
44.0,35500.0,Male,20100.0,Berlin,Master,Single,2023-05-03 04:58:06.588658866
58.0,53200.0,Male,40200.0,London,Bachelor,Single,2023-05-03 05:50:31.863186318
57.0,49800.0,Female,23900.0,Paris,PhD,Divorced,2023-05-03 06:42:57.137713770
45.0,47400.0,Male,23200.0,Paris,Bachelor,Single,2023-05-03 07:35:22.412241224
43.0,70100.0,Male,51800.0,Paris,High School,Single,2023-05-03 08:27:47.686768676
66.0,39400.0,Male,30000.0,Paris,Bachelor,Single,2023-05-03 09:20:12.961296130
19.0,29800.0,Male,14600.0,London,High School,Widowed,2023-05-03 10:12:38.235823582
42.0,50300.0,Male,21300.0,London,High School,Married,2023-05-03 11:05:03.510351034
20.0,44000.0,Male,19200.0,Paris,High School,Married,2023-05-03 11:57:28.784878488
25.0,100700.0,Male,50800.0,London,High School,Married,2023-05-03 12:49:54.059405940
61.0,60100.0,Male,42300.0,Paris,High School,Single,2023-05-03 13:42:19.333933392
50.0,43900.0,Male,26500.0,London,High School,Widowed,2023-05-03 14:34:44.608460846
59.0,34200.0,Female,19900.0,Rome,High School,Single,2023-05-03 15:27:09.882988298
69.0,21800.0,Female,13800.0,London,High School,Single,2023-05-03 16:19:35.157515752
52.0,34600.0,Female,26200.0,Paris,Bachelor,Single,
23.0,51700.0,Male,22600.0,London,High School,,2023-05-03 18:04:25.706570656
56.0,,Female,48400.0,Berlin,Master,Single,2023-05-03 18:56:50.981098110
69.0,66800.0,Female,51500.0,London,Master,Married,2023-05-03 19:49:16.255625562
40.0,53400.0,Female,25900.0,Rome,Bachelor,Single,2023-05-03 20:41:41.530153014
42.0,45200.0,Male,33200.0,Paris,High School,Single,2023-05-03 21:34:06.804680468
67.0,54000.0,Female,36700.0,Paris,Bachelor,Single,2023-05-03 22:26:32.079207920
,42200.0,,17100.0,Paris,High School,Divorced,2023-05-03 23:18:57.353735374
36.0,75800.0,Male,37300.0,Berlin,Bachelor,Single,2023-05-04 00:11:22.628262826
22.0,47200.0,Male,30300.0,London,High School,Married,2023-05-04 01:03:47.902790278
68.0,,Female,29300.0,Paris,Bachelor,Married,2023-05-04 01:56:13.177317732
28.0,16800.0,Female,10300.0,Paris,Bachelor,Divorced,2023-05-04 02:48:38.451845184
29.0,47100.0,Male,23200.0,London,Bachelor,Divorced,2023-05-04 03:41:03.726372636
27.0,62500.0,Male,41900.0,Rome,Bachelor,,2023-05-04 04:33:29.000900090
25.0,34000.0,Male,17200.0,Paris,High School,Single,2023-05-04 05:25:54.275427542
41.0,38700.0,Male,21500.0,Paris,Bachelor,Single,2023-05-04 06:18:19.549954994
45.0,61900.0,Male,33900.0,London,High School,Single,2023-05-04 07:10:44.824482448
58.0,27900.0,Male,18700.0,Paris,High School,Married,2023-05-04 08:03:10.099009900
53.0,65900.0,Female,28700.0,London,High School,Single,2023-05-04 08:55:35.373537354
54.0,42000.0,Male,20300.0,London,High School,Married,2023-05-04 09:48:00.648064806
38.0,44200.0,Male,21200.0,London,High School,Single,2023-05-04 10:40:25.922592258
25.0,,Female,14700.0,Madrid,Bachelor,Single,2023-05-04 11:32:51.197119712
26.0,55700.0,Female,26900.0,Paris,Bachelor,Married,2023-05-04 12:25:16.471647164
64.0,86900.0,Female,55900.0,Berlin,High School,Divorced,2023-05-04 13:17:41.746174616
32.0,61700.0,Male,42700.0,Madrid,High School,Married,2023-05-04 14:10:07.020702070
65.0,,Female,24600.0,Paris,Bachelor,Single,2023-05-04 15:02:32.295229522
63.0,67000.0,Male,39500.0,Paris,Master,Divorced,2023-05-04 15:54:57.569756976
57.0,45200.0,Female,19000.0,Berlin,High School,Married,2023-05-04 16:47:22.844284428
35.0,70600.0,Female,55300.0,Berlin,Bachelor,Married,2023-05-04 17:39:48.118811880
59.0,,Female,29000.0,Paris,Master,Single,2023-05-04 18:32:13.393339334
37.0,5900.0,Male,3900.0,London,High School,Married,2023-05-04 19:24:38.667866786
23.0,34900.0,Male,26700.0,London,High School,Single,2023-05-04 20:17:03.942394238
29.0,64200.0,Female,43600.0,Paris,Master,Widowed,2023-05-04 21:09:29.216921692
19.0,,Female,25500.0,Berlin,High School,Single,2023-05-04 22:01:54.491449144
24.0,34600.0,Male,18200.0,London,Bachelor,Married,2023-05-04 22:54:19.765976598
33.0,40500.0,Female,16700.0,Madrid,Bachelor,Married,2023-05-04 23:46:45.040504050
20.0,21400.0,Male,13800.0,London,High School,Single,2023-05-05 00:39:10.315031502
62.0,48700.0,Male,31400.0,London,High School,Married,2023-05-05 01:31:35.589558956
20.0,83200.0,Male,,London,Bachelor,Married,2023-05-05 02:24:00.864086408
44.0,62100.0,Male,25100.0,Paris,Bachelor,Married,2023-05-05 03:16:26.138613860
67.0,82900.0,Male,60300.0,Berlin,High School,Single,2023-05-05 04:08:51.413141314
60.0,63200.0,Female,44000.0,London,Bachelor,,2023-05-05 05:01:16.687668766
57.0,65400.0,Male,29800.0,Berlin,Bachelor,Married,
55.0,79600.0,Male,42900.0,Berlin,High School,,2023-05-05 06:46:07.236723672
50.0,55700.0,Female,36500.0,London,Bachelor,Married,2023-05-05 07:38:32.511251124
45.0,,Female,28200.0,Paris,High School,Divorced,2023-05-05 08:30:57.785778578
18.0,65500.0,Male,29200.0,Madrid,High School,Married,2023-05-05 09:23:23.060306030
25.0,71800.0,Male,31200.0,Paris,Bachelor,Single,2023-05-05 10:15:48.334833482
54.0,42800.0,Male,30500.0,Rome,High School,Married,2023-05-05 11:08:13.609360936
49.0,39200.0,Female,18100.0,London,High School,Single,2023-05-05 12:00:38.883888388
65.0,52100.0,Male,24400.0,Paris,Bachelor,Married,2023-05-05 12:53:04.158415842
60.0,62500.0,Male,45800.0,Madrid,Bachelor,Married,2023-05-05 13:45:29.432943294
54.0,62000.0,Female,40000.0,Berlin,Bachelor,,2023-05-05 14:37:54.707470746
21.0,28600.0,Male,18400.0,Berlin,Master,Single,2023-05-05 15:30:19.981998200
47.0,78700.0,Male,46600.0,Paris,PhD,Single,2023-05-05 16:22:45.256525652
23.0,40400.0,Female,25400.0,Madrid,Bachelor,Single,2023-05-05 17:15:10.531053104
63.0,46000.0,Male,29500.0,London,High School,Single,2023-05-05 18:07:35.805580558
36.0,36500.0,Male,28700.0,London,Bachelor,Married,
49.0,90500.0,Female,,Madrid,High School,Married,2023-05-05 19:52:26.354635464
26.0,53600.0,Female,26000.0,London,Bachelor,Married,2023-05-05 20:44:51.629162916
29.0,37200.0,Male,15700.0,Paris,Bachelor,Single,2023-05-05 21:37:16.903690368
28.0,63000.0,Male,41800.0,London,PhD,Single,2023-05-05 22:29:42.178217822
63.0,61500.0,Female,38100.0,London,PhD,Single,2023-05-05 23:22:07.452745274
33.0,47200.0,Male,21000.0,Madrid,Bachelor,Married,2023-05-06 00:14:32.727272726
18.0,62600.0,Male,34200.0,Paris,High School,Married,2023-05-06 01:06:58.001800180
62.0,37600.0,Male,17700.0,Berlin,Bachelor,Married,2023-05-06 01:59:23.276327632
38.0,42600.0,Male,22700.0,Berlin,High School,Single,
47.0,19800.0,Female,15500.0,Paris,Master,,2023-05-06 03:44:13.825382538
30.0,30100.0,Male,20300.0,Paris,Bachelor,Married,2023-05-06 04:36:39.099909990
51.0,77100.0,Female,31100.0,London,Bachelor,Single,2023-05-06 05:29:04.374437444
21.0,74600.0,Female,37400.0,Berlin,High School,Single,2023-05-06 06:21:29.648964896
45.0,51000.0,Female,20600.0,London,High School,,2023-05-06 07:13:54.923492348
55.0,74900.0,Female,51400.0,Berlin,Bachelor,Married,2023-05-06 08:06:20.198019802
48.0,47600.0,Female,28000.0,London,High School,Widowed,2023-05-06 08:58:45.472547254
44.0,46300.0,Male,36900.0,London,High School,,2023-05-06 09:51:10.747074706
22.0,50800.0,Male,35200.0,Paris,High School,Single,2023-05-06 10:43:36.021602160
42.0,48100.0,Female,29200.0,Paris,PhD,Married,2023-05-06 11:36:01.296129612
20.0,46800.0,Male,33800.0,Berlin,Bachelor,Married,2023-05-06 12:28:26.570657066
50.0,67200.0,Male,45800.0,Berlin,Bachelor,Married,2023-05-06 13:20:51.845184518
21.0,52300.0,Male,26000.0,London,High School,Married,2023-05-06 14:13:17.119711970
42.0,60700.0,Male,37200.0,London,High School,Married,2023-05-06 15:05:42.394239424
37.0,65500.0,Female,40800.0,London,High School,Single,2023-05-06 15:58:07.668766876
51.0,55800.0,Female,32400.0,Paris,Bachelor,Married,2023-05-06 16:50:32.943294328
43.0,35400.0,Male,16700.0,London,Master,Divorced,
22.0,29700.0,Female,14500.0,London,High School,Married,2023-05-06 18:35:23.492349234
52.0,52200.0,Male,26700.0,London,High School,Married,2023-05-06 19:27:48.766876688
45.0,47400.0,Female,19200.0,London,High School,Single,2023-05-06 20:20:14.041404140
46.0,51300.0,Male,39300.0,Berlin,Bachelor,Married,2023-05-06 21:12:39.315931592
26.0,49800.0,Female,33600.0,Paris,Master,Married,2023-05-06 22:05:04.590459046
69.0,88800.0,Male,60000.0,Paris,Bachelor,Married,2023-05-06 22:57:29.864986498
55.0,30000.0,Male,18900.0,Paris,Bachelor,,2023-05-06 23:49:55.139513950
67.0,,Female,13600.0,Berlin,High School,Single,2023-05-07 00:42:20.414041404
23.0,55000.0,Male,43600.0,London,Bachelor,Married,2023-05-07 01:34:45.688568856
36.0,,Female,24600.0,Paris,High School,Single,2023-05-07 02:27:10.963096310
61.0,54700.0,Male,37500.0,Rome,High School,Single,2023-05-07 03:19:36.237623762
28.0,58800.0,Male,32000.0,London,High School,Married,2023-05-07 04:12:01.512151214
,69300.0,,51400.0,Paris,High School,,2023-05-07 05:04:26.786678668
64.0,27400.0,Male,20400.0,London,High School,Married,2023-05-07 05:56:52.061206120
61.0,41600.0,Male,31700.0,Berlin,Bachelor,Widowed,2023-05-07 06:49:17.335733572
61.0,56400.0,Female,22700.0,London,High School,Single,2023-05-07 07:41:42.610261026
26.0,61600.0,Male,32000.0,London,Master,Single,2023-05-07 08:34:07.884788478
38.0,,Female,37600.0,Paris,Master,Married,2023-05-07 09:26:33.159315932
41.0,64300.0,Male,37400.0,Paris,High School,Single,2023-05-07 10:18:58.433843384
51.0,49100.0,Male,29400.0,Paris,High School,Married,2023-05-07 11:11:23.708370836
39.0,36600.0,Male,18400.0,Paris,Bachelor,Single,2023-05-07 12:03:48.982898290
20.0,41500.0,Male,28600.0,London,Master,Divorced,2023-05-07 12:56:14.257425742
,41100.0,,20900.0,London,High School,Single,2023-05-07 13:48:39.531953194
45.0,59800.0,Male,44300.0,London,Master,Divorced,2023-05-07 14:41:04.806480648
47.0,53900.0,Male,25400.0,London,Bachelor,Divorced,2023-05-07 15:33:30.081008100
43.0,30100.0,Male,16500.0,Paris,PhD,Married,2023-05-07 16:25:55.355535554
65.0,43500.0,Male,28200.0,Paris,Master,Married,2023-05-07 17:18:20.630063006
38.0,63200.0,Male,40600.0,Paris,High School,Single,2023-05-07 18:10:45.904590458
45.0,55300.0,Male,23800.0,Paris,High School,Single,
43.0,58500.0,Male,43200.0,Berlin,High School,Single,2023-05-07 19:55:36.453645364
50.0,55700.0,Female,35600.0,Berlin,High School,Married,2023-05-07 20:48:01.728172816
38.0,74400.0,Female,55600.0,Berlin,Bachelor,Divorced,2023-05-07 21:40:27.002700270
52.0,53500.0,Male,40000.0,London,Master,Married,2023-05-07 22:32:52.277227722
69.0,44200.0,Male,27300.0,Paris,PhD,Married,2023-05-07 23:25:17.551755174
51.0,36300.0,Female,27700.0,Berlin,High School,Married,2023-05-08 00:17:42.826282628
58.0,53700.0,Female,39700.0,London,High School,,2023-05-08 01:10:08.100810080
68.0,13400.0,Female,10500.0,Paris,Bachelor,Married,2023-05-08 02:02:33.375337534
64.0,47200.0,Female,34900.0,Madrid,High School,Widowed,2023-05-08 02:54:58.649864986
35.0,46900.0,Male,34200.0,Paris,High School,,2023-05-08 03:47:23.924392438
28.0,,Female,17300.0,London,Master,Single,2023-05-08 04:39:49.198919892
40.0,,Female,17500.0,London,Master,Divorced,2023-05-08 05:32:14.473447344
65.0,62100.0,Male,47500.0,Berlin,Master,Married,2023-05-08 06:24:39.747974796
39.0,53500.0,Male,36900.0,Madrid,High School,Single,2023-05-08 07:17:05.022502250
34.0,51500.0,Male,26400.0,Madrid,Bachelor,Widowed,2023-05-08 08:09:30.297029702
22.0,54600.0,Male,29300.0,London,Bachelor,Divorced,2023-05-08 09:01:55.571557156
61.0,51400.0,Male,34700.0,London,High School,Single,2023-05-08 09:54:20.846084608
28.0,68600.0,Male,40600.0,Paris,Master,Married,2023-05-08 10:46:46.120612060
47.0,51900.0,Male,22500.0,London,High School,Married,2023-05-08 11:39:11.395139514
32.0,28100.0,Male,12800.0,Madrid,Bachelor,Single,2023-05-08 12:31:36.669666966
44.0,74500.0,Male,52000.0,London,Bachelor,Married,2023-05-08 13:24:01.944194418
52.0,55600.0,Female,29500.0,Paris,High School,Widowed,2023-05-08 14:16:27.218721872
50.0,41200.0,Male,24800.0,Paris,Bachelor,Married,2023-05-08 15:08:52.493249324
37.0,31200.0,Female,22000.0,London,High School,Married,2023-05-08 16:01:17.767776778
33.0,55900.0,Female,39200.0,Paris,Bachelor,Single,2023-05-08 16:53:43.042304230
,48200.0,,22500.0,Paris,Bachelor,,2023-05-08 17:46:08.316831682
19.0,73600.0,Female,,Paris,Bachelor,Single,2023-05-08 18:38:33.591359136
52.0,44800.0,Male,28500.0,Paris,PhD,Single,2023-05-08 19:30:58.865886588
57.0,37400.0,Male,26100.0,Paris,High School,Married,2023-05-08 20:23:24.140414040
45.0,63400.0,Male,29100.0,Madrid,High School,,2023-05-08 21:15:49.414941494
64.0,63900.0,Female,35100.0,London,Master,Married,2023-05-08 22:08:14.689468946
56.0,52500.0,Male,39300.0,London,Bachelor,Divorced,2023-05-08 23:00:39.963996400
23.0,60100.0,Male,46700.0,London,Master,Married,2023-05-08 23:53:05.238523852
26.0,49400.0,Female,28700.0,Paris,High School,Single,2023-05-09 00:45:30.513051304
37.0,,Female,23100.0,Berlin,Bachelor,Divorced,2023-05-09 01:37:55.787578758
,67500.0,,34000.0,Madrid,Master,Single,2023-05-09 02:30:21.062106210
25.0,59400.0,Male,29300.0,Paris,Master,Married,2023-05-09 03:22:46.336633662
40.0,47500.0,Male,23500.0,Paris,Master,Single,2023-05-09 04:15:11.611161116
20.0,70300.0,Male,42000.0,London,High School,Widowed,2023-05-09 05:07:36.885688568
21.0,14500.0,Male,9200.0,Paris,High School,Single,2023-05-09 06:00:02.160216022
42.0,80800.0,Female,36300.0,Madrid,High School,Single,2023-05-09 06:52:27.434743474
64.0,24400.0,Male,18400.0,London,High School,Single,2023-05-09 07:44:52.709270926
55.0,40600.0,Male,26300.0,Paris,High School,Single,2023-05-09 08:37:17.983798380
32.0,,Female,31600.0,London,PhD,Single,2023-05-09 09:29:43.258325832
38.0,47800.0,Male,38000.0,London,Bachelor,Single,2023-05-09 10:22:08.532853284
52.0,65100.0,Female,42400.0,Paris,Master,Married,2023-05-09 11:14:33.807380738
63.0,34100.0,Female,26300.0,Madrid,Master,Widowed,2023-05-09 12:06:59.081908190
69.0,53900.0,Female,27700.0,Paris,High School,Married,2023-05-09 12:59:24.356435644
31.0,41300.0,Male,20500.0,Rome,High School,Single,2023-05-09 13:51:49.630963096
53.0,54400.0,Male,33000.0,Paris,High School,Single,2023-05-09 14:44:14.905490548
29.0,49000.0,Female,29600.0,Berlin,Bachelor,Single,2023-05-09 15:36:40.180018002
34.0,,Female,25200.0,Paris,High School,Single,2023-05-09 16:29:05.454545454
56.0,41800.0,Male,28400.0,London,Bachelor,Married,2023-05-09 17:21:30.729072906
26.0,42300.0,Male,17400.0,London,High School,Married,2023-05-09 18:13:56.003600360
52.0,54300.0,Male,36700.0,Paris,High School,Married,2023-05-09 19:06:21.278127812
30.0,64200.0,Female,37400.0,London,High School,Widowed,2023-05-09 19:58:46.552655264
32.0,41000.0,Male,27700.0,Paris,Bachelor,Single,2023-05-09 20:51:11.827182718
35.0,37000.0,Male,21900.0,London,Master,Married,2023-05-09 21:43:37.101710170
68.0,59200.0,Male,46800.0,London,PhD,Single,2023-05-09 22:36:02.376237624
50.0,49500.0,Male,26400.0,Berlin,Master,Single,2023-05-09 23:28:27.650765076
,62500.0,,49600.0,Paris,High School,Married,2023-05-10 00:20:52.925292528
44.0,36400.0,Male,15500.0,Paris,Bachelor,Married,2023-05-10 01:13:18.199819982
40.0,23300.0,Male,15700.0,London,High School,Single,2023-05-10 02:05:43.474347434
44.0,42000.0,Male,24400.0,Madrid,High School,Single,2023-05-10 02:58:08.748874886
51.0,38500.0,Male,28100.0,Madrid,Bachelor,Single,2023-05-10 03:50:34.023402340
63.0,48800.0,Male,34900.0,London,High School,Single,2023-05-10 04:42:59.297929792
55.0,40400.0,Male,29100.0,Madrid,High School,Married,2023-05-10 05:35:24.572457246
31.0,61100.0,Male,26800.0,Berlin,High School,Single,2023-05-10 06:27:49.846984698
53.0,45700.0,Female,33300.0,Paris,PhD,Single,2023-05-10 07:20:15.121512150
25.0,52300.0,Male,25400.0,Paris,Bachelor,Married,2023-05-10 08:12:40.396039604
52.0,,Female,21500.0,Paris,High School,Married,2023-05-10 09:05:05.670567056
36.0,52900.0,Male,25800.0,Paris,Master,Married,2023-05-10 09:57:30.945094508
47.0,49600.0,Male,29300.0,London,Master,Single,2023-05-10 10:49:56.219621962
31.0,57700.0,Male,40200.0,London,Master,Single,2023-05-10 11:42:21.494149414
37.0,38100.0,Male,18600.0,London,Bachelor,Married,2023-05-10 12:34:46.768676868
66.0,71000.0,Male,31600.0,Paris,High School,Single,2023-05-10 13:27:12.043204320
42.0,46500.0,Male,30600.0,Berlin,High School,Married,2023-05-10 14:19:37.317731772
,30300.0,,24000.0,London,High School,Widowed,2023-05-10 15:12:02.592259226
41.0,52800.0,Male,33800.0,London,Master,Single,2023-05-10 16:04:27.866786678
31.0,37200.0,Male,25200.0,Rome,Bachelor,Married,2023-05-10 16:56:53.141314130
43.0,60000.0,Male,37500.0,Paris,High School,Single,2023-05-10 17:49:18.415841584
55.0,83100.0,Male,59200.0,Paris,Bachelor,Married,2023-05-10 18:41:43.690369036
40.0,38200.0,Female,30200.0,London,Bachelor,Single,2023-05-10 19:34:08.964896490
39.0,55000.0,Male,34000.0,Madrid,Master,Single,2023-05-10 20:26:34.239423942
65.0,23700.0,Female,13400.0,Paris,High School,Single,2023-05-10 21:18:59.513951394
36.0,56800.0,Male,42300.0,Berlin,Bachelor,Divorced,2023-05-10 22:11:24.788478848
63.0,36700.0,Female,28900.0,Madrid,High School,Married,2023-05-10 23:03:50.063006300
68.0,40600.0,Male,18300.0,London,High School,Single,2023-05-10 23:56:15.337533752
20.0,33500.0,Female,21100.0,Paris,Bachelor,Married,2023-05-11 00:48:40.612061206
59.0,61000.0,Male,43700.0,London,High School,Single,2023-05-11 01:41:05.886588658
36.0,65100.0,Male,39900.0,Paris,Bachelor,Single,2023-05-11 02:33:31.161116112
26.0,50400.0,Male,28400.0,Paris,High School,Married,2023-05-11 03:25:56.435643564
45.0,37000.0,Male,24500.0,Madrid,PhD,Single,2023-05-11 04:18:21.710171016
37.0,73800.0,Female,37500.0,London,Master,Married,2023-05-11 05:10:46.984698470
62.0,38700.0,Male,20900.0,Paris,High School,Married,2023-05-11 06:03:12.259225922
24.0,17600.0,Male,14000.0,Paris,Bachelor,Widowed,
31.0,56900.0,Male,37200.0,London,High School,,2023-05-11 07:48:02.808280828
26.0,33400.0,Male,25000.0,London,Bachelor,Single,2023-05-11 08:40:28.082808280
36.0,64800.0,Male,46900.0,London,High School,Married,2023-05-11 09:32:53.357335734
64.0,44300.0,Male,29300.0,Berlin,High School,Divorced,2023-05-11 10:25:18.631863186
69.0,59100.0,Male,43500.0,London,PhD,Widowed,2023-05-11 11:17:43.906390638
31.0,71000.0,Male,36600.0,Rome,High School,Single,2023-05-11 12:10:09.180918092
55.0,31900.0,Male,20900.0,Madrid,Bachelor,Divorced,2023-05-11 13:02:34.455445544
53.0,41500.0,Male,26400.0,Paris,High School,Single,2023-05-11 13:54:59.729972996
57.0,48900.0,Male,31700.0,Paris,Bachelor,Married,2023-05-11 14:47:25.004500450
34.0,73100.0,Male,34200.0,Paris,High School,Single,2023-05-11 15:39:50.279027902
,40100.0,,20500.0,Paris,High School,Divorced,2023-05-11 16:32:15.553555354
26.0,41100.0,Female,21200.0,Paris,High School,Single,2023-05-11 17:24:40.828082808
50.0,,Female,36700.0,London,High School,Married,2023-05-11 18:17:06.102610260
69.0,41300.0,Female,32600.0,Paris,Master,Married,2023-05-11 19:09:31.377137714
,52300.0,,40900.0,Paris,Master,Single,2023-05-11 20:01:56.651665166
31.0,26700.0,Female,13100.0,Paris,Master,Married,2023-05-11 20:54:21.926192618
,83200.0,,43400.0,Paris,High School,Married,2023-05-11 21:46:47.200720072
52.0,29800.0,Male,12300.0,London,High School,Married,2023-05-11 22:39:12.475247524
58.0,45200.0,Male,25300.0,Paris,Bachelor,Single,2023-05-11 23:31:37.749774976
31.0,,Female,36300.0,Madrid,PhD,Single,2023-05-12 00:24:03.024302430
47.0,78700.0,Female,60300.0,Paris,Bachelor,Single,2023-05-12 01:16:28.298829882
58.0,30100.0,Male,14900.0,Madrid,High School,Divorced,2023-05-12 02:08:53.573357336
21.0,79800.0,Male,40400.0,Paris,Master,Single,2023-05-12 03:01:18.847884788
21.0,61400.0,Male,30000.0,London,High School,Single,2023-05-12 03:53:44.122412240
45.0,56300.0,Female,30400.0,Paris,Master,Single,2023-05-12 04:46:09.396939694
25.0,35200.0,Female,25400.0,Berlin,PhD,Married,2023-05-12 05:38:34.671467146
19.0,58600.0,Male,38600.0,Paris,PhD,Single,
58.0,39100.0,Male,27900.0,Rome,High School,Single,2023-05-12 07:23:25.220522052
63.0,69000.0,Male,43700.0,Paris,Bachelor,,2023-05-12 08:15:50.495049504
39.0,35400.0,Female,17800.0,Paris,Bachelor,Married,2023-05-12 09:08:15.769576958
58.0,48300.0,Female,23700.0,London,High School,Divorced,2023-05-12 10:00:41.044104410
33.0,41700.0,Male,16800.0,Berlin,Bachelor,Single,2023-05-12 10:53:06.318631862
,35200.0,,25100.0,Rome,Bachelor,Married,2023-05-12 11:45:31.593159316
66.0,61100.0,Female,45100.0,London,High School,Single,2023-05-12 12:37:56.867686768
65.0,58000.0,Male,41000.0,Berlin,High School,,2023-05-12 13:30:22.142214220
47.0,,Female,29300.0,Berlin,High School,Single,
29.0,23300.0,Male,16400.0,London,PhD,Divorced,2023-05-12 15:15:12.691269126
52.0,66000.0,Female,27600.0,London,Master,Married,2023-05-12 16:07:37.965796580
28.0,87600.0,Female,38700.0,Paris,Bachelor,Single,2023-05-12 17:00:03.240324032
63.0,43200.0,Male,24900.0,London,High School,Single,2023-05-12 17:52:28.514851484
67.0,78400.0,Female,46300.0,Berlin,Bachelor,Married,2023-05-12 18:44:53.789378938
38.0,46100.0,Male,33500.0,London,High School,Single,2023-05-12 19:37:19.063906390
38.0,29400.0,Female,19800.0,Madrid,Bachelor,Single,2023-05-12 20:29:44.338433842
22.0,45400.0,Female,20900.0,Berlin,Bachelor,,
65.0,65700.0,Male,32200.0,Madrid,Master,Single,2023-05-12 22:14:34.887488748
37.0,37400.0,Male,19200.0,Paris,High School,Married,2023-05-12 23:07:00.162016202
54.0,41000.0,Male,18400.0,Paris,High School,Single,2023-05-12 23:59:25.436543654
20.0,58900.0,Female,30300.0,Paris,Master,Single,2023-05-13 00:51:50.711071106
61.0,50000.0,Female,34600.0,Rome,Master,Divorced,2023-05-13 01:44:15.985598560
50.0,58800.0,Male,29200.0,Paris,High School,Divorced,2023-05-13 02:36:41.260126012
,53600.0,,39400.0,Paris,High School,Married,2023-05-13 03:29:06.534653464
26.0,57200.0,Male,33600.0,Paris,High School,Single,2023-05-13 04:21:31.809180918
21.0,43500.0,Male,23000.0,Paris,Bachelor,Married,2023-05-13 05:13:57.083708370
52.0,53500.0,Male,30200.0,Paris,Master,Single,
34.0,36100.0,Male,24700.0,Paris,Bachelor,Married,2023-05-13 06:58:47.632763276
51.0,69300.0,Male,42000.0,Paris,High School,Married,2023-05-13 07:51:12.907290728
41.0,40500.0,Male,16300.0,Rome,Bachelor,Married,2023-05-13 08:43:38.181818182
49.0,66900.0,Male,51400.0,London,High School,Married,2023-05-13 09:36:03.456345634
18.0,46500.0,Female,19800.0,Berlin,High School,Married,2023-05-13 10:28:28.730873086
25.0,53000.0,Male,41100.0,London,High School,Single,2023-05-13 11:20:54.005400540
62.0,42600.0,Male,17500.0,Berlin,High School,Single,
40.0,34800.0,Male,24700.0,Madrid,Master,,2023-05-13 13:05:44.554455444
64.0,23800.0,Female,14600.0,Rome,High School,Single,2023-05-13 13:58:09.828982898
57.0,34200.0,Female,20600.0,Paris,Bachelor,Married,2023-05-13 14:50:35.103510350
29.0,45100.0,Female,19400.0,Madrid,Bachelor,Married,2023-05-13 15:43:00.378037804
29.0,53200.0,Female,26400.0,Paris,PhD,Single,2023-05-13 16:35:25.652565256
63.0,65200.0,Male,46400.0,Paris,Master,Single,2023-05-13 17:27:50.927092708
64.0,43300.0,Male,32800.0,Paris,Master,Divorced,2023-05-13 18:20:16.201620162
32.0,36800.0,Female,22500.0,London,High School,Single,2023-05-13 19:12:41.476147614
58.0,28400.0,Female,15400.0,London,High School,Divorced,2023-05-13 20:05:06.750675066
36.0,57200.0,Male,24300.0,Paris,Bachelor,Single,2023-05-13 20:57:32.025202520
43.0,70700.0,Female,47600.0,Berlin,High School,Married,2023-05-13 21:49:57.299729972
,69000.0,,35300.0,London,High School,Divorced,2023-05-13 22:42:22.574257426
46.0,60600.0,Female,25600.0,Paris,High School,Divorced,2023-05-13 23:34:47.848784878
39.0,59600.0,Female,39700.0,London,High School,Divorced,2023-05-14 00:27:13.123312330
57.0,75500.0,Male,44900.0,London,Bachelor,Divorced,2023-05-14 01:19:38.397839784
38.0,55000.0,Male,22300.0,Paris,Bachelor,Married,2023-05-14 02:12:03.672367236
68.0,59700.0,Male,26500.0,Paris,Bachelor,Married,2023-05-14 03:04:28.946894688
55.0,45200.0,Male,30700.0,Rome,High School,Married,2023-05-14 03:56:54.221422142
37.0,29600.0,Female,12600.0,Madrid,High School,Divorced,2023-05-14 04:49:19.495949594
46.0,39700.0,Male,29600.0,Paris,Bachelor,Married,2023-05-14 05:41:44.770477048
68.0,49900.0,Male,26200.0,London,PhD,Married,2023-05-14 06:34:10.045004500
21.0,50900.0,Male,22200.0,Paris,High School,Married,2023-05-14 07:26:35.319531952
24.0,78900.0,Female,55500.0,London,Bachelor,Married,2023-05-14 08:19:00.594059406
45.0,51200.0,Male,31200.0,London,High School,Divorced,2023-05-14 09:11:25.868586858
45.0,67700.0,Male,35400.0,Paris,High School,Single,2023-05-14 10:03:51.143114310
21.0,43500.0,Male,24500.0,Paris,High School,Single,2023-05-14 10:56:16.417641764
39.0,45300.0,Male,18500.0,Paris,Bachelor,Widowed,2023-05-14 11:48:41.692169216
29.0,30100.0,Female,20000.0,London,Bachelor,Married,2023-05-14 12:41:06.966696670
62.0,38900.0,Female,21300.0,Madrid,High School,,2023-05-14 13:33:32.241224122
20.0,57900.0,Male,39700.0,Rome,Bachelor,Divorced,2023-05-14 14:25:57.515751574
39.0,50100.0,Female,32600.0,Madrid,High School,Married,2023-05-14 15:18:22.790279028
61.0,64100.0,Male,42300.0,Rome,High School,Single,2023-05-14 16:10:48.064806480
19.0,52700.0,Female,37800.0,Paris,High School,Single,2023-05-14 17:03:13.339333932
41.0,44700.0,Male,29200.0,Berlin,Master,Married,2023-05-14 17:55:38.613861386
51.0,82200.0,Female,46600.0,Paris,High School,Married,2023-05-14 18:48:03.888388838
44.0,48600.0,Male,27000.0,Madrid,High School,Single,2023-05-14 19:40:29.162916292
58.0,67400.0,Male,30200.0,Berlin,High School,Married,
18.0,44000.0,Male,31300.0,London,Bachelor,Single,2023-05-14 21:25:19.711971196
25.0,60600.0,Male,42700.0,London,Bachelor,,2023-05-14 22:17:44.986498650
40.0,63900.0,Female,31900.0,Paris,Bachelor,Widowed,2023-05-14 23:10:10.261026102
55.0,53100.0,Male,39600.0,Paris,Bachelor,Married,2023-05-15 00:02:35.535553554
23.0,14700.0,Male,9300.0,Rome,High School,Single,2023-05-15 00:55:00.810081008
39.0,,Female,29800.0,Madrid,Master,Single,2023-05-15 01:47:26.084608460
42.0,68500.0,Male,27900.0,Paris,High School,Single,2023-05-15 02:39:51.359135914
35.0,57900.0,Female,32000.0,Paris,High School,Widowed,2023-05-15 03:32:16.633663366
34.0,56700.0,Male,37200.0,Paris,Bachelor,Single,2023-05-15 04:24:41.908190818
29.0,24200.0,Male,10500.0,Rome,Bachelor,Single,2023-05-15 05:17:07.182718272
23.0,,Female,22900.0,Madrid,High School,Married,2023-05-15 06:09:32.457245724
43.0,56200.0,Male,44800.0,London,PhD,Single,2023-05-15 07:01:57.731773176
44.0,56200.0,Male,38600.0,London,Bachelor,Married,2023-05-15 07:54:23.006300630
25.0,68200.0,Female,42200.0,Berlin,High School,Single,2023-05-15 08:46:48.280828082
36.0,47800.0,Male,29300.0,Paris,High School,Single,2023-05-15 09:39:13.555355534
59.0,56100.0,Female,23400.0,Madrid,High School,Widowed,2023-05-15 10:31:38.829882988
18.0,,Female,39300.0,London,PhD,Single,2023-05-15 11:24:04.104410440
46.0,35200.0,Male,27100.0,Paris,Bachelor,Married,2023-05-15 12:16:29.378937894
62.0,16200.0,Female,10900.0,Paris,Bachelor,Married,2023-05-15 13:08:54.653465346
66.0,56500.0,Male,24800.0,London,Bachelor,Single,2023-05-15 14:01:19.927992798
52.0,52600.0,Male,25400.0,Paris,Master,Single,2023-05-15 14:53:45.202520252
57.0,40700.0,Female,19300.0,London,Bachelor,Married,2023-05-15 15:46:10.477047704
31.0,25700.0,Female,15600.0,Madrid,High School,Married,2023-05-15 16:38:35.751575156
52.0,59400.0,Female,28700.0,Berlin,Bachelor,Single,2023-05-15 17:31:01.026102610
65.0,,Female,31200.0,London,Bachelor,Married,2023-05-15 18:23:26.300630062
62.0,58400.0,Male,36100.0,London,PhD,Divorced,2023-05-15 19:15:51.575157516
37.0,78000.0,Male,31800.0,Paris,Bachelor,Single,2023-05-15 20:08:16.849684968
66.0,17900.0,Male,12500.0,London,High School,Single,2023-05-15 21:00:42.124212420
30.0,39500.0,Male,18800.0,Paris,High School,Single,2023-05-15 21:53:07.398739874
55.0,46900.0,Male,34200.0,Madrid,High School,,2023-05-15 22:45:32.673267326
66.0,71800.0,Female,38900.0,Madrid,Bachelor,Divorced,2023-05-15 23:37:57.947794778
63.0,25500.0,Male,13700.0,Paris,High School,Divorced,2023-05-16 00:30:23.222322232
66.0,79000.0,Female,32000.0,Berlin,Bachelor,Single,
25.0,52000.0,Female,41300.0,Berlin,Master,Divorced,2023-05-16 02:15:13.771377138
60.0,48600.0,Male,31300.0,Rome,High School,Married,2023-05-16 03:07:39.045904590
37.0,47000.0,Male,26700.0,London,Bachelor,Married,2023-05-16 04:00:04.320432042
50.0,43500.0,Male,19100.0,Berlin,High School,Married,2023-05-16 04:52:29.594959496
43.0,65700.0,Male,44700.0,London,High School,Married,2023-05-16 05:44:54.869486948
56.0,34000.0,Female,17400.0,Paris,High School,Divorced,2023-05-16 06:37:20.144014400
38.0,55200.0,Male,43900.0,Paris,Bachelor,Married,2023-05-16 07:29:45.418541854
66.0,44200.0,Female,34500.0,Paris,PhD,Single,2023-05-16 08:22:10.693069306
59.0,38600.0,Female,26800.0,Paris,Bachelor,Married,
60.0,88800.0,Male,70000.0,Paris,High School,Married,2023-05-16 10:07:01.242124212
58.0,56300.0,Female,24900.0,Berlin,High School,Single,2023-05-16 10:59:26.516651664
26.0,59200.0,Male,30300.0,Berlin,Bachelor,Single,2023-05-16 11:51:51.791179118
41.0,67100.0,Male,33600.0,Rome,High School,Married,2023-05-16 12:44:17.065706570
54.0,28700.0,Male,12300.0,Paris,Bachelor,Single,2023-05-16 13:36:42.340234022
66.0,76300.0,Male,60200.0,Madrid,High School,Single,
58.0,12400.0,Male,5300.0,London,High School,Single,2023-05-16 15:21:32.889288928
34.0,38500.0,Female,28600.0,London,High School,Single,2023-05-16 16:13:58.163816382
,43100.0,,30500.0,London,Bachelor,Divorced,2023-05-16 17:06:23.438343834
38.0,58700.0,Male,32300.0,Berlin,High School,Married,2023-05-16 17:58:48.712871286
68.0,53300.0,Male,21700.0,Paris,High School,Single,2023-05-16 18:51:13.987398740
56.0,47500.0,Male,19100.0,Berlin,Bachelor,Single,2023-05-16 19:43:39.261926192
58.0,49800.0,Male,24000.0,Berlin,High School,Single,2023-05-16 20:36:04.536453644
56.0,35300.0,Male,21100.0,Rome,PhD,Single,2023-05-16 21:28:29.810981098
30.0,27500.0,Male,16000.0,Madrid,High School,Single,2023-05-16 22:20:55.085508550
28.0,60900.0,Male,38600.0,London,High School,Divorced,2023-05-16 23:13:20.360036004
63.0,60400.0,Male,42800.0,Berlin,Bachelor,Divorced,2023-05-17 00:05:45.634563456
36.0,73800.0,Female,40700.0,Madrid,High School,Divorced,2023-05-17 00:58:10.909090908
28.0,38100.0,Male,17700.0,Rome,High School,Married,2023-05-17 01:50:36.183618362
30.0,60400.0,Female,43500.0,Berlin,High School,Married,2023-05-17 02:43:01.458145814
63.0,45700.0,Male,24400.0,Berlin,Master,Married,2023-05-17 03:35:26.732673266
62.0,67900.0,Male,35000.0,Paris,High School,Widowed,2023-05-17 04:27:52.007200720
18.0,65300.0,Male,46100.0,Berlin,Bachelor,Married,2023-05-17 05:20:17.281728172
57.0,53200.0,Male,41200.0,Paris,Master,,2023-05-17 06:12:42.556255624
61.0,44900.0,Male,34400.0,London,Master,Married,2023-05-17 07:05:07.830783078
36.0,64400.0,Female,29300.0,London,Bachelor,Single,2023-05-17 07:57:33.105310530
29.0,59700.0,Male,35900.0,Paris,PhD,Widowed,2023-05-17 08:49:58.379837984
25.0,39700.0,Female,17400.0,Paris,Bachelor,Single,2023-05-17 09:42:23.654365436
25.0,30100.0,Male,23600.0,Madrid,High School,Married,2023-05-17 10:34:48.928892888
62.0,45700.0,Male,22200.0,Berlin,Master,Single,2023-05-17 11:27:14.203420342
29.0,72700.0,Male,34800.0,London,High School,Divorced,2023-05-17 12:19:39.477947794
65.0,67200.0,Male,50800.0,London,High School,Widowed,2023-05-17 13:12:04.752475246
50.0,33300.0,Female,26200.0,Rome,Bachelor,,2023-05-17 14:04:30.027002700
62.0,32500.0,Female,22100.0,Paris,Bachelor,Divorced,2023-05-17 14:56:55.301530152
43.0,69100.0,Female,31000.0,London,Master,Single,2023-05-17 15:49:20.576057606
56.0,33000.0,Male,19600.0,London,Master,Single,2023-05-17 16:41:45.850585058
45.0,57600.0,Male,41900.0,Madrid,High School,Single,2023-05-17 17:34:11.125112510
22.0,40800.0,Female,25700.0,Paris,High School,Single,2023-05-17 18:26:36.399639964
25.0,74300.0,Male,,Rome,Bachelor,Married,2023-05-17 19:19:01.674167416
42.0,,Female,18000.0,Paris,Bachelor,Married,2023-05-17 20:11:26.948694868
44.0,67200.0,Male,50100.0,Paris,High School,Single,2023-05-17 21:03:52.223222322
63.0,52800.0,Female,32300.0,Paris,High School,Single,2023-05-17 21:56:17.497749774
40.0,53800.0,Female,36700.0,London,High School,Single,2023-05-17 22:48:42.772277228
47.0,,Female,11200.0,London,Bachelor,Single,2023-05-17 23:41:08.046804680
62.0,17000.0,Male,10400.0,London,High School,Single,2023-05-18 00:33:33.321332132
64.0,46700.0,Male,36900.0,Paris,High School,Single,2023-05-18 01:25:58.595859586
40.0,53700.0,Male,28600.0,London,Bachelor,Single,2023-05-18 02:18:23.870387038
66.0,33100.0,Female,22200.0,Berlin,High School,Divorced,2023-05-18 03:10:49.144914490
64.0,,Female,15800.0,Berlin,High School,Single,2023-05-18 04:03:14.419441944
,58400.0,,26200.0,Berlin,Master,Divorced,2023-05-18 04:55:39.693969396
35.0,58400.0,Male,41700.0,Rome,Bachelor,Single,2023-05-18 05:48:04.968496850
35.0,47900.0,Male,35300.0,London,High School,Married,2023-05-18 06:40:30.243024302
19.0,61700.0,Female,41200.0,Paris,Master,Married,2023-05-18 07:32:55.517551754
21.0,32400.0,Male,15000.0,Paris,High School,Single,2023-05-18 08:25:20.792079208
47.0,44700.0,Male,22200.0,Paris,Bachelor,Widowed,2023-05-18 09:17:46.066606660
50.0,74700.0,Male,57100.0,London,High School,Single,2023-05-18 10:10:11.341134112
53.0,51000.0,Male,26300.0,Madrid,Bachelor,Married,
35.0,51900.0,Female,37800.0,Berlin,High School,Single,2023-05-18 11:55:01.890189018
54.0,84600.0,Male,43500.0,Paris,High School,Single,2023-05-18 12:47:27.164716472
36.0,29000.0,Male,22500.0,London,Bachelor,Single,2023-05-18 13:39:52.439243924
64.0,61900.0,Male,47400.0,London,Bachelor,Divorced,2023-05-18 14:32:17.713771376
45.0,75000.0,Male,31300.0,Rome,Bachelor,Single,2023-05-18 15:24:42.988298830
57.0,45100.0,Male,31900.0,Paris,Bachelor,Married,2023-05-18 16:17:08.262826282
37.0,62900.0,Male,29400.0,London,High School,Widowed,2023-05-18 17:09:33.537353734
66.0,35300.0,Male,17200.0,Rome,Bachelor,,2023-05-18 18:01:58.811881188
50.0,39700.0,Male,23200.0,Rome,Bachelor,Single,2023-05-18 18:54:24.086408640
29.0,55800.0,Female,35200.0,Paris,High School,Widowed,2023-05-18 19:46:49.360936094
68.0,62000.0,Female,32900.0,Paris,Master,,2023-05-18 20:39:14.635463546
32.0,66800.0,Female,42100.0,London,Master,Divorced,2023-05-18 21:31:39.909990998
58.0,73500.0,Female,34400.0,Madrid,PhD,Single,2023-05-18 22:24:05.184518452
56.0,49000.0,Male,20000.0,Paris,Bachelor,Married,2023-05-18 23:16:30.459045904
19.0,67900.0,Male,42700.0,Madrid,Bachelor,Single,2023-05-19 00:08:55.733573356
46.0,44900.0,Female,27300.0,Paris,Master,Divorced,2023-05-19 01:01:21.008100810
58.0,63500.0,Male,42900.0,London,High School,Divorced,2023-05-19 01:53:46.282628262
27.0,53100.0,Male,35000.0,Berlin,Master,Single,2023-05-19 02:46:11.557155714
,56700.0,,43000.0,Paris,High School,Single,
68.0,56400.0,Male,32900.0,Paris,High School,Single,2023-05-19 04:31:02.106210620
28.0,25900.0,Male,10400.0,London,High School,,2023-05-19 05:23:27.380738074
30.0,33100.0,Male,21600.0,Berlin,Bachelor,Single,2023-05-19 06:15:52.655265526
27.0,51500.0,Male,34500.0,Paris,High School,Married,2023-05-19 07:08:17.929792978
31.0,24700.0,Female,15000.0,London,High School,Single,2023-05-19 08:00:43.204320432
35.0,62500.0,Male,42200.0,London,Bachelor,Divorced,2023-05-19 08:53:08.478847884
68.0,,Female,33400.0,London,High School,Single,2023-05-19 09:45:33.753375336
26.0,54900.0,Male,25200.0,Madrid,Master,Single,2023-05-19 10:37:59.027902790
56.0,33200.0,Male,22100.0,London,High School,Single,2023-05-19 11:30:24.302430242
45.0,70700.0,Male,35200.0,London,High School,Single,2023-05-19 12:22:49.576957696
20.0,80600.0,Male,47000.0,London,High School,Single,2023-05-19 13:15:14.851485148
37.0,52200.0,Male,31100.0,Berlin,Bachelor,Married,2023-05-19 14:07:40.126012600
23.0,57700.0,Male,34100.0,Paris,High School,,2023-05-19 15:00:05.400540054
44.0,,Female,33900.0,Madrid,High School,Single,2023-05-19 15:52:30.675067506
19.0,58000.0,Female,23900.0,Paris,High School,Married,2023-05-19 16:44:55.949594958
46.0,48200.0,Male,38400.0,London,Master,Single,2023-05-19 17:37:21.224122412
55.0,49500.0,Male,34000.0,London,High School,Married,2023-05-19 18:29:46.498649864
20.0,63600.0,Male,36300.0,Paris,Bachelor,Single,2023-05-19 19:22:11.773177318
33.0,85200.0,Male,40600.0,Paris,High School,Single,2023-05-19 20:14:37.047704770
47.0,29000.0,Male,12500.0,Paris,High School,Married,2023-05-19 21:07:02.322232222
57.0,48400.0,Female,32400.0,Paris,High School,Divorced,2023-05-19 21:59:27.596759676
19.0,32300.0,Male,17000.0,Madrid,High School,Single,2023-05-19 22:51:52.871287128
34.0,,Female,36300.0,Madrid,High School,Single,2023-05-19 23:44:18.145814580
58.0,41200.0,Male,22700.0,Paris,Master,Divorced,2023-05-20 00:36:43.420342034
29.0,28400.0,Female,18100.0,Paris,Master,Married,2023-05-20 01:29:08.694869486
52.0,59600.0,Male,39900.0,Madrid,Bachelor,Married,2023-05-20 02:21:33.969396940
60.0,76200.0,Female,50100.0,Paris,High School,Single,2023-05-20 03:13:59.243924392
18.0,60000.0,Female,44700.0,Rome,Master,Divorced,2023-05-20 04:06:24.518451844
62.0,53100.0,Male,25900.0,Paris,Bachelor,Single,2023-05-20 04:58:49.792979298
32.0,56100.0,Male,36700.0,Berlin,Bachelor,Divorced,2023-05-20 05:51:15.067506750
43.0,71200.0,Female,,London,High School,Single,2023-05-20 06:43:40.342034202
54.0,36900.0,Female,22800.0,Paris,Bachelor,Divorced,2023-05-20 07:36:05.616561656
38.0,48300.0,Male,30600.0,Paris,Master,Married,2023-05-20 08:28:30.891089108
66.0,43200.0,Male,21000.0,London,Bachelor,Married,2023-05-20 09:20:56.165616562
48.0,32500.0,Male,18100.0,Paris,Bachelor,Single,2023-05-20 10:13:21.440144014
42.0,45100.0,Male,33000.0,London,Bachelor,Married,2023-05-20 11:05:46.714671466
40.0,66600.0,Male,30600.0,Paris,Bachelor,,2023-05-20 11:58:11.989198920
41.0,58500.0,Male,33600.0,London,Master,Married,2023-05-20 12:50:37.263726372
55.0,59700.0,Male,46200.0,London,Bachelor,Married,2023-05-20 13:43:02.538253824
45.0,52200.0,Female,31400.0,London,Master,Single,2023-05-20 14:35:27.812781278
,57800.0,,39900.0,Paris,Master,Single,2023-05-20 15:27:53.087308730
60.0,38000.0,Male,27800.0,London,Bachelor,Divorced,2023-05-20 16:20:18.361836184
35.0,45400.0,Female,21900.0,London,High School,Divorced,2023-05-20 17:12:43.636363636
53.0,52900.0,Male,25800.0,Rome,High School,Single,2023-05-20 18:05:08.910891088
52.0,54200.0,Male,38100.0,Berlin,Master,Married,2023-05-20 18:57:34.185418542
62.0,,Female,38400.0,Paris,High School,Single,2023-05-20 19:49:59.459945994
,47900.0,,20300.0,Paris,High School,Divorced,2023-05-20 20:42:24.734473446
55.0,44300.0,Male,23400.0,Paris,High School,Single,2023-05-20 21:34:50.009000900
47.0,97400.0,Male,54500.0,Paris,High School,Widowed,2023-05-20 22:27:15.283528352
61.0,63600.0,Male,46500.0,Paris,Bachelor,,2023-05-20 23:19:40.558055804
51.0,56200.0,Female,32000.0,Paris,Bachelor,Single,2023-05-21 00:12:05.832583258
49.0,46500.0,Female,35800.0,Paris,High School,Divorced,2023-05-21 01:04:31.107110710
20.0,43200.0,Female,34500.0,Paris,Bachelor,Married,2023-05-21 01:56:56.381638164
20.0,48000.0,Female,34200.0,Paris,Bachelor,,2023-05-21 02:49:21.656165616
45.0,,Female,36300.0,Paris,Bachelor,Single,2023-05-21 03:41:46.930693068
61.0,21800.0,Female,12100.0,Paris,High School,Single,2023-05-21 04:34:12.205220522
32.0,26500.0,Male,11300.0,London,Master,Divorced,2023-05-21 05:26:37.479747974
58.0,,Female,25400.0,Paris,High School,Married,2023-05-21 06:19:02.754275426
40.0,53100.0,Male,28900.0,Paris,High School,Single,2023-05-21 07:11:28.028802880
57.0,46400.0,Female,25100.0,Paris,Bachelor,Single,2023-05-21 08:03:53.303330332
28.0,72200.0,Male,,London,Master,Married,2023-05-21 08:56:18.577857786
65.0,27800.0,Female,16300.0,Berlin,Bachelor,Single,2023-05-21 09:48:43.852385238
49.0,38700.0,Female,27100.0,Paris,Bachelor,Single,2023-05-21 10:41:09.126912690
53.0,72800.0,Female,40700.0,London,High School,Single,2023-05-21 11:33:34.401440144
50.0,52000.0,Female,23900.0,London,High School,Married,2023-05-21 12:25:59.675967596
41.0,63300.0,Male,37000.0,London,High School,Single,2023-05-21 13:18:24.950495048
56.0,80800.0,Male,63100.0,Madrid,High School,Single,2023-05-21 14:10:50.225022502
,39600.0,,28500.0,Madrid,High School,,2023-05-21 15:03:15.499549954
,48500.0,,23400.0,Paris,Bachelor,Married,2023-05-21 15:55:40.774077408
,45900.0,,25500.0,Paris,High School,Married,2023-05-21 16:48:06.048604860
24.0,20700.0,Male,16000.0,London,Master,,2023-05-21 17:40:31.323132312
21.0,45300.0,Male,20400.0,Rome,PhD,,2023-05-21 18:32:56.597659766
54.0,,Female,31700.0,Berlin,High School,Married,2023-05-21 19:25:21.872187218
18.0,58100.0,Female,29300.0,Paris,High School,,2023-05-21 20:17:47.146714670
18.0,59300.0,Male,37300.0,Paris,High School,Single,2023-05-21 21:10:12.421242124
64.0,44400.0,Male,25100.0,Berlin,Bachelor,Single,2023-05-21 22:02:37.695769576
37.0,40200.0,Male,17400.0,London,Bachelor,Single,2023-05-21 22:55:02.970297030
36.0,69000.0,Male,45000.0,London,High School,Single,2023-05-21 23:47:28.244824482
46.0,42500.0,Male,18700.0,London,High School,Married,2023-05-22 00:39:53.519351934
27.0,54400.0,Male,35000.0,Paris,Bachelor,Divorced,2023-05-22 01:32:18.793879388
35.0,52500.0,Male,31600.0,Madrid,Bachelor,Single,2023-05-22 02:24:44.068406840
45.0,71900.0,Male,43000.0,Madrid,Bachelor,Married,2023-05-22 03:17:09.342934292
52.0,64600.0,Male,27600.0,London,Master,Single,2023-05-22 04:09:34.617461746
60.0,30600.0,Male,20100.0,London,Bachelor,Married,2023-05-22 05:01:59.891989198
64.0,32200.0,Female,18400.0,London,High School,Single,2023-05-22 05:54:25.166516652
48.0,58700.0,Female,33100.0,Paris,Bachelor,Single,2023-05-22 06:46:50.441044104
44.0,49000.0,Male,31300.0,Paris,High School,Single,2023-05-22 07:39:15.715571556
28.0,43200.0,Male,27800.0,Paris,Bachelor,Divorced,2023-05-22 08:31:40.990099010
66.0,65200.0,Male,26500.0,Madrid,Master,Single,2023-05-22 09:24:06.264626462
66.0,52800.0,Male,23800.0,Paris,High School,Married,2023-05-22 10:16:31.539153914
55.0,50800.0,Male,25100.0,Paris,High School,Divorced,2023-05-22 11:08:56.813681368
22.0,61700.0,Male,41400.0,London,High School,Married,2023-05-22 12:01:22.088208820
25.0,44400.0,Male,28000.0,Paris,High School,Single,2023-05-22 12:53:47.362736274
51.0,73500.0,Male,51700.0,Paris,Bachelor,Single,2023-05-22 13:46:12.637263726
65.0,38200.0,Female,26600.0,London,Bachelor,Married,2023-05-22 14:38:37.911791178
69.0,59900.0,Male,44400.0,London,High School,Single,2023-05-22 15:31:03.186318632
29.0,71500.0,Male,39400.0,London,High School,Married,2023-05-22 16:23:28.460846084
55.0,29300.0,Male,15800.0,London,Bachelor,Married,2023-05-22 17:15:53.735373536
18.0,44800.0,Male,32800.0,London,High School,Married,2023-05-22 18:08:19.009900990
48.0,67100.0,Female,33200.0,London,Bachelor,Widowed,2023-05-22 19:00:44.284428442
21.0,67400.0,Male,39400.0,London,Bachelor,Married,2023-05-22 19:53:09.558955894
66.0,47400.0,Male,22600.0,Paris,Bachelor,Married,2023-05-22 20:45:34.833483348
62.0,39000.0,Male,29900.0,London,Bachelor,Married,2023-05-22 21:38:00.108010800
67.0,64300.0,Male,36200.0,Paris,Bachelor,Married,2023-05-22 22:30:25.382538254
22.0,67800.0,Male,32900.0,Paris,High School,Married,2023-05-22 23:22:50.657065706
47.0,32500.0,Male,22000.0,Paris,Bachelor,Single,2023-05-23 00:15:15.931593158
41.0,31900.0,Female,15900.0,Paris,Bachelor,Married,2023-05-23 01:07:41.206120612
20.0,53400.0,Male,41500.0,London,Bachelor,Single,2023-05-23 02:00:06.480648064
28.0,59400.0,Male,32500.0,London,High School,Single,2023-05-23 02:52:31.755175516
62.0,45500.0,Male,30300.0,Paris,High School,Divorced,2023-05-23 03:44:57.029702970
21.0,60200.0,Female,32400.0,Rome,Master,Single,2023-05-23 04:37:22.304230422
43.0,39300.0,Female,28400.0,London,High School,Single,2023-05-23 05:29:47.578757876
44.0,18300.0,Female,13900.0,Madrid,Bachelor,,2023-05-23 06:22:12.853285328
63.0,43600.0,Female,31200.0,London,Bachelor,Single,2023-05-23 07:14:38.127812780
60.0,,Female,37600.0,Paris,Bachelor,Single,2023-05-23 08:07:03.402340234
44.0,45900.0,Male,20200.0,Rome,High School,Single,2023-05-23 08:59:28.676867686
59.0,32600.0,Female,25100.0,Madrid,High School,Married,2023-05-23 09:51:53.951395138
68.0,,Female,14800.0,London,High School,Divorced,
67.0,42300.0,Male,31600.0,Paris,High School,Single,2023-05-23 11:36:44.500450044
23.0,63500.0,Male,42800.0,Paris,Master,Married,2023-05-23 12:29:09.774977498
32.0,,Female,33100.0,Berlin,High School,Single,2023-05-23 13:21:35.049504950
47.0,67800.0,Female,43700.0,Paris,Bachelor,Single,2023-05-23 14:14:00.324032402
59.0,37800.0,Female,16500.0,London,High School,Widowed,2023-05-23 15:06:25.598559856
54.0,32700.0,Female,22200.0,London,Master,Single,2023-05-23 15:58:50.873087308
54.0,57400.0,Female,32400.0,Paris,High School,Single,2023-05-23 16:51:16.147614760
59.0,59500.0,Male,27400.0,Berlin,High School,Single,2023-05-23 17:43:41.422142214
54.0,56000.0,Male,44300.0,Berlin,Bachelor,Widowed,2023-05-23 18:36:06.696669666
52.0,19800.0,Male,15100.0,Paris,Bachelor,Single,2023-05-23 19:28:31.971197120
40.0,37000.0,Male,28000.0,London,High School,Single,2023-05-23 20:20:57.245724572
23.0,49600.0,Male,35500.0,Berlin,High School,Married,2023-05-23 21:13:22.520252024
21.0,57300.0,Male,38800.0,London,High School,Single,2023-05-23 22:05:47.794779478
35.0,61500.0,Male,40700.0,London,Bachelor,Single,
26.0,52200.0,Female,23100.0,London,Master,Single,2023-05-23 23:50:38.343834382
66.0,55000.0,Male,41800.0,Paris,High School,Married,2023-05-24 00:43:03.618361836
46.0,51300.0,Female,38600.0,Rome,Bachelor,Married,2023-05-24 01:35:28.892889288
30.0,60300.0,Female,42200.0,London,High School,Married,2023-05-24 02:27:54.167416742
64.0,54700.0,Male,42200.0,Paris,High School,Single,2023-05-24 03:20:19.441944194
69.0,51000.0,Male,31700.0,Berlin,High School,,2023-05-24 04:12:44.716471646
34.0,46000.0,Female,26600.0,London,Bachelor,Married,2023-05-24 05:05:09.990999100
62.0,51200.0,Female,40300.0,Paris,High School,Single,2023-05-24 05:57:35.265526552
49.0,57300.0,Male,33600.0,Madrid,Bachelor,Married,2023-05-24 06:50:00.540054004
65.0,54000.0,Male,35500.0,Paris,High School,Married,2023-05-24 07:42:25.814581458
39.0,55700.0,Male,30600.0,London,Bachelor,Widowed,2023-05-24 08:34:51.089108910
21.0,70100.0,Male,45900.0,London,Bachelor,Married,2023-05-24 09:27:16.363636364
22.0,54000.0,Male,37200.0,Paris,High School,Divorced,2023-05-24 10:19:41.638163816
54.0,40300.0,Male,26200.0,Berlin,Bachelor,Married,2023-05-24 11:12:06.912691268
58.0,63300.0,Male,38300.0,London,High School,Divorced,2023-05-24 12:04:32.187218722
66.0,,Female,15300.0,Berlin,High School,Married,2023-05-24 12:56:57.461746174
30.0,33800.0,Male,22200.0,London,High School,Single,2023-05-24 13:49:22.736273626
,55000.0,,42000.0,Madrid,High School,Single,2023-05-24 14:41:48.010801080
62.0,57700.0,Female,23200.0,Paris,High School,Married,2023-05-24 15:34:13.285328532
39.0,31300.0,Female,14200.0,London,High School,Married,2023-05-24 16:26:38.559855984
40.0,44300.0,Male,19800.0,Madrid,High School,Single,2023-05-24 17:19:03.834383438
68.0,40900.0,Male,31500.0,Paris,High School,Married,2023-05-24 18:11:29.108910890
20.0,,Female,28400.0,Paris,Master,Divorced,2023-05-24 19:03:54.383438344
59.0,64200.0,Female,50100.0,Rome,Bachelor,,2023-05-24 19:56:19.657965796
51.0,60600.0,Male,38400.0,Rome,High School,Married,2023-05-24 20:48:44.932493248
49.0,49700.0,Male,29100.0,Berlin,Bachelor,Married,2023-05-24 21:41:10.207020702
62.0,41800.0,Female,30000.0,London,Bachelor,Single,2023-05-24 22:33:35.481548154
68.0,29800.0,Male,13800.0,London,High School,Single,2023-05-24 23:26:00.756075606
66.0,71300.0,Male,39400.0,Paris,High School,Divorced,2023-05-25 00:18:26.030603060
38.0,58900.0,Female,34500.0,London,Master,Divorced,2023-05-25 01:10:51.305130512
63.0,39400.0,Male,20500.0,London,Bachelor,Divorced,2023-05-25 02:03:16.579657966
61.0,60800.0,Male,33300.0,Paris,Bachelor,Single,2023-05-25 02:55:41.854185418
38.0,48900.0,Female,21100.0,London,Bachelor,Single,2023-05-25 03:48:07.128712870
61.0,45700.0,Male,21900.0,London,Bachelor,Divorced,2023-05-25 04:40:32.403240324
28.0,56500.0,Male,30200.0,London,Bachelor,Divorced,2023-05-25 05:32:57.677767776
,38900.0,,27900.0,London,Bachelor,Married,2023-05-25 06:25:22.952295228
21.0,44800.0,Male,21200.0,Madrid,Bachelor,Single,2023-05-25 07:17:48.226822682
68.0,51800.0,Female,27900.0,Paris,High School,Married,2023-05-25 08:10:13.501350134
18.0,42500.0,Male,18100.0,London,Bachelor,Married,2023-05-25 09:02:38.775877588
45.0,60000.0,Male,37400.0,London,Bachelor,Married,2023-05-25 09:55:04.050405040
41.0,78000.0,Male,50300.0,Paris,High School,Married,2023-05-25 10:47:29.324932492
52.0,38700.0,Male,28900.0,Paris,High School,,2023-05-25 11:39:54.599459946
30.0,25000.0,Male,18200.0,London,Master,Married,2023-05-25 12:32:19.873987398
64.0,20000.0,Male,10300.0,London,PhD,Single,2023-05-25 13:24:45.148514850
51.0,47700.0,Male,21700.0,Madrid,Bachelor,Single,2023-05-25 14:17:10.423042304
28.0,40100.0,Male,18500.0,London,High School,Married,2023-05-25 15:09:35.697569756
53.0,53100.0,Male,41800.0,Paris,High School,,2023-05-25 16:02:00.972097210
68.0,52000.0,Female,34800.0,London,High School,Divorced,2023-05-25 16:54:26.246624662
34.0,26000.0,Male,10800.0,Berlin,Bachelor,Married,2023-05-25 17:46:51.521152114
52.0,22800.0,Male,10400.0,London,Bachelor,,2023-05-25 18:39:16.795679568
35.0,54400.0,Male,32300.0,Madrid,Master,Single,2023-05-25 19:31:42.070207020
57.0,52000.0,Female,25100.0,Berlin,Master,Single,2023-05-25 20:24:07.344734472
39.0,43600.0,Male,31500.0,Paris,High School,Single,
41.0,25100.0,Female,15800.0,Paris,High School,,2023-05-25 22:08:57.893789378
36.0,57100.0,Male,36800.0,London,Master,Single,2023-05-25 23:01:23.168316832
54.0,69100.0,Female,40400.0,Paris,Master,Single,2023-05-25 23:53:48.442844284
56.0,54200.0,Male,27200.0,London,High School,Single,2023-05-26 00:46:13.717371736
38.0,37300.0,Female,23700.0,Berlin,High School,Married,2023-05-26 01:38:38.991899190
25.0,50700.0,Female,34800.0,London,Bachelor,Married,
45.0,29500.0,Male,16200.0,London,Bachelor,Single,2023-05-26 03:23:29.540954094
22.0,65900.0,Male,39700.0,London,High School,Single,2023-05-26 04:15:54.815481548
34.0,51200.0,Male,37700.0,Paris,High School,Divorced,2023-05-26 05:08:20.090009000
54.0,23500.0,Male,10800.0,Berlin,Bachelor,Single,2023-05-26 06:00:45.364536454
,45500.0,,28100.0,London,High School,Single,2023-05-26 06:53:10.639063906
36.0,56900.0,Male,30700.0,London,PhD,Single,2023-05-26 07:45:35.913591358
44.0,45000.0,Male,30700.0,Paris,High School,Single,2023-05-26 08:38:01.188118812
51.0,45900.0,Male,18700.0,Berlin,Bachelor,Single,2023-05-26 09:30:26.462646264
28.0,31600.0,Male,21100.0,London,Bachelor,Married,2023-05-26 10:22:51.737173716
,58500.0,,25800.0,Paris,High School,Widowed,2023-05-26 11:15:17.011701170
64.0,40300.0,Female,17200.0,Madrid,High School,Single,2023-05-26 12:07:42.286228622
29.0,17700.0,Male,12200.0,Berlin,Bachelor,Married,2023-05-26 13:00:07.560756074
38.0,44400.0,Female,29100.0,London,High School,Divorced,2023-05-26 13:52:32.835283528
28.0,64700.0,Female,49000.0,London,High School,,2023-05-26 14:44:58.109810980
56.0,44200.0,Male,26900.0,Rome,High School,Single,2023-05-26 15:37:23.384338434
45.0,76100.0,Female,46600.0,Berlin,High School,Single,2023-05-26 16:29:48.658865886
22.0,56400.0,Male,38500.0,London,Master,Divorced,2023-05-26 17:22:13.933393338
34.0,55100.0,Male,29200.0,London,Bachelor,Single,2023-05-26 18:14:39.207920792
37.0,48100.0,Male,20000.0,Paris,High School,Single,2023-05-26 19:07:04.482448244
58.0,49000.0,Female,24100.0,Paris,Master,Married,2023-05-26 19:59:29.756975696
63.0,46000.0,Male,22800.0,Paris,High School,Married,2023-05-26 20:51:55.031503150
29.0,45500.0,Male,24300.0,Paris,High School,Single,2023-05-26 21:44:20.306030602
,58000.0,,45100.0,Berlin,High School,Married,2023-05-26 22:36:45.580558056
34.0,36000.0,Male,26000.0,Paris,Bachelor,Married,2023-05-26 23:29:10.855085508
68.0,33900.0,Female,26300.0,Berlin,Bachelor,Married,2023-05-27 00:21:36.129612960
36.0,33200.0,Male,26500.0,London,High School,Single,2023-05-27 01:14:01.404140414
43.0,80700.0,Male,46300.0,Paris,High School,Married,2023-05-27 02:06:26.678667866
65.0,58000.0,Male,28500.0,Paris,Bachelor,,2023-05-27 02:58:51.953195318
61.0,54600.0,Male,34100.0,London,Bachelor,Widowed,2023-05-27 03:51:17.227722772
61.0,34100.0,Male,25700.0,Paris,Master,Single,2023-05-27 04:43:42.502250224
69.0,59400.0,Male,34800.0,London,High School,Single,2023-05-27 05:36:07.776777678
49.0,48300.0,Male,29100.0,Berlin,Bachelor,Single,2023-05-27 06:28:33.051305130
23.0,53200.0,Male,24100.0,London,Bachelor,,2023-05-27 07:20:58.325832582
,35400.0,,20100.0,Berlin,Bachelor,Married,2023-05-27 08:13:23.600360036
55.0,52400.0,Male,29100.0,Berlin,High School,Single,2023-05-27 09:05:48.874887488
28.0,43600.0,Female,23600.0,Berlin,High School,Divorced,2023-05-27 09:58:14.149414940
50.0,38500.0,Male,29100.0,Paris,Bachelor,Divorced,2023-05-27 10:50:39.423942394
41.0,61000.0,Female,25800.0,Rome,Bachelor,Single,2023-05-27 11:43:04.698469846
40.0,26900.0,Male,21200.0,London,High School,Married,2023-05-27 12:35:29.972997300
,58500.0,,23600.0,Berlin,High School,Divorced,2023-05-27 13:27:55.247524752
44.0,60300.0,Male,46900.0,London,High School,Single,2023-05-27 14:20:20.522052204
28.0,36800.0,Male,22800.0,London,High School,Single,2023-05-27 15:12:45.796579658
68.0,37700.0,Male,25700.0,Rome,High School,Married,2023-05-27 16:05:11.071107110
67.0,46700.0,Female,22200.0,Paris,High School,,2023-05-27 16:57:36.345634562
34.0,54200.0,Male,35900.0,London,High School,Single,2023-05-27 17:50:01.620162016
68.0,47700.0,Male,35900.0,Paris,High School,Single,2023-05-27 18:42:26.894689468
31.0,56500.0,Male,25800.0,Paris,Bachelor,,2023-05-27 19:34:52.169216922
44.0,76400.0,Female,34400.0,Berlin,High School,Single,2023-05-27 20:27:17.443744374
35.0,42400.0,Female,22100.0,Paris,Bachelor,Divorced,2023-05-27 21:19:42.718271826
45.0,24300.0,Male,11300.0,Madrid,High School,Single,2023-05-27 22:12:07.992799280
68.0,62400.0,Male,27700.0,London,High School,Married,2023-05-27 23:04:33.267326732
64.0,75200.0,Male,,London,Bachelor,Married,2023-05-27 23:56:58.541854184
64.0,55900.0,Female,27100.0,Paris,Bachelor,,2023-05-28 00:49:23.816381638
21.0,33700.0,Female,22500.0,Paris,Bachelor,Single,2023-05-28 01:41:49.090909090
24.0,,Female,35800.0,Madrid,High School,Single,2023-05-28 02:34:14.365436544
62.0,33200.0,Male,21900.0,Berlin,Bachelor,Married,2023-05-28 03:26:39.639963996
52.0,59600.0,Male,26700.0,Paris,High School,Single,2023-05-28 04:19:04.914491448
65.0,29700.0,Female,18700.0,Paris,Bachelor,Single,2023-05-28 05:11:30.189018902
26.0,45500.0,Female,25400.0,Paris,High School,Single,2023-05-28 06:03:55.463546354
25.0,34900.0,Female,18800.0,Paris,Bachelor,Single,2023-05-28 06:56:20.738073806
69.0,51900.0,Male,27400.0,Berlin,Bachelor,Married,2023-05-28 07:48:46.012601260
62.0,44500.0,Male,34300.0,Berlin,Bachelor,Single,2023-05-28 08:41:11.287128712
34.0,52700.0,Male,36700.0,London,PhD,Single,2023-05-28 09:33:36.561656164
34.0,50300.0,Female,22800.0,Madrid,Master,Single,2023-05-28 10:26:01.836183618
66.0,35200.0,Male,20800.0,Paris,Bachelor,Married,
50.0,59400.0,Male,31300.0,London,Master,Single,2023-05-28 12:10:52.385238524
49.0,49300.0,Male,39000.0,Berlin,High School,Single,2023-05-28 13:03:17.659765976
25.0,35200.0,Male,27900.0,Paris,High School,Married,2023-05-28 13:55:42.934293428
36.0,83600.0,Male,44100.0,Paris,Bachelor,Divorced,2023-05-28 14:48:08.208820882
55.0,57100.0,Male,30900.0,London,PhD,Single,2023-05-28 15:40:33.483348334
20.0,47700.0,Male,30500.0,Paris,Bachelor,Single,2023-05-28 16:32:58.757875786
22.0,71200.0,Female,42100.0,London,High School,Married,2023-05-28 17:25:24.032403240
30.0,77600.0,Female,37700.0,London,Bachelor,Widowed,2023-05-28 18:17:49.306930692
64.0,47800.0,Male,31700.0,Paris,High School,Single,2023-05-28 19:10:14.581458146
63.0,55200.0,Female,29500.0,Paris,High School,Married,2023-05-28 20:02:39.855985598
48.0,35200.0,Male,23300.0,Paris,High School,Single,2023-05-28 20:55:05.130513050
33.0,,Female,26500.0,London,High School,Single,2023-05-28 21:47:30.405040504
67.0,,Female,32000.0,Paris,High School,Married,2023-05-28 22:39:55.679567956
49.0,52800.0,Male,35200.0,Madrid,Bachelor,Single,2023-05-28 23:32:20.954095408
39.0,55000.0,Male,33200.0,Berlin,Bachelor,Single,2023-05-29 00:24:46.228622862
46.0,58400.0,Male,39800.0,Paris,High School,Single,2023-05-29 01:17:11.503150314
39.0,,Female,31300.0,Berlin,High School,,2023-05-29 02:09:36.777677768
60.0,31800.0,Male,14200.0,London,Bachelor,Divorced,2023-05-29 03:02:02.052205220
20.0,35900.0,Male,17000.0,Paris,PhD,Single,2023-05-29 03:54:27.326732672
27.0,41800.0,Male,20800.0,London,Master,Married,2023-05-29 04:46:52.601260126
59.0,45800.0,Female,19500.0,London,High School,Single,2023-05-29 05:39:17.875787578
38.0,65800.0,Female,45000.0,Paris,High School,Married,2023-05-29 06:31:43.150315030
33.0,32600.0,Male,17800.0,Paris,High School,Divorced,2023-05-29 07:24:08.424842484
29.0,44600.0,Female,19500.0,Paris,High School,Single,2023-05-29 08:16:33.699369936
19.0,64300.0,Female,46800.0,Paris,Bachelor,Single,2023-05-29 09:08:58.973897390
58.0,45500.0,Female,30600.0,Paris,High School,Married,2023-05-29 10:01:24.248424842
41.0,56900.0,Male,33100.0,London,Master,Married,2023-05-29 10:53:49.522952294
52.0,47900.0,Male,23900.0,Paris,Bachelor,Single,2023-05-29 11:46:14.797479748
47.0,53900.0,Male,24800.0,Paris,High School,Married,2023-05-29 12:38:40.072007200
47.0,46600.0,Male,27200.0,Paris,Bachelor,Divorced,2023-05-29 13:31:05.346534652
64.0,60000.0,Male,45200.0,Berlin,Bachelor,Single,2023-05-29 14:23:30.621062106
52.0,26800.0,Male,12700.0,Paris,Bachelor,Single,2023-05-29 15:15:55.895589558
36.0,44600.0,Male,28000.0,London,Master,Married,2023-05-29 16:08:21.170117012
67.0,54400.0,Male,42700.0,London,High School,Married,2023-05-29 17:00:46.444644464
25.0,58000.0,Male,38000.0,Berlin,Bachelor,Single,2023-05-29 17:53:11.719171916
43.0,72400.0,Male,41700.0,London,High School,Single,2023-05-29 18:45:36.993699370
66.0,44100.0,Female,30300.0,Paris,High School,Single,2023-05-29 19:38:02.268226822
57.0,72200.0,Female,52700.0,Paris,Bachelor,Single,2023-05-29 20:30:27.542754274
24.0,40100.0,Male,25500.0,Paris,High School,Married,2023-05-29 21:22:52.817281728
47.0,69900.0,Female,52300.0,London,High School,Single,2023-05-29 22:15:18.091809180
24.0,62300.0,Male,37700.0,Paris,High School,Married,2023-05-29 23:07:43.366336634
20.0,,Female,26600.0,Paris,High School,Single,
18.0,54600.0,Male,42600.0,London,Bachelor,Widowed,2023-05-30 00:52:33.915391538
53.0,49200.0,Male,29500.0,Paris,PhD,Married,2023-05-30 01:44:59.189918992
42.0,59400.0,Male,38100.0,Berlin,High School,Single,2023-05-30 02:37:24.464446444
54.0,46700.0,Male,30100.0,Paris,High School,Married,2023-05-30 03:29:49.738973896
18.0,45400.0,Male,32400.0,Rome,High School,Single,2023-05-30 04:22:15.013501350
32.0,70500.0,Male,51400.0,Rome,High School,Married,2023-05-30 05:14:40.288028802
54.0,48500.0,Male,19900.0,Berlin,High School,Widowed,2023-05-30 06:07:05.562556254
30.0,62400.0,Female,43300.0,Rome,Bachelor,Married,2023-05-30 06:59:30.837083708
57.0,46600.0,Male,33300.0,Paris,Master,Married,2023-05-30 07:51:56.111611160
25.0,75000.0,Male,51000.0,Berlin,Master,,2023-05-30 08:44:21.386138614
22.0,39800.0,Male,27300.0,Paris,High School,Married,2023-05-30 09:36:46.660666066
26.0,,Female,17000.0,Berlin,High School,Single,2023-05-30 10:29:11.935193518
18.0,72900.0,Male,42000.0,Paris,High School,Divorced,
53.0,43300.0,Male,31500.0,Paris,High School,Single,2023-05-30 12:14:02.484248424
52.0,74000.0,Male,,Rome,Bachelor,Single,2023-05-30 13:06:27.758775876
19.0,63400.0,Male,31200.0,Paris,High School,Widowed,2023-05-30 13:58:53.033303330
57.0,47700.0,Male,30100.0,Berlin,High School,Single,2023-05-30 14:51:18.307830782
40.0,22800.0,Male,16500.0,London,High School,Single,2023-05-30 15:43:43.582358236
26.0,49700.0,Male,34800.0,Paris,Master,Married,2023-05-30 16:36:08.856885688
51.0,51500.0,Male,33300.0,London,Bachelor,Widowed,2023-05-30 17:28:34.131413140
63.0,67500.0,Male,27500.0,Paris,Bachelor,Married,2023-05-30 18:20:59.405940594
31.0,73800.0,Male,50900.0,Madrid,High School,,2023-05-30 19:13:24.680468046
21.0,39700.0,Male,28200.0,Rome,Bachelor,Married,2023-05-30 20:05:49.954995498
47.0,,Female,42700.0,Berlin,High School,Single,2023-05-30 20:58:15.229522952
48.0,61500.0,Male,43400.0,Berlin,Bachelor,Widowed,2023-05-30 21:50:40.504050404
55.0,66100.0,Female,37800.0,Paris,Bachelor,Married,2023-05-30 22:43:05.778577858
28.0,57500.0,Male,45900.0,Paris,High School,Married,2023-05-30 23:35:31.053105310
52.0,20900.0,Male,14800.0,Paris,High School,Married,2023-05-31 00:27:56.327632762
25.0,47700.0,Female,30100.0,London,High School,Married,2023-05-31 01:20:21.602160216
20.0,32700.0,Male,25300.0,Paris,Bachelor,Married,2023-05-31 02:12:46.876687668
31.0,47000.0,Male,35900.0,London,Bachelor,Single,2023-05-31 03:05:12.151215120
30.0,64700.0,Male,47000.0,London,Bachelor,Single,2023-05-31 03:57:37.425742574
62.0,54600.0,Male,34200.0,Paris,Bachelor,,2023-05-31 04:50:02.700270026
49.0,67200.0,Female,41000.0,Paris,Bachelor,Single,2023-05-31 05:42:27.974797480
51.0,55100.0,Male,29300.0,Paris,Bachelor,Single,2023-05-31 06:34:53.249324932
62.0,30500.0,Male,15300.0,Berlin,High School,Single,2023-05-31 07:27:18.523852384
36.0,12200.0,Female,7400.0,Paris,High School,Divorced,2023-05-31 08:19:43.798379838
55.0,52200.0,Female,32900.0,Paris,High School,Single,2023-05-31 09:12:09.072907290
33.0,46800.0,Female,23300.0,Berlin,Bachelor,,2023-05-31 10:04:34.347434742
19.0,35300.0,Male,27100.0,Paris,Master,,2023-05-31 10:56:59.621962196
57.0,,Female,15300.0,London,Bachelor,Married,2023-05-31 11:49:24.896489648
34.0,,Female,23800.0,Berlin,High School,Single,2023-05-31 12:41:50.171017102
51.0,47100.0,Female,27000.0,London,High School,Single,2023-05-31 13:34:15.445544554
59.0,,Female,25400.0,London,High School,Widowed,2023-05-31 14:26:40.720072006
33.0,,Female,39800.0,Paris,High School,Divorced,2023-05-31 15:19:05.994599460
55.0,74100.0,Male,39000.0,Paris,Bachelor,Widowed,2023-05-31 16:11:31.269126912
19.0,34500.0,Male,22700.0,London,High School,Widowed,2023-05-31 17:03:56.543654364
19.0,63200.0,Female,40600.0,Paris,High School,Single,2023-05-31 17:56:21.818181818
43.0,50700.0,Male,32100.0,Madrid,Bachelor,Married,2023-05-31 18:48:47.092709270
30.0,60400.0,Male,36900.0,Paris,High School,Married,
64.0,43500.0,Male,20600.0,London,Bachelor,Single,2023-05-31 20:33:37.641764176
48.0,66100.0,Female,33900.0,Paris,Bachelor,Single,2023-05-31 21:26:02.916291628
,54400.0,,33200.0,Madrid,Bachelor,Single,2023-05-31 22:18:28.190819082
56.0,39800.0,Male,28500.0,London,High School,Single,2023-05-31 23:10:53.465346534
,49800.0,,28500.0,London,High School,Single,2023-06-01 00:03:18.739873986
25.0,46400.0,Male,22300.0,London,Bachelor,Single,2023-06-01 00:55:44.014401440
40.0,57300.0,Male,24900.0,Paris,High School,Married,2023-06-01 01:48:09.288928892
31.0,32300.0,Male,21500.0,London,Master,Married,2023-06-01 02:40:34.563456344
44.0,,Female,28200.0,Paris,High School,Single,2023-06-01 03:32:59.837983798
46.0,55900.0,Female,25200.0,London,Bachelor,Married,2023-06-01 04:25:25.112511250
56.0,50500.0,Female,33800.0,Paris,High School,,2023-06-01 05:17:50.387038704
56.0,70200.0,Male,33900.0,Paris,High School,Single,2023-06-01 06:10:15.661566156
18.0,61600.0,Male,37200.0,Paris,Master,,2023-06-01 07:02:40.936093608
34.0,49900.0,Male,26100.0,Paris,Bachelor,Single,2023-06-01 07:55:06.210621062
58.0,53300.0,Male,41200.0,Paris,Bachelor,Married,2023-06-01 08:47:31.485148514
47.0,54400.0,Male,26700.0,Madrid,High School,Married,2023-06-01 09:39:56.759675966
30.0,56000.0,Female,31800.0,London,Master,Single,2023-06-01 10:32:22.034203420
38.0,22600.0,Male,17700.0,Rome,Bachelor,Single,2023-06-01 11:24:47.308730872
36.0,45500.0,Male,24000.0,Paris,High School,Single,2023-06-01 12:17:12.583258326
36.0,27700.0,Female,18200.0,London,High School,Widowed,2023-06-01 13:09:37.857785778
42.0,69200.0,Male,36400.0,Berlin,High School,Single,2023-06-01 14:02:03.132313230
39.0,49100.0,Female,21800.0,London,High School,Married,2023-06-01 14:54:28.406840684
48.0,47100.0,Female,30700.0,London,Master,Single,2023-06-01 15:46:53.681368136
34.0,63500.0,Male,48700.0,London,High School,Single,2023-06-01 16:39:18.955895588
40.0,56300.0,Male,32700.0,London,High School,Single,2023-06-01 17:31:44.230423042
49.0,33100.0,Female,21500.0,Berlin,High School,Married,2023-06-01 18:24:09.504950494
27.0,48900.0,Male,31500.0,London,High School,Single,2023-06-01 19:16:34.779477948
27.0,45000.0,Male,25500.0,Rome,High School,Single,2023-06-01 20:09:00.054005400
53.0,23800.0,Female,15400.0,Madrid,High School,Married,2023-06-01 21:01:25.328532852
25.0,39600.0,Male,19900.0,London,High School,Single,2023-06-01 21:53:50.603060306
69.0,47200.0,Male,26000.0,Paris,Bachelor,Married,2023-06-01 22:46:15.877587758
37.0,48300.0,Male,27900.0,Paris,High School,Widowed,2023-06-01 23:38:41.152115210
49.0,27800.0,Female,20700.0,Paris,Master,Single,2023-06-02 00:31:06.426642664
67.0,67300.0,Male,36300.0,Paris,High School,Single,2023-06-02 01:23:31.701170116
31.0,48500.0,Male,31700.0,Paris,Bachelor,Married,2023-06-02 02:15:56.975697570
67.0,50600.0,Male,24600.0,Paris,Master,Married,2023-06-02 03:08:22.250225022
45.0,56000.0,Male,28100.0,London,Bachelor,Divorced,2023-06-02 04:00:47.524752474
63.0,38200.0,Female,25200.0,Paris,Bachelor,Married,2023-06-02 04:53:12.799279928
69.0,56800.0,Female,40000.0,London,High School,Single,2023-06-02 05:45:38.073807380
41.0,44500.0,Male,26000.0,Paris,Bachelor,Married,2023-06-02 06:38:03.348334832
32.0,36600.0,Male,19500.0,Berlin,High School,Single,2023-06-02 07:30:28.622862286
39.0,58600.0,Male,44800.0,Berlin,Bachelor,Single,2023-06-02 08:22:53.897389738
47.0,72400.0,Male,32900.0,Paris,High School,Married,2023-06-02 09:15:19.171917192
21.0,60900.0,Male,41900.0,Madrid,Bachelor,Married,2023-06-02 10:07:44.446444644
30.0,63800.0,Male,43100.0,Paris,Master,Married,2023-06-02 11:00:09.720972096
40.0,42200.0,Male,28500.0,Berlin,High School,Married,2023-06-02 11:52:34.995499550
25.0,26000.0,Male,20100.0,London,High School,Single,2023-06-02 12:45:00.270027002
35.0,,Female,50000.0,Paris,Bachelor,Single,2023-06-02 13:37:25.544554454
29.0,,Female,42100.0,Paris,Master,Single,2023-06-02 14:29:50.819081908
48.0,73100.0,Male,39600.0,Paris,Bachelor,Married,2023-06-02 15:22:16.093609360
31.0,45000.0,Male,25000.0,Madrid,High School,Single,2023-06-02 16:14:41.368136814
51.0,32700.0,Female,13500.0,London,PhD,Single,2023-06-02 17:07:06.642664266
35.0,34000.0,Female,26000.0,Paris,High School,Single,2023-06-02 17:59:31.917191718
51.0,24700.0,Male,10600.0,London,PhD,Married,2023-06-02 18:51:57.191719172
28.0,,Female,32900.0,Paris,High School,Single,2023-06-02 19:44:22.466246624
58.0,74100.0,Female,51300.0,Paris,PhD,Single,2023-06-02 20:36:47.740774076
29.0,47900.0,Male,35300.0,Madrid,High School,Single,2023-06-02 21:29:13.015301530
66.0,54500.0,Male,33900.0,London,Bachelor,Married,2023-06-02 22:21:38.289828982
32.0,70600.0,Male,,Paris,Bachelor,Married,2023-06-02 23:14:03.564356434
48.0,43900.0,Male,22900.0,Madrid,Bachelor,Single,2023-06-03 00:06:28.838883888
66.0,80500.0,Male,56200.0,Paris,Bachelor,Married,
46.0,79900.0,Female,42900.0,Paris,High School,Single,2023-06-03 01:51:19.387938794
43.0,,Female,36500.0,Paris,High School,Married,2023-06-03 02:43:44.662466246
35.0,41300.0,Male,19200.0,London,High School,Married,2023-06-03 03:36:09.936993698
49.0,60500.0,Male,31800.0,London,Bachelor,Single,2023-06-03 04:28:35.211521152
39.0,44800.0,Male,26900.0,Paris,Bachelor,Single,2023-06-03 05:21:00.486048604
55.0,32700.0,Male,23200.0,London,High School,Married,2023-06-03 06:13:25.760576056
34.0,69200.0,Male,48400.0,Berlin,High School,Single,2023-06-03 07:05:51.035103510
40.0,68200.0,Female,33000.0,London,High School,Divorced,2023-06-03 07:58:16.309630962
41.0,52300.0,Male,23900.0,Madrid,Bachelor,Married,2023-06-03 08:50:41.584158416
67.0,31100.0,Male,16200.0,Paris,Master,Married,2023-06-03 09:43:06.858685868
25.0,31600.0,Male,18800.0,Paris,High School,Married,2023-06-03 10:35:32.133213320
58.0,51600.0,Male,31800.0,London,Master,Single,2023-06-03 11:27:57.407740774
23.0,42500.0,Male,24300.0,Paris,Master,Widowed,2023-06-03 12:20:22.682268226
,44900.0,,29900.0,Paris,High School,Divorced,2023-06-03 13:12:47.956795678
61.0,65300.0,Male,37300.0,Paris,Bachelor,Married,2023-06-03 14:05:13.231323132
46.0,61000.0,Male,47500.0,Berlin,Bachelor,Married,2023-06-03 14:57:38.505850584
45.0,70700.0,Male,35700.0,Paris,Bachelor,Married,2023-06-03 15:50:03.780378038
28.0,35100.0,Male,22800.0,Paris,Bachelor,Married,2023-06-03 16:42:29.054905490
18.0,44900.0,Male,28900.0,Paris,Bachelor,,2023-06-03 17:34:54.329432942
60.0,,Female,31500.0,Berlin,High School,Single,2023-06-03 18:27:19.603960396
36.0,56700.0,Male,32000.0,London,High School,Married,2023-06-03 19:19:44.878487848
26.0,73000.0,Male,39900.0,Paris,High School,Married,2023-06-03 20:12:10.153015300
44.0,56300.0,Male,26400.0,Berlin,Bachelor,Married,2023-06-03 21:04:35.427542754
51.0,77700.0,Male,45900.0,Berlin,High School,Single,2023-06-03 21:57:00.702070206
61.0,,Female,32200.0,London,Master,Widowed,2023-06-03 22:49:25.976597660
21.0,65900.0,Male,31100.0,Paris,High School,Single,2023-06-03 23:41:51.251125112
53.0,45100.0,Female,26200.0,London,High School,Married,2023-06-04 00:34:16.525652564
35.0,50200.0,Male,28600.0,Madrid,Master,Single,2023-06-04 01:26:41.800180018
32.0,63700.0,Male,28800.0,Paris,High School,Single,2023-06-04 02:19:07.074707470
68.0,74200.0,Female,33600.0,Paris,High School,Married,2023-06-04 03:11:32.349234922
30.0,60900.0,Male,40100.0,Paris,PhD,Married,2023-06-04 04:03:57.623762376
36.0,48800.0,Male,33300.0,London,Bachelor,Widowed,
,70700.0,,54900.0,London,High School,Single,2023-06-04 05:48:48.172817282
23.0,17100.0,Female,7400.0,Paris,High School,Divorced,2023-06-04 06:41:13.447344734
,28700.0,,12800.0,Paris,Master,Married,2023-06-04 07:33:38.721872186
,60200.0,,25300.0,Madrid,Bachelor,Single,2023-06-04 08:26:03.996399640
68.0,50200.0,Male,30800.0,Berlin,High School,,2023-06-04 09:18:29.270927092
54.0,59100.0,Male,38400.0,Madrid,Master,Single,2023-06-04 10:10:54.545454544
34.0,51000.0,Male,28600.0,Berlin,High School,Divorced,2023-06-04 11:03:19.819981998
40.0,,Female,42100.0,London,PhD,Single,2023-06-04 11:55:45.094509450
43.0,37800.0,Male,25500.0,Paris,High School,Married,2023-06-04 12:48:10.369036904
46.0,58600.0,Female,46500.0,London,Bachelor,Single,2023-06-04 13:40:35.643564356
50.0,64900.0,Male,29500.0,Paris,High School,Single,2023-06-04 14:33:00.918091808
44.0,68300.0,Male,28900.0,London,High School,Single,2023-06-04 15:25:26.192619262
42.0,80200.0,Female,40900.0,London,High School,Single,2023-06-04 16:17:51.467146714
27.0,53700.0,Male,21900.0,Madrid,High School,Single,2023-06-04 17:10:16.741674166
,54100.0,,41800.0,Paris,High School,Single,2023-06-04 18:02:42.016201620
40.0,27200.0,Male,14200.0,Paris,High School,Single,2023-06-04 18:55:07.290729072
38.0,42000.0,Female,26100.0,London,PhD,Single,2023-06-04 19:47:32.565256524
38.0,47100.0,Male,24800.0,Madrid,High School,Married,2023-06-04 20:39:57.839783978
60.0,65800.0,Male,32800.0,Madrid,High School,Divorced,2023-06-04 21:32:23.114311430
30.0,40800.0,Male,18800.0,London,Bachelor,Married,2023-06-04 22:24:48.388838884
54.0,61900.0,Male,32700.0,Paris,Bachelor,,2023-06-04 23:17:13.663366336
50.0,50000.0,Female,32300.0,Paris,Bachelor,Widowed,2023-06-05 00:09:38.937893788
41.0,47300.0,Male,37300.0,Madrid,Bachelor,Widowed,2023-06-05 01:02:04.212421242
61.0,53700.0,Male,33500.0,London,PhD,Single,2023-06-05 01:54:29.486948694
28.0,44100.0,Male,27000.0,Berlin,Bachelor,Married,2023-06-05 02:46:54.761476146
34.0,,Female,18100.0,Paris,Master,Married,2023-06-05 03:39:20.036003600
,24400.0,,18000.0,Paris,Bachelor,Married,2023-06-05 04:31:45.310531052
64.0,,Female,19400.0,London,Bachelor,Married,2023-06-05 05:24:10.585058506
42.0,42800.0,Male,32600.0,Berlin,High School,Single,2023-06-05 06:16:35.859585958
47.0,42300.0,Male,26000.0,Rome,High School,Single,2023-06-05 07:09:01.134113410
26.0,56300.0,Male,26300.0,Berlin,High School,Married,2023-06-05 08:01:26.408640864
38.0,,Female,34800.0,London,High School,Single,2023-06-05 08:53:51.683168316
37.0,53500.0,Female,42700.0,London,High School,Single,2023-06-05 09:46:16.957695768
36.0,64900.0,Female,33900.0,Berlin,Bachelor,Married,2023-06-05 10:38:42.232223222
36.0,58600.0,Male,29800.0,Paris,High School,Married,2023-06-05 11:31:07.506750674
29.0,45600.0,Male,20400.0,Rome,Bachelor,Single,2023-06-05 12:23:32.781278128
54.0,43100.0,Male,27500.0,London,Master,Married,2023-06-05 13:15:58.055805580
59.0,54700.0,Female,23800.0,Rome,High School,Single,
34.0,58600.0,Male,41400.0,Berlin,High School,Married,2023-06-05 15:00:48.604860486
54.0,,Female,,Paris,High School,Married,
65.0,67900.0,Male,52500.0,Paris,Master,Married,2023-06-05 16:45:39.153915390
56.0,41900.0,Male,18600.0,Paris,Master,Single,2023-06-05 17:38:04.428442844
45.0,48500.0,Male,30200.0,Paris,Master,Single,2023-06-05 18:30:29.702970296
58.0,60100.0,Male,26400.0,London,High School,Single,2023-06-05 19:22:54.977497750
52.0,66000.0,Male,41500.0,London,High School,Married,2023-06-05 20:15:20.252025202
64.0,64100.0,Male,46500.0,London,PhD,Single,2023-06-05 21:07:45.526552654
65.0,49000.0,Male,30100.0,Paris,High School,Married,2023-06-05 22:00:10.801080108
35.0,31200.0,Male,23400.0,Rome,High School,Single,2023-06-05 22:52:36.075607560
31.0,35000.0,Female,25200.0,London,High School,Married,2023-06-05 23:45:01.350135012
52.0,54100.0,Female,27600.0,Madrid,PhD,Single,2023-06-06 00:37:26.624662466
61.0,55100.0,Male,35900.0,Paris,High School,Married,2023-06-06 01:29:51.899189918
58.0,33500.0,Male,13500.0,Berlin,Master,Married,2023-06-06 02:22:17.173717372
24.0,50700.0,Male,28300.0,Paris,High School,Single,2023-06-06 03:14:42.448244824
58.0,59500.0,Female,29500.0,London,Bachelor,Single,2023-06-06 04:07:07.722772276
30.0,32700.0,Male,25300.0,London,High School,Single,2023-06-06 04:59:32.997299730
35.0,66600.0,Male,37400.0,Madrid,High School,Married,
54.0,44300.0,Female,29300.0,Paris,Bachelor,Divorced,2023-06-06 06:44:23.546354634
30.0,68900.0,Male,47700.0,Paris,High School,Married,2023-06-06 07:36:48.820882088
53.0,42000.0,Female,29800.0,Madrid,Bachelor,Divorced,2023-06-06 08:29:14.095409540
48.0,34600.0,Male,24000.0,Paris,PhD,Divorced,2023-06-06 09:21:39.369936994
19.0,43100.0,Male,22200.0,Paris,High School,Single,2023-06-06 10:14:04.644464446
33.0,48600.0,Male,32800.0,London,High School,Married,2023-06-06 11:06:29.918991898
26.0,,Female,27400.0,Paris,Bachelor,Single,2023-06-06 11:58:55.193519352
26.0,46800.0,Female,29900.0,Paris,Master,Divorced,2023-06-06 12:51:20.468046804
55.0,55000.0,Male,22000.0,Paris,Bachelor,Married,2023-06-06 13:43:45.742574256
28.0,47400.0,Male,23900.0,Paris,High School,Married,2023-06-06 14:36:11.017101710
39.0,49000.0,Male,37800.0,London,Bachelor,Single,2023-06-06 15:28:36.291629162
50.0,24400.0,Female,12600.0,Paris,High School,Married,2023-06-06 16:21:01.566156614
53.0,55900.0,Male,32200.0,Berlin,High School,Married,2023-06-06 17:13:26.840684068
62.0,,Female,23100.0,Madrid,Bachelor,Single,2023-06-06 18:05:52.115211520
40.0,74200.0,Male,33800.0,Paris,Master,Single,2023-06-06 18:58:17.389738974
62.0,35900.0,Male,17400.0,Berlin,High School,Married,2023-06-06 19:50:42.664266426
62.0,22900.0,Male,14200.0,Madrid,Bachelor,Single,2023-06-06 20:43:07.938793878
51.0,59300.0,Female,45500.0,London,High School,Single,2023-06-06 21:35:33.213321332
26.0,55200.0,Female,29300.0,Rome,Bachelor,,2023-06-06 22:27:58.487848784
41.0,34900.0,Male,18500.0,Paris,Master,Single,2023-06-06 23:20:23.762376236
25.0,27100.0,Male,17000.0,Berlin,High School,Single,2023-06-07 00:12:49.036903690
24.0,73100.0,Male,39700.0,London,High School,Widowed,2023-06-07 01:05:14.311431142
53.0,71200.0,Male,54400.0,Paris,Bachelor,Single,2023-06-07 01:57:39.585958596
35.0,12700.0,Female,7000.0,Berlin,Bachelor,Single,2023-06-07 02:50:04.860486048
20.0,43100.0,Male,25700.0,London,Bachelor,Single,2023-06-07 03:42:30.135013500
45.0,,Female,46000.0,Paris,Master,Single,2023-06-07 04:34:55.409540954
23.0,,Female,30600.0,Paris,High School,Single,2023-06-07 05:27:20.684068406
61.0,42600.0,Female,26600.0,Berlin,Bachelor,Single,2023-06-07 06:19:45.958595858
61.0,45800.0,Female,22700.0,Berlin,Bachelor,Single,2023-06-07 07:12:11.233123312
38.0,33200.0,Male,14900.0,London,High School,Married,2023-06-07 08:04:36.507650764
45.0,,Female,18900.0,London,Master,Married,2023-06-07 08:57:01.782178218
57.0,65800.0,Male,47400.0,Paris,Bachelor,Single,2023-06-07 09:49:27.056705670
18.0,22400.0,Male,9200.0,London,Bachelor,Married,2023-06-07 10:41:52.331233122
53.0,53700.0,Female,39100.0,Madrid,Master,Divorced,2023-06-07 11:34:17.605760576
38.0,63300.0,Male,40300.0,Madrid,High School,Married,2023-06-07 12:26:42.880288028
60.0,,Female,17100.0,London,Bachelor,Single,2023-06-07 13:19:08.154815480
52.0,36100.0,Female,14600.0,Rome,Bachelor,Single,2023-06-07 14:11:33.429342934
30.0,68200.0,Female,48600.0,Madrid,Master,Married,2023-06-07 15:03:58.703870386
66.0,58000.0,Male,27800.0,Paris,High School,Single,2023-06-07 15:56:23.978397840
27.0,40700.0,Male,28100.0,Paris,Bachelor,Single,2023-06-07 16:48:49.252925292
61.0,68000.0,Male,27600.0,Paris,High School,Divorced,2023-06-07 17:41:14.527452744
64.0,,Female,48900.0,London,Master,Married,2023-06-07 18:33:39.801980198
27.0,54000.0,Male,22100.0,Berlin,Bachelor,Single,2023-06-07 19:26:05.076507650
63.0,36500.0,Male,18000.0,Paris,Bachelor,Single,2023-06-07 20:18:30.351035102
30.0,43800.0,Male,22200.0,Madrid,High School,Single,2023-06-07 21:10:55.625562556
,54300.0,,25100.0,London,Bachelor,,2023-06-07 22:03:20.900090008
55.0,47200.0,Male,28000.0,Berlin,High School,Single,2023-06-07 22:55:46.174617462
41.0,64100.0,Male,32900.0,Paris,Master,Married,2023-06-07 23:48:11.449144914
19.0,27100.0,Male,21600.0,Paris,Master,,2023-06-08 00:40:36.723672366
,27600.0,,17400.0,London,High School,Married,2023-06-08 01:33:01.998199820
34.0,52700.0,Male,33000.0,Berlin,Bachelor,Single,2023-06-08 02:25:27.272727272
53.0,42600.0,Male,20800.0,Madrid,Bachelor,Single,2023-06-08 03:17:52.547254724
31.0,40600.0,Male,22900.0,London,Master,Married,2023-06-08 04:10:17.821782178
27.0,23500.0,Female,10600.0,Paris,Bachelor,,2023-06-08 05:02:43.096309630
52.0,50300.0,Male,35500.0,Paris,PhD,Married,2023-06-08 05:55:08.370837084
42.0,49200.0,Male,26200.0,Madrid,High School,,2023-06-08 06:47:33.645364536
20.0,59800.0,Male,41900.0,Paris,High School,Single,2023-06-08 07:39:58.919891988
64.0,51000.0,Male,28000.0,London,Bachelor,Married,2023-06-08 08:32:24.194419442
55.0,48000.0,Male,38200.0,London,Bachelor,Single,2023-06-08 09:24:49.468946894
34.0,67700.0,Male,31700.0,London,High School,Married,2023-06-08 10:17:14.743474346
29.0,30300.0,Female,12100.0,London,High School,Divorced,2023-06-08 11:09:40.018001800
69.0,58000.0,Male,37000.0,Madrid,Master,Married,2023-06-08 12:02:05.292529252
41.0,24900.0,Male,19500.0,Madrid,Bachelor,Married,2023-06-08 12:54:30.567056704
46.0,37400.0,Male,24600.0,Madrid,High School,Single,2023-06-08 13:46:55.841584158
60.0,31800.0,Male,13800.0,London,Master,Single,
,61700.0,,38000.0,Paris,High School,Single,2023-06-08 15:31:46.390639064
53.0,49000.0,Male,37400.0,Rome,High School,Married,2023-06-08 16:24:11.665166516
43.0,49800.0,Female,20000.0,Paris,High School,Married,2023-06-08 17:16:36.939693968
55.0,33400.0,Female,15600.0,London,Master,Single,2023-06-08 18:09:02.214221422
18.0,45500.0,Male,33000.0,Paris,Bachelor,Single,2023-06-08 19:01:27.488748874
37.0,38500.0,Female,29200.0,London,High School,Married,2023-06-08 19:53:52.763276326
,55800.0,,38100.0,Paris,High School,Married,2023-06-08 20:46:18.037803780
33.0,35100.0,Male,28000.0,Madrid,Bachelor,,2023-06-08 21:38:43.312331232
64.0,69900.0,Male,30500.0,Rome,Bachelor,Married,2023-06-08 22:31:08.586858686
34.0,24900.0,Male,15400.0,London,PhD,Divorced,2023-06-08 23:23:33.861386138
57.0,37900.0,Male,25500.0,Paris,Bachelor,Single,2023-06-09 00:15:59.135913590
45.0,75200.0,Male,51200.0,London,High School,Single,2023-06-09 01:08:24.410441044
29.0,43500.0,Male,31200.0,Paris,Bachelor,Divorced,2023-06-09 02:00:49.684968496
44.0,30300.0,Male,23200.0,Rome,High School,Single,2023-06-09 02:53:14.959495948
59.0,53300.0,Male,29000.0,Paris,PhD,Married,2023-06-09 03:45:40.234023402
,42900.0,,17900.0,Paris,High School,Single,2023-06-09 04:38:05.508550854
47.0,37500.0,Male,20400.0,London,High School,Single,2023-06-09 05:30:30.783078308
58.0,33600.0,Male,22500.0,Berlin,High School,Single,2023-06-09 06:22:56.057605760
51.0,91500.0,Male,44400.0,London,High School,Widowed,2023-06-09 07:15:21.332133212
54.0,46200.0,Male,33400.0,Paris,High School,Single,2023-06-09 08:07:46.606660666
23.0,21100.0,Male,10300.0,Paris,High School,Divorced,
24.0,72400.0,Male,29300.0,Paris,High School,Single,2023-06-09 09:52:37.155715570
49.0,59200.0,Male,35700.0,Paris,High School,Single,2023-06-09 10:45:02.430243024
49.0,,Female,26600.0,Madrid,Master,Single,2023-06-09 11:37:27.704770476
42.0,36000.0,Male,19400.0,Paris,Bachelor,Married,2023-06-09 12:29:52.979297930
50.0,60100.0,Male,42000.0,London,Master,Single,2023-06-09 13:22:18.253825382
24.0,46300.0,Male,26600.0,Berlin,High School,Divorced,2023-06-09 14:14:43.528352834
69.0,21100.0,Male,9900.0,Paris,High School,Divorced,2023-06-09 15:07:08.802880288
29.0,76800.0,Male,,Madrid,Bachelor,Single,2023-06-09 15:59:34.077407740
33.0,43500.0,Male,29800.0,Berlin,High School,Married,2023-06-09 16:51:59.351935192
33.0,72400.0,Male,40100.0,Paris,High School,Single,2023-06-09 17:44:24.626462646
60.0,69200.0,Male,52900.0,Madrid,Master,Widowed,2023-06-09 18:36:49.900990098
53.0,35000.0,Female,21600.0,London,Bachelor,Single,2023-06-09 19:29:15.175517552
,65500.0,,35300.0,London,High School,Single,2023-06-09 20:21:40.450045004
24.0,40200.0,Male,21700.0,Madrid,Bachelor,Single,2023-06-09 21:14:05.724572456
53.0,22000.0,Female,10000.0,Madrid,High School,Married,2023-06-09 22:06:30.999099910
64.0,43600.0,Male,27800.0,London,Bachelor,Single,2023-06-09 22:58:56.273627362
68.0,56000.0,Female,35400.0,Paris,High School,Married,2023-06-09 23:51:21.548154814
26.0,43100.0,Male,31000.0,Paris,High School,Divorced,2023-06-10 00:43:46.822682268
49.0,45400.0,Male,21800.0,Berlin,High School,Single,2023-06-10 01:36:12.097209720
,67200.0,,34700.0,Madrid,Master,Single,2023-06-10 02:28:37.371737174
25.0,51600.0,Female,22600.0,Paris,High School,Single,2023-06-10 03:21:02.646264626
50.0,37400.0,Male,19400.0,Paris,Bachelor,,2023-06-10 04:13:27.920792078
40.0,,Female,34600.0,Berlin,High School,Single,
42.0,53000.0,Male,41600.0,Paris,High School,Single,2023-06-10 05:58:18.469846984
25.0,12200.0,Male,8100.0,Paris,High School,Widowed,2023-06-10 06:50:43.744374436
62.0,,Female,40200.0,Paris,High School,Single,2023-06-10 07:43:09.018901890
39.0,55900.0,Male,29600.0,Paris,Bachelor,,2023-06-10 08:35:34.293429342
21.0,,Female,23000.0,Rome,Master,Single,2023-06-10 09:27:59.567956794
57.0,63400.0,Male,31900.0,Rome,High School,Married,2023-06-10 10:20:24.842484248
20.0,39900.0,Female,20100.0,Paris,High School,Single,2023-06-10 11:12:50.117011700
46.0,55000.0,Male,34800.0,Rome,Master,Divorced,2023-06-10 12:05:15.391539154
58.0,26500.0,Male,14200.0,Paris,PhD,Married,2023-06-10 12:57:40.666066606
46.0,56100.0,Female,41700.0,Madrid,High School,Divorced,
51.0,79300.0,Male,63100.0,Paris,High School,Single,2023-06-10 14:42:31.215121512
51.0,35100.0,Male,18900.0,Berlin,High School,Single,2023-06-10 15:34:56.489648964
45.0,38600.0,Male,26300.0,Paris,High School,Single,2023-06-10 16:27:21.764176416
30.0,39300.0,Male,26100.0,Paris,High School,Single,2023-06-10 17:19:47.038703870
32.0,51900.0,Female,24800.0,Madrid,PhD,Single,2023-06-10 18:12:12.313231322
40.0,34100.0,Male,26200.0,Paris,High School,Married,2023-06-10 19:04:37.587758776
61.0,56300.0,Male,27000.0,Rome,High School,Married,2023-06-10 19:57:02.862286228
43.0,62700.0,Male,43600.0,Paris,Bachelor,Married,2023-06-10 20:49:28.136813680
21.0,58000.0,Female,31300.0,Paris,High School,Divorced,2023-06-10 21:41:53.411341134
43.0,23500.0,Male,12900.0,Madrid,High School,Married,2023-06-10 22:34:18.685868586
57.0,64900.0,Male,37800.0,London,PhD,Single,2023-06-10 23:26:43.960396038
26.0,64100.0,Male,47800.0,London,Bachelor,Married,2023-06-11 00:19:09.234923492
,62500.0,,28500.0,Paris,Master,Single,2023-06-11 01:11:34.509450944
,55600.0,,23500.0,London,High School,Married,2023-06-11 02:03:59.783978398
37.0,53300.0,Male,29900.0,Paris,High School,Married,2023-06-11 02:56:25.058505850
67.0,65500.0,Male,27700.0,London,Master,Married,2023-06-11 03:48:50.333033302
28.0,78900.0,Male,53300.0,London,High School,Single,2023-06-11 04:41:15.607560756
32.0,35700.0,Female,25100.0,London,Bachelor,Single,2023-06-11 05:33:40.882088208
49.0,66200.0,Male,49100.0,Rome,High School,Married,
45.0,48700.0,Male,34000.0,London,High School,Married,2023-06-11 07:18:31.431143114
39.0,48100.0,Male,36900.0,Paris,Bachelor,Widowed,2023-06-11 08:10:56.705670566
58.0,27000.0,Female,18900.0,Paris,Bachelor,Single,2023-06-11 09:03:21.980198020
34.0,45700.0,Male,35400.0,London,Master,Married,2023-06-11 09:55:47.254725472
43.0,35000.0,Male,16700.0,Paris,High School,Married,2023-06-11 10:48:12.529252924
61.0,43000.0,Male,25800.0,Paris,Bachelor,Single,2023-06-11 11:40:37.803780378
24.0,33500.0,Male,26700.0,Berlin,High School,Married,2023-06-11 12:33:03.078307830
59.0,43300.0,Female,29100.0,Madrid,Bachelor,Single,2023-06-11 13:25:28.352835282
43.0,43900.0,Male,33000.0,London,High School,Married,
42.0,51500.0,Female,21200.0,London,High School,Married,2023-06-11 15:10:18.901890188
27.0,25800.0,Male,19300.0,London,High School,Married,2023-06-11 16:02:44.176417642
62.0,28300.0,Male,19200.0,London,High School,Single,2023-06-11 16:55:09.450945094
36.0,55400.0,Male,25900.0,Berlin,Bachelor,Divorced,2023-06-11 17:47:34.725472546
28.0,38000.0,Female,15600.0,Berlin,High School,Divorced,2023-06-11 18:40:00.000000000
30.0,66100.0,Male,33300.0,Paris,Bachelor,Divorced,2023-06-11 19:32:25.274527452
25.0,53400.0,Female,40900.0,Berlin,High School,Single,2023-06-11 20:24:50.549054904
,59100.0,,39400.0,Berlin,High School,Single,2023-06-11 21:17:15.823582358
21.0,71200.0,Male,54700.0,Paris,High School,Single,2023-06-11 22:09:41.098109810
64.0,45400.0,Female,26300.0,Paris,Master,Single,2023-06-11 23:02:06.372637264
48.0,,Female,32100.0,Berlin,PhD,Single,2023-06-11 23:54:31.647164716
45.0,63100.0,Male,36900.0,London,High School,Married,2023-06-12 00:46:56.921692168
28.0,57600.0,Male,27700.0,Berlin,High School,Single,2023-06-12 01:39:22.196219622
60.0,47200.0,Male,21700.0,Paris,High School,Married,2023-06-12 02:31:47.470747074
,70900.0,,56500.0,Paris,Bachelor,Married,2023-06-12 03:24:12.745274526
66.0,46800.0,Male,25000.0,Paris,Bachelor,Divorced,2023-06-12 04:16:38.019801980
64.0,50500.0,Male,23400.0,London,High School,Divorced,2023-06-12 05:09:03.294329432
69.0,50300.0,Male,20300.0,London,High School,Married,2023-06-12 06:01:28.568856884
,36000.0,,18500.0,Madrid,Master,Married,2023-06-12 06:53:53.843384338
41.0,51200.0,Female,38700.0,Berlin,High School,Single,2023-06-12 07:46:19.117911790
64.0,71000.0,Male,43600.0,Rome,Bachelor,Single,2023-06-12 08:38:44.392439244
48.0,56700.0,Male,37000.0,Paris,High School,Single,
58.0,50500.0,Female,38800.0,Paris,Bachelor,Married,
63.0,47600.0,Male,28800.0,Paris,High School,Married,2023-06-12 11:16:00.216021602
67.0,55000.0,Male,40400.0,London,Bachelor,Single,2023-06-12 12:08:25.490549054
43.0,61200.0,Male,32400.0,Paris,Bachelor,Divorced,2023-06-12 13:00:50.765076506
,59100.0,,46700.0,London,High School,Married,2023-06-12 13:53:16.039603960
67.0,45000.0,Female,19400.0,Paris,High School,Single,2023-06-12 14:45:41.314131412
22.0,54900.0,Male,37900.0,Paris,High School,Single,2023-06-12 15:38:06.588658866
37.0,57200.0,Male,38000.0,London,PhD,Widowed,2023-06-12 16:30:31.863186318
69.0,34900.0,Male,16600.0,Paris,Master,Single,2023-06-12 17:22:57.137713770
58.0,52500.0,Female,29200.0,Berlin,Bachelor,Single,2023-06-12 18:15:22.412241224
28.0,17600.0,Male,9200.0,Berlin,High School,Single,2023-06-12 19:07:47.686768676
50.0,57200.0,Male,25000.0,Paris,High School,Single,2023-06-12 20:00:12.961296128
67.0,59900.0,Male,38000.0,Berlin,Master,Married,2023-06-12 20:52:38.235823582
55.0,61200.0,Male,48800.0,London,Master,Single,2023-06-12 21:45:03.510351034
44.0,44100.0,Male,27500.0,London,High School,Married,2023-06-12 22:37:28.784878488
51.0,54600.0,Male,33700.0,Paris,Bachelor,Divorced,2023-06-12 23:29:54.059405940
32.0,71400.0,Male,29700.0,Berlin,Bachelor,Married,2023-06-13 00:22:19.333933392
49.0,71200.0,Male,32400.0,Paris,High School,Divorced,2023-06-13 01:14:44.608460846
38.0,49600.0,Male,30000.0,Paris,High School,Single,2023-06-13 02:07:09.882988298
63.0,52100.0,Male,41400.0,Paris,Bachelor,Single,2023-06-13 02:59:35.157515750
22.0,66700.0,Female,50100.0,London,High School,Single,2023-06-13 03:52:00.432043204
23.0,27500.0,Male,14700.0,London,High School,Married,2023-06-13 04:44:25.706570656
55.0,45200.0,Male,27900.0,Madrid,High School,Widowed,2023-06-13 05:36:50.981098110
39.0,70000.0,Male,43500.0,Berlin,Master,Single,2023-06-13 06:29:16.255625562
35.0,64600.0,Male,43500.0,Rome,Bachelor,Married,
31.0,55500.0,Male,37500.0,Berlin,Bachelor,Single,2023-06-13 08:14:06.804680468
27.0,,Female,19600.0,Paris,Bachelor,Single,2023-06-13 09:06:32.079207920
63.0,49300.0,Male,20200.0,London,PhD,Single,2023-06-13 09:58:57.353735372
30.0,41200.0,Female,32000.0,London,High School,Married,2023-06-13 10:51:22.628262826
48.0,55000.0,Female,23500.0,London,High School,Single,2023-06-13 11:43:47.902790278
,37900.0,,22400.0,London,High School,Single,2023-06-13 12:36:13.177317732
20.0,,Female,26600.0,Berlin,Master,Single,2023-06-13 13:28:38.451845184
47.0,19000.0,Male,11300.0,Paris,High School,Single,2023-06-13 14:21:03.726372636
23.0,68300.0,Male,29100.0,Berlin,Bachelor,Married,2023-06-13 15:13:29.000900090
46.0,44000.0,Male,21600.0,Paris,High School,Single,2023-06-13 16:05:54.275427542
25.0,52400.0,Male,33100.0,Paris,High School,Single,2023-06-13 16:58:19.549954994
61.0,50000.0,Female,21800.0,London,High School,Married,2023-06-13 17:50:44.824482448
62.0,34000.0,Female,19400.0,London,High School,Single,2023-06-13 18:43:10.099009900
60.0,31100.0,Female,16500.0,Paris,High School,Divorced,2023-06-13 19:35:35.373537354
61.0,34900.0,Male,25300.0,London,Bachelor,Married,2023-06-13 20:28:00.648064806
50.0,39200.0,Male,17400.0,London,Bachelor,Single,2023-06-13 21:20:25.922592258
34.0,55500.0,Male,37400.0,Paris,Master,Single,2023-06-13 22:12:51.197119712
,38100.0,,21400.0,Berlin,High School,,2023-06-13 23:05:16.471647164
28.0,76200.0,Male,48400.0,Paris,Bachelor,Single,2023-06-13 23:57:41.746174616
30.0,65400.0,Male,31500.0,Berlin,Master,Single,2023-06-14 00:50:07.020702070
67.0,62100.0,Male,40000.0,Paris,High School,Married,2023-06-14 01:42:32.295229522
28.0,48200.0,Male,32300.0,London,Bachelor,Single,2023-06-14 02:34:57.569756974
48.0,72700.0,Male,31100.0,Madrid,Bachelor,Single,2023-06-14 03:27:22.844284428
45.0,46700.0,Male,34100.0,Berlin,High School,Married,2023-06-14 04:19:48.118811880
61.0,49500.0,Female,36900.0,Berlin,High School,Married,2023-06-14 05:12:13.393339334
23.0,52500.0,Male,22300.0,Paris,High School,Divorced,2023-06-14 06:04:38.667866786
58.0,60500.0,Male,38800.0,Paris,Bachelor,Single,2023-06-14 06:57:03.942394238
,59600.0,,38000.0,London,High School,Married,2023-06-14 07:49:29.216921692
21.0,42900.0,Female,17400.0,London,High School,Single,2023-06-14 08:41:54.491449144
52.0,,Female,22600.0,Madrid,Bachelor,Single,2023-06-14 09:34:19.765976596
65.0,59600.0,Male,46900.0,Paris,High School,Single,2023-06-14 10:26:45.040504050
43.0,60700.0,Male,37800.0,London,High School,Single,2023-06-14 11:19:10.315031502
29.0,44100.0,Female,34100.0,London,High School,Married,2023-06-14 12:11:35.589558956
28.0,26200.0,Female,17600.0,Berlin,PhD,Single,2023-06-14 13:04:00.864086408
54.0,46900.0,Male,19300.0,Paris,High School,Married,2023-06-14 13:56:26.138613860
42.0,59400.0,Male,25600.0,Madrid,High School,Single,2023-06-14 14:48:51.413141314
35.0,77100.0,Male,,London,High School,Single,2023-06-14 15:41:16.687668766
36.0,32000.0,Male,19900.0,Berlin,High School,Married,2023-06-14 16:33:41.962196218
40.0,43600.0,Male,19700.0,London,Bachelor,Married,2023-06-14 17:26:07.236723672
55.0,44200.0,Male,28500.0,Berlin,PhD,Married,2023-06-14 18:18:32.511251124
35.0,70300.0,Female,50900.0,Paris,Bachelor,Married,2023-06-14 19:10:57.785778578
43.0,49500.0,Male,34700.0,Berlin,High School,Single,2023-06-14 20:03:23.060306030
23.0,36400.0,Female,18100.0,London,High School,Widowed,
21.0,58400.0,Male,29400.0,London,High School,Single,2023-06-14 21:48:13.609360936
61.0,43900.0,Male,34600.0,Paris,High School,Married,2023-06-14 22:40:38.883888388
68.0,31600.0,Male,23900.0,Berlin,Bachelor,Widowed,2023-06-14 23:33:04.158415840
46.0,36600.0,Female,19300.0,Paris,High School,Single,2023-06-15 00:25:29.432943294
51.0,76000.0,Male,55500.0,Paris,High School,Single,2023-06-15 01:17:54.707470746
34.0,55800.0,Male,25900.0,Paris,High School,Married,2023-06-15 02:10:19.981998200
60.0,51600.0,Female,24700.0,Paris,High School,Married,2023-06-15 03:02:45.256525652
60.0,46300.0,Male,21900.0,London,Bachelor,Single,2023-06-15 03:55:10.531053104
33.0,,Female,23700.0,Paris,High School,Married,2023-06-15 04:47:35.805580558
19.0,54200.0,Female,40200.0,Paris,Bachelor,Single,2023-06-15 05:40:01.080108010
51.0,54400.0,Female,34400.0,Paris,Bachelor,Divorced,2023-06-15 06:32:26.354635462
25.0,51700.0,Male,26000.0,London,High School,Single,2023-06-15 07:24:51.629162916
30.0,63000.0,Male,46600.0,London,PhD,Married,2023-06-15 08:17:16.903690368
59.0,50300.0,Female,36300.0,Paris,High School,Single,2023-06-15 09:09:42.178217822
25.0,35300.0,Male,15500.0,London,High School,Single,2023-06-15 10:02:07.452745274
47.0,40800.0,Male,26800.0,London,Master,Single,2023-06-15 10:54:32.727272726
49.0,,Female,14000.0,Berlin,High School,Single,2023-06-15 11:46:58.001800180
53.0,80400.0,Male,,Paris,High School,Married,2023-06-15 12:39:23.276327632
64.0,62900.0,Female,43400.0,Madrid,Master,Married,2023-06-15 13:31:48.550855084
47.0,37500.0,Female,17500.0,Paris,Bachelor,Single,2023-06-15 14:24:13.825382538
18.0,45800.0,Female,24100.0,Berlin,High School,Single,2023-06-15 15:16:39.099909990
60.0,40400.0,Male,29800.0,London,Bachelor,Divorced,2023-06-15 16:09:04.374437444
56.0,73100.0,Male,55500.0,Paris,Master,Divorced,2023-06-15 17:01:29.648964896
34.0,28700.0,Male,14700.0,London,High School,Single,2023-06-15 17:53:54.923492348
37.0,51700.0,Male,21200.0,Berlin,Bachelor,Married,2023-06-15 18:46:20.198019802
41.0,48400.0,Male,36000.0,London,PhD,Single,2023-06-15 19:38:45.472547254
67.0,62400.0,Male,34400.0,London,PhD,Single,2023-06-15 20:31:10.747074706
39.0,48400.0,Male,25700.0,Paris,Bachelor,Single,2023-06-15 21:23:36.021602160
46.0,23600.0,Male,12700.0,Madrid,High School,Married,2023-06-15 22:16:01.296129612
39.0,46200.0,Female,26200.0,Berlin,Bachelor,Married,2023-06-15 23:08:26.570657064
61.0,35400.0,Male,19500.0,Paris,High School,Divorced,2023-06-16 00:00:51.845184518
26.0,51200.0,Male,32100.0,Berlin,Bachelor,Single,2023-06-16 00:53:17.119711970
54.0,71500.0,Male,,Paris,High School,Single,2023-06-16 01:45:42.394239424
27.0,23900.0,Female,18800.0,Berlin,Bachelor,Single,2023-06-16 02:38:07.668766876
53.0,38000.0,Male,29400.0,London,High School,Married,2023-06-16 03:30:32.943294328
54.0,41700.0,Male,32300.0,London,Master,Single,2023-06-16 04:22:58.217821782
45.0,44300.0,Male,33300.0,Paris,High School,Married,2023-06-16 05:15:23.492349234
45.0,61100.0,Male,40600.0,Rome,High School,Married,2023-06-16 06:07:48.766876686
59.0,,Female,23200.0,Berlin,Bachelor,Married,2023-06-16 07:00:14.041404140
60.0,56200.0,Female,23600.0,Berlin,High School,Single,2023-06-16 07:52:39.315931592
38.0,40600.0,Male,17900.0,Paris,High School,Single,2023-06-16 08:45:04.590459046
41.0,53400.0,Female,28300.0,Paris,Master,Single,2023-06-16 09:37:29.864986498
59.0,61700.0,Female,37100.0,London,Bachelor,Married,2023-06-16 10:29:55.139513950
,39000.0,,31100.0,Berlin,Bachelor,Single,2023-06-16 11:22:20.414041404
19.0,61700.0,Male,35400.0,Madrid,High School,Single,2023-06-16 12:14:45.688568856
25.0,50800.0,Male,31000.0,Paris,Bachelor,Widowed,2023-06-16 13:07:10.963096308
65.0,65700.0,Male,44500.0,London,High School,Single,2023-06-16 13:59:36.237623762
44.0,47000.0,Male,22200.0,Berlin,High School,Single,
39.0,55700.0,Male,43100.0,Paris,Master,Single,2023-06-16 15:44:26.786678668
54.0,49400.0,Female,30200.0,London,Bachelor,Married,2023-06-16 16:36:52.061206120
,48600.0,,24800.0,Paris,PhD,Single,2023-06-16 17:29:17.335733572
46.0,53900.0,Female,41700.0,London,Bachelor,Married,2023-06-16 18:21:42.610261026
20.0,58100.0,Male,37800.0,Madrid,Bachelor,Married,2023-06-16 19:14:07.884788478
61.0,31300.0,Male,18600.0,Madrid,Bachelor,Widowed,2023-06-16 20:06:33.159315930
30.0,71500.0,Male,45200.0,London,High School,Single,2023-06-16 20:58:58.433843384
62.0,22100.0,Male,15500.0,Paris,High School,Married,2023-06-16 21:51:23.708370836
27.0,39700.0,Female,18300.0,London,High School,Single,2023-06-16 22:43:48.982898290
53.0,48600.0,Male,36300.0,Madrid,High School,Single,2023-06-16 23:36:14.257425742
26.0,56200.0,Female,44000.0,London,PhD,Single,2023-06-17 00:28:39.531953194
44.0,73600.0,Male,46100.0,London,High School,Married,2023-06-17 01:21:04.806480648
51.0,22100.0,Male,14900.0,Madrid,Bachelor,Single,2023-06-17 02:13:30.081008100
68.0,42400.0,Male,31500.0,Berlin,Bachelor,Single,2023-06-17 03:05:55.355535552
18.0,18100.0,Male,10000.0,Madrid,Bachelor,Single,2023-06-17 03:58:20.630063006
49.0,50500.0,Male,40300.0,Madrid,Bachelor,Single,2023-06-17 04:50:45.904590458
42.0,54100.0,Male,36400.0,Paris,High School,Single,2023-06-17 05:43:11.179117912
46.0,73900.0,Male,42100.0,Madrid,Master,Single,2023-06-17 06:35:36.453645364
24.0,51800.0,Female,34800.0,London,Master,Single,2023-06-17 07:28:01.728172816
66.0,,Female,40000.0,Paris,Bachelor,Single,2023-06-17 08:20:27.002700270
20.0,58800.0,Female,26100.0,London,Master,Single,2023-06-17 09:12:52.277227722
37.0,43500.0,Female,31200.0,London,High School,Married,2023-06-17 10:05:17.551755174
37.0,28900.0,Female,18100.0,Paris,High School,,2023-06-17 10:57:42.826282628
47.0,54100.0,Male,38900.0,Rome,Bachelor,Married,2023-06-17 11:50:08.100810080
52.0,27600.0,Male,12800.0,Paris,Master,Married,2023-06-17 12:42:33.375337534
52.0,69400.0,Male,42700.0,Madrid,High School,Married,2023-06-17 13:34:58.649864986
66.0,47600.0,Female,33600.0,Paris,Bachelor,Single,2023-06-17 14:27:23.924392438
56.0,67900.0,Male,54000.0,Paris,High School,Married,2023-06-17 15:19:49.198919892
44.0,42800.0,Male,32300.0,London,PhD,Single,2023-06-17 16:12:14.473447344
43.0,54000.0,Female,40300.0,Berlin,Bachelor,Married,2023-06-17 17:04:39.747974796
31.0,53100.0,Male,26500.0,Paris,High School,Married,2023-06-17 17:57:05.022502250
34.0,,Female,36200.0,Rome,PhD,Married,2023-06-17 18:49:30.297029702
35.0,43500.0,Female,20300.0,Berlin,High School,Married,2023-06-17 19:41:55.571557154
62.0,55900.0,Male,26800.0,Berlin,High School,Single,2023-06-17 20:34:20.846084608
69.0,36100.0,Male,16000.0,Paris,High School,Single,2023-06-17 21:26:46.120612060
46.0,31900.0,Female,23700.0,London,High School,Single,2023-06-17 22:19:11.395139514
37.0,68600.0,Male,30400.0,Madrid,High School,Married,2023-06-17 23:11:36.669666966
44.0,60900.0,Female,27700.0,Paris,High School,Married,2023-06-18 00:04:01.944194418
35.0,,Female,25400.0,Paris,Master,Single,
21.0,75000.0,Male,47200.0,London,High School,Widowed,2023-06-18 01:48:52.493249324
18.0,46000.0,Male,34600.0,Madrid,High School,Widowed,2023-06-18 02:41:17.767776776
67.0,69800.0,Male,39600.0,London,Bachelor,Single,2023-06-18 03:33:43.042304230
18.0,52600.0,Male,32500.0,London,Bachelor,Married,2023-06-18 04:26:08.316831682
,34600.0,,16100.0,London,PhD,Single,2023-06-18 05:18:33.591359136
62.0,,Female,39300.0,Madrid,Bachelor,,2023-06-18 06:10:58.865886588
37.0,64900.0,Male,29400.0,Paris,Bachelor,Married,2023-06-18 07:03:24.140414040
69.0,48200.0,Female,27200.0,Paris,High School,Married,2023-06-18 07:55:49.414941494
,60900.0,,38700.0,Paris,High School,Single,2023-06-18 08:48:14.689468946
27.0,43900.0,Male,22500.0,Paris,High School,Divorced,2023-06-18 09:40:39.963996398
28.0,62400.0,Male,46100.0,Paris,High School,Divorced,2023-06-18 10:33:05.238523852
58.0,14100.0,Female,11200.0,Paris,High School,Married,2023-06-18 11:25:30.513051304
58.0,34700.0,Male,15500.0,London,Bachelor,Single,2023-06-18 12:17:55.787578758
22.0,64700.0,Male,26300.0,Paris,High School,Married,2023-06-18 13:10:21.062106210
18.0,46300.0,Female,33100.0,London,PhD,Married,
34.0,53100.0,Male,25300.0,Madrid,PhD,Widowed,2023-06-18 14:55:11.611161116
39.0,29800.0,Male,16100.0,Paris,Bachelor,Single,2023-06-18 15:47:36.885688568
51.0,77700.0,Male,43300.0,Paris,Bachelor,Single,2023-06-18 16:40:02.160216020
62.0,67900.0,Female,52100.0,Paris,High School,Married,2023-06-18 17:32:27.434743474
58.0,47000.0,Male,31200.0,London,High School,Single,2023-06-18 18:24:52.709270926
46.0,43900.0,Male,18300.0,Berlin,PhD,Married,2023-06-18 19:17:17.983798380
21.0,65400.0,Male,26500.0,Berlin,High School,Single,2023-06-18 20:09:43.258325832
22.0,,Female,38200.0,London,High School,,2023-06-18 21:02:08.532853284
28.0,64300.0,Male,33900.0,Madrid,High School,Married,2023-06-18 21:54:33.807380738
68.0,82600.0,Male,49000.0,Berlin,Bachelor,Married,
38.0,36200.0,Male,26600.0,Paris,High School,Married,
52.0,37700.0,Male,19800.0,Paris,Master,Divorced,2023-06-19 00:31:49.630963096
29.0,32200.0,Female,17700.0,London,High School,Married,2023-06-19 01:24:14.905490548
43.0,56600.0,Male,30100.0,Rome,Master,Single,2023-06-19 02:16:40.180018002
68.0,,Female,21200.0,Paris,PhD,Married,2023-06-19 03:09:05.454545454
36.0,47700.0,Female,37300.0,Paris,Bachelor,Single,2023-06-19 04:01:30.729072906
62.0,62100.0,Female,28300.0,Madrid,Bachelor,Single,2023-06-19 04:53:56.003600360
24.0,68500.0,Male,35300.0,Paris,High School,Divorced,2023-06-19 05:46:21.278127812
64.0,27100.0,Female,12200.0,London,Master,Married,2023-06-19 06:38:46.552655264
24.0,41000.0,Male,24400.0,Paris,Bachelor,Married,2023-06-19 07:31:11.827182718
43.0,,Female,48100.0,Paris,High School,Married,2023-06-19 08:23:37.101710170
57.0,43000.0,Male,18900.0,London,High School,Married,2023-06-19 09:16:02.376237624
22.0,38000.0,Female,21900.0,London,High School,Divorced,2023-06-19 10:08:27.650765076
38.0,65300.0,Male,26700.0,Paris,Bachelor,Single,2023-06-19 11:00:52.925292528
31.0,,Female,21700.0,Berlin,High School,Married,2023-06-19 11:53:18.199819982
21.0,,Female,29900.0,Paris,Bachelor,Single,2023-06-19 12:45:43.474347434
40.0,54900.0,Female,37300.0,London,Bachelor,Single,2023-06-19 13:38:08.748874886
59.0,41400.0,Female,24400.0,Paris,High School,Single,2023-06-19 14:30:34.023402340
37.0,61700.0,Male,47100.0,Berlin,Master,Single,2023-06-19 15:22:59.297929792
32.0,41500.0,Male,23400.0,Berlin,Bachelor,Married,2023-06-19 16:15:24.572457244
67.0,71100.0,Female,43100.0,Paris,High School,Married,
69.0,48100.0,Male,32600.0,Paris,Master,Single,2023-06-19 18:00:15.121512150
62.0,60100.0,Male,36600.0,Madrid,Master,Single,2023-06-19 18:52:40.396039604
46.0,61200.0,Male,29100.0,London,Bachelor,Single,2023-06-19 19:45:05.670567056
25.0,40600.0,Male,21400.0,London,High School,Single,2023-06-19 20:37:30.945094508
58.0,19200.0,Male,8400.0,Paris,High School,Single,2023-06-19 21:29:56.219621962
65.0,55400.0,Male,31700.0,Rome,Master,Single,2023-06-19 22:22:21.494149414
36.0,51100.0,Male,32900.0,Madrid,Bachelor,Married,2023-06-19 23:14:46.768676866
65.0,58300.0,Male,26100.0,Paris,Bachelor,Divorced,2023-06-20 00:07:12.043204320
56.0,46600.0,Male,30400.0,London,PhD,Single,2023-06-20 00:59:37.317731772
63.0,43500.0,Male,32900.0,Madrid,High School,Single,2023-06-20 01:52:02.592259226
45.0,80100.0,Male,42900.0,London,High School,Married,2023-06-20 02:44:27.866786678
63.0,27900.0,Male,13600.0,London,Master,Divorced,2023-06-20 03:36:53.141314130
44.0,61000.0,Female,46200.0,Paris,High School,,2023-06-20 04:29:18.415841584
21.0,41400.0,Male,28000.0,Paris,High School,Divorced,2023-06-20 05:21:43.690369036
32.0,45000.0,Female,19900.0,Berlin,Master,Single,2023-06-20 06:14:08.964896488
52.0,45200.0,Female,25500.0,London,Bachelor,Married,2023-06-20 07:06:34.239423942
54.0,37900.0,Male,25400.0,London,Bachelor,Single,2023-06-20 07:58:59.513951394
18.0,58600.0,Male,36900.0,Paris,Bachelor,Divorced,2023-06-20 08:51:24.788478848
20.0,70900.0,Male,45900.0,Berlin,High School,Single,2023-06-20 09:43:50.063006300
64.0,57100.0,Male,35800.0,Berlin,Bachelor,Married,2023-06-20 10:36:15.337533752
41.0,51600.0,Male,37100.0,London,Bachelor,Single,2023-06-20 11:28:40.612061206
44.0,35200.0,Male,18600.0,Madrid,High School,Single,2023-06-20 12:21:05.886588658
57.0,57800.0,Male,39500.0,Paris,Bachelor,Married,2023-06-20 13:13:31.161116110
53.0,82300.0,Male,65500.0,Berlin,High School,Widowed,2023-06-20 14:05:56.435643564
51.0,44300.0,Female,24600.0,London,High School,Widowed,2023-06-20 14:58:21.710171016
46.0,44400.0,Male,31800.0,Paris,High School,Married,2023-06-20 15:50:46.984698470
41.0,41600.0,Female,20700.0,Paris,High School,Married,2023-06-20 16:43:12.259225922
41.0,42700.0,Male,21900.0,Paris,Master,Widowed,
59.0,8800.0,Male,6800.0,Madrid,High School,Single,2023-06-20 18:28:02.808280828
21.0,56100.0,Male,23000.0,Berlin,High School,Single,2023-06-20 19:20:28.082808280
20.0,37300.0,Female,18200.0,London,High School,Single,2023-06-20 20:12:53.357335732
51.0,25800.0,Male,15300.0,Paris,Bachelor,Married,2023-06-20 21:05:18.631863186
66.0,61300.0,Male,34400.0,Rome,High School,Widowed,2023-06-20 21:57:43.906390638
40.0,33800.0,Female,22000.0,Paris,High School,Married,2023-06-20 22:50:09.180918092
69.0,44900.0,Male,21400.0,London,Bachelor,Married,2023-06-20 23:42:34.455445544
40.0,72000.0,Male,,Berlin,Bachelor,Married,2023-06-21 00:34:59.729972996
62.0,28900.0,Female,15800.0,Paris,Master,Divorced,2023-06-21 01:27:25.004500450
22.0,27000.0,Female,16500.0,London,Master,,2023-06-21 02:19:50.279027902
48.0,54000.0,Male,33700.0,Paris,High School,,2023-06-21 03:12:15.553555354
58.0,67200.0,Male,43000.0,Paris,Bachelor,Single,2023-06-21 04:04:40.828082808
23.0,26400.0,Female,16400.0,Berlin,Bachelor,Married,2023-06-21 04:57:06.102610260
54.0,56100.0,Female,28000.0,Paris,High School,Single,2023-06-21 05:49:31.377137714
27.0,58700.0,Male,41400.0,London,High School,Single,2023-06-21 06:41:56.651665166
57.0,19100.0,Female,8300.0,Paris,High School,Single,2023-06-21 07:34:21.926192618
24.0,62000.0,Male,29700.0,London,High School,Divorced,2023-06-21 08:26:47.200720072
56.0,63100.0,Male,43900.0,Paris,High School,Single,2023-06-21 09:19:12.475247524
55.0,45300.0,Male,23200.0,Berlin,PhD,Married,2023-06-21 10:11:37.749774976
38.0,68800.0,Male,41100.0,Paris,Master,Single,2023-06-21 11:04:03.024302430
37.0,67000.0,Male,35600.0,Berlin,High School,Widowed,2023-06-21 11:56:28.298829882
20.0,51500.0,Male,31000.0,London,High School,Married,2023-06-21 12:48:53.573357334
68.0,43200.0,Male,23300.0,London,High School,Single,2023-06-21 13:41:18.847884788
39.0,35400.0,Male,28200.0,Madrid,High School,Single,2023-06-21 14:33:44.122412240
64.0,49400.0,Male,26800.0,Paris,Bachelor,Widowed,2023-06-21 15:26:09.396939694
21.0,58500.0,Female,38100.0,Paris,Bachelor,Widowed,2023-06-21 16:18:34.671467146
,45100.0,,34100.0,Paris,High School,Married,2023-06-21 17:10:59.945994598
29.0,17000.0,Male,11100.0,Paris,High School,Married,2023-06-21 18:03:25.220522052
55.0,,Female,43200.0,Rome,PhD,,2023-06-21 18:55:50.495049504
68.0,52900.0,Male,33200.0,Paris,High School,Married,
53.0,44300.0,Male,26500.0,Berlin,High School,Divorced,2023-06-21 20:40:41.044104410
64.0,62900.0,Female,45500.0,London,High School,Single,2023-06-21 21:33:06.318631862
58.0,72900.0,Male,30600.0,Paris,High School,Widowed,
,8000.0,,6000.0,Madrid,Master,Married,2023-06-21 23:17:56.867686768
30.0,56500.0,Male,35900.0,Rome,Bachelor,Married,2023-06-22 00:10:22.142214220
40.0,28600.0,Male,21200.0,Madrid,High School,Single,2023-06-22 01:02:47.416741674
67.0,57500.0,Male,23200.0,London,High School,Married,
47.0,51900.0,Female,38800.0,Paris,Master,Married,2023-06-22 02:47:37.965796578
54.0,59500.0,Male,26700.0,Paris,High School,Single,2023-06-22 03:40:03.240324032
42.0,,Female,29300.0,London,High School,Married,2023-06-22 04:32:28.514851484
65.0,21900.0,Female,12400.0,Paris,Master,Single,2023-06-22 05:24:53.789378938
44.0,43200.0,Male,29000.0,Berlin,Master,Widowed,2023-06-22 06:17:19.063906390
68.0,56100.0,Male,36500.0,Berlin,Bachelor,Single,2023-06-22 07:09:44.338433842
31.0,65200.0,Male,30300.0,Paris,Bachelor,Single,2023-06-22 08:02:09.612961296
65.0,32400.0,Male,19600.0,London,High School,Single,
64.0,65400.0,Male,33400.0,Rome,Master,,2023-06-22 09:47:00.162016200
53.0,40300.0,Female,25200.0,Paris,High School,Married,2023-06-22 10:39:25.436543654
56.0,,Female,38500.0,Paris,High School,,2023-06-22 11:31:50.711071106
33.0,42400.0,Male,18300.0,Paris,High School,Single,2023-06-22 12:24:15.985598560
39.0,52700.0,Male,32000.0,Paris,High School,Divorced,2023-06-22 13:16:41.260126012
38.0,63400.0,Male,41000.0,Paris,High School,Divorced,2023-06-22 14:09:06.534653464
38.0,31600.0,Male,16400.0,Paris,High School,Single,2023-06-22 15:01:31.809180918
25.0,39800.0,Female,31100.0,Paris,High School,Single,2023-06-22 15:53:57.083708370
66.0,52800.0,Female,32100.0,London,High School,Single,2023-06-22 16:46:22.358235822
33.0,86000.0,Male,40700.0,Paris,High School,Divorced,2023-06-22 17:38:47.632763276
48.0,37100.0,Male,16400.0,Paris,High School,Single,2023-06-22 18:31:12.907290728
59.0,80600.0,Male,49700.0,Madrid,High School,Single,2023-06-22 19:23:38.181818182
27.0,80100.0,Male,44100.0,London,High School,Single,2023-06-22 20:16:03.456345634
49.0,48500.0,Male,23100.0,Paris,High School,Divorced,2023-06-22 21:08:28.730873086
51.0,45500.0,Male,18800.0,Madrid,High School,Married,2023-06-22 22:00:54.005400540
26.0,39600.0,Male,24800.0,Paris,Bachelor,Married,2023-06-22 22:53:19.279927992
34.0,49000.0,Male,31300.0,Paris,High School,Married,2023-06-22 23:45:44.554455444
28.0,28900.0,Male,13200.0,Madrid,High School,Married,2023-06-23 00:38:09.828982898
49.0,48900.0,Male,31300.0,Paris,Master,Married,2023-06-23 01:30:35.103510350
27.0,72500.0,Male,56600.0,Madrid,Bachelor,Single,2023-06-23 02:23:00.378037804
39.0,40800.0,Male,32300.0,Berlin,Bachelor,Married,2023-06-23 03:15:25.652565256
34.0,46400.0,Male,35100.0,Paris,Bachelor,Married,2023-06-23 04:07:50.927092708
21.0,24500.0,Male,17700.0,Paris,High School,Married,
65.0,,Female,26900.0,Paris,Bachelor,Single,2023-06-23 05:52:41.476147614
69.0,54000.0,Male,25000.0,Paris,Bachelor,Single,2023-06-23 06:45:06.750675066
64.0,51000.0,Male,29500.0,Madrid,High School,Widowed,2023-06-23 07:37:32.025202520
42.0,46700.0,Female,30300.0,London,Bachelor,Married,2023-06-23 08:29:57.299729972
38.0,45600.0,Male,33800.0,Paris,Bachelor,Married,2023-06-23 09:22:22.574257424
54.0,57500.0,Female,28300.0,London,High School,Married,2023-06-23 10:14:47.848784878
55.0,49600.0,Male,29400.0,Paris,High School,Single,2023-06-23 11:07:13.123312330
66.0,54700.0,Male,36000.0,Paris,High School,Single,2023-06-23 11:59:38.397839784
18.0,53200.0,Male,30800.0,Paris,High School,Single,2023-06-23 12:52:03.672367236
42.0,66900.0,Male,38900.0,Berlin,High School,Single,2023-06-23 13:44:28.946894688
68.0,60200.0,Male,29500.0,Paris,High School,Married,2023-06-23 14:36:54.221422142
53.0,52900.0,Male,42000.0,London,High School,Single,2023-06-23 15:29:19.495949594
34.0,72800.0,Female,43000.0,Paris,Master,Single,2023-06-23 16:21:44.770477046
,56300.0,,34500.0,London,Bachelor,Single,2023-06-23 17:14:10.045004500
41.0,69600.0,Male,33900.0,Paris,Bachelor,Single,2023-06-23 18:06:35.319531952
19.0,59100.0,Male,35800.0,Paris,High School,Single,2023-06-23 18:59:00.594059406
57.0,22400.0,Female,11200.0,London,High School,Single,2023-06-23 19:51:25.868586858
32.0,69600.0,Female,33500.0,London,Bachelor,Single,2023-06-23 20:43:51.143114310
49.0,52000.0,Female,26500.0,Paris,High School,Single,2023-06-23 21:36:16.417641764
56.0,49200.0,Male,19700.0,Berlin,High School,Single,2023-06-23 22:28:41.692169216
23.0,54200.0,Male,34000.0,Paris,Master,Married,2023-06-23 23:21:06.966696668
18.0,44800.0,Male,24900.0,Berlin,High School,Single,2023-06-24 00:13:32.241224122
64.0,53400.0,Male,40600.0,London,High School,Single,2023-06-24 01:05:57.515751574
40.0,41100.0,Female,17100.0,Madrid,PhD,Single,2023-06-24 01:58:22.790279028
56.0,69100.0,Female,28800.0,London,High School,Married,2023-06-24 02:50:48.064806480
34.0,48300.0,Male,36400.0,Paris,Bachelor,Single,2023-06-24 03:43:13.339333932
,44300.0,,20000.0,Berlin,Master,Divorced,2023-06-24 04:35:38.613861386
58.0,36100.0,Male,14500.0,Berlin,High School,,2023-06-24 05:28:03.888388838
46.0,54000.0,Male,25500.0,Rome,Master,Single,2023-06-24 06:20:29.162916290
26.0,52800.0,Male,38500.0,Paris,High School,Single,
30.0,55800.0,Male,40200.0,London,Master,Single,2023-06-24 08:05:19.711971196
23.0,34600.0,Female,18500.0,London,High School,Married,2023-06-24 08:57:44.986498650
23.0,26000.0,Male,17300.0,London,PhD,Single,2023-06-24 09:50:10.261026102
37.0,59400.0,Female,35800.0,Rome,Bachelor,Married,2023-06-24 10:42:35.535553554
69.0,72300.0,Male,55100.0,London,Bachelor,Married,2023-06-24 11:35:00.810081008
20.0,34600.0,Male,14600.0,London,Master,,2023-06-24 12:27:26.084608460
34.0,73800.0,Male,53500.0,Paris,High School,Married,2023-06-24 13:19:51.359135912
66.0,54300.0,Male,25400.0,Paris,High School,,2023-06-24 14:12:16.633663366
29.0,49900.0,Male,27800.0,Paris,High School,Single,2023-06-24 15:04:41.908190818
65.0,44000.0,Male,21000.0,Paris,High School,Single,2023-06-24 15:57:07.182718272
64.0,29200.0,Male,19900.0,Paris,Bachelor,Single,2023-06-24 16:49:32.457245724
62.0,,Female,43500.0,Paris,Master,Single,
18.0,38400.0,Male,23800.0,London,High School,Single,2023-06-24 18:34:23.006300630
34.0,38300.0,Female,26000.0,London,High School,Married,2023-06-24 19:26:48.280828082
20.0,64900.0,Male,42600.0,Berlin,Bachelor,Married,2023-06-24 20:19:13.555355534
43.0,21800.0,Male,15500.0,London,High School,Single,2023-06-24 21:11:38.829882988
32.0,27100.0,Male,13400.0,London,Bachelor,Single,2023-06-24 22:04:04.104410440
53.0,49700.0,Female,28400.0,Paris,High School,Single,2023-06-24 22:56:29.378937894
49.0,54400.0,Male,25100.0,Madrid,High School,Single,2023-06-24 23:48:54.653465346
49.0,57300.0,Male,32800.0,Paris,Bachelor,Single,2023-06-25 00:41:19.927992798
21.0,45500.0,Male,31000.0,Rome,High School,Single,2023-06-25 01:33:45.202520252
35.0,88000.0,Male,59500.0,London,High School,Single,2023-06-25 02:26:10.477047704
66.0,46600.0,Female,31900.0,Paris,Bachelor,Single,2023-06-25 03:18:35.751575156
36.0,46500.0,Male,24300.0,Paris,High School,Single,2023-06-25 04:11:01.026102610
60.0,38000.0,Male,25300.0,Paris,Bachelor,Single,2023-06-25 05:03:26.300630062
69.0,51900.0,Female,28400.0,Paris,PhD,Single,2023-06-25 05:55:51.575157514
52.0,59200.0,Male,46000.0,Paris,Bachelor,Single,2023-06-25 06:48:16.849684968
57.0,68100.0,Male,36600.0,London,Bachelor,Single,2023-06-25 07:40:42.124212420
31.0,27700.0,Male,17800.0,Paris,High School,Married,2023-06-25 08:33:07.398739874
50.0,46300.0,Female,32400.0,London,Bachelor,Married,2023-06-25 09:25:32.673267326
31.0,56700.0,Female,43200.0,Berlin,High School,Single,2023-06-25 10:17:57.947794778
51.0,58800.0,Male,33800.0,London,Bachelor,Single,2023-06-25 11:10:23.222322232
21.0,50100.0,Female,27300.0,Paris,High School,Single,2023-06-25 12:02:48.496849684
41.0,58100.0,Male,33200.0,Paris,High School,Single,2023-06-25 12:55:13.771377136
46.0,37900.0,Male,20100.0,Paris,Bachelor,Single,2023-06-25 13:47:39.045904590
36.0,73400.0,Male,,Berlin,Bachelor,Single,2023-06-25 14:40:04.320432042
23.0,64900.0,Male,50200.0,London,High School,Single,2023-06-25 15:32:29.594959496
50.0,29800.0,Male,13400.0,London,High School,Divorced,2023-06-25 16:24:54.869486948
66.0,,Female,21200.0,Paris,High School,Widowed,2023-06-25 17:17:20.144014400
57.0,34300.0,Male,26000.0,Paris,Bachelor,Married,2023-06-25 18:09:45.418541854
36.0,,Female,26500.0,Berlin,High School,Married,2023-06-25 19:02:10.693069306
18.0,30700.0,Male,18300.0,London,High School,Single,
22.0,45000.0,Male,33600.0,Rome,High School,Married,2023-06-25 20:47:01.242124212
44.0,56800.0,Male,43200.0,Rome,High School,Single,2023-06-25 21:39:26.516651664
33.0,49000.0,Male,29700.0,Berlin,Bachelor,Widowed,2023-06-25 22:31:51.791179118
23.0,53900.0,Female,22100.0,Paris,High School,Married,2023-06-25 23:24:17.065706570
,34000.0,,15000.0,Paris,High School,Single,2023-06-26 00:16:42.340234022
30.0,58900.0,Female,37400.0,Paris,Master,Married,2023-06-26 01:09:07.614761476
65.0,40800.0,Female,18300.0,Rome,Bachelor,Single,2023-06-26 02:01:32.889288928
52.0,45100.0,Male,20700.0,Paris,Bachelor,Single,2023-06-26 02:53:58.163816380
36.0,53600.0,Male,38000.0,Berlin,Bachelor,Divorced,2023-06-26 03:46:23.438343834
29.0,51500.0,Male,36100.0,Rome,Master,Single,2023-06-26 04:38:48.712871286
33.0,50400.0,Male,37200.0,Berlin,High School,Married,2023-06-26 05:31:13.987398740
60.0,38700.0,Male,17100.0,London,High School,Single,2023-06-26 06:23:39.261926192
27.0,45500.0,Male,21800.0,Paris,Bachelor,Single,2023-06-26 07:16:04.536453644
42.0,50000.0,Male,36700.0,Paris,Master,Married,2023-06-26 08:08:29.810981098
37.0,29400.0,Female,20200.0,London,High School,Divorced,2023-06-26 09:00:55.085508550
48.0,43100.0,Male,31100.0,Rome,High School,Single,2023-06-26 09:53:20.360036002
21.0,55800.0,Male,44400.0,Madrid,PhD,Single,2023-06-26 10:45:45.634563456
61.0,30800.0,Male,23000.0,Paris,High School,Single,2023-06-26 11:38:10.909090908
40.0,,Female,40900.0,Paris,High School,Married,2023-06-26 12:30:36.183618362
19.0,69000.0,Male,36200.0,London,High School,Single,2023-06-26 13:23:01.458145814
39.0,31300.0,Male,19700.0,London,High School,Married,2023-06-26 14:15:26.732673266
68.0,,Female,46100.0,Paris,Master,Married,2023-06-26 15:07:52.007200720
54.0,47800.0,Female,25500.0,Paris,High School,Single,2023-06-26 16:00:17.281728172
25.0,56300.0,Female,39900.0,Rome,Bachelor,Single,2023-06-26 16:52:42.556255624
24.0,42600.0,Male,18600.0,Rome,High School,Single,2023-06-26 17:45:07.830783078
31.0,63800.0,Female,45400.0,London,Bachelor,Single,2023-06-26 18:37:33.105310530
20.0,56100.0,Male,23200.0,London,High School,Divorced,2023-06-26 19:29:58.379837984
67.0,37800.0,Female,22600.0,Paris,High School,Married,2023-06-26 20:22:23.654365436
33.0,32500.0,Male,24200.0,Berlin,Master,Married,2023-06-26 21:14:48.928892888
36.0,28100.0,Female,12200.0,Paris,High School,Married,2023-06-26 22:07:14.203420342
68.0,,Female,32100.0,Paris,Bachelor,Single,2023-06-26 22:59:39.477947794
35.0,58600.0,Male,27200.0,Paris,Master,Single,2023-06-26 23:52:04.752475246
69.0,59800.0,Female,45300.0,Paris,High School,Single,2023-06-27 00:44:30.027002700
33.0,48200.0,Male,35300.0,Madrid,High School,Widowed,2023-06-27 01:36:55.301530152
25.0,32600.0,Male,25200.0,Rome,High School,Divorced,2023-06-27 02:29:20.576057604
50.0,39800.0,Male,29800.0,London,High School,Married,2023-06-27 03:21:45.850585058
,67300.0,,46700.0,Berlin,Bachelor,Single,2023-06-27 04:14:11.125112510
29.0,42700.0,Male,20200.0,Paris,High School,Married,2023-06-27 05:06:36.399639964
28.0,52200.0,Male,27200.0,London,PhD,Single,
22.0,33900.0,Male,20300.0,Berlin,Master,Married,2023-06-27 06:51:26.948694868
44.0,55000.0,Female,35000.0,London,Master,Single,
29.0,43100.0,Female,30700.0,Paris,High School,Single,2023-06-27 08:36:17.497749774
34.0,65700.0,Male,32200.0,Berlin,High School,Single,2023-06-27 09:28:42.772277226
23.0,61600.0,Male,27800.0,Paris,High School,Married,2023-06-27 10:21:08.046804680
50.0,42600.0,Male,25300.0,Paris,Bachelor,Married,2023-06-27 11:13:33.321332132
22.0,48100.0,Male,22300.0,London,High School,Single,2023-06-27 12:05:58.595859586
45.0,41700.0,Male,28300.0,Paris,Master,Married,2023-06-27 12:58:23.870387038
31.0,28700.0,Male,18100.0,London,Bachelor,Married,2023-06-27 13:50:49.144914490
22.0,37100.0,Female,25800.0,London,Bachelor,Married,2023-06-27 14:43:14.419441944
50.0,53000.0,Male,22500.0,Paris,Bachelor,Married,2023-06-27 15:35:39.693969396
67.0,54900.0,Male,43100.0,Rome,Bachelor,Single,2023-06-27 16:28:04.968496848
65.0,52200.0,Male,20900.0,Berlin,High School,Divorced,2023-06-27 17:20:30.243024302
58.0,45500.0,Male,24100.0,Paris,High School,Single,2023-06-27 18:12:55.517551754
36.0,64000.0,Male,43000.0,Berlin,High School,Single,2023-06-27 19:05:20.792079208
39.0,51000.0,Male,21300.0,Paris,Bachelor,Married,2023-06-27 19:57:46.066606660
22.0,60500.0,Female,26200.0,Berlin,High School,Single,2023-06-27 20:50:11.341134112
19.0,23400.0,Male,10100.0,Berlin,Master,Divorced,2023-06-27 21:42:36.615661566
47.0,-8800.0,Male,-5600.0,Paris,Master,Single,2023-06-27 22:35:01.890189018
64.0,54300.0,Female,41200.0,London,High School,Single,2023-06-27 23:27:27.164716470
56.0,,Female,17800.0,Madrid,Bachelor,Widowed,2023-06-28 00:19:52.439243924
21.0,,Female,30000.0,Paris,High School,Married,2023-06-28 01:12:17.713771376
50.0,,Female,24500.0,Paris,High School,Married,2023-06-28 02:04:42.988298830
30.0,73800.0,Female,30100.0,Paris,Master,,2023-06-28 02:57:08.262826282
37.0,56000.0,Male,22900.0,Paris,PhD,,2023-06-28 03:49:33.537353734
,52500.0,,39700.0,Paris,Bachelor,Single,2023-06-28 04:41:58.811881188
32.0,62600.0,Male,27600.0,Paris,Master,Single,2023-06-28 05:34:24.086408640
40.0,55500.0,Male,44400.0,Paris,Bachelor,Single,2023-06-28 06:26:49.360936092
31.0,43100.0,Male,20100.0,Paris,Bachelor,Divorced,2023-06-28 07:19:14.635463546
40.0,66100.0,Male,44300.0,London,High School,Single,2023-06-28 08:11:39.909990998
36.0,33400.0,Male,26000.0,Rome,High School,Single,2023-06-28 09:04:05.184518452
46.0,54800.0,Male,29900.0,Madrid,High School,Married,2023-06-28 09:56:30.459045904
37.0,26800.0,Male,18600.0,Paris,High School,Married,2023-06-28 10:48:55.733573356
46.0,,Female,28700.0,Berlin,Bachelor,Single,2023-06-28 11:41:21.008100810
41.0,52900.0,Female,27600.0,Madrid,Bachelor,Married,2023-06-28 12:33:46.282628262
35.0,75100.0,Male,36100.0,Madrid,Bachelor,Single,2023-06-28 13:26:11.557155714
27.0,26500.0,Female,19300.0,Madrid,High School,,2023-06-28 14:18:36.831683168
58.0,41000.0,Male,20600.0,Berlin,High School,Single,2023-06-28 15:11:02.106210620
25.0,,Female,32000.0,Paris,High School,Single,2023-06-28 16:03:27.380738074
43.0,55000.0,Male,44000.0,Paris,High School,Single,2023-06-28 16:55:52.655265526
46.0,52700.0,Male,28000.0,London,Master,Single,2023-06-28 17:48:17.929792978
27.0,35700.0,Male,20300.0,Paris,Bachelor,Single,
34.0,41100.0,Male,32700.0,Rome,High School,Married,2023-06-28 19:33:08.478847884
19.0,68700.0,Male,37600.0,Paris,Bachelor,Married,2023-06-28 20:25:33.753375336
23.0,49200.0,Male,26900.0,Rome,Bachelor,Single,2023-06-28 21:17:59.027902790
22.0,55600.0,Male,40600.0,Berlin,Bachelor,Single,2023-06-28 22:10:24.302430242
45.0,48300.0,Male,25300.0,London,PhD,Single,2023-06-28 23:02:49.576957694
58.0,32300.0,Male,15900.0,Paris,Bachelor,Divorced,2023-06-28 23:55:14.851485148
22.0,,Female,36400.0,Paris,Master,Married,2023-06-29 00:47:40.126012600
,57500.0,,39100.0,London,Master,Married,2023-06-29 01:40:05.400540054
43.0,84600.0,Male,35300.0,Berlin,High School,Single,2023-06-29 02:32:30.675067506
37.0,34800.0,Male,19100.0,Rome,High School,Single,2023-06-29 03:24:55.949594958
58.0,62300.0,Female,33500.0,Paris,High School,Single,2023-06-29 04:17:21.224122412
66.0,30300.0,Male,15100.0,Paris,Bachelor,Single,2023-06-29 05:09:46.498649864
44.0,52400.0,Female,34700.0,Paris,Master,Married,2023-06-29 06:02:11.773177316
66.0,64600.0,Male,33300.0,Paris,Bachelor,Married,2023-06-29 06:54:37.047704770
29.0,18900.0,Male,12100.0,Berlin,High School,Married,2023-06-29 07:47:02.322232222
24.0,46900.0,Male,28200.0,Paris,Bachelor,Divorced,2023-06-29 08:39:27.596759676
20.0,41600.0,Male,20300.0,London,Bachelor,Single,2023-06-29 09:31:52.871287128
27.0,39500.0,Male,20000.0,London,High School,Divorced,2023-06-29 10:24:18.145814580
51.0,55800.0,Male,26100.0,Paris,High School,Married,2023-06-29 11:16:43.420342034
42.0,66800.0,Male,28200.0,London,Bachelor,Single,2023-06-29 12:09:08.694869486
52.0,48000.0,Female,31100.0,London,Bachelor,,2023-06-29 13:01:33.969396938
33.0,53100.0,Male,35500.0,Paris,Bachelor,Married,
19.0,51700.0,Male,24100.0,London,High School,Single,2023-06-29 14:46:24.518451844
41.0,50000.0,Male,32300.0,Paris,High School,Single,2023-06-29 15:38:49.792979298
27.0,33700.0,Male,26700.0,London,Bachelor,Single,2023-06-29 16:31:15.067506750
55.0,66600.0,Male,28600.0,Rome,PhD,Single,2023-06-29 17:23:40.342034202
39.0,,Female,32400.0,Berlin,Master,Single,2023-06-29 18:16:05.616561656
,55900.0,,38800.0,London,Bachelor,Married,2023-06-29 19:08:30.891089108
60.0,37900.0,Male,15900.0,Berlin,Master,Married,2023-06-29 20:00:56.165616560
56.0,43100.0,Female,30700.0,Berlin,High School,Single,2023-06-29 20:53:21.440144014
,47400.0,,37500.0,Paris,Master,Single,2023-06-29 21:45:46.714671466
46.0,27000.0,Male,11800.0,Berlin,High School,Divorced,2023-06-29 22:38:11.989198920
64.0,24700.0,Male,18000.0,London,Bachelor,Single,2023-06-29 23:30:37.263726372
55.0,41000.0,Male,22600.0,Berlin,High School,Single,2023-06-30 00:23:02.538253824
37.0,57800.0,Male,26500.0,Paris,Master,Married,2023-06-30 01:15:27.812781278
44.0,40200.0,Male,24000.0,Madrid,Bachelor,Single,2023-06-30 02:07:53.087308730
58.0,34700.0,Male,14900.0,London,High School,Married,2023-06-30 03:00:18.361836182
37.0,37800.0,Female,23000.0,Paris,High School,Single,2023-06-30 03:52:43.636363636
61.0,43200.0,Male,17600.0,London,High School,Married,2023-06-30 04:45:08.910891088
36.0,44700.0,Female,30900.0,Paris,High School,Married,2023-06-30 05:37:34.185418542
37.0,82500.0,Male,49100.0,Paris,High School,Widowed,2023-06-30 06:29:59.459945994
52.0,65800.0,Male,38400.0,Paris,Bachelor,Married,2023-06-30 07:22:24.734473446
64.0,,Female,31300.0,Paris,Master,Single,2023-06-30 08:14:50.009000900
19.0,67500.0,Male,36800.0,London,PhD,Single,2023-06-30 09:07:15.283528352
47.0,35000.0,Male,16500.0,Paris,High School,Single,2023-06-30 09:59:40.558055804
,31700.0,,22000.0,Paris,High School,Married,2023-06-30 10:52:05.832583258
39.0,33400.0,Male,16000.0,London,High School,Married,2023-06-30 11:44:31.107110710
,70000.0,,45300.0,Paris,High School,Divorced,2023-06-30 12:36:56.381638164
23.0,41800.0,Male,21400.0,Paris,Master,Single,2023-06-30 13:29:21.656165616
32.0,31200.0,Female,20700.0,Paris,Bachelor,Single,
44.0,43500.0,Male,26800.0,London,Bachelor,Single,2023-06-30 15:14:12.205220522
27.0,46400.0,Male,26400.0,Paris,High School,Married,2023-06-30 16:06:37.479747974
26.0,54000.0,Male,36100.0,Paris,Bachelor,Single,2023-06-30 16:59:02.754275426
50.0,53800.0,Male,30500.0,London,PhD,Single,2023-06-30 17:51:28.028802880
49.0,37600.0,Male,27400.0,Paris,High School,Married,2023-06-30 18:43:53.303330332
65.0,60300.0,Male,41700.0,London,PhD,Single,2023-06-30 19:36:18.577857784
23.0,40400.0,Male,24900.0,Paris,High School,,
58.0,47700.0,Female,35800.0,Madrid,High School,Single,2023-06-30 21:21:09.126912690
53.0,60300.0,Male,44100.0,Berlin,PhD,Divorced,2023-06-30 22:13:34.401440144
19.0,,Female,24800.0,Rome,Bachelor,Divorced,2023-06-30 23:05:59.675967596
46.0,41500.0,Male,17700.0,London,High School,Single,2023-06-30 23:58:24.950495048
21.0,58900.0,Male,36900.0,London,High School,Single,2023-07-01 00:50:50.225022502
18.0,37100.0,Male,20100.0,Madrid,Bachelor,Married,2023-07-01 01:43:15.499549954
36.0,,Female,27200.0,Paris,Bachelor,Married,2023-07-01 02:35:40.774077406
43.0,58300.0,Male,38400.0,London,Master,Single,2023-07-01 03:28:06.048604860
42.0,80800.0,Female,53200.0,Paris,High School,Married,2023-07-01 04:20:31.323132312
27.0,59100.0,Female,39600.0,London,Bachelor,Married,2023-07-01 05:12:56.597659766
32.0,57100.0,Female,38400.0,Paris,High School,Widowed,2023-07-01 06:05:21.872187218
39.0,58000.0,Male,25700.0,Berlin,Bachelor,Married,2023-07-01 06:57:47.146714670
68.0,33900.0,Female,16200.0,Rome,Bachelor,Single,2023-07-01 07:50:12.421242124
65.0,51700.0,Female,33700.0,Paris,High School,Married,2023-07-01 08:42:37.695769576
38.0,49600.0,Male,27900.0,Berlin,High School,Single,2023-07-01 09:35:02.970297028
39.0,54800.0,Female,38600.0,Paris,High School,Married,2023-07-01 10:27:28.244824482
53.0,51700.0,Female,23300.0,Paris,High School,Married,
51.0,55700.0,Male,26500.0,London,High School,Married,2023-07-01 12:12:18.793879388
47.0,45300.0,Male,28200.0,Paris,High School,,2023-07-01 13:04:44.068406840
42.0,50900.0,Male,30600.0,London,High School,Divorced,2023-07-01 13:57:09.342934292
62.0,31600.0,Male,16000.0,Paris,Bachelor,Married,2023-07-01 14:49:34.617461746
45.0,45200.0,Male,25500.0,London,High School,Single,2023-07-01 15:41:59.891989198
18.0,70900.0,Male,29400.0,London,High School,Single,2023-07-01 16:34:25.166516650
66.0,54800.0,Male,22700.0,Madrid,PhD,,2023-07-01 17:26:50.441044104
62.0,49700.0,Male,21800.0,Berlin,High School,Married,2023-07-01 18:19:15.715571556
21.0,78400.0,Female,49400.0,Paris,High School,Single,2023-07-01 19:11:40.990099010
24.0,29600.0,Male,22100.0,Paris,Bachelor,Single,2023-07-01 20:04:06.264626462
66.0,33400.0,Female,16800.0,Madrid,High School,Single,2023-07-01 20:56:31.539153914
26.0,75700.0,Male,31300.0,Berlin,Bachelor,Married,2023-07-01 21:48:56.813681368
53.0,,Female,34700.0,London,High School,Single,2023-07-01 22:41:22.088208820
36.0,46400.0,Female,34400.0,London,High School,Single,2023-07-01 23:33:47.362736272
18.0,32000.0,Male,14600.0,Paris,Master,Divorced,2023-07-02 00:26:12.637263726
27.0,56700.0,Male,31400.0,London,High School,Divorced,2023-07-02 01:18:37.911791178
53.0,58200.0,Male,27000.0,Berlin,High School,Single,2023-07-02 02:11:03.186318632
26.0,,Female,14900.0,Paris,High School,Single,2023-07-02 03:03:28.460846084
62.0,47900.0,Female,31600.0,Rome,High School,Married,2023-07-02 03:55:53.735373536
63.0,45000.0,Male,35400.0,Paris,High School,Married,2023-07-02 04:48:19.009900990
59.0,53800.0,Male,36100.0,London,High School,Single,2023-07-02 05:40:44.284428442
49.0,33200.0,Male,26400.0,Paris,Bachelor,Married,2023-07-02 06:33:09.558955894
49.0,68800.0,Male,39500.0,London,Bachelor,Single,2023-07-02 07:25:34.833483348
23.0,63700.0,Female,48400.0,Paris,Bachelor,,2023-07-02 08:18:00.108010800
65.0,44600.0,Male,21500.0,Paris,Bachelor,Married,2023-07-02 09:10:25.382538254
55.0,,Female,20900.0,Rome,Master,Married,2023-07-02 10:02:50.657065706
34.0,48000.0,Female,32700.0,London,PhD,Single,2023-07-02 10:55:15.931593158
27.0,38300.0,Female,21000.0,London,High School,Divorced,2023-07-02 11:47:41.206120612
,43300.0,,22800.0,London,Master,Married,2023-07-02 12:40:06.480648064
44.0,45900.0,Male,30700.0,Paris,High School,Married,2023-07-02 13:32:31.755175516
67.0,74200.0,Male,39600.0,Paris,Bachelor,Single,
52.0,64200.0,Female,40400.0,Paris,Bachelor,Single,2023-07-02 15:17:22.304230422
69.0,64000.0,Male,33300.0,London,Master,Widowed,2023-07-02 16:09:47.578757874
38.0,55500.0,Male,39600.0,Madrid,High School,Widowed,2023-07-02 17:02:12.853285328
42.0,33200.0,Female,17400.0,Paris,Bachelor,Single,2023-07-02 17:54:38.127812780
45.0,49400.0,Male,30300.0,London,High School,Single,2023-07-02 18:47:03.402340234
,64600.0,,26400.0,Paris,Master,Single,2023-07-02 19:39:28.676867686
32.0,31100.0,Male,22300.0,Paris,PhD,Single,2023-07-02 20:31:53.951395138
21.0,59500.0,Male,38600.0,London,High School,,2023-07-02 21:24:19.225922592
46.0,84800.0,Male,40400.0,Paris,High School,Single,2023-07-02 22:16:44.500450044
26.0,65900.0,Male,32000.0,London,High School,Married,2023-07-02 23:09:09.774977496
44.0,71200.0,Female,36000.0,Paris,High School,Single,2023-07-03 00:01:35.049504950
43.0,53300.0,Female,33600.0,Rome,Master,Widowed,2023-07-03 00:54:00.324032402
36.0,64500.0,Male,39900.0,London,Bachelor,Married,2023-07-03 01:46:25.598559856
45.0,39200.0,Female,20000.0,Paris,High School,Single,2023-07-03 02:38:50.873087308
34.0,61900.0,Male,41900.0,Paris,Bachelor,Divorced,2023-07-03 03:31:16.147614760
60.0,59800.0,Male,45200.0,Paris,Bachelor,Married,2023-07-03 04:23:41.422142214
58.0,54300.0,Female,22700.0,Paris,High School,Single,2023-07-03 05:16:06.696669666
59.0,69700.0,Male,39500.0,London,High School,Single,2023-07-03 06:08:31.971197118
67.0,41900.0,Male,26700.0,Madrid,Bachelor,Single,2023-07-03 07:00:57.245724572
37.0,47200.0,Male,30000.0,Paris,High School,Married,2023-07-03 07:53:22.520252024
62.0,51400.0,Male,21000.0,London,High School,Married,2023-07-03 08:45:47.794779478
57.0,34600.0,Male,16800.0,Paris,High School,Single,2023-07-03 09:38:13.069306930
56.0,53400.0,Female,22700.0,London,Master,Single,2023-07-03 10:30:38.343834382
66.0,24200.0,Male,15200.0,Paris,High School,Married,2023-07-03 11:23:03.618361836
40.0,,Female,43200.0,Rome,Master,Single,2023-07-03 12:15:28.892889288
64.0,50700.0,Male,23500.0,Berlin,Bachelor,Single,2023-07-03 13:07:54.167416740
49.0,42200.0,Male,22500.0,Rome,High School,Divorced,2023-07-03 14:00:19.441944194
69.0,37500.0,Male,19900.0,Paris,Bachelor,Married,2023-07-03 14:52:44.716471646
64.0,46500.0,Male,33800.0,London,High School,Single,2023-07-03 15:45:09.990999100
50.0,,Female,28800.0,Berlin,Master,Married,2023-07-03 16:37:35.265526552
63.0,58200.0,Male,36000.0,Berlin,Master,Single,2023-07-03 17:30:00.540054004
,39400.0,,28100.0,Paris,High School,Married,
60.0,37300.0,Male,27300.0,Rome,Bachelor,Married,2023-07-03 19:14:51.089108910
65.0,59900.0,Male,39900.0,Madrid,High School,Married,2023-07-03 20:07:16.363636362
51.0,39200.0,Male,20400.0,Paris,High School,Single,2023-07-03 20:59:41.638163816
57.0,50900.0,Male,37100.0,London,High School,Single,2023-07-03 21:52:06.912691268
28.0,51900.0,Male,36200.0,Paris,Bachelor,Married,2023-07-03 22:44:32.187218722
67.0,54700.0,Male,37300.0,Madrid,High School,Married,2023-07-03 23:36:57.461746174
20.0,62900.0,Female,26900.0,London,High School,Married,2023-07-04 00:29:22.736273626
50.0,31100.0,Male,13000.0,Paris,Master,Single,2023-07-04 01:21:48.010801080
28.0,21300.0,Female,14400.0,Paris,Bachelor,Married,2023-07-04 02:14:13.285328532
33.0,41500.0,Male,32300.0,Paris,Master,Married,2023-07-04 03:06:38.559855984
35.0,77000.0,Male,54600.0,Paris,High School,Married,2023-07-04 03:59:03.834383438
47.0,80300.0,Male,58800.0,Paris,Bachelor,Married,2023-07-04 04:51:29.108910890
65.0,77500.0,Male,47900.0,London,Master,Divorced,2023-07-04 05:43:54.383438344
27.0,47100.0,Male,24600.0,Berlin,High School,Single,2023-07-04 06:36:19.657965796
35.0,23300.0,Male,15600.0,London,Bachelor,Single,2023-07-04 07:28:44.932493248
55.0,14900.0,Male,10200.0,London,High School,Married,2023-07-04 08:21:10.207020702
36.0,40800.0,Female,27300.0,Paris,Bachelor,Single,
53.0,,Female,36600.0,Paris,Bachelor,,2023-07-04 10:06:00.756075606
30.0,69500.0,Female,38000.0,Berlin,Master,,2023-07-04 10:58:26.030603060
63.0,63000.0,Male,26200.0,Paris,Bachelor,Single,2023-07-04 11:50:51.305130512
20.0,53400.0,Male,40800.0,Paris,Master,Widowed,2023-07-04 12:43:16.579657964
27.0,36700.0,Male,17000.0,Paris,High School,Single,2023-07-04 13:35:41.854185418
55.0,35600.0,Male,24200.0,London,High School,Single,2023-07-04 14:28:07.128712870
18.0,53800.0,Male,40300.0,Berlin,High School,Single,2023-07-04 15:20:32.403240324
44.0,60500.0,Male,31700.0,London,Bachelor,Married,2023-07-04 16:12:57.677767776
63.0,55900.0,Male,40900.0,Paris,High School,Single,2023-07-04 17:05:22.952295228
25.0,34500.0,Female,18400.0,Berlin,PhD,Single,2023-07-04 17:57:48.226822682
68.0,59800.0,Female,42900.0,Paris,High School,Divorced,2023-07-04 18:50:13.501350134
,56400.0,,24100.0,London,High School,Single,2023-07-04 19:42:38.775877586
59.0,33900.0,Male,22400.0,Paris,PhD,Married,2023-07-04 20:35:04.050405040
34.0,38200.0,Female,25600.0,Madrid,High School,Single,2023-07-04 21:27:29.324932492
26.0,60300.0,Male,36000.0,Berlin,Bachelor,,2023-07-04 22:19:54.599459946
23.0,46500.0,Male,31400.0,London,High School,Married,2023-07-04 23:12:19.873987398
60.0,73800.0,Male,56800.0,London,High School,Single,
42.0,57500.0,Male,39900.0,London,High School,Single,2023-07-05 00:57:10.423042304
56.0,42700.0,Male,33500.0,Paris,High School,Married,2023-07-05 01:49:35.697569756
66.0,49800.0,Female,28900.0,Berlin,Bachelor,Married,2023-07-05 02:42:00.972097208
45.0,51000.0,Male,31200.0,London,Bachelor,Married,2023-07-05 03:34:26.246624662
50.0,39100.0,Male,19800.0,London,Master,Single,2023-07-05 04:26:51.521152114
54.0,36300.0,Male,28800.0,Paris,High School,Married,2023-07-05 05:19:16.795679568
26.0,60500.0,Female,25500.0,Paris,High School,Single,2023-07-05 06:11:42.070207020
35.0,62700.0,Male,34100.0,London,Bachelor,Married,2023-07-05 07:04:07.344734472
,59100.0,,30700.0,London,High School,Married,2023-07-05 07:56:32.619261926
19.0,72700.0,Male,40300.0,Paris,Master,Married,2023-07-05 08:48:57.893789378
60.0,41900.0,Male,32100.0,Paris,High School,Single,2023-07-05 09:41:23.168316830
55.0,75100.0,Male,41100.0,London,PhD,Single,2023-07-05 10:33:48.442844284
57.0,36500.0,Male,28000.0,Paris,High School,Married,2023-07-05 11:26:13.717371736
53.0,34800.0,Female,19800.0,London,High School,Divorced,2023-07-05 12:18:38.991899190
67.0,23600.0,Female,17500.0,London,High School,Single,2023-07-05 13:11:04.266426642
60.0,43300.0,Male,26400.0,Paris,High School,Married,2023-07-05 14:03:29.540954094
54.0,42400.0,Male,22200.0,Berlin,Bachelor,Single,2023-07-05 14:55:54.815481548
32.0,57900.0,Male,33600.0,Paris,Master,Single,2023-07-05 15:48:20.090009000
45.0,,Female,30600.0,Madrid,High School,Divorced,2023-07-05 16:40:45.364536452
35.0,32100.0,Male,16200.0,Berlin,High School,Divorced,2023-07-05 17:33:10.639063906
51.0,44100.0,Female,22700.0,London,High School,Single,2023-07-05 18:25:35.913591358
39.0,44400.0,Male,21100.0,Madrid,Bachelor,Single,2023-07-05 19:18:01.188118812
28.0,,Female,12500.0,Berlin,High School,Single,
30.0,,Female,22900.0,Madrid,Bachelor,Single,2023-07-05 21:02:51.737173716
21.0,,Female,21300.0,London,Bachelor,Single,2023-07-05 21:55:17.011701170
39.0,71500.0,Male,49000.0,London,Bachelor,Single,
24.0,52900.0,Male,42000.0,London,Bachelor,Single,2023-07-05 23:40:07.560756074
60.0,59900.0,Male,33000.0,Paris,Master,Single,2023-07-06 00:32:32.835283528
41.0,27500.0,Male,16100.0,Madrid,High School,Divorced,2023-07-06 01:24:58.109810980
21.0,67900.0,Male,31600.0,London,High School,Single,2023-07-06 02:17:23.384338434
45.0,69500.0,Male,38700.0,London,High School,Single,2023-07-06 03:09:48.658865886
32.0,20000.0,Male,13800.0,Madrid,High School,,2023-07-06 04:02:13.933393338
18.0,39400.0,Male,19200.0,Rome,High School,Widowed,2023-07-06 04:54:39.207920792
20.0,57400.0,Male,27100.0,Paris,High School,Single,2023-07-06 05:47:04.482448244
31.0,59700.0,Male,32900.0,Berlin,High School,Married,2023-07-06 06:39:29.756975696
55.0,39800.0,Male,29000.0,London,Bachelor,Divorced,2023-07-06 07:31:55.031503150
,45400.0,,29500.0,London,Bachelor,Single,2023-07-06 08:24:20.306030602
18.0,41000.0,Female,32100.0,Rome,High School,Married,2023-07-06 09:16:45.580558056
55.0,51700.0,Male,39400.0,Madrid,Bachelor,Single,2023-07-06 10:09:10.855085508
55.0,68000.0,Male,31300.0,London,Bachelor,Widowed,2023-07-06 11:01:36.129612960
38.0,38400.0,Male,16000.0,Paris,High School,Married,2023-07-06 11:54:01.404140414
65.0,65000.0,Male,36400.0,London,PhD,Divorced,2023-07-06 12:46:26.678667866
46.0,38300.0,Male,23300.0,London,High School,Married,2023-07-06 13:38:51.953195318
22.0,,Female,22600.0,Paris,Bachelor,Married,2023-07-06 14:31:17.227722772
66.0,62300.0,Male,28300.0,London,PhD,Single,2023-07-06 15:23:42.502250224
27.0,63800.0,Male,28700.0,Paris,Bachelor,Divorced,2023-07-06 16:16:07.776777676
45.0,62800.0,Male,26300.0,London,Bachelor,Married,2023-07-06 17:08:33.051305130
38.0,30300.0,Male,22400.0,Berlin,Master,Single,2023-07-06 18:00:58.325832582
67.0,43000.0,Female,33500.0,Paris,High School,Single,2023-07-06 18:53:23.600360036
24.0,62300.0,Male,27800.0,Berlin,High School,Married,2023-07-06 19:45:48.874887488
20.0,50600.0,Female,24600.0,Paris,Bachelor,Single,2023-07-06 20:38:14.149414940
62.0,33900.0,Male,14800.0,London,Master,Married,2023-07-06 21:30:39.423942394
64.0,56900.0,Female,42700.0,London,Bachelor,,2023-07-06 22:23:04.698469846
37.0,39300.0,Male,30800.0,Berlin,PhD,Married,2023-07-06 23:15:29.972997298
36.0,76900.0,Male,38800.0,Berlin,High School,Single,2023-07-07 00:07:55.247524752
52.0,73200.0,Female,38200.0,London,Master,Single,
,59100.0,,32200.0,Paris,Master,Single,2023-07-07 01:52:45.796579658
22.0,70400.0,Male,42300.0,London,High School,Married,
18.0,51000.0,Male,34300.0,London,PhD,Single,2023-07-07 03:37:36.345634562
21.0,61500.0,Male,37000.0,Paris,High School,Single,2023-07-07 04:30:01.620162016
29.0,72200.0,Male,56300.0,Paris,PhD,Single,2023-07-07 05:22:26.894689468
44.0,53700.0,Male,23600.0,Paris,Master,Divorced,2023-07-07 06:14:52.169216920
59.0,46200.0,Male,33200.0,Paris,High School,Married,2023-07-07 07:07:17.443744374
40.0,24400.0,Male,13000.0,London,Bachelor,Single,2023-07-07 07:59:42.718271826
42.0,48800.0,Male,26900.0,London,Bachelor,Divorced,2023-07-07 08:52:07.992799280
38.0,62400.0,Male,42700.0,London,High School,Married,2023-07-07 09:44:33.267326732
69.0,64200.0,Female,49500.0,Paris,High School,Divorced,2023-07-07 10:36:58.541854184
41.0,57600.0,Male,39500.0,Madrid,High School,Married,2023-07-07 11:29:23.816381638
42.0,41900.0,Female,29800.0,London,Bachelor,Single,2023-07-07 12:21:49.090909090
62.0,20300.0,Male,14200.0,London,High School,Married,2023-07-07 13:14:14.365436542
63.0,42600.0,Male,22500.0,Paris,Master,Single,2023-07-07 14:06:39.639963996
49.0,45400.0,Male,31900.0,London,High School,Single,2023-07-07 14:59:04.914491448
49.0,45300.0,Male,32300.0,London,Bachelor,Married,2023-07-07 15:51:30.189018902
22.0,59300.0,Male,36400.0,London,High School,Single,2023-07-07 16:43:55.463546354
53.0,79800.0,Male,49100.0,Madrid,Bachelor,Single,2023-07-07 17:36:20.738073806
63.0,51900.0,Male,36500.0,Berlin,Master,Single,2023-07-07 18:28:46.012601260
59.0,,Female,33900.0,Madrid,High School,Married,2023-07-07 19:21:11.287128712
66.0,46100.0,Female,24700.0,Paris,High School,Single,2023-07-07 20:13:36.561656164
59.0,51900.0,Male,37400.0,Paris,Bachelor,,2023-07-07 21:06:01.836183618
56.0,37600.0,Male,27300.0,Paris,High School,Married,2023-07-07 21:58:27.110711070
33.0,51800.0,Male,25600.0,London,High School,Single,2023-07-07 22:50:52.385238524
50.0,56800.0,Male,39000.0,London,High School,Divorced,2023-07-07 23:43:17.659765976
66.0,53100.0,Male,25200.0,Berlin,High School,Single,2023-07-08 00:35:42.934293428
38.0,56900.0,Male,24900.0,Paris,Bachelor,,2023-07-08 01:28:08.208820882
26.0,56500.0,Female,35600.0,Paris,Master,Single,2023-07-08 02:20:33.483348334
23.0,23400.0,Male,17900.0,Paris,Bachelor,Single,2023-07-08 03:12:58.757875786
68.0,59600.0,Male,24700.0,Paris,High School,Divorced,2023-07-08 04:05:24.032403240
62.0,39900.0,Female,29200.0,Paris,High School,Divorced,2023-07-08 04:57:49.306930692
52.0,33600.0,Male,20200.0,Paris,PhD,Married,2023-07-08 05:50:14.581458146
56.0,33400.0,Male,24900.0,Paris,Master,Married,2023-07-08 06:42:39.855985598
39.0,56500.0,Female,41700.0,Berlin,High School,Single,2023-07-08 07:35:05.130513050
58.0,46700.0,Male,35000.0,Paris,Master,,2023-07-08 08:27:30.405040504
22.0,24800.0,Male,17500.0,Paris,PhD,Single,2023-07-08 09:19:55.679567956
59.0,57200.0,Male,42200.0,Paris,High School,Single,2023-07-08 10:12:20.954095408
40.0,28400.0,Male,13400.0,Madrid,Bachelor,Married,2023-07-08 11:04:46.228622862
34.0,52100.0,Female,27200.0,London,Bachelor,Single,2023-07-08 11:57:11.503150314
29.0,53600.0,Male,26600.0,Rome,High School,Married,2023-07-08 12:49:36.777677766
40.0,63300.0,Male,44100.0,London,High School,Single,2023-07-08 13:42:02.052205220
33.0,76700.0,Male,35400.0,Rome,High School,Married,2023-07-08 14:34:27.326732672
20.0,,Female,14000.0,Paris,Master,Single,2023-07-08 15:26:52.601260126
47.0,49200.0,Male,37000.0,Paris,Master,Married,2023-07-08 16:19:17.875787578
39.0,45900.0,Male,31300.0,London,High School,Single,2023-07-08 17:11:43.150315030
26.0,,Female,42400.0,Rome,Bachelor,Single,2023-07-08 18:04:08.424842484
46.0,53200.0,Female,24200.0,Berlin,High School,Single,2023-07-08 18:56:33.699369936
64.0,44700.0,Male,25000.0,London,High School,Single,2023-07-08 19:48:58.973897388
54.0,43400.0,Male,22300.0,Paris,Bachelor,,2023-07-08 20:41:24.248424842
40.0,33300.0,Male,13400.0,Paris,Bachelor,,
30.0,64800.0,Male,33300.0,Paris,High School,Single,2023-07-08 22:26:14.797479748
49.0,56900.0,Male,31400.0,Paris,High School,Single,2023-07-08 23:18:40.072007200
63.0,63800.0,Male,27900.0,Paris,Bachelor,Divorced,2023-07-09 00:11:05.346534652
69.0,45300.0,Male,28400.0,Paris,Bachelor,Single,
64.0,40100.0,Male,22200.0,Berlin,Bachelor,Married,2023-07-09 01:55:55.895589558
65.0,33800.0,Female,14100.0,Paris,Bachelor,Married,2023-07-09 02:48:21.170117010
40.0,55400.0,Male,37800.0,Paris,Bachelor,Married,2023-07-09 03:40:46.444644464
62.0,34400.0,Male,23800.0,Paris,Bachelor,Single,2023-07-09 04:33:11.719171916
34.0,,Female,57000.0,Paris,PhD,Single,2023-07-09 05:25:36.993699370
57.0,30400.0,Male,18100.0,Paris,High School,Married,2023-07-09 06:18:02.268226822
38.0,54100.0,Male,42600.0,Paris,Master,Single,2023-07-09 07:10:27.542754274
,73500.0,,56300.0,Madrid,High School,Single,2023-07-09 08:02:52.817281728
54.0,59000.0,Male,36600.0,London,Bachelor,Married,2023-07-09 08:55:18.091809180
23.0,52600.0,Male,30400.0,Paris,High School,Single,
61.0,35500.0,Male,14200.0,London,High School,Married,2023-07-09 10:40:08.640864086
35.0,29300.0,Male,20100.0,Paris,PhD,Married,2023-07-09 11:32:33.915391538
47.0,61600.0,Male,38600.0,Paris,High School,Single,2023-07-09 12:24:59.189918992
39.0,72600.0,Male,56300.0,Paris,Bachelor,Married,2023-07-09 13:17:24.464446444
50.0,43400.0,Male,27700.0,Paris,Master,Married,2023-07-09 14:09:49.738973896
47.0,32900.0,Male,26200.0,Berlin,High School,Married,2023-07-09 15:02:15.013501350
34.0,13100.0,Male,9700.0,Berlin,PhD,Divorced,2023-07-09 15:54:40.288028802
60.0,35300.0,Female,27600.0,Paris,Bachelor,Single,2023-07-09 16:47:05.562556254
49.0,48300.0,Male,25700.0,London,Master,Married,2023-07-09 17:39:30.837083708
59.0,74000.0,Male,34000.0,Paris,Bachelor,Married,2023-07-09 18:31:56.111611160
68.0,60100.0,Male,43200.0,Paris,Bachelor,Single,2023-07-09 19:24:21.386138614
31.0,54600.0,Male,39000.0,Paris,High School,Married,2023-07-09 20:16:46.660666066
27.0,,Female,21300.0,London,Bachelor,Single,2023-07-09 21:09:11.935193518
64.0,41300.0,Female,29200.0,Paris,High School,Married,2023-07-09 22:01:37.209720972
68.0,71100.0,Male,45000.0,London,Bachelor,Single,2023-07-09 22:54:02.484248424
53.0,,Female,23500.0,Berlin,High School,Single,2023-07-09 23:46:27.758775876
51.0,18500.0,Male,11100.0,Madrid,High School,Married,2023-07-10 00:38:53.033303330
26.0,,Female,30800.0,Paris,High School,Single,2023-07-10 01:31:18.307830782
59.0,37100.0,Male,22400.0,Paris,Master,Single,2023-07-10 02:23:43.582358236
45.0,41800.0,Male,29900.0,Paris,Bachelor,Widowed,2023-07-10 03:16:08.856885688
28.0,58400.0,Female,24000.0,Madrid,Bachelor,Single,2023-07-10 04:08:34.131413140
31.0,48400.0,Male,33500.0,Berlin,Master,Married,2023-07-10 05:00:59.405940594
56.0,48800.0,Female,38000.0,Berlin,Bachelor,Married,2023-07-10 05:53:24.680468046
64.0,69700.0,Male,41800.0,London,High School,Single,2023-07-10 06:45:49.954995498
36.0,39600.0,Male,21200.0,London,Bachelor,Married,2023-07-10 07:38:15.229522952
32.0,78000.0,Male,51400.0,Paris,PhD,Married,2023-07-10 08:30:40.504050404
45.0,39900.0,Male,30600.0,Berlin,High School,Single,2023-07-10 09:23:05.778577856
41.0,51300.0,Male,24100.0,Berlin,Bachelor,,2023-07-10 10:15:31.053105310
25.0,45800.0,Male,25700.0,Paris,Bachelor,Single,
60.0,51900.0,Male,24000.0,Paris,High School,Divorced,2023-07-10 12:00:21.602160216
26.0,56700.0,Female,33900.0,Berlin,PhD,Single,2023-07-10 12:52:46.876687668
64.0,56500.0,Male,34800.0,Paris,High School,Single,2023-07-10 13:45:12.151215120
50.0,38700.0,Female,30100.0,Madrid,High School,Single,2023-07-10 14:37:37.425742574
50.0,33200.0,Male,18800.0,London,PhD,Divorced,2023-07-10 15:30:02.700270026
36.0,87500.0,Male,54800.0,London,Bachelor,Married,2023-07-10 16:22:27.974797478
20.0,42700.0,Male,32200.0,London,High School,Divorced,2023-07-10 17:14:53.249324932
27.0,60500.0,Female,32000.0,London,High School,Divorced,2023-07-10 18:07:18.523852384
57.0,25900.0,Male,17300.0,Paris,Master,Divorced,2023-07-10 18:59:43.798379838
64.0,45800.0,Male,32200.0,Madrid,High School,Single,2023-07-10 19:52:09.072907290
59.0,48100.0,Female,25600.0,Rome,Bachelor,Single,2023-07-10 20:44:34.347434742
18.0,57100.0,Male,26600.0,London,High School,Married,2023-07-10 21:36:59.621962196
46.0,,Female,5500.0,London,PhD,Single,2023-07-10 22:29:24.896489648
67.0,52500.0,Male,28500.0,London,Bachelor,Single,2023-07-10 23:21:50.171017100
51.0,32800.0,Male,16600.0,London,Bachelor,Single,2023-07-11 00:14:15.445544554
68.0,54900.0,Male,43300.0,Madrid,Bachelor,Married,2023-07-11 01:06:40.720072006
30.0,34500.0,Male,20700.0,Paris,Master,Single,2023-07-11 01:59:05.994599460
18.0,37200.0,Female,27600.0,Paris,PhD,Married,2023-07-11 02:51:31.269126912
51.0,,Female,21900.0,Madrid,Bachelor,Married,2023-07-11 03:43:56.543654364
,34200.0,,26500.0,Paris,Master,,2023-07-11 04:36:21.818181818
65.0,42900.0,Female,30800.0,Berlin,High School,Single,2023-07-11 05:28:47.092709270
64.0,32100.0,Male,23200.0,Paris,High School,Single,2023-07-11 06:21:12.367236722
30.0,22500.0,Male,12500.0,Rome,Master,Single,2023-07-11 07:13:37.641764176
,65300.0,,38800.0,Berlin,Bachelor,Married,2023-07-11 08:06:02.916291628
66.0,30600.0,Male,19500.0,Madrid,Master,Single,2023-07-11 08:58:28.190819082
46.0,47300.0,Male,33900.0,Rome,High School,Divorced,2023-07-11 09:50:53.465346534
56.0,61300.0,Male,45300.0,Paris,Bachelor,Single,2023-07-11 10:43:18.739873986
41.0,40800.0,Male,17600.0,London,Bachelor,Married,2023-07-11 11:35:44.014401440
43.0,37600.0,Female,28600.0,London,Bachelor,Married,2023-07-11 12:28:09.288928892
34.0,53400.0,Female,41400.0,Berlin,High School,Married,2023-07-11 13:20:34.563456344
24.0,66800.0,Male,42600.0,Paris,Master,Single,2023-07-11 14:12:59.837983798
,32500.0,,15400.0,Madrid,High School,Single,2023-07-11 15:05:25.112511250
22.0,47700.0,Male,34700.0,Paris,Bachelor,Single,2023-07-11 15:57:50.387038704
43.0,24000.0,Female,14900.0,Madrid,Bachelor,Single,2023-07-11 16:50:15.661566156
66.0,44100.0,Male,32100.0,London,High School,Single,2023-07-11 17:42:40.936093608
20.0,50500.0,Male,36700.0,London,Bachelor,Single,2023-07-11 18:35:06.210621062
24.0,37200.0,Female,16200.0,Paris,PhD,Single,2023-07-11 19:27:31.485148514
66.0,43100.0,Male,27700.0,Paris,High School,,2023-07-11 20:19:56.759675966
56.0,28900.0,Male,17100.0,Paris,Bachelor,Divorced,2023-07-11 21:12:22.034203420
18.0,51200.0,Male,39900.0,London,High School,Married,2023-07-11 22:04:47.308730872
66.0,65800.0,Male,34100.0,London,Master,Single,2023-07-11 22:57:12.583258326
34.0,33500.0,Female,16200.0,Berlin,High School,Married,2023-07-11 23:49:37.857785778
60.0,40700.0,Male,30900.0,Paris,High School,,2023-07-12 00:42:03.132313230
42.0,57500.0,Male,26400.0,London,Bachelor,Married,2023-07-12 01:34:28.406840684
20.0,68200.0,Male,46000.0,Madrid,High School,Single,2023-07-12 02:26:53.681368136
32.0,27600.0,Male,14400.0,Berlin,High School,Single,2023-07-12 03:19:18.955895588
46.0,47500.0,Male,29800.0,Paris,PhD,Single,2023-07-12 04:11:44.230423042
60.0,54200.0,Male,35000.0,Berlin,Bachelor,Single,2023-07-12 05:04:09.504950494
49.0,48500.0,Male,27500.0,Rome,Bachelor,Married,2023-07-12 05:56:34.779477946
43.0,12800.0,Male,10100.0,Madrid,Bachelor,Single,2023-07-12 06:49:00.054005400
33.0,57500.0,Male,26000.0,Berlin,Master,Single,2023-07-12 07:41:25.328532852
42.0,72800.0,Male,40500.0,London,High School,Single,2023-07-12 08:33:50.603060306
45.0,51700.0,Female,29600.0,Paris,High School,Married,2023-07-12 09:26:15.877587758
26.0,34500.0,Male,22500.0,London,High School,Single,2023-07-12 10:18:41.152115210
18.0,42300.0,Female,23800.0,London,Bachelor,Divorced,2023-07-12 11:11:06.426642664
46.0,76500.0,Male,33600.0,Paris,High School,Married,2023-07-12 12:03:31.701170116
39.0,63600.0,Female,49500.0,Paris,Bachelor,Married,2023-07-12 12:55:56.975697568
33.0,59600.0,Male,33800.0,Paris,High School,Single,2023-07-12 13:48:22.250225022
58.0,55300.0,Male,29700.0,London,Bachelor,Single,2023-07-12 14:40:47.524752474
68.0,40100.0,Male,23200.0,Paris,Bachelor,Married,2023-07-12 15:33:12.799279928
61.0,47000.0,Male,22900.0,London,High School,Single,2023-07-12 16:25:38.073807380
68.0,,Female,21500.0,Madrid,High School,Divorced,2023-07-12 17:18:03.348334832
58.0,58200.0,Male,26700.0,Paris,Master,Married,2023-07-12 18:10:28.622862286
24.0,72600.0,Male,33900.0,Rome,Bachelor,Single,2023-07-12 19:02:53.897389738
31.0,,Female,32000.0,London,Master,Married,2023-07-12 19:55:19.171917190
46.0,28700.0,Male,16300.0,Paris,High School,Single,2023-07-12 20:47:44.446444644
36.0,53400.0,Male,34700.0,Paris,PhD,Single,2023-07-12 21:40:09.720972096
36.0,61100.0,Male,39800.0,Paris,Bachelor,Single,2023-07-12 22:32:34.995499550
19.0,59300.0,Male,23700.0,Paris,High School,Single,2023-07-12 23:25:00.270027002
,40600.0,,31200.0,Berlin,High School,Married,2023-07-13 00:17:25.544554454
,93700.0,,68300.0,Berlin,Bachelor,Single,2023-07-13 01:09:50.819081908
32.0,30800.0,Male,24200.0,Madrid,High School,Married,2023-07-13 02:02:16.093609360
20.0,33800.0,Male,18400.0,London,Master,Single,2023-07-13 02:54:41.368136812
28.0,53500.0,Male,35600.0,London,Bachelor,Widowed,2023-07-13 03:47:06.642664266
63.0,81800.0,Male,38200.0,Paris,High School,Divorced,2023-07-13 04:39:31.917191718
47.0,37500.0,Male,27300.0,London,Master,Married,2023-07-13 05:31:57.191719172
57.0,46000.0,Male,21400.0,London,High School,Married,2023-07-13 06:24:22.466246624
35.0,66200.0,Female,35100.0,Paris,High School,Single,2023-07-13 07:16:47.740774076
68.0,49700.0,Male,29600.0,Madrid,Bachelor,Single,2023-07-13 08:09:13.015301530
,45000.0,,28700.0,London,Bachelor,Single,2023-07-13 09:01:38.289828982
19.0,58500.0,Male,36500.0,Berlin,High School,Single,2023-07-13 09:54:03.564356434
49.0,,Female,23800.0,London,High School,Married,2023-07-13 10:46:28.838883888
25.0,65500.0,Male,37200.0,Paris,Bachelor,Single,2023-07-13 11:38:54.113411340
39.0,69400.0,Female,53400.0,Berlin,Bachelor,Married,2023-07-13 12:31:19.387938794
23.0,54600.0,Female,40900.0,Paris,Bachelor,Married,2023-07-13 13:23:44.662466246
29.0,54400.0,Female,34600.0,London,Bachelor,Single,2023-07-13 14:16:09.936993698
64.0,53200.0,Male,33500.0,London,Bachelor,Married,2023-07-13 15:08:35.211521152
57.0,57300.0,Male,25500.0,Paris,High School,Single,2023-07-13 16:01:00.486048604
53.0,50800.0,Male,24400.0,London,Bachelor,Single,2023-07-13 16:53:25.760576056
32.0,50000.0,Female,25100.0,Paris,High School,Single,2023-07-13 17:45:51.035103510
45.0,67900.0,Female,40400.0,Paris,High School,Single,2023-07-13 18:38:16.309630962
,72700.0,,50300.0,Berlin,Bachelor,Single,2023-07-13 19:30:41.584158416
66.0,27400.0,Male,16000.0,London,High School,Married,2023-07-13 20:23:06.858685868
,50200.0,,22600.0,Paris,High School,Divorced,2023-07-13 21:15:32.133213320
35.0,39700.0,Male,22900.0,London,High School,Divorced,
19.0,45300.0,Male,21100.0,Berlin,High School,Single,2023-07-13 23:00:22.682268226
30.0,56000.0,Male,39200.0,Paris,High School,Divorced,2023-07-13 23:52:47.956795678
62.0,60000.0,Male,28000.0,London,High School,Widowed,2023-07-14 00:45:13.231323132
32.0,48300.0,Female,28600.0,London,High School,Single,2023-07-14 01:37:38.505850584
37.0,21300.0,Male,14400.0,Madrid,High School,Divorced,2023-07-14 02:30:03.780378036
,35500.0,,17400.0,London,High School,Widowed,2023-07-14 03:22:29.054905490
59.0,63400.0,Female,27300.0,Paris,High School,Married,2023-07-14 04:14:54.329432942
46.0,8900.0,Male,5600.0,Paris,Bachelor,Single,2023-07-14 05:07:19.603960396
20.0,67800.0,Male,28600.0,London,High School,Married,2023-07-14 05:59:44.878487848
36.0,57800.0,Male,36700.0,Paris,Bachelor,Single,2023-07-14 06:52:10.153015300
20.0,69700.0,Male,48900.0,Madrid,High School,Widowed,2023-07-14 07:44:35.427542754
31.0,47000.0,Male,25000.0,Paris,High School,Single,
57.0,19100.0,Male,11400.0,Paris,High School,Divorced,2023-07-14 09:29:25.976597658
,56500.0,,43600.0,Paris,High School,Single,2023-07-14 10:21:51.251125112
69.0,69100.0,Male,40700.0,London,High School,Single,2023-07-14 11:14:16.525652564
28.0,63900.0,Male,51000.0,London,High School,Divorced,2023-07-14 12:06:41.800180018
48.0,40100.0,Female,18600.0,Paris,High School,Divorced,2023-07-14 12:59:07.074707470
60.0,51300.0,Male,35100.0,Madrid,Bachelor,Single,
49.0,42000.0,Male,27800.0,Paris,High School,Widowed,2023-07-14 14:43:57.623762376
44.0,37700.0,Female,28200.0,Paris,High School,Divorced,2023-07-14 15:36:22.898289828
47.0,64300.0,Male,28100.0,Paris,Master,Divorced,2023-07-14 16:28:48.172817280
60.0,32000.0,Male,16400.0,Madrid,High School,Married,2023-07-14 17:21:13.447344734
19.0,,Female,16600.0,Berlin,High School,Widowed,2023-07-14 18:13:38.721872186
66.0,33400.0,Male,25800.0,Berlin,High School,Married,2023-07-14 19:06:03.996399640
26.0,27600.0,Male,15800.0,Paris,High School,Divorced,2023-07-14 19:58:29.270927092
45.0,52200.0,Male,39900.0,London,High School,Single,2023-07-14 20:50:54.545454544
48.0,67400.0,Male,34900.0,London,Master,Married,2023-07-14 21:43:19.819981998
51.0,,Female,21300.0,Paris,Master,Divorced,2023-07-14 22:35:45.094509450
32.0,27400.0,Female,14200.0,Paris,High School,Married,2023-07-14 23:28:10.369036902
65.0,62600.0,Male,40000.0,Madrid,High School,Married,2023-07-15 00:20:35.643564356
42.0,75300.0,Female,55600.0,Paris,Bachelor,Widowed,2023-07-15 01:13:00.918091808
53.0,40300.0,Female,22300.0,London,High School,Married,2023-07-15 02:05:26.192619262
25.0,42800.0,Male,32800.0,Paris,Bachelor,Single,2023-07-15 02:57:51.467146714
,57700.0,,28700.0,London,High School,Single,2023-07-15 03:50:16.741674166
54.0,74300.0,Male,50300.0,Paris,High School,Single,2023-07-15 04:42:42.016201620
65.0,42200.0,Male,29300.0,Paris,High School,Married,2023-07-15 05:35:07.290729072
62.0,30000.0,Male,15300.0,London,Master,Single,2023-07-15 06:27:32.565256524
56.0,59500.0,Male,24400.0,Rome,High School,Single,2023-07-15 07:19:57.839783978
49.0,62000.0,Male,33900.0,Rome,Master,Single,2023-07-15 08:12:23.114311430
69.0,50100.0,Female,20900.0,Paris,Bachelor,Divorced,2023-07-15 09:04:48.388838884
34.0,,Female,31600.0,Paris,High School,Single,2023-07-15 09:57:13.663366336
52.0,64900.0,Male,50700.0,London,High School,Single,2023-07-15 10:49:38.937893788
54.0,57900.0,Female,40200.0,London,High School,Married,2023-07-15 11:42:04.212421242
36.0,38500.0,Male,26600.0,Berlin,Bachelor,Single,2023-07-15 12:34:29.486948694
61.0,50700.0,Male,25200.0,London,Bachelor,Single,2023-07-15 13:26:54.761476146
46.0,29700.0,Male,12800.0,London,Bachelor,Single,2023-07-15 14:19:20.036003600
24.0,60300.0,Female,43500.0,London,High School,Married,2023-07-15 15:11:45.310531052
45.0,46100.0,Female,28800.0,Paris,High School,Single,2023-07-15 16:04:10.585058506
26.0,,Female,29300.0,London,Bachelor,Divorced,2023-07-15 16:56:35.859585958
45.0,49500.0,Female,35200.0,London,Master,Single,2023-07-15 17:49:01.134113410
23.0,50600.0,Male,28500.0,Berlin,Master,Widowed,2023-07-15 18:41:26.408640864
46.0,63400.0,Female,29000.0,Paris,Bachelor,,2023-07-15 19:33:51.683168316
34.0,58900.0,Male,42300.0,Paris,High School,Married,2023-07-15 20:26:16.957695768
33.0,47700.0,Male,27700.0,Rome,High School,Single,2023-07-15 21:18:42.232223222
40.0,61500.0,Male,44900.0,London,High School,Married,2023-07-15 22:11:07.506750674
48.0,56000.0,Male,32200.0,Madrid,Bachelor,Married,2023-07-15 23:03:32.781278126
20.0,43600.0,Male,21200.0,London,High School,Married,2023-07-15 23:55:58.055805580
38.0,48100.0,Male,22500.0,Madrid,Bachelor,Married,2023-07-16 00:48:23.330333032
43.0,47800.0,Male,33300.0,Paris,Master,Single,2023-07-16 01:40:48.604860486
53.0,57600.0,Male,36300.0,Paris,High School,Single,2023-07-16 02:33:13.879387938
59.0,44500.0,Male,25000.0,Berlin,Master,Single,2023-07-16 03:25:39.153915390
54.0,44100.0,Male,26300.0,Berlin,High School,Widowed,2023-07-16 04:18:04.428442844
39.0,79500.0,Male,,London,High School,Married,2023-07-16 05:10:29.702970296
59.0,64100.0,Female,31800.0,London,Master,Single,2023-07-16 06:02:54.977497748
29.0,38600.0,Female,21300.0,Madrid,Master,,2023-07-16 06:55:20.252025202
59.0,58600.0,Male,30300.0,Paris,Bachelor,Married,2023-07-16 07:47:45.526552654
30.0,51800.0,Female,28800.0,London,Master,,2023-07-16 08:40:10.801080108
28.0,55900.0,Male,33600.0,Paris,Master,Married,2023-07-16 09:32:36.075607560
33.0,52100.0,Male,24500.0,Paris,Bachelor,Single,2023-07-16 10:25:01.350135012
25.0,67800.0,Male,37800.0,London,Bachelor,Single,2023-07-16 11:17:26.624662466
57.0,55200.0,Male,30600.0,Berlin,High School,Married,2023-07-16 12:09:51.899189918
57.0,49100.0,Male,25300.0,Berlin,High School,Single,2023-07-16 13:02:17.173717370
62.0,65600.0,Male,52400.0,Rome,Bachelor,Single,2023-07-16 13:54:42.448244824
19.0,53500.0,Male,23000.0,Paris,Bachelor,Married,2023-07-16 14:47:07.722772276
47.0,51800.0,Male,34000.0,Paris,High School,Single,2023-07-16 15:39:32.997299730
47.0,54700.0,Female,25700.0,Paris,High School,Married,2023-07-16 16:31:58.271827182
29.0,48600.0,Male,35800.0,Paris,PhD,Married,2023-07-16 17:24:23.546354634
27.0,50100.0,Female,38400.0,Paris,Bachelor,Single,2023-07-16 18:16:48.820882088
,41200.0,,23100.0,Paris,PhD,Single,2023-07-16 19:09:14.095409540
28.0,38700.0,Female,28200.0,London,Master,Married,2023-07-16 20:01:39.369936992
32.0,35000.0,Male,17500.0,Paris,Bachelor,Married,2023-07-16 20:54:04.644464446
33.0,29100.0,Female,13300.0,London,High School,Married,2023-07-16 21:46:29.918991898
34.0,,Female,19400.0,Madrid,High School,Single,2023-07-16 22:38:55.193519352
43.0,47400.0,Male,25400.0,Berlin,High School,Married,2023-07-16 23:31:20.468046804
19.0,51500.0,Male,28800.0,Berlin,Bachelor,Single,2023-07-17 00:23:45.742574256
67.0,45900.0,Male,25200.0,Berlin,High School,,2023-07-17 01:16:11.017101710
29.0,14700.0,Female,8300.0,Paris,Master,Married,2023-07-17 02:08:36.291629162
68.0,73600.0,Male,50300.0,Berlin,Bachelor,Married,2023-07-17 03:01:01.566156614
43.0,66300.0,Male,33000.0,Berlin,High School,Married,2023-07-17 03:53:26.840684068
40.0,56700.0,Male,23100.0,Paris,Bachelor,Single,2023-07-17 04:45:52.115211520
35.0,78600.0,Male,46800.0,Madrid,High School,Single,2023-07-17 05:38:17.389738974
49.0,35300.0,Male,20400.0,London,High School,Single,2023-07-17 06:30:42.664266426
66.0,78300.0,Female,33200.0,Paris,High School,Married,2023-07-17 07:23:07.938793878
55.0,35500.0,Male,16100.0,London,High School,Widowed,2023-07-17 08:15:33.213321332
64.0,53600.0,Female,32400.0,London,Master,Married,2023-07-17 09:07:58.487848784
,30900.0,,15300.0,London,Bachelor,Single,2023-07-17 10:00:23.762376236
55.0,50200.0,Male,37700.0,Paris,Bachelor,Married,2023-07-17 10:52:49.036903690
20.0,55800.0,Male,26200.0,London,Bachelor,Single,2023-07-17 11:45:14.311431142
47.0,,Female,19500.0,London,Bachelor,Single,2023-07-17 12:37:39.585958596
18.0,60700.0,Male,35100.0,Rome,Bachelor,Single,2023-07-17 13:30:04.860486048
47.0,51500.0,Male,40900.0,Berlin,Master,Widowed,2023-07-17 14:22:30.135013500
62.0,42200.0,Male,27600.0,Berlin,High School,Single,2023-07-17 15:14:55.409540954
49.0,41500.0,Male,22500.0,Paris,Master,Single,2023-07-17 16:07:20.684068406
45.0,62200.0,Female,25300.0,Paris,Bachelor,Single,2023-07-17 16:59:45.958595858
,40200.0,,23900.0,Paris,High School,Married,
63.0,63700.0,Male,30700.0,London,High School,Single,2023-07-17 18:44:36.507650764
30.0,68300.0,Male,45000.0,Paris,Master,Divorced,2023-07-17 19:37:01.782178216
44.0,25000.0,Male,15800.0,London,Master,Single,2023-07-17 20:29:27.056705670
53.0,67000.0,Male,33900.0,Paris,High School,Single,2023-07-17 21:21:52.331233122
24.0,80900.0,Male,34600.0,London,High School,Married,2023-07-17 22:14:17.605760576
39.0,53800.0,Male,37800.0,Paris,High School,Single,2023-07-17 23:06:42.880288028
27.0,59000.0,Male,37400.0,Paris,High School,,2023-07-17 23:59:08.154815480
56.0,65600.0,Male,48300.0,Berlin,High School,Married,2023-07-18 00:51:33.429342934
32.0,45900.0,Male,23100.0,London,High School,Married,2023-07-18 01:43:58.703870386
32.0,52700.0,Male,34800.0,Berlin,High School,Divorced,2023-07-18 02:36:23.978397838
21.0,30300.0,Male,13600.0,London,High School,Married,2023-07-18 03:28:49.252925292
49.0,52100.0,Male,26900.0,Madrid,Master,Married,2023-07-18 04:21:14.527452744
40.0,57500.0,Male,38100.0,Paris,High School,Widowed,2023-07-18 05:13:39.801980198
23.0,57700.0,Female,42100.0,Paris,Bachelor,Single,2023-07-18 06:06:05.076507650
41.0,66000.0,Male,34900.0,London,Bachelor,Divorced,2023-07-18 06:58:30.351035102
37.0,38400.0,Male,27600.0,Madrid,Master,Single,2023-07-18 07:50:55.625562556
54.0,42000.0,Male,28200.0,London,High School,Single,2023-07-18 08:43:20.900090008
37.0,78400.0,Male,42300.0,London,High School,Married,2023-07-18 09:35:46.174617460
29.0,47700.0,Female,35800.0,Paris,Master,Single,2023-07-18 10:28:11.449144914
50.0,53000.0,Male,32000.0,London,Master,Single,2023-07-18 11:20:36.723672366
45.0,49000.0,Male,32300.0,London,Bachelor,Single,2023-07-18 12:13:01.998199820
25.0,37700.0,Male,22600.0,Berlin,High School,Single,2023-07-18 13:05:27.272727272
,74400.0,,43200.0,London,High School,Single,2023-07-18 13:57:52.547254724
54.0,42100.0,Female,31100.0,Paris,High School,Single,2023-07-18 14:50:17.821782178
,33100.0,,17100.0,Paris,High School,,2023-07-18 15:42:43.096309630
23.0,43200.0,Female,17900.0,Paris,High School,Married,2023-07-18 16:35:08.370837082
,20000.0,,15000.0,London,High School,Married,2023-07-18 17:27:33.645364536
49.0,40200.0,Male,29300.0,Paris,High School,Single,2023-07-18 18:19:58.919891988
52.0,35500.0,Male,19400.0,London,Bachelor,Divorced,2023-07-18 19:12:24.194419442
32.0,59300.0,Male,28100.0,Berlin,Bachelor,Single,2023-07-18 20:04:49.468946894
22.0,39900.0,Male,26700.0,Paris,High School,Single,2023-07-18 20:57:14.743474346
63.0,,Female,27300.0,London,PhD,Divorced,2023-07-18 21:49:40.018001800
67.0,71000.0,Male,40400.0,Madrid,Bachelor,Married,2023-07-18 22:42:05.292529252
65.0,61700.0,Male,26800.0,London,High School,Widowed,2023-07-18 23:34:30.567056704
23.0,46800.0,Male,29900.0,London,High School,Single,2023-07-19 00:26:55.841584158
42.0,52100.0,Male,21400.0,London,High School,Married,2023-07-19 01:19:21.116111610
63.0,27100.0,Male,17700.0,Paris,Bachelor,Single,2023-07-19 02:11:46.390639064
57.0,48000.0,Male,32100.0,Paris,High School,Divorced,2023-07-19 03:04:11.665166516
46.0,37100.0,Male,22100.0,Paris,High School,Single,2023-07-19 03:56:36.939693968
24.0,60400.0,Male,28400.0,Paris,High School,Single,2023-07-19 04:49:02.214221422
57.0,88600.0,Male,39000.0,Berlin,Bachelor,Single,
30.0,57500.0,Male,30200.0,Paris,High School,Married,2023-07-19 06:33:52.763276326
,20100.0,,11800.0,Madrid,High School,Single,2023-07-19 07:26:18.037803780
35.0,44600.0,Male,29300.0,Berlin,High School,Widowed,2023-07-19 08:18:43.312331232
19.0,51800.0,Male,20700.0,London,High School,Divorced,2023-07-19 09:11:08.586858686
25.0,51300.0,Male,35100.0,Berlin,High School,Married,
28.0,39000.0,Male,26700.0,Paris,High School,Married,2023-07-19 10:55:59.135913590
50.0,53700.0,Female,31000.0,London,High School,Divorced,2023-07-19 11:48:24.410441044
55.0,31400.0,Female,16900.0,Madrid,High School,Divorced,2023-07-19 12:40:49.684968496
65.0,35800.0,Female,26400.0,Paris,High School,Divorced,2023-07-19 13:33:14.959495948
44.0,59700.0,Male,42600.0,Paris,High School,Divorced,2023-07-19 14:25:40.234023402
37.0,34800.0,Male,27600.0,Paris,High School,,2023-07-19 15:18:05.508550854
29.0,58100.0,Male,31900.0,London,High School,Single,2023-07-19 16:10:30.783078306
60.0,29500.0,Male,22500.0,Paris,High School,Married,
48.0,76500.0,Male,33300.0,London,High School,Single,2023-07-19 17:55:21.332133212
44.0,38400.0,Female,21700.0,Berlin,High School,Single,2023-07-19 18:47:46.606660666
49.0,46600.0,Male,27300.0,Paris,Master,Married,2023-07-19 19:40:11.881188118
27.0,55000.0,Male,31700.0,Berlin,Master,Married,
20.0,41500.0,Male,27000.0,Paris,High School,Married,2023-07-19 21:25:02.430243024
62.0,52200.0,Male,24400.0,Paris,High School,Widowed,2023-07-19 22:17:27.704770476
44.0,58600.0,Male,43700.0,Paris,PhD,,2023-07-19 23:09:52.979297928
52.0,64400.0,Male,40000.0,Berlin,Bachelor,Single,2023-07-20 00:02:18.253825382
48.0,61900.0,Male,47100.0,Madrid,Master,Single,2023-07-20 00:54:43.528352834
32.0,47400.0,Female,19000.0,Paris,Master,Single,2023-07-20 01:47:08.802880288
33.0,47800.0,Male,31200.0,Paris,Master,,2023-07-20 02:39:34.077407740
30.0,85200.0,Female,48100.0,Berlin,High School,Single,2023-07-20 03:31:59.351935192
66.0,64200.0,Male,38700.0,London,High School,Single,2023-07-20 04:24:24.626462646
52.0,36200.0,Male,25300.0,Paris,High School,Married,2023-07-20 05:16:49.900990098
69.0,51500.0,Male,25300.0,London,Bachelor,Married,2023-07-20 06:09:15.175517550
28.0,45000.0,Female,21700.0,Madrid,Bachelor,Married,2023-07-20 07:01:40.450045004
38.0,48000.0,Male,32700.0,Paris,High School,Divorced,2023-07-20 07:54:05.724572456
68.0,31600.0,Male,19200.0,Paris,High School,Single,2023-07-20 08:46:30.999099910
28.0,43800.0,Male,21600.0,Paris,Bachelor,Married,2023-07-20 09:38:56.273627362
47.0,77200.0,Male,45800.0,London,High School,Single,2023-07-20 10:31:21.548154814
65.0,58700.0,Male,34300.0,Paris,Bachelor,Divorced,2023-07-20 11:23:46.822682268
52.0,12600.0,Female,8500.0,Berlin,Bachelor,Single,2023-07-20 12:16:12.097209720
39.0,68300.0,Male,27400.0,Berlin,High School,Single,2023-07-20 13:08:37.371737172
55.0,66300.0,Male,42100.0,London,High School,Single,2023-07-20 14:01:02.646264626
48.0,44600.0,Female,28600.0,Paris,Master,Married,2023-07-20 14:53:27.920792078
31.0,,Female,42500.0,Rome,High School,Single,
41.0,37100.0,Male,28000.0,London,Master,Divorced,
67.0,42900.0,Male,24700.0,London,Master,Single,2023-07-20 17:30:43.744374436
66.0,72500.0,Male,38900.0,Rome,Bachelor,Single,2023-07-20 18:23:09.018901890
49.0,,Female,20200.0,Madrid,Bachelor,Single,2023-07-20 19:15:34.293429342
53.0,22000.0,Female,11800.0,London,High School,Single,2023-07-20 20:07:59.567956794
49.0,49100.0,Female,21000.0,London,Master,,2023-07-20 21:00:24.842484248
32.0,48800.0,Male,35200.0,Paris,High School,Married,2023-07-20 21:52:50.117011700
60.0,68000.0,Male,49200.0,Madrid,Bachelor,Single,2023-07-20 22:45:15.391539154
52.0,50200.0,Male,28500.0,Berlin,High School,Single,2023-07-20 23:37:40.666066606
20.0,43700.0,Male,22000.0,Paris,Master,Single,2023-07-21 00:30:05.940594058
,65700.0,,29400.0,Berlin,Master,Single,2023-07-21 01:22:31.215121512
22.0,51800.0,Male,38400.0,Berlin,Bachelor,Single,2023-07-21 02:14:56.489648964
38.0,38700.0,Male,29100.0,Paris,High School,Married,2023-07-21 03:07:21.764176416
27.0,67300.0,Female,34100.0,London,High School,Single,2023-07-21 03:59:47.038703870
36.0,52900.0,Male,34300.0,Paris,High School,Married,2023-07-21 04:52:12.313231322
42.0,50000.0,Male,25200.0,Berlin,Bachelor,Married,2023-07-21 05:44:37.587758776
21.0,52700.0,Female,25800.0,Paris,Bachelor,Single,2023-07-21 06:37:02.862286228
46.0,33900.0,Female,13800.0,London,Bachelor,Single,2023-07-21 07:29:28.136813680
36.0,,Female,26600.0,Paris,Master,Divorced,2023-07-21 08:21:53.411341134
,50100.0,,23000.0,Paris,High School,Single,2023-07-21 09:14:18.685868586
19.0,47100.0,Male,19100.0,Paris,Master,Married,2023-07-21 10:06:43.960396038
27.0,69100.0,Male,30500.0,London,High School,Married,2023-07-21 10:59:09.234923492
60.0,53300.0,Male,28000.0,Paris,High School,Married,2023-07-21 11:51:34.509450944
42.0,62800.0,Male,41900.0,London,Bachelor,Married,2023-07-21 12:43:59.783978396
37.0,50100.0,Female,24100.0,London,Master,Single,2023-07-21 13:36:25.058505850
65.0,65800.0,Male,49700.0,London,High School,Single,2023-07-21 14:28:50.333033302
36.0,56000.0,Male,28900.0,London,High School,Divorced,2023-07-21 15:21:15.607560756
40.0,50200.0,Female,26700.0,Paris,Master,Married,2023-07-21 16:13:40.882088208
41.0,49800.0,Female,24300.0,Paris,Master,Married,
28.0,35700.0,Male,17900.0,Paris,PhD,Single,2023-07-21 17:58:31.431143114
63.0,57600.0,Female,24700.0,London,High School,Single,2023-07-21 18:50:56.705670566
51.0,49400.0,Female,25600.0,Berlin,Bachelor,,2023-07-21 19:43:21.980198018
45.0,42500.0,Female,31600.0,Paris,Master,Single,2023-07-21 20:35:47.254725472
22.0,66600.0,Female,45000.0,London,Bachelor,Divorced,2023-07-21 21:28:12.529252924
22.0,31200.0,Female,23400.0,Paris,High School,Single,2023-07-21 22:20:37.803780378
,43700.0,,19300.0,Paris,Bachelor,Married,2023-07-21 23:13:03.078307830
38.0,65400.0,Male,38100.0,London,High School,Single,2023-07-22 00:05:28.352835282
29.0,54700.0,Male,26900.0,Paris,High School,Married,2023-07-22 00:57:53.627362736
67.0,49300.0,Male,33900.0,London,High School,Single,2023-07-22 01:50:18.901890188
21.0,53800.0,Male,42400.0,Rome,Bachelor,Married,2023-07-22 02:42:44.176417640
66.0,52700.0,Male,38300.0,Paris,High School,Divorced,2023-07-22 03:35:09.450945094
59.0,27300.0,Male,11300.0,London,Master,Single,2023-07-22 04:27:34.725472546
37.0,44800.0,Female,23600.0,Madrid,High School,Single,2023-07-22 05:20:00.000000000
55.0,74200.0,Female,30500.0,Paris,High School,Single,2023-07-22 06:12:25.274527452
42.0,40100.0,Male,16700.0,Paris,PhD,Married,2023-07-22 07:04:50.549054904
31.0,45200.0,Male,19500.0,Paris,Bachelor,Single,2023-07-22 07:57:15.823582358
28.0,41900.0,Female,21400.0,London,High School,Single,2023-07-22 08:49:41.098109810
49.0,,Female,25400.0,London,Master,Single,2023-07-22 09:42:06.372637262
28.0,41300.0,Female,23100.0,London,Bachelor,Single,2023-07-22 10:34:31.647164716
35.0,57300.0,Female,32200.0,London,Bachelor,Single,2023-07-22 11:26:56.921692168
44.0,53000.0,Female,37600.0,Berlin,Master,Single,2023-07-22 12:19:22.196219622
35.0,61600.0,Male,28100.0,Paris,High School,Single,2023-07-22 13:11:47.470747074
40.0,34200.0,Male,15800.0,Rome,High School,Single,2023-07-22 14:04:12.745274526
28.0,44900.0,Female,29200.0,Paris,Master,Married,
38.0,46600.0,Male,29300.0,Paris,High School,Single,2023-07-22 15:49:03.294329432
61.0,,Female,26200.0,Madrid,Master,,2023-07-22 16:41:28.568856884
22.0,38100.0,Male,28200.0,Berlin,High School,Married,2023-07-22 17:33:53.843384338
40.0,63700.0,Female,33900.0,Berlin,High School,Married,2023-07-22 18:26:19.117911790
58.0,67800.0,Male,37100.0,Paris,High School,Single,2023-07-22 19:18:44.392439244
42.0,35200.0,Male,20000.0,Berlin,Bachelor,Married,2023-07-22 20:11:09.666966696
58.0,42600.0,Male,22500.0,London,High School,Widowed,2023-07-22 21:03:34.941494148
27.0,,Female,26200.0,Berlin,High School,Widowed,2023-07-22 21:56:00.216021602
39.0,89500.0,Male,49700.0,Rome,PhD,Married,2023-07-22 22:48:25.490549054
36.0,43600.0,Female,22000.0,Paris,Master,Single,2023-07-22 23:40:50.765076506
18.0,75200.0,Female,57300.0,London,High School,Single,2023-07-23 00:33:16.039603960
24.0,,Female,16200.0,Berlin,High School,Single,2023-07-23 01:25:41.314131412
21.0,35200.0,Female,23900.0,London,High School,Single,2023-07-23 02:18:06.588658866
18.0,39700.0,Male,21400.0,Paris,Master,Divorced,2023-07-23 03:10:31.863186318
32.0,37300.0,Male,21400.0,Paris,Bachelor,Single,
57.0,46000.0,Male,22700.0,London,Master,Married,2023-07-23 04:55:22.412241224
29.0,39400.0,Female,27600.0,Paris,Master,,2023-07-23 05:47:47.686768676
39.0,,Female,26200.0,Paris,Bachelor,Single,2023-07-23 06:40:12.961296128
39.0,67400.0,Male,27600.0,Paris,High School,Widowed,2023-07-23 07:32:38.235823582
67.0,68400.0,Male,29000.0,Paris,High School,Single,2023-07-23 08:25:03.510351034
64.0,64200.0,Male,49400.0,Paris,Master,Single,2023-07-23 09:17:28.784878486
34.0,57900.0,Male,43700.0,Paris,Bachelor,Married,2023-07-23 10:09:54.059405940
46.0,51400.0,Male,31000.0,Madrid,Master,Married,2023-07-23 11:02:19.333933392
63.0,42500.0,Male,25400.0,Paris,Master,Single,2023-07-23 11:54:44.608460846
31.0,35700.0,Male,25900.0,Berlin,High School,Married,2023-07-23 12:47:09.882988298
67.0,55400.0,Male,25200.0,Berlin,High School,Single,
37.0,32400.0,Male,21400.0,London,Bachelor,Single,2023-07-23 14:32:00.432043204
67.0,35100.0,Male,20700.0,Paris,High School,Single,2023-07-23 15:24:25.706570656
65.0,67300.0,Male,46900.0,Madrid,High School,Married,2023-07-23 16:16:50.981098108
50.0,78500.0,Male,32300.0,London,High School,Single,2023-07-23 17:09:16.255625562
60.0,55900.0,Male,35600.0,Paris,Master,Married,2023-07-23 18:01:41.530153014
32.0,66600.0,Male,41500.0,London,Master,Married,2023-07-23 18:54:06.804680468
29.0,46300.0,Male,34100.0,Paris,High School,Divorced,2023-07-23 19:46:32.079207920
57.0,29900.0,Male,20100.0,Paris,Bachelor,,2023-07-23 20:38:57.353735372
37.0,,Female,44500.0,London,Bachelor,Single,2023-07-23 21:31:22.628262826
47.0,58500.0,Male,44200.0,Paris,Bachelor,Single,2023-07-23 22:23:47.902790278
55.0,51100.0,Male,28800.0,London,Bachelor,Married,2023-07-23 23:16:13.177317730
20.0,46400.0,Male,21100.0,Madrid,High School,Single,2023-07-24 00:08:38.451845184
45.0,64400.0,Male,42000.0,Paris,High School,,2023-07-24 01:01:03.726372636
43.0,35200.0,Female,26400.0,Paris,High School,,2023-07-24 01:53:29.000900090
47.0,38400.0,Male,16500.0,Berlin,Master,Married,2023-07-24 02:45:54.275427542
30.0,34900.0,Male,21700.0,London,Bachelor,Divorced,2023-07-24 03:38:19.549954994
30.0,51300.0,Male,22900.0,London,PhD,Single,2023-07-24 04:30:44.824482448
19.0,33700.0,Male,13800.0,Berlin,High School,Married,2023-07-24 05:23:10.099009900
54.0,39700.0,Male,26700.0,Madrid,Bachelor,Single,2023-07-24 06:15:35.373537352
66.0,39400.0,Male,26500.0,London,Bachelor,Single,2023-07-24 07:08:00.648064806
55.0,46100.0,Male,29500.0,Paris,Bachelor,Single,2023-07-24 08:00:25.922592258
,27700.0,,20600.0,London,High School,Single,2023-07-24 08:52:51.197119712
53.0,51300.0,Male,22200.0,London,High School,Married,2023-07-24 09:45:16.471647164
43.0,68700.0,Female,30400.0,London,High School,Married,2023-07-24 10:37:41.746174616
28.0,52000.0,Male,38800.0,Paris,Master,Single,2023-07-24 11:30:07.020702070
25.0,73100.0,Male,44000.0,London,Bachelor,Single,2023-07-24 12:22:32.295229522
61.0,70000.0,Male,35600.0,London,High School,Single,2023-07-24 13:14:57.569756974
57.0,61700.0,Male,42900.0,Paris,High School,Widowed,2023-07-24 14:07:22.844284428
60.0,51100.0,Female,38700.0,Madrid,High School,Married,2023-07-24 14:59:48.118811880
39.0,50300.0,Male,34000.0,Madrid,Bachelor,Divorced,2023-07-24 15:52:13.393339334
37.0,61500.0,Male,44100.0,Berlin,Bachelor,Married,2023-07-24 16:44:38.667866786
25.0,44100.0,Male,22600.0,London,PhD,Single,2023-07-24 17:37:03.942394238
46.0,21800.0,Male,11200.0,Paris,Bachelor,Married,2023-07-24 18:29:29.216921692
57.0,57400.0,Male,42800.0,Berlin,High School,Married,2023-07-24 19:21:54.491449144
43.0,33000.0,Female,21300.0,London,High School,Single,2023-07-24 20:14:19.765976596
47.0,35600.0,Female,17600.0,London,High School,Single,2023-07-24 21:06:45.040504050
34.0,50000.0,Male,30500.0,Paris,High School,Married,2023-07-24 21:59:10.315031502
37.0,48600.0,Female,32800.0,London,Bachelor,Married,2023-07-24 22:51:35.589558956
69.0,28800.0,Male,14000.0,Madrid,High School,Single,2023-07-24 23:44:00.864086408
33.0,52500.0,Female,34800.0,Paris,High School,Married,2023-07-25 00:36:26.138613860
63.0,64500.0,Female,26900.0,Paris,Bachelor,Married,2023-07-25 01:28:51.413141314
60.0,33100.0,Male,17300.0,London,High School,Married,2023-07-25 02:21:16.687668766
24.0,69100.0,Male,46300.0,London,High School,Married,2023-07-25 03:13:41.962196218
33.0,26600.0,Female,12200.0,Paris,Bachelor,Single,2023-07-25 04:06:07.236723672
62.0,81800.0,Male,40000.0,Madrid,Master,Divorced,2023-07-25 04:58:32.511251124
64.0,43800.0,Male,32900.0,Paris,High School,Single,2023-07-25 05:50:57.785778576
65.0,52200.0,Male,35000.0,Madrid,Bachelor,Single,2023-07-25 06:43:23.060306030
44.0,21600.0,Female,13000.0,Paris,Bachelor,,2023-07-25 07:35:48.334833482
40.0,,Female,23800.0,Paris,Bachelor,Single,2023-07-25 08:28:13.609360936
41.0,53400.0,Male,28700.0,Berlin,Bachelor,Married,2023-07-25 09:20:38.883888388
26.0,48700.0,Female,30700.0,Madrid,Master,Single,2023-07-25 10:13:04.158415840
52.0,41600.0,Male,19200.0,Rome,High School,Married,2023-07-25 11:05:29.432943294
68.0,,Female,21200.0,Paris,High School,Single,2023-07-25 11:57:54.707470746
37.0,67000.0,Male,37800.0,London,Bachelor,Married,2023-07-25 12:50:19.981998198
54.0,50500.0,Male,29800.0,Paris,Master,Single,2023-07-25 13:42:45.256525652
59.0,73100.0,Male,32300.0,Paris,High School,Divorced,2023-07-25 14:35:10.531053104
34.0,42100.0,Male,18600.0,Paris,Bachelor,Single,2023-07-25 15:27:35.805580558
64.0,43500.0,Male,34200.0,Paris,High School,Single,2023-07-25 16:20:01.080108010
48.0,62200.0,Female,49200.0,Madrid,Master,Single,
25.0,25700.0,Male,14700.0,Paris,Bachelor,Widowed,
32.0,31800.0,Female,22800.0,London,High School,Married,2023-07-25 18:57:16.903690368
48.0,66500.0,Male,44000.0,London,Bachelor,Single,
47.0,32400.0,Male,14500.0,Paris,Bachelor,Divorced,2023-07-25 20:42:07.452745274
63.0,22700.0,Male,11800.0,Rome,High School,Divorced,2023-07-25 21:34:32.727272726
,78000.0,,41000.0,Paris,Master,Married,2023-07-25 22:26:58.001800180
56.0,29100.0,Male,18600.0,Madrid,High School,Single,2023-07-25 23:19:23.276327632
29.0,52800.0,Female,33400.0,Madrid,High School,Single,2023-07-26 00:11:48.550855084
66.0,,Female,39200.0,Madrid,Bachelor,Single,2023-07-26 01:04:13.825382538
34.0,7800.0,Male,5600.0,Berlin,Master,Single,2023-07-26 01:56:39.099909990
,46000.0,,34200.0,Paris,High School,Divorced,2023-07-26 02:49:04.374437442
47.0,56700.0,Female,42900.0,Paris,Bachelor,Single,2023-07-26 03:41:29.648964896
46.0,55300.0,Female,39800.0,London,High School,Married,2023-07-26 04:33:54.923492348
36.0,63600.0,Male,33900.0,Paris,Master,Divorced,2023-07-26 05:26:20.198019802
63.0,44200.0,Male,21500.0,Berlin,High School,Married,2023-07-26 06:18:45.472547254
,60700.0,,38200.0,Berlin,Bachelor,Married,2023-07-26 07:11:10.747074706
51.0,39700.0,Male,26800.0,Paris,Bachelor,Married,2023-07-26 08:03:36.021602160
67.0,28800.0,Male,16000.0,Paris,High School,Married,2023-07-26 08:56:01.296129612
24.0,30500.0,Male,22500.0,Paris,High School,Single,2023-07-26 09:48:26.570657064
61.0,28100.0,Male,22000.0,London,High School,Married,2023-07-26 10:40:51.845184518
51.0,65100.0,Male,40900.0,Paris,Master,Married,2023-07-26 11:33:17.119711970
37.0,27300.0,Female,15900.0,London,High School,Single,2023-07-26 12:25:42.394239424
67.0,54100.0,Female,39900.0,London,Master,Married,2023-07-26 13:18:07.668766876
55.0,46000.0,Female,18800.0,Paris,High School,Single,2023-07-26 14:10:32.943294328
41.0,48500.0,Female,21900.0,London,High School,,2023-07-26 15:02:58.217821782
27.0,70500.0,Male,52000.0,London,Master,Married,2023-07-26 15:55:23.492349234
49.0,,Female,30100.0,London,Bachelor,Married,2023-07-26 16:47:48.766876686
69.0,59200.0,Female,33500.0,Rome,Bachelor,Married,2023-07-26 17:40:14.041404140
32.0,50600.0,Female,38200.0,Paris,Master,Single,2023-07-26 18:32:39.315931592
54.0,47700.0,Male,25800.0,London,PhD,,2023-07-26 19:25:04.590459046
37.0,84500.0,Male,55200.0,Madrid,High School,Married,2023-07-26 20:17:29.864986498
20.0,28400.0,Male,18600.0,Paris,High School,Single,2023-07-26 21:09:55.139513950
54.0,69300.0,Male,32800.0,London,High School,Single,2023-07-26 22:02:20.414041404
57.0,59800.0,Female,30700.0,London,Master,Married,2023-07-26 22:54:45.688568856
25.0,42800.0,Male,32800.0,London,High School,Married,2023-07-26 23:47:10.963096308
57.0,74400.0,Female,35200.0,Paris,Bachelor,Married,2023-07-27 00:39:36.237623762
61.0,22300.0,Male,10500.0,London,Master,Single,2023-07-27 01:32:01.512151214
40.0,42200.0,Male,25000.0,Paris,Bachelor,Married,2023-07-27 02:24:26.786678666
57.0,31900.0,Male,13900.0,London,High School,Married,2023-07-27 03:16:52.061206120
28.0,56200.0,Male,42600.0,London,High School,Single,2023-07-27 04:09:17.335733572
63.0,33300.0,Male,14700.0,London,High School,Single,2023-07-27 05:01:42.610261026
25.0,56500.0,Male,36500.0,London,High School,Single,2023-07-27 05:54:07.884788478
46.0,47200.0,Male,25300.0,Paris,High School,Married,2023-07-27 06:46:33.159315930
47.0,42800.0,Female,30900.0,Paris,High School,Married,2023-07-27 07:38:58.433843384
27.0,55800.0,Male,35500.0,Paris,Master,Single,2023-07-27 08:31:23.708370836
56.0,46000.0,Female,25500.0,Paris,PhD,Single,2023-07-27 09:23:48.982898288
45.0,33700.0,Male,26700.0,London,PhD,Married,2023-07-27 10:16:14.257425742
66.0,92000.0,Male,39200.0,London,High School,Single,2023-07-27 11:08:39.531953194
53.0,42700.0,Male,26900.0,Paris,Master,Single,2023-07-27 12:01:04.806480648
30.0,,Female,13300.0,Madrid,Bachelor,Married,2023-07-27 12:53:30.081008100
49.0,37400.0,Male,25300.0,London,Master,Married,2023-07-27 13:45:55.355535552
53.0,31000.0,Male,21600.0,Paris,Master,,2023-07-27 14:38:20.630063006
54.0,62400.0,Female,25800.0,Paris,PhD,Married,2023-07-27 15:30:45.904590458
43.0,54800.0,Male,22400.0,London,High School,Married,2023-07-27 16:23:11.179117910
39.0,56000.0,Male,23200.0,Paris,Bachelor,Married,2023-07-27 17:15:36.453645364
21.0,44400.0,Female,35400.0,Madrid,Bachelor,Married,2023-07-27 18:08:01.728172816
48.0,45800.0,Male,36300.0,London,High School,Married,2023-07-27 19:00:27.002700270
,44400.0,,23700.0,Madrid,High School,Married,2023-07-27 19:52:52.277227722
55.0,48800.0,Male,25200.0,Paris,High School,Widowed,2023-07-27 20:45:17.551755174
41.0,62500.0,Male,28600.0,London,Master,Single,2023-07-27 21:37:42.826282628
40.0,55000.0,Male,29200.0,Madrid,Master,Single,2023-07-27 22:30:08.100810080
39.0,57500.0,Male,31500.0,Paris,Bachelor,Married,2023-07-27 23:22:33.375337532
19.0,57500.0,Female,40200.0,Paris,Bachelor,Married,2023-07-28 00:14:58.649864986
48.0,63300.0,Male,47300.0,London,High School,Married,2023-07-28 01:07:23.924392438
28.0,54300.0,Male,37900.0,Rome,Bachelor,Divorced,2023-07-28 01:59:49.198919892
45.0,55400.0,Female,36500.0,London,High School,Single,2023-07-28 02:52:14.473447344
63.0,67800.0,Male,47900.0,London,High School,Divorced,2023-07-28 03:44:39.747974796
49.0,40000.0,Female,27800.0,London,Master,Single,2023-07-28 04:37:05.022502250
22.0,,Female,22000.0,Paris,Bachelor,,2023-07-28 05:29:30.297029702
55.0,32200.0,Male,17200.0,London,Bachelor,Married,2023-07-28 06:21:55.571557154
27.0,52700.0,Male,27000.0,Paris,High School,Single,2023-07-28 07:14:20.846084608
57.0,22200.0,Female,14900.0,Paris,High School,Married,2023-07-28 08:06:46.120612060
63.0,,Female,44600.0,Berlin,Bachelor,Single,2023-07-28 08:59:11.395139514
41.0,48400.0,Male,30600.0,London,High School,Single,2023-07-28 09:51:36.669666966
52.0,67000.0,Male,51300.0,Rome,High School,,2023-07-28 10:44:01.944194418
61.0,39900.0,Male,16200.0,Paris,High School,Single,2023-07-28 11:36:27.218721872
65.0,47000.0,Male,33700.0,Paris,High School,Married,2023-07-28 12:28:52.493249324
40.0,66800.0,Male,49500.0,Berlin,High School,Single,2023-07-28 13:21:17.767776776
34.0,70700.0,Male,,Paris,High School,Widowed,2023-07-28 14:13:43.042304228
18.0,39800.0,Female,30800.0,Paris,Bachelor,Single,2023-07-28 15:06:08.316831684
48.0,52700.0,Male,33500.0,London,High School,Married,2023-07-28 15:58:33.591359136
48.0,54400.0,Female,27000.0,Paris,High School,Widowed,2023-07-28 16:50:58.865886588
59.0,55600.0,Male,27000.0,Rome,Master,Single,2023-07-28 17:43:24.140414040
59.0,46100.0,Male,28700.0,London,High School,Single,2023-07-28 18:35:49.414941492
51.0,69200.0,Male,52800.0,Madrid,High School,Single,2023-07-28 19:28:14.689468944
26.0,21700.0,Male,9300.0,Madrid,High School,Divorced,2023-07-28 20:20:39.963996400
39.0,43700.0,Male,28000.0,Paris,High School,Married,2023-07-28 21:13:05.238523852
30.0,56700.0,Female,40100.0,Berlin,High School,Single,2023-07-28 22:05:30.513051304
,56900.0,,25400.0,Paris,Bachelor,Single,2023-07-28 22:57:55.787578756
65.0,70300.0,Female,31400.0,Paris,High School,Married,2023-07-28 23:50:21.062106208
35.0,68000.0,Male,37200.0,Madrid,High School,Married,2023-07-29 00:42:46.336633664
68.0,45700.0,Male,23300.0,Paris,High School,Single,2023-07-29 01:35:11.611161116
29.0,69500.0,Male,33300.0,Paris,High School,Married,2023-07-29 02:27:36.885688568
57.0,39300.0,Female,18800.0,Paris,High School,Widowed,2023-07-29 03:20:02.160216020
34.0,64000.0,Male,28900.0,Paris,High School,Single,2023-07-29 04:12:27.434743472
32.0,77200.0,Male,49700.0,London,Master,Single,2023-07-29 05:04:52.709270928
59.0,68200.0,Female,46100.0,London,High School,Married,2023-07-29 05:57:17.983798380
32.0,51600.0,Female,35100.0,London,PhD,Married,2023-07-29 06:49:43.258325832
32.0,45000.0,Male,27600.0,Madrid,PhD,Widowed,2023-07-29 07:42:08.532853284
56.0,27100.0,Female,21200.0,Paris,Bachelor,Divorced,2023-07-29 08:34:33.807380736
30.0,54700.0,Male,41100.0,Paris,Bachelor,Single,2023-07-29 09:26:59.081908188
34.0,,Female,26100.0,Paris,Master,Married,2023-07-29 10:19:24.356435644
49.0,38100.0,Male,21200.0,Berlin,High School,Married,2023-07-29 11:11:49.630963096
26.0,32100.0,Male,24100.0,London,High School,Single,2023-07-29 12:04:14.905490548
57.0,43100.0,Male,30400.0,Rome,High School,Single,2023-07-29 12:56:40.180018000
37.0,49600.0,Male,26600.0,London,Bachelor,Married,2023-07-29 13:49:05.454545452
43.0,54100.0,Male,23900.0,Paris,High School,Single,2023-07-29 14:41:30.729072908
44.0,41000.0,Female,27600.0,Paris,Master,Married,2023-07-29 15:33:56.003600360
38.0,,Female,30000.0,London,High School,Single,2023-07-29 16:26:21.278127812
35.0,46900.0,Male,24300.0,London,Master,Married,2023-07-29 17:18:46.552655264
30.0,38200.0,Male,22900.0,Paris,High School,Single,2023-07-29 18:11:11.827182716
33.0,53400.0,Male,35900.0,London,Bachelor,Divorced,2023-07-29 19:03:37.101710172
26.0,79500.0,Male,61300.0,Madrid,Bachelor,Single,2023-07-29 19:56:02.376237624
29.0,55000.0,Female,35100.0,Berlin,High School,Divorced,2023-07-29 20:48:27.650765076
61.0,44600.0,Male,29800.0,London,Master,Single,2023-07-29 21:40:52.925292528
55.0,27100.0,Male,14200.0,Berlin,High School,,2023-07-29 22:33:18.199819980
36.0,46700.0,Male,31500.0,Paris,High School,Single,2023-07-29 23:25:43.474347432
24.0,53500.0,Male,30800.0,Paris,PhD,Married,2023-07-30 00:18:08.748874888
52.0,44200.0,Male,32800.0,Paris,High School,Married,2023-07-30 01:10:34.023402340
65.0,25000.0,Male,13900.0,Paris,High School,Married,2023-07-30 02:02:59.297929792
35.0,37200.0,Male,21800.0,Madrid,High School,Married,2023-07-30 02:55:24.572457244
33.0,71800.0,Male,41100.0,Paris,Bachelor,Single,2023-07-30 03:47:49.846984696
56.0,71500.0,Male,51800.0,London,Bachelor,Married,2023-07-30 04:40:15.121512152
21.0,36700.0,Male,28700.0,London,Bachelor,Widowed,2023-07-30 05:32:40.396039604
42.0,60100.0,Male,31900.0,London,Bachelor,Married,2023-07-30 06:25:05.670567056
,32300.0,,19100.0,London,High School,Widowed,2023-07-30 07:17:30.945094508
57.0,71100.0,Male,48500.0,London,High School,Single,2023-07-30 08:09:56.219621960
30.0,53700.0,Female,40700.0,London,Bachelor,Married,2023-07-30 09:02:21.494149416
62.0,64200.0,Male,38400.0,Madrid,Bachelor,Married,2023-07-30 09:54:46.768676868
34.0,24300.0,Male,10800.0,Paris,High School,Married,2023-07-30 10:47:12.043204320
66.0,60200.0,Male,33000.0,Paris,High School,Married,2023-07-30 11:39:37.317731772
54.0,49900.0,Male,30900.0,London,Master,Single,2023-07-30 12:32:02.592259224
23.0,,Female,35600.0,Paris,Master,Married,
,63700.0,,30200.0,London,Bachelor,Divorced,2023-07-30 14:16:53.141314132
30.0,51000.0,Male,21200.0,Rome,High School,Single,2023-07-30 15:09:18.415841584
43.0,41000.0,Female,27700.0,Berlin,Bachelor,Widowed,2023-07-30 16:01:43.690369036
31.0,61700.0,Male,49200.0,Madrid,High School,Single,2023-07-30 16:54:08.964896488
48.0,49100.0,Male,37700.0,Paris,Bachelor,Single,2023-07-30 17:46:34.239423940
21.0,36900.0,Male,24800.0,Paris,Bachelor,Single,2023-07-30 18:38:59.513951396
56.0,36200.0,Male,26700.0,Berlin,High School,Married,2023-07-30 19:31:24.788478848
25.0,27800.0,Male,14000.0,Berlin,High School,,2023-07-30 20:23:50.063006300
42.0,42300.0,Male,27500.0,London,Bachelor,Married,2023-07-30 21:16:15.337533752
30.0,66500.0,Female,28200.0,Madrid,Master,Married,2023-07-30 22:08:40.612061204
49.0,52700.0,Female,36000.0,Rome,Bachelor,Single,2023-07-30 23:01:05.886588656
55.0,42100.0,Male,33200.0,London,Bachelor,Single,2023-07-30 23:53:31.161116112
55.0,62100.0,Male,46200.0,Paris,High School,Single,2023-07-31 00:45:56.435643564
45.0,37500.0,Male,23000.0,London,Bachelor,Married,2023-07-31 01:38:21.710171016
47.0,51400.0,Male,36800.0,Rome,Bachelor,Single,2023-07-31 02:30:46.984698468
20.0,47300.0,Male,36800.0,Paris,High School,Single,2023-07-31 03:23:12.259225920
45.0,61700.0,Female,30000.0,London,Bachelor,Widowed,2023-07-31 04:15:37.533753376
20.0,26300.0,Female,18900.0,London,Bachelor,Married,2023-07-31 05:08:02.808280828
62.0,37200.0,Male,18900.0,Paris,Bachelor,Married,2023-07-31 06:00:28.082808280
51.0,25400.0,Male,19100.0,London,High School,Married,2023-07-31 06:52:53.357335732
33.0,46100.0,Male,20300.0,Paris,High School,Single,2023-07-31 07:45:18.631863184
39.0,68200.0,Male,32100.0,Madrid,PhD,Married,2023-07-31 08:37:43.906390640
49.0,42400.0,Male,29200.0,Berlin,High School,Widowed,2023-07-31 09:30:09.180918092
55.0,42300.0,Male,19900.0,Berlin,High School,Divorced,
25.0,63100.0,Male,29200.0,Paris,Master,Single,2023-07-31 11:14:59.729972996
25.0,66000.0,Male,41100.0,Paris,High School,Single,2023-07-31 12:07:25.004500448
23.0,48700.0,Male,35700.0,Madrid,High School,Widowed,2023-07-31 12:59:50.279027900
31.0,60300.0,Female,30600.0,Paris,High School,Single,2023-07-31 13:52:15.553555356
49.0,33800.0,Male,24900.0,Paris,PhD,Married,2023-07-31 14:44:40.828082808
52.0,70700.0,Male,51100.0,Paris,High School,Single,2023-07-31 15:37:06.102610260
27.0,82200.0,Male,51900.0,London,Bachelor,,2023-07-31 16:29:31.377137712
20.0,57800.0,Male,38100.0,Paris,Bachelor,Single,2023-07-31 17:21:56.651665164
29.0,18700.0,Female,7800.0,London,High School,Married,2023-07-31 18:14:21.926192620
66.0,41600.0,Male,22700.0,Berlin,High School,Single,2023-07-31 19:06:47.200720072
,59200.0,,29900.0,London,High School,Single,2023-07-31 19:59:12.475247524
46.0,43700.0,Male,20100.0,Madrid,PhD,,2023-07-31 20:51:37.749774976
22.0,69100.0,Male,38400.0,Paris,Master,Single,2023-07-31 21:44:03.024302428
69.0,58800.0,Male,31900.0,London,Master,Single,2023-07-31 22:36:28.298829884
42.0,39400.0,Male,27200.0,Paris,High School,Single,
58.0,50500.0,Male,32300.0,Madrid,High School,Single,2023-08-01 00:21:18.847884788
48.0,36600.0,Female,28000.0,Madrid,Bachelor,Widowed,
38.0,47300.0,Male,21700.0,Paris,Bachelor,Single,2023-08-01 02:06:09.396939692
37.0,41700.0,Male,17700.0,Paris,Bachelor,Divorced,2023-08-01 02:58:34.671467144
56.0,67600.0,Male,41500.0,Paris,Master,Single,2023-08-01 03:50:59.945994600
39.0,81700.0,Male,32700.0,Madrid,Master,Single,2023-08-01 04:43:25.220522052
21.0,28500.0,Male,20400.0,London,High School,Married,2023-08-01 05:35:50.495049504
30.0,21200.0,Male,12800.0,Madrid,Bachelor,Single,2023-08-01 06:28:15.769576956
62.0,46300.0,Male,27600.0,Paris,Bachelor,Married,2023-08-01 07:20:41.044104408
59.0,27200.0,Male,14800.0,London,Bachelor,,2023-08-01 08:13:06.318631864
,50700.0,,27900.0,London,Bachelor,Married,2023-08-01 09:05:31.593159316
66.0,61200.0,Female,35000.0,Madrid,Master,Divorced,2023-08-01 09:57:56.867686768
37.0,72400.0,Male,29400.0,Paris,Bachelor,Widowed,2023-08-01 10:50:22.142214220
69.0,53000.0,Female,23000.0,Paris,High School,Married,2023-08-01 11:42:47.416741672
,47100.0,,28400.0,Madrid,High School,Married,2023-08-01 12:35:12.691269124
34.0,20300.0,Male,9300.0,Paris,Master,Single,2023-08-01 13:27:37.965796580
53.0,50400.0,Male,35900.0,London,Master,Married,
50.0,51100.0,Male,26100.0,London,High School,Widowed,2023-08-01 15:12:28.514851484
18.0,59600.0,Male,26200.0,Paris,Bachelor,Single,2023-08-01 16:04:53.789378936
32.0,39400.0,Female,19500.0,Paris,High School,Married,2023-08-01 16:57:19.063906388
30.0,,Female,23600.0,Berlin,High School,Married,2023-08-01 17:49:44.338433844
34.0,27800.0,Female,11500.0,Paris,High School,Married,2023-08-01 18:42:09.612961296
41.0,15600.0,Male,7100.0,Paris,High School,Married,2023-08-01 19:34:34.887488748
25.0,33400.0,Male,17700.0,Berlin,High School,Single,2023-08-01 20:27:00.162016200
67.0,26400.0,Male,13800.0,Rome,Bachelor,Married,2023-08-01 21:19:25.436543652
,55100.0,,39700.0,Berlin,Master,Single,2023-08-01 22:11:50.711071108
62.0,42200.0,Male,31100.0,Berlin,Bachelor,Married,2023-08-01 23:04:15.985598560
40.0,41900.0,Male,20000.0,Madrid,High School,Single,2023-08-01 23:56:41.260126012
,35200.0,,15800.0,Berlin,High School,Divorced,2023-08-02 00:49:06.534653464
25.0,1500.0,Male,1000.0,Rome,High School,Married,2023-08-02 01:41:31.809180916
25.0,72600.0,Female,52400.0,Berlin,High School,Married,2023-08-02 02:33:57.083708368
43.0,35000.0,Male,27500.0,London,Master,Single,2023-08-02 03:26:22.358235824
64.0,43800.0,Female,17600.0,London,High School,Married,2023-08-02 04:18:47.632763276
30.0,28200.0,Female,15900.0,Madrid,High School,Divorced,2023-08-02 05:11:12.907290728
56.0,,Female,44800.0,London,High School,Married,2023-08-02 06:03:38.181818180
54.0,52200.0,Female,38200.0,Berlin,Master,Widowed,2023-08-02 06:56:03.456345632
66.0,37600.0,Male,16000.0,Paris,Bachelor,Single,2023-08-02 07:48:28.730873088
45.0,44100.0,Male,29600.0,Madrid,Bachelor,Married,2023-08-02 08:40:54.005400540
42.0,75200.0,Female,38800.0,London,Bachelor,Married,
33.0,,Female,21000.0,Paris,High School,Single,2023-08-02 10:25:44.554455444
19.0,47300.0,Male,28200.0,Berlin,PhD,Married,2023-08-02 11:18:09.828982896
,35900.0,,16600.0,Paris,High School,Married,2023-08-02 12:10:35.103510352
34.0,21600.0,Male,15000.0,Paris,Bachelor,,
47.0,47600.0,Male,33200.0,Paris,High School,Married,2023-08-02 13:55:25.652565256
56.0,54900.0,Male,40500.0,Paris,High School,Single,2023-08-02 14:47:50.927092708
30.0,66500.0,Male,36600.0,Paris,Master,Married,2023-08-02 15:40:16.201620160
49.0,16300.0,Male,6600.0,London,Bachelor,Married,2023-08-02 16:32:41.476147612
67.0,33100.0,Male,16700.0,Madrid,High School,Single,2023-08-02 17:25:06.750675068
46.0,41300.0,Male,24200.0,London,Bachelor,Married,2023-08-02 18:17:32.025202520
63.0,49900.0,Female,33800.0,London,High School,Single,2023-08-02 19:09:57.299729972
47.0,47800.0,Male,26400.0,Berlin,PhD,Married,2023-08-02 20:02:22.574257424
35.0,48200.0,Male,29600.0,Paris,Bachelor,Single,2023-08-02 20:54:47.848784876
30.0,56100.0,Male,34200.0,London,High School,,
60.0,36500.0,Male,17000.0,Paris,High School,Single,2023-08-02 22:39:38.397839784
,64000.0,,41600.0,London,High School,Divorced,2023-08-02 23:32:03.672367236
47.0,56500.0,Male,32500.0,Paris,Bachelor,Single,2023-08-03 00:24:28.946894688
38.0,45200.0,Female,32700.0,Rome,High School,Single,2023-08-03 01:16:54.221422140
65.0,74000.0,Male,50000.0,Paris,High School,Single,2023-08-03 02:09:19.495949596
,73300.0,,32600.0,London,Master,Single,2023-08-03 03:01:44.770477048
57.0,64000.0,Female,38100.0,Paris,High School,,2023-08-03 03:54:10.045004500
36.0,4700.0,Female,3200.0,London,High School,Single,2023-08-03 04:46:35.319531952
69.0,73700.0,Male,32000.0,London,High School,Single,2023-08-03 05:39:00.594059404
32.0,61900.0,Male,44400.0,Paris,High School,Single,2023-08-03 06:31:25.868586856
26.0,80100.0,Male,,Paris,Bachelor,Single,2023-08-03 07:23:51.143114312
69.0,68600.0,Male,41200.0,Paris,Bachelor,Single,2023-08-03 08:16:16.417641764
27.0,73700.0,Male,57200.0,Berlin,High School,Married,2023-08-03 09:08:41.692169216
61.0,63200.0,Female,39700.0,Paris,High School,Married,2023-08-03 10:01:06.966696668
48.0,70200.0,Male,40000.0,Berlin,High School,Married,2023-08-03 10:53:32.241224120
40.0,79900.0,Male,32200.0,London,High School,Married,2023-08-03 11:45:57.515751576
69.0,53200.0,Male,24100.0,Paris,High School,Single,2023-08-03 12:38:22.790279028
47.0,,Female,16700.0,Paris,High School,Married,2023-08-03 13:30:48.064806480
50.0,45400.0,Male,27100.0,Madrid,High School,Divorced,2023-08-03 14:23:13.339333932
69.0,55800.0,Male,30400.0,London,Bachelor,Married,2023-08-03 15:15:38.613861384
26.0,51100.0,Male,39300.0,Paris,High School,Single,
64.0,31300.0,Male,16700.0,Berlin,Bachelor,Married,2023-08-03 17:00:29.162916292
18.0,25500.0,Female,15700.0,Berlin,High School,Married,2023-08-03 17:52:54.437443744
61.0,38900.0,Male,24400.0,Paris,Bachelor,Single,2023-08-03 18:45:19.711971196
52.0,62100.0,Male,37900.0,London,Bachelor,Married,2023-08-03 19:37:44.986498648
28.0,73700.0,Male,43600.0,Paris,Bachelor,Married,2023-08-03 20:30:10.261026100
51.0,63700.0,Female,34100.0,Paris,High School,Single,2023-08-03 21:22:35.535553556
33.0,65900.0,Male,50300.0,Paris,High School,Single,2023-08-03 22:15:00.810081008
,48800.0,,28300.0,Berlin,Master,Married,
49.0,23900.0,Male,14600.0,London,High School,Married,2023-08-03 23:59:51.359135912
32.0,43200.0,Male,28600.0,London,High School,Single,2023-08-04 00:52:16.633663364
29.0,46100.0,Male,19700.0,Paris,Master,Married,2023-08-04 01:44:41.908190820
50.0,42500.0,Male,30300.0,London,Bachelor,Divorced,2023-08-04 02:37:07.182718272
62.0,50800.0,Female,30700.0,Paris,Master,Divorced,
,56600.0,,37500.0,London,High School,Single,2023-08-04 04:21:57.731773176
25.0,62800.0,Male,44500.0,Paris,High School,Married,2023-08-04 05:14:23.006300628
25.0,45800.0,Male,34300.0,Berlin,High School,Married,2023-08-04 06:06:48.280828080
44.0,21400.0,Male,11900.0,Paris,Bachelor,Married,2023-08-04 06:59:13.555355536
29.0,42800.0,Female,31000.0,London,High School,Married,2023-08-04 07:51:38.829882988
18.0,50700.0,Male,25500.0,London,High School,Single,2023-08-04 08:44:04.104410440
60.0,68300.0,Male,45400.0,Berlin,Bachelor,Married,2023-08-04 09:36:29.378937892
57.0,41500.0,Male,18300.0,Berlin,High School,Married,2023-08-04 10:28:54.653465344
59.0,57700.0,Male,23500.0,Paris,Bachelor,Single,2023-08-04 11:21:19.927992800
68.0,54400.0,Female,23800.0,London,High School,Single,2023-08-04 12:13:45.202520252
28.0,50700.0,Female,26800.0,Paris,High School,Married,2023-08-04 13:06:10.477047704
56.0,64000.0,Male,26400.0,Paris,High School,Single,2023-08-04 13:58:35.751575156
60.0,40100.0,Male,26200.0,Madrid,Bachelor,Married,2023-08-04 14:51:01.026102608
48.0,41400.0,Male,21800.0,Paris,High School,Single,2023-08-04 15:43:26.300630064
34.0,49800.0,Female,34600.0,Paris,Master,Single,2023-08-04 16:35:51.575157516
50.0,40400.0,Male,16900.0,Paris,Bachelor,Divorced,2023-08-04 17:28:16.849684968
49.0,57600.0,Male,28000.0,London,Bachelor,Married,2023-08-04 18:20:42.124212420
46.0,39300.0,Male,22100.0,Madrid,Master,Single,2023-08-04 19:13:07.398739872
38.0,53400.0,Male,29500.0,Paris,High School,Married,2023-08-04 20:05:32.673267324
38.0,48500.0,Male,21900.0,London,Bachelor,Married,2023-08-04 20:57:57.947794780
57.0,53200.0,Male,42400.0,London,High School,Single,2023-08-04 21:50:23.222322232
40.0,43100.0,Female,22100.0,Paris,PhD,Widowed,2023-08-04 22:42:48.496849684
23.0,44900.0,Male,30900.0,London,Bachelor,Single,2023-08-04 23:35:13.771377136
39.0,51400.0,Male,25100.0,London,Bachelor,Divorced,2023-08-05 00:27:39.045904588
67.0,53000.0,Male,39800.0,Paris,High School,Single,2023-08-05 01:20:04.320432044
55.0,49900.0,Male,27700.0,Madrid,High School,Married,2023-08-05 02:12:29.594959496
54.0,75600.0,Male,,Paris,High School,Married,2023-08-05 03:04:54.869486948
62.0,35100.0,Male,18800.0,Paris,Bachelor,Widowed,2023-08-05 03:57:20.144014400
68.0,49000.0,Male,19800.0,Rome,High School,Single,2023-08-05 04:49:45.418541852
25.0,26400.0,Male,16000.0,Berlin,High School,Single,2023-08-05 05:42:10.693069304
58.0,55600.0,Male,33900.0,Berlin,Bachelor,Married,2023-08-05 06:34:35.967596760
66.0,33300.0,Male,14900.0,London,Master,Single,2023-08-05 07:27:01.242124212
52.0,45800.0,Female,22600.0,London,High School,Divorced,2023-08-05 08:19:26.516651664
,44400.0,,31700.0,London,Master,Single,2023-08-05 09:11:51.791179116
28.0,54200.0,Male,22500.0,Paris,High School,Married,2023-08-05 10:04:17.065706568
41.0,41700.0,Male,24800.0,Berlin,High School,Married,2023-08-05 10:56:42.340234024
66.0,41100.0,Male,25200.0,London,Master,Single,2023-08-05 11:49:07.614761476
38.0,,Female,48300.0,Rome,High School,Married,2023-08-05 12:41:32.889288928
,54300.0,,22500.0,London,Master,Married,2023-08-05 13:33:58.163816380
19.0,41600.0,Female,26400.0,Paris,High School,Single,2023-08-05 14:26:23.438343832
57.0,46200.0,Male,18500.0,London,Master,Single,2023-08-05 15:18:48.712871288
36.0,74700.0,Female,37800.0,Paris,High School,Single,2023-08-05 16:11:13.987398740
56.0,46500.0,Female,27900.0,Berlin,Bachelor,Married,2023-08-05 17:03:39.261926192
45.0,39700.0,Male,30400.0,London,PhD,Single,2023-08-05 17:56:04.536453644
34.0,39700.0,Female,17900.0,Paris,High School,Single,2023-08-05 18:48:29.810981096
23.0,41800.0,Male,19600.0,Rome,High School,Divorced,2023-08-05 19:40:55.085508548
36.0,41100.0,Female,27400.0,Madrid,High School,Single,
55.0,30800.0,Female,16900.0,Rome,Master,Divorced,2023-08-05 21:25:45.634563456
45.0,33100.0,Female,21500.0,Paris,High School,Widowed,2023-08-05 22:18:10.909090908
19.0,37600.0,Male,30000.0,Berlin,Bachelor,Married,2023-08-05 23:10:36.183618360
,58900.0,,46800.0,Madrid,Bachelor,Single,2023-08-06 00:03:01.458145812
54.0,44300.0,Male,24000.0,London,Master,Divorced,2023-08-06 00:55:26.732673268
68.0,46900.0,Male,28200.0,Paris,High School,Single,2023-08-06 01:47:52.007200720
69.0,69100.0,Male,52600.0,Berlin,Master,Single,2023-08-06 02:40:17.281728172
21.0,69400.0,Female,30300.0,Madrid,High School,Widowed,2023-08-06 03:32:42.556255624
39.0,45800.0,Male,26600.0,Berlin,Bachelor,Single,2023-08-06 04:25:07.830783076
43.0,40500.0,Male,22300.0,Paris,High School,,2023-08-06 05:17:33.105310532
66.0,37000.0,Male,19200.0,Paris,High School,Single,2023-08-06 06:09:58.379837984
60.0,60400.0,Male,48200.0,London,Master,Single,2023-08-06 07:02:23.654365436
53.0,46900.0,Female,32500.0,London,High School,Married,2023-08-06 07:54:48.928892888
30.0,44200.0,Female,24600.0,London,High School,Divorced,2023-08-06 08:47:14.203420340
69.0,37800.0,Male,27700.0,Paris,Bachelor,Single,2023-08-06 09:39:39.477947792
49.0,38500.0,Male,22900.0,Paris,Bachelor,Single,2023-08-06 10:32:04.752475248
34.0,54800.0,Male,41100.0,Paris,High School,Single,2023-08-06 11:24:30.027002700
58.0,30300.0,Male,15300.0,Paris,Bachelor,Single,2023-08-06 12:16:55.301530152
53.0,64900.0,Male,31800.0,London,Bachelor,Single,2023-08-06 13:09:20.576057604
63.0,42000.0,Male,21000.0,Paris,Master,Single,2023-08-06 14:01:45.850585056
36.0,47800.0,Male,29400.0,London,Bachelor,Married,2023-08-06 14:54:11.125112512
52.0,29900.0,Male,15400.0,Berlin,High School,Single,2023-08-06 15:46:36.399639964
63.0,49800.0,Male,22900.0,Paris,High School,Married,2023-08-06 16:39:01.674167416
,45100.0,,36000.0,Madrid,High School,Single,2023-08-06 17:31:26.948694868
45.0,49200.0,Male,37400.0,Berlin,High School,Divorced,2023-08-06 18:23:52.223222320
18.0,72100.0,Male,47200.0,London,High School,Single,2023-08-06 19:16:17.497749776
59.0,52700.0,Female,39900.0,Madrid,Master,Single,
35.0,38100.0,Male,29500.0,Paris,Master,Married,2023-08-06 21:01:08.046804680
65.0,39300.0,Male,26300.0,London,High School,Single,2023-08-06 21:53:33.321332132
57.0,58900.0,Male,35800.0,Paris,High School,,2023-08-06 22:45:58.595859584
50.0,69500.0,Female,52300.0,London,High School,Single,2023-08-06 23:38:23.870387036
29.0,54200.0,Female,34000.0,London,High School,Married,2023-08-07 00:30:49.144914492
25.0,,Female,27200.0,London,Master,Single,2023-08-07 01:23:14.419441944
41.0,59100.0,Male,32300.0,Paris,Bachelor,Married,2023-08-07 02:15:39.693969396
33.0,71300.0,Male,41200.0,Paris,Master,Single,2023-08-07 03:08:04.968496848
,20800.0,,16100.0,London,Bachelor,Single,2023-08-07 04:00:30.243024300
21.0,60000.0,Male,39800.0,Paris,Bachelor,Married,2023-08-07 04:52:55.517551756
55.0,64800.0,Female,48600.0,Berlin,Bachelor,Single,2023-08-07 05:45:20.792079208
61.0,29900.0,Male,21000.0,London,High School,Married,2023-08-07 06:37:46.066606660
44.0,36700.0,Male,19200.0,Paris,High School,Married,2023-08-07 07:30:11.341134112
26.0,37200.0,Female,25600.0,Paris,Master,Married,2023-08-07 08:22:36.615661564
64.0,39100.0,Male,18700.0,Paris,High School,Single,2023-08-07 09:15:01.890189016
33.0,42800.0,Male,24100.0,London,High School,,2023-08-07 10:07:27.164716472
29.0,53600.0,Male,38700.0,Rome,Bachelor,Married,2023-08-07 10:59:52.439243924
48.0,,Female,40600.0,Paris,High School,Divorced,2023-08-07 11:52:17.713771376
41.0,66200.0,Male,48300.0,Berlin,Bachelor,Married,2023-08-07 12:44:42.988298828
31.0,37400.0,Male,18800.0,Madrid,High School,,2023-08-07 13:37:08.262826280
62.0,37300.0,Male,26100.0,Paris,PhD,Married,2023-08-07 14:29:33.537353736
42.0,69700.0,Female,33500.0,Madrid,High School,Married,2023-08-07 15:21:58.811881188
51.0,59700.0,Female,36900.0,London,High School,Widowed,2023-08-07 16:14:24.086408640
20.0,51200.0,Male,29400.0,Rome,High School,Single,2023-08-07 17:06:49.360936092
41.0,57100.0,Male,35500.0,London,High School,Single,2023-08-07 17:59:14.635463544
59.0,49600.0,Male,22500.0,Paris,Bachelor,Widowed,2023-08-07 18:51:39.909991000
26.0,57900.0,Male,31500.0,Rome,PhD,Single,2023-08-07 19:44:05.184518452
43.0,45000.0,Female,30000.0,Paris,Bachelor,Married,2023-08-07 20:36:30.459045904
37.0,54000.0,Male,33700.0,Madrid,High School,Married,2023-08-07 21:28:55.733573356
57.0,27300.0,Male,16900.0,Paris,High School,Married,2023-08-07 22:21:21.008100808
27.0,39700.0,Male,24000.0,London,High School,Married,2023-08-07 23:13:46.282628260
36.0,39800.0,Male,30900.0,London,Bachelor,Single,2023-08-08 00:06:11.557155716
20.0,44400.0,Male,34400.0,Rome,High School,,2023-08-08 00:58:36.831683168
41.0,36100.0,Male,19600.0,Paris,Bachelor,Married,2023-08-08 01:51:02.106210620
22.0,,Female,22700.0,London,High School,Divorced,2023-08-08 02:43:27.380738072
20.0,27300.0,Male,17000.0,London,High School,Single,2023-08-08 03:35:52.655265524
44.0,58200.0,Male,25500.0,Rome,Master,Single,2023-08-08 04:28:17.929792980
33.0,48800.0,Male,25400.0,Paris,Master,Single,2023-08-08 05:20:43.204320432
66.0,24400.0,Female,12000.0,Paris,High School,Married,2023-08-08 06:13:08.478847884
32.0,37500.0,Male,18400.0,London,High School,Single,2023-08-08 07:05:33.753375336
52.0,,Female,36000.0,Paris,Bachelor,Single,2023-08-08 07:57:59.027902788
29.0,,Female,23200.0,Berlin,Bachelor,Single,2023-08-08 08:50:24.302430244
58.0,39500.0,Female,18500.0,Paris,Master,Married,2023-08-08 09:42:49.576957696
61.0,48900.0,Male,36900.0,Berlin,High School,Single,2023-08-08 10:35:14.851485148
43.0,55200.0,Male,41400.0,London,High School,Single,2023-08-08 11:27:40.126012600
64.0,28500.0,Male,21200.0,Paris,High School,Married,
51.0,58300.0,Male,32400.0,London,Bachelor,Single,2023-08-08 13:12:30.675067504
40.0,38000.0,Female,16100.0,Berlin,Bachelor,Single,2023-08-08 14:04:55.949594960
48.0,49700.0,Male,22000.0,London,Bachelor,Married,2023-08-08 14:57:21.224122412
67.0,49500.0,Male,25300.0,Paris,Master,Married,2023-08-08 15:49:46.498649864
37.0,42100.0,Male,20500.0,Paris,High School,Married,2023-08-08 16:42:11.773177316
29.0,34600.0,Female,25900.0,Berlin,Bachelor,Single,2023-08-08 17:34:37.047704768
40.0,45700.0,Male,36300.0,Paris,Master,Single,2023-08-08 18:27:02.322232224
21.0,74400.0,Male,54100.0,Madrid,Master,Married,2023-08-08 19:19:27.596759676
40.0,29600.0,Male,20500.0,London,High School,Single,2023-08-08 20:11:52.871287128
65.0,75400.0,Female,47900.0,London,Bachelor,Married,2023-08-08 21:04:18.145814580
65.0,46100.0,Male,32600.0,London,Bachelor,Divorced,2023-08-08 21:56:43.420342032
18.0,50500.0,Male,39300.0,London,Bachelor,Single,2023-08-08 22:49:08.694869484
42.0,33700.0,Male,21600.0,Madrid,High School,,2023-08-08 23:41:33.969396940
19.0,38400.0,Female,17700.0,London,Bachelor,Married,2023-08-09 00:33:59.243924392
,42500.0,,19800.0,Paris,Bachelor,Single,2023-08-09 01:26:24.518451844
20.0,34300.0,Female,21700.0,London,High School,Divorced,2023-08-09 02:18:49.792979296
38.0,46900.0,Male,25000.0,London,High School,Single,2023-08-09 03:11:15.067506748
42.0,43900.0,Male,33500.0,Berlin,High School,Single,2023-08-09 04:03:40.342034204
37.0,77800.0,Male,50200.0,Madrid,Bachelor,Divorced,2023-08-09 04:56:05.616561656
66.0,32500.0,Male,21800.0,London,Bachelor,Single,2023-08-09 05:48:30.891089108
69.0,51500.0,Male,20700.0,Paris,High School,Divorced,2023-08-09 06:40:56.165616560
39.0,53700.0,Male,32200.0,London,Bachelor,Single,2023-08-09 07:33:21.440144012
38.0,33900.0,Male,19400.0,Madrid,High School,Divorced,2023-08-09 08:25:46.714671468
50.0,60300.0,Male,41100.0,Rome,High School,Single,2023-08-09 09:18:11.989198920
69.0,44000.0,Male,24300.0,Rome,High School,Single,2023-08-09 10:10:37.263726372
55.0,12600.0,Female,10000.0,Paris,High School,Single,2023-08-09 11:03:02.538253824
32.0,,Female,40000.0,London,Bachelor,,2023-08-09 11:55:27.812781276
63.0,33200.0,Male,22000.0,Paris,PhD,Single,2023-08-09 12:47:53.087308728
69.0,34300.0,Male,26300.0,Paris,High School,Single,2023-08-09 13:40:18.361836184
32.0,60300.0,Female,48100.0,Paris,Master,Married,2023-08-09 14:32:43.636363636
63.0,44800.0,Female,21500.0,Paris,Bachelor,Married,2023-08-09 15:25:08.910891088
42.0,63800.0,Female,46200.0,Paris,High School,Married,2023-08-09 16:17:34.185418540
38.0,68200.0,Male,31700.0,Paris,High School,Married,2023-08-09 17:09:59.459945992
41.0,40300.0,Male,23500.0,Paris,Bachelor,Single,2023-08-09 18:02:24.734473448
22.0,61900.0,Male,27200.0,Paris,Bachelor,Single,2023-08-09 18:54:50.009000900
23.0,38700.0,Male,25100.0,Berlin,High School,Single,2023-08-09 19:47:15.283528352
66.0,83500.0,Male,49000.0,Paris,High School,Single,2023-08-09 20:39:40.558055804
60.0,39600.0,Male,25800.0,Berlin,Master,Married,2023-08-09 21:32:05.832583256
65.0,65400.0,Male,43900.0,Paris,High School,Married,2023-08-09 22:24:31.107110712
61.0,62700.0,Male,40600.0,Berlin,Master,Married,2023-08-09 23:16:56.381638164
,54700.0,,28300.0,Paris,High School,Divorced,2023-08-10 00:09:21.656165616
40.0,39900.0,Male,29300.0,Paris,High School,Married,2023-08-10 01:01:46.930693068
21.0,47700.0,Female,29600.0,London,High School,Widowed,2023-08-10 01:54:12.205220520
44.0,17700.0,Female,10500.0,Madrid,High School,Single,2023-08-10 02:46:37.479747972
35.0,53400.0,Male,42400.0,Paris,High School,Divorced,2023-08-10 03:39:02.754275428
38.0,55200.0,Female,28300.0,Paris,High School,Single,2023-08-10 04:31:28.028802880
45.0,52000.0,Male,31800.0,Madrid,Bachelor,Single,2023-08-10 05:23:53.303330332
,5400.0,,3600.0,Paris,High School,Married,2023-08-10 06:16:18.577857784
39.0,31000.0,Female,14000.0,Paris,Bachelor,Single,2023-08-10 07:08:43.852385236
57.0,38800.0,Male,21000.0,Madrid,Master,Single,2023-08-10 08:01:09.126912692
40.0,54400.0,Male,39200.0,Berlin,Master,Single,2023-08-10 08:53:34.401440144
20.0,54300.0,Male,26900.0,Paris,High School,Married,2023-08-10 09:45:59.675967596
57.0,47400.0,Male,28300.0,Rome,Bachelor,Divorced,2023-08-10 10:38:24.950495048
67.0,59500.0,Male,38800.0,London,Bachelor,Single,2023-08-10 11:30:50.225022500
27.0,34600.0,Male,23100.0,Paris,High School,Widowed,2023-08-10 12:23:15.499549956
42.0,59200.0,Male,40900.0,Berlin,High School,Married,2023-08-10 13:15:40.774077408
69.0,57100.0,Female,42600.0,London,High School,Single,2023-08-10 14:08:06.048604860
66.0,55700.0,Male,31000.0,London,Bachelor,Married,2023-08-10 15:00:31.323132312
25.0,47300.0,Male,32300.0,Rome,Master,Widowed,2023-08-10 15:52:56.597659764
28.0,77500.0,Male,53700.0,Paris,Master,Married,2023-08-10 16:45:21.872187216
22.0,57400.0,Female,29900.0,London,Bachelor,Single,2023-08-10 17:37:47.146714672
62.0,35500.0,Female,27900.0,London,High School,Single,2023-08-10 18:30:12.421242124
54.0,,Female,40100.0,Paris,PhD,Married,2023-08-10 19:22:37.695769576
62.0,61300.0,Male,31600.0,London,Bachelor,Married,2023-08-10 20:15:02.970297028
55.0,41200.0,Male,27600.0,London,High School,Single,2023-08-10 21:07:28.244824480
46.0,66300.0,Male,45600.0,Madrid,Master,Single,2023-08-10 21:59:53.519351936
,55700.0,,31900.0,Madrid,High School,Married,2023-08-10 22:52:18.793879388
26.0,14900.0,Male,11100.0,London,High School,Single,2023-08-10 23:44:44.068406840
65.0,54500.0,Female,36800.0,Paris,Bachelor,Married,2023-08-11 00:37:09.342934292
19.0,43900.0,Male,29100.0,London,Master,Married,2023-08-11 01:29:34.617461744
18.0,,Female,28400.0,Paris,High School,Single,2023-08-11 02:21:59.891989196
57.0,64200.0,Male,36200.0,Paris,Bachelor,Single,2023-08-11 03:14:25.166516652
68.0,,Female,30300.0,London,High School,Divorced,2023-08-11 04:06:50.441044104
47.0,75000.0,Male,52000.0,London,Bachelor,,2023-08-11 04:59:15.715571556
,47300.0,,30600.0,London,High School,Married,2023-08-11 05:51:40.990099008
45.0,59400.0,Male,25800.0,Rome,PhD,Married,2023-08-11 06:44:06.264626460
61.0,,Female,32500.0,Paris,Master,Single,2023-08-11 07:36:31.539153916
29.0,48500.0,Male,28600.0,Paris,High School,Married,2023-08-11 08:28:56.813681368
56.0,61700.0,Male,42900.0,London,Master,Married,2023-08-11 09:21:22.088208820
43.0,41100.0,Male,28700.0,London,Master,Single,2023-08-11 10:13:47.362736272
30.0,43700.0,Male,26100.0,Paris,High School,Single,2023-08-11 11:06:12.637263724
25.0,30300.0,Male,13500.0,Paris,Master,Single,2023-08-11 11:58:37.911791180
45.0,53600.0,Female,27700.0,Paris,PhD,Single,2023-08-11 12:51:03.186318632
47.0,54900.0,Male,27600.0,Berlin,High School,Widowed,2023-08-11 13:43:28.460846084
,67700.0,,48200.0,Madrid,High School,Single,2023-08-11 14:35:53.735373536
,61900.0,,29200.0,Paris,High School,Single,2023-08-11 15:28:19.009900988
48.0,45700.0,Male,26800.0,Paris,High School,,2023-08-11 16:20:44.284428440
38.0,32300.0,Male,21600.0,Paris,High School,Married,2023-08-11 17:13:09.558955896
64.0,,Female,44400.0,Paris,High School,Married,2023-08-11 18:05:34.833483348
51.0,66700.0,Male,53300.0,Paris,PhD,Married,2023-08-11 18:58:00.108010800
48.0,61300.0,Male,47900.0,Paris,Bachelor,Single,2023-08-11 19:50:25.382538252
69.0,66300.0,Male,45600.0,London,Master,Divorced,2023-08-11 20:42:50.657065704
42.0,46800.0,Male,32700.0,Paris,PhD,Single,2023-08-11 21:35:15.931593160
29.0,43000.0,Male,30300.0,London,High School,Single,2023-08-11 22:27:41.206120612
18.0,38900.0,Male,29000.0,Paris,Bachelor,Single,2023-08-11 23:20:06.480648064
39.0,49200.0,Male,38400.0,Berlin,High School,Married,
57.0,48800.0,Male,28200.0,Rome,Bachelor,Single,2023-08-12 01:04:57.029702968
54.0,53100.0,Female,30100.0,London,High School,Single,2023-08-12 01:57:22.304230424
64.0,48100.0,Male,28100.0,Paris,High School,Single,2023-08-12 02:49:47.578757876
18.0,,Female,31900.0,Paris,High School,,2023-08-12 03:42:12.853285328
18.0,38300.0,Male,27200.0,Paris,Bachelor,Single,2023-08-12 04:34:38.127812780
59.0,64100.0,Male,48000.0,Paris,Master,Single,2023-08-12 05:27:03.402340232
59.0,51100.0,Male,29800.0,London,High School,Single,2023-08-12 06:19:28.676867684
38.0,47400.0,Male,25800.0,London,Bachelor,Single,
32.0,38800.0,Male,30800.0,Paris,Bachelor,Single,2023-08-12 08:04:19.225922592
34.0,30000.0,Male,14800.0,Berlin,High School,Married,2023-08-12 08:56:44.500450044
39.0,69600.0,Male,34000.0,Paris,Master,Single,2023-08-12 09:49:09.774977496
55.0,58300.0,Male,40000.0,Paris,High School,Single,2023-08-12 10:41:35.049504948
52.0,25600.0,Male,12100.0,London,High School,Married,2023-08-12 11:34:00.324032404
62.0,61400.0,Male,34400.0,Paris,High School,Widowed,2023-08-12 12:26:25.598559856
33.0,63800.0,Female,33000.0,London,Bachelor,Married,2023-08-12 13:18:50.873087308
25.0,51900.0,Female,24300.0,Rome,High School,Single,2023-08-12 14:11:16.147614760
64.0,74000.0,Male,,Berlin,High School,Married,2023-08-12 15:03:41.422142212
34.0,,Female,29300.0,Paris,Master,Single,2023-08-12 15:56:06.696669664
,28700.0,,16800.0,London,High School,,2023-08-12 16:48:31.971197120
43.0,55500.0,Male,26500.0,London,High School,Single,2023-08-12 17:40:57.245724572
30.0,53700.0,Male,38000.0,Rome,PhD,Widowed,2023-08-12 18:33:22.520252024
34.0,41000.0,Female,21600.0,Rome,Bachelor,Married,2023-08-12 19:25:47.794779476
55.0,58600.0,Male,31500.0,Paris,High School,Single,2023-08-12 20:18:13.069306928
34.0,25000.0,Male,12500.0,Madrid,High School,Divorced,2023-08-12 21:10:38.343834384
65.0,64900.0,Male,37200.0,Paris,Bachelor,Single,2023-08-12 22:03:03.618361836
31.0,36800.0,Female,21500.0,Paris,Bachelor,Single,2023-08-12 22:55:28.892889288
62.0,35200.0,Female,21500.0,Paris,Master,Married,2023-08-12 23:47:54.167416740
23.0,48300.0,Male,38000.0,Paris,Bachelor,Married,2023-08-13 00:40:19.441944192
52.0,56500.0,Female,43000.0,Madrid,Bachelor,Single,2023-08-13 01:32:44.716471648
63.0,52500.0,Male,33800.0,Paris,High School,Single,2023-08-13 02:25:09.990999100
31.0,38900.0,Male,16200.0,Berlin,High School,Single,2023-08-13 03:17:35.265526552
64.0,42400.0,Male,27300.0,Rome,Bachelor,Married,2023-08-13 04:10:00.540054004
25.0,33000.0,Female,14400.0,Berlin,High School,Single,2023-08-13 05:02:25.814581456
32.0,46600.0,Male,31900.0,Paris,Master,Married,2023-08-13 05:54:51.089108908
44.0,66100.0,Male,36800.0,Berlin,Bachelor,Single,2023-08-13 06:47:16.363636364
30.0,49900.0,Male,36700.0,London,High School,Single,2023-08-13 07:39:41.638163816
66.0,62900.0,Male,48900.0,Berlin,Bachelor,Single,2023-08-13 08:32:06.912691268
48.0,71800.0,Male,40700.0,Paris,Bachelor,Widowed,2023-08-13 09:24:32.187218720
52.0,41200.0,Male,24100.0,London,Bachelor,Married,
23.0,47200.0,Female,30000.0,Berlin,Bachelor,Married,2023-08-13 11:09:22.736273628
22.0,82600.0,Male,39600.0,Berlin,Bachelor,Married,2023-08-13 12:01:48.010801080
39.0,71700.0,Male,55300.0,Rome,Master,Widowed,2023-08-13 12:54:13.285328532
66.0,24900.0,Male,14300.0,Paris,Master,Single,2023-08-13 13:46:38.559855984
40.0,55800.0,Male,26000.0,Paris,High School,Married,2023-08-13 14:39:03.834383436
42.0,50000.0,Male,35300.0,London,Master,Married,2023-08-13 15:31:29.108910892
51.0,62400.0,Female,30400.0,Paris,Master,,2023-08-13 16:23:54.383438344
43.0,38800.0,Male,17700.0,Paris,Bachelor,Divorced,2023-08-13 17:16:19.657965796
,37400.0,,23400.0,Paris,Bachelor,Married,2023-08-13 18:08:44.932493248
,39900.0,,26700.0,Berlin,Bachelor,Married,
43.0,41400.0,Male,26000.0,Madrid,High School,Single,2023-08-13 19:53:35.481548152
37.0,62200.0,Male,41200.0,Paris,High School,Single,2023-08-13 20:46:00.756075608
23.0,32300.0,Male,14400.0,Paris,Master,Single,2023-08-13 21:38:26.030603060
23.0,40700.0,Male,24000.0,Paris,Bachelor,,2023-08-13 22:30:51.305130512
,23200.0,,12600.0,London,High School,Single,2023-08-13 23:23:16.579657964
35.0,65100.0,Male,51400.0,Berlin,High School,Married,2023-08-14 00:15:41.854185416
21.0,69100.0,Male,29000.0,Paris,High School,Single,2023-08-14 01:08:07.128712872
34.0,,Female,23400.0,London,Master,Married,2023-08-14 02:00:32.403240324
31.0,45500.0,Male,35300.0,Paris,Bachelor,Single,2023-08-14 02:52:57.677767776
31.0,56800.0,Male,45100.0,Rome,Bachelor,Married,
,72100.0,,52600.0,Madrid,High School,Married,2023-08-14 04:37:48.226822680
24.0,56100.0,Male,24100.0,Madrid,Bachelor,Single,2023-08-14 05:30:13.501350136
61.0,39500.0,Male,24700.0,Paris,Master,Married,2023-08-14 06:22:38.775877588
,25700.0,,14400.0,London,Bachelor,Single,2023-08-14 07:15:04.050405040
36.0,,Female,24100.0,Paris,High School,Married,2023-08-14 08:07:29.324932492
60.0,51100.0,Male,21600.0,London,Master,Single,
64.0,40200.0,Male,19200.0,Paris,High School,Married,2023-08-14 09:52:19.873987396
61.0,52900.0,Male,31500.0,Berlin,High School,Single,2023-08-14 10:44:45.148514852
52.0,41700.0,Male,19300.0,London,High School,Single,2023-08-14 11:37:10.423042304
34.0,34100.0,Female,23100.0,London,High School,Single,2023-08-14 12:29:35.697569756
52.0,32300.0,Female,23500.0,Berlin,High School,Married,2023-08-14 13:22:00.972097208
36.0,73400.0,Male,50000.0,London,Bachelor,Married,2023-08-14 14:14:26.246624660
37.0,63300.0,Male,36500.0,Paris,High School,Single,2023-08-14 15:06:51.521152116
53.0,76000.0,Male,,London,Master,,2023-08-14 15:59:16.795679568
52.0,58100.0,Male,26400.0,Rome,High School,Single,2023-08-14 16:51:42.070207020
49.0,43600.0,Male,22000.0,London,PhD,Single,2023-08-14 17:44:07.344734472
65.0,69900.0,Male,41600.0,London,High School,Single,2023-08-14 18:36:32.619261924
61.0,49500.0,Male,21000.0,Madrid,Bachelor,Single,2023-08-14 19:28:57.893789376
57.0,53300.0,Male,23400.0,London,High School,Single,2023-08-14 20:21:23.168316832
41.0,49400.0,Male,27600.0,Rome,Bachelor,Single,2023-08-14 21:13:48.442844284
34.0,5800.0,Male,4500.0,Paris,PhD,Single,2023-08-14 22:06:13.717371736
24.0,74100.0,Male,56600.0,London,Bachelor,Divorced,2023-08-14 22:58:38.991899188
60.0,57400.0,Male,33700.0,Paris,High School,Single,2023-08-14 23:51:04.266426640
67.0,54900.0,Male,25100.0,London,High School,Single,2023-08-15 00:43:29.540954096
18.0,49100.0,Female,23100.0,Paris,High School,Single,2023-08-15 01:35:54.815481548
52.0,52500.0,Male,28900.0,Paris,High School,Single,2023-08-15 02:28:20.090009000
49.0,41000.0,Female,19800.0,Paris,Master,Single,2023-08-15 03:20:45.364536452
53.0,59200.0,Male,25600.0,Paris,High School,Married,2023-08-15 04:13:10.639063904
30.0,30400.0,Male,20400.0,Paris,High School,Married,2023-08-15 05:05:35.913591360
23.0,52800.0,Male,33400.0,Berlin,High School,Single,2023-08-15 05:58:01.188118812
31.0,58400.0,Male,30200.0,Paris,High School,Single,2023-08-15 06:50:26.462646264
54.0,47000.0,Male,33400.0,London,Master,Married,2023-08-15 07:42:51.737173716
65.0,55600.0,Female,39500.0,Paris,High School,Married,2023-08-15 08:35:17.011701168
32.0,35100.0,Male,20900.0,Paris,High School,Single,2023-08-15 09:27:42.286228620
64.0,35500.0,Male,15600.0,Madrid,Bachelor,Single,2023-08-15 10:20:07.560756076
21.0,53600.0,Male,41100.0,Berlin,High School,Married,2023-08-15 11:12:32.835283528
57.0,60200.0,Male,40200.0,Berlin,High School,Married,2023-08-15 12:04:58.109810980
33.0,21900.0,Female,10900.0,London,Bachelor,Divorced,2023-08-15 12:57:23.384338432
45.0,57800.0,Female,37200.0,Paris,PhD,Single,2023-08-15 13:49:48.658865884
33.0,41900.0,Male,23500.0,Paris,Bachelor,Married,2023-08-15 14:42:13.933393340
21.0,47100.0,Male,30800.0,London,PhD,,2023-08-15 15:34:39.207920792
62.0,29900.0,Male,17600.0,Berlin,Bachelor,Married,2023-08-15 16:27:04.482448244
,37200.0,,22100.0,Madrid,High School,Single,2023-08-15 17:19:29.756975696
45.0,64500.0,Male,44800.0,Paris,High School,Single,2023-08-15 18:11:55.031503148
49.0,50500.0,Female,32600.0,Paris,Master,Married,2023-08-15 19:04:20.306030604
62.0,44300.0,Male,19100.0,Paris,High School,Married,2023-08-15 19:56:45.580558056
19.0,48300.0,Female,20600.0,Berlin,High School,Single,2023-08-15 20:49:10.855085508
48.0,57300.0,Male,29900.0,Paris,Master,Married,2023-08-15 21:41:36.129612960
20.0,56600.0,Male,32400.0,London,High School,Single,2023-08-15 22:34:01.404140412
25.0,48900.0,Male,24900.0,Madrid,Bachelor,Married,2023-08-15 23:26:26.678667864
,66400.0,,43900.0,Berlin,Bachelor,Single,2023-08-16 00:18:51.953195320
32.0,64600.0,Female,30900.0,Paris,Bachelor,Married,2023-08-16 01:11:17.227722772
60.0,,Female,38300.0,Paris,High School,Married,2023-08-16 02:03:42.502250224
48.0,50800.0,Female,36000.0,Berlin,Bachelor,Single,2023-08-16 02:56:07.776777676
26.0,59900.0,Male,26900.0,London,High School,Single,2023-08-16 03:48:33.051305128
56.0,54700.0,Female,36100.0,Berlin,Bachelor,Single,2023-08-16 04:40:58.325832584
62.0,65900.0,Female,51700.0,Paris,Bachelor,,2023-08-16 05:33:23.600360036
19.0,63500.0,Male,30300.0,Madrid,Master,Single,2023-08-16 06:25:48.874887488
25.0,34700.0,Male,26500.0,Berlin,High School,Widowed,2023-08-16 07:18:14.149414940
24.0,33700.0,Male,21600.0,Madrid,Master,Divorced,2023-08-16 08:10:39.423942392
61.0,39500.0,Male,25100.0,Paris,Bachelor,Married,2023-08-16 09:03:04.698469848
68.0,64600.0,Female,27200.0,Paris,Bachelor,Single,2023-08-16 09:55:29.972997300
56.0,26400.0,Male,18500.0,Paris,High School,Divorced,2023-08-16 10:47:55.247524752
59.0,55900.0,Male,33100.0,Madrid,High School,Married,2023-08-16 11:40:20.522052204
33.0,55400.0,Male,38100.0,Paris,Bachelor,Single,2023-08-16 12:32:45.796579656
52.0,67400.0,Male,48800.0,Paris,PhD,Single,2023-08-16 13:25:11.071107108
47.0,52700.0,Male,32100.0,Paris,High School,Married,2023-08-16 14:17:36.345634564
27.0,,Female,15100.0,Berlin,Master,Single,2023-08-16 15:10:01.620162016
55.0,35600.0,Male,16300.0,Madrid,Bachelor,,2023-08-16 16:02:26.894689468
35.0,32300.0,Female,15000.0,Berlin,Master,Single,2023-08-16 16:54:52.169216920
67.0,41900.0,Male,31300.0,London,High School,Single,2023-08-16 17:47:17.443744372
22.0,47300.0,Female,21300.0,Rome,Bachelor,Single,2023-08-16 18:39:42.718271828
46.0,32500.0,Male,18000.0,Paris,Master,Single,2023-08-16 19:32:07.992799280
56.0,72100.0,Male,38500.0,Madrid,Master,Divorced,2023-08-16 20:24:33.267326732
51.0,30100.0,Male,22500.0,London,Bachelor,Married,2023-08-16 21:16:58.541854184
60.0,70200.0,Female,,London,High School,Single,2023-08-16 22:09:23.816381636
62.0,67800.0,Male,54100.0,Paris,Bachelor,Single,2023-08-16 23:01:49.090909088
40.0,63500.0,Male,44100.0,Paris,High School,Married,2023-08-16 23:54:14.365436544
22.0,39600.0,Female,29300.0,Paris,High School,Single,2023-08-17 00:46:39.639963996
47.0,55100.0,Male,24200.0,Paris,High School,Single,2023-08-17 01:39:04.914491448
23.0,30800.0,Male,15400.0,London,High School,Married,2023-08-17 02:31:30.189018900
63.0,63700.0,Male,28900.0,Paris,Bachelor,Single,2023-08-17 03:23:55.463546352
61.0,48900.0,Male,28600.0,Paris,Bachelor,Single,2023-08-17 04:16:20.738073808
21.0,43900.0,Male,30200.0,Madrid,High School,Divorced,2023-08-17 05:08:46.012601260
46.0,31600.0,Male,14800.0,Madrid,Bachelor,,2023-08-17 06:01:11.287128712
40.0,12800.0,Female,5800.0,Rome,High School,Married,2023-08-17 06:53:36.561656164
23.0,34400.0,Male,22200.0,London,High School,Single,2023-08-17 07:46:01.836183616
49.0,66700.0,Male,32800.0,Berlin,Bachelor,Widowed,2023-08-17 08:38:27.110711072
59.0,44000.0,Male,26000.0,Berlin,High School,Married,2023-08-17 09:30:52.385238524
35.0,47500.0,Male,20000.0,London,Bachelor,Widowed,2023-08-17 10:23:17.659765976
32.0,59800.0,Male,40200.0,Paris,High School,Married,2023-08-17 11:15:42.934293428
57.0,77100.0,Female,47500.0,Paris,Bachelor,Single,2023-08-17 12:08:08.208820880
49.0,69900.0,Female,46100.0,Paris,High School,Divorced,2023-08-17 13:00:33.483348332
26.0,35400.0,Female,18100.0,Berlin,High School,Married,2023-08-17 13:52:58.757875788
54.0,20900.0,Male,10700.0,London,High School,,2023-08-17 14:45:24.032403240
27.0,85400.0,Female,61500.0,London,Bachelor,Single,2023-08-17 15:37:49.306930692
37.0,84000.0,Female,57700.0,Paris,High School,Single,2023-08-17 16:30:14.581458144
23.0,52800.0,Male,33400.0,Paris,High School,,2023-08-17 17:22:39.855985596
65.0,30900.0,Male,20100.0,Berlin,High School,Single,2023-08-17 18:15:05.130513052
20.0,64400.0,Male,28200.0,London,High School,Divorced,2023-08-17 19:07:30.405040504
59.0,48400.0,Male,35900.0,London,High School,Single,2023-08-17 19:59:55.679567956
28.0,48300.0,Female,34200.0,Paris,High School,Married,2023-08-17 20:52:20.954095408
60.0,63400.0,Male,40300.0,London,PhD,Married,2023-08-17 21:44:46.228622860
34.0,55000.0,Male,42200.0,Rome,High School,Single,2023-08-17 22:37:11.503150316
49.0,32200.0,Male,15100.0,Madrid,High School,Single,2023-08-17 23:29:36.777677768
21.0,45100.0,Male,30400.0,Paris,PhD,Single,2023-08-18 00:22:02.052205220
21.0,59900.0,Male,47000.0,London,High School,Married,2023-08-18 01:14:27.326732672
34.0,,Female,30200.0,Paris,Bachelor,Single,2023-08-18 02:06:52.601260124
58.0,53900.0,Male,21900.0,London,High School,Widowed,2023-08-18 02:59:17.875787576
36.0,,Female,44400.0,London,Master,Married,2023-08-18 03:51:43.150315032
22.0,44600.0,Male,18000.0,Paris,Master,Married,2023-08-18 04:44:08.424842484
49.0,52700.0,Male,39500.0,Berlin,High School,Divorced,2023-08-18 05:36:33.699369936
39.0,-600.0,Male,-300.0,London,High School,Single,2023-08-18 06:28:58.973897388
23.0,,Female,28600.0,Rome,High School,Married,2023-08-18 07:21:24.248424840
52.0,61500.0,Male,33900.0,Paris,PhD,Married,2023-08-18 08:13:49.522952296
39.0,44100.0,Male,21200.0,Paris,High School,Single,2023-08-18 09:06:14.797479748
18.0,43000.0,Male,32700.0,London,PhD,Divorced,2023-08-18 09:58:40.072007200
37.0,34400.0,Female,24000.0,London,Master,Married,2023-08-18 10:51:05.346534652
39.0,65100.0,Male,34900.0,London,High School,Divorced,2023-08-18 11:43:30.621062104
65.0,58200.0,Male,29900.0,Rome,Bachelor,Widowed,2023-08-18 12:35:55.895589556
28.0,62400.0,Male,43300.0,London,High School,Single,2023-08-18 13:28:21.170117012
30.0,24100.0,Male,17700.0,London,Bachelor,Married,2023-08-18 14:20:46.444644464
59.0,,Female,32700.0,Madrid,High School,,2023-08-18 15:13:11.719171916
,45800.0,,30000.0,London,High School,Widowed,2023-08-18 16:05:36.993699368
,45800.0,,22500.0,Paris,High School,Single,2023-08-18 16:58:02.268226820
29.0,40800.0,Female,30200.0,Berlin,Bachelor,Single,
40.0,44800.0,Female,31400.0,London,Bachelor,Single,2023-08-18 18:42:52.817281728
31.0,62700.0,Male,38100.0,Paris,Bachelor,Single,2023-08-18 19:35:18.091809180
50.0,21300.0,Female,12900.0,Paris,PhD,Single,2023-08-18 20:27:43.366336632
35.0,76700.0,Male,48100.0,Paris,Bachelor,Single,2023-08-18 21:20:08.640864084
66.0,57300.0,Male,41900.0,Paris,Bachelor,Single,2023-08-18 22:12:33.915391540
58.0,49400.0,Male,34400.0,Madrid,High School,Single,2023-08-18 23:04:59.189918992
26.0,63600.0,Male,47200.0,Paris,High School,Single,2023-08-18 23:57:24.464446444
40.0,28200.0,Male,17000.0,Paris,High School,Single,2023-08-19 00:49:49.738973896
27.0,40000.0,Female,26000.0,London,High School,,2023-08-19 01:42:15.013501348
36.0,48200.0,Female,35800.0,Berlin,Bachelor,Single,2023-08-19 02:34:40.288028800
64.0,70500.0,Female,34800.0,Berlin,Bachelor,Married,2023-08-19 03:27:05.562556256
22.0,49300.0,Male,28500.0,Paris,PhD,Single,2023-08-19 04:19:30.837083708
64.0,56800.0,Female,36800.0,Madrid,High School,Single,2023-08-19 05:11:56.111611160
69.0,41200.0,Male,31600.0,London,Bachelor,Single,2023-08-19 06:04:21.386138612
40.0,57300.0,Male,23300.0,London,Master,Divorced,2023-08-19 06:56:46.660666064
47.0,75200.0,Male,36500.0,Berlin,High School,,2023-08-19 07:49:11.935193520
42.0,64900.0,Male,32000.0,Paris,High School,Widowed,2023-08-19 08:41:37.209720972
45.0,48800.0,Male,25900.0,Madrid,Master,Single,2023-08-19 09:34:02.484248424
,60100.0,,30800.0,London,Bachelor,Single,2023-08-19 10:26:27.758775876
62.0,58700.0,Female,37300.0,Madrid,Bachelor,Widowed,2023-08-19 11:18:53.033303328
65.0,57600.0,Female,43400.0,Paris,Master,Single,2023-08-19 12:11:18.307830784
64.0,,Female,43700.0,Madrid,Bachelor,Single,2023-08-19 13:03:43.582358236
42.0,66600.0,Male,33100.0,London,High School,Married,
27.0,48100.0,Female,35900.0,London,Master,Single,2023-08-19 14:48:34.131413140
31.0,59600.0,Female,38900.0,London,Master,Married,2023-08-19 15:40:59.405940592
59.0,44300.0,Male,21600.0,Rome,High School,Single,2023-08-19 16:33:24.680468044
63.0,36200.0,Female,19700.0,London,Bachelor,Single,2023-08-19 17:25:49.954995500
47.0,46000.0,Male,32900.0,London,High School,Single,2023-08-19 18:18:15.229522952
58.0,48900.0,Male,34000.0,Berlin,Master,Single,2023-08-19 19:10:40.504050404
42.0,25100.0,Male,15800.0,Paris,High School,Divorced,2023-08-19 20:03:05.778577856
31.0,62900.0,Male,28800.0,Paris,High School,Married,2023-08-19 20:55:31.053105308
52.0,8500.0,Female,6100.0,Berlin,Bachelor,Single,2023-08-19 21:47:56.327632764
69.0,90700.0,Male,47400.0,Paris,Bachelor,Married,2023-08-19 22:40:21.602160216
65.0,72500.0,Male,51400.0,Berlin,PhD,Married,2023-08-19 23:32:46.876687668
51.0,46100.0,Female,30400.0,London,PhD,Married,2023-08-20 00:25:12.151215120
27.0,,Female,25300.0,London,High School,Single,2023-08-20 01:17:37.425742572
52.0,54500.0,Male,26400.0,Paris,High School,Divorced,2023-08-20 02:10:02.700270028
28.0,41200.0,Male,18600.0,Berlin,High School,Divorced,2023-08-20 03:02:27.974797480
28.0,52900.0,Male,26300.0,Berlin,High School,Single,2023-08-20 03:54:53.249324932
38.0,47800.0,Male,22100.0,London,Bachelor,Divorced,2023-08-20 04:47:18.523852384
38.0,48600.0,Male,31400.0,Paris,High School,Married,2023-08-20 05:39:43.798379836
39.0,52700.0,Male,33700.0,Paris,High School,Divorced,2023-08-20 06:32:09.072907288
62.0,,Female,19200.0,Berlin,High School,Single,2023-08-20 07:24:34.347434744
24.0,50600.0,Female,33200.0,London,High School,Married,2023-08-20 08:16:59.621962196
34.0,52500.0,Male,38100.0,Paris,Bachelor,Single,2023-08-20 09:09:24.896489648
19.0,51900.0,Male,39700.0,Berlin,Bachelor,,2023-08-20 10:01:50.171017100
29.0,46800.0,Male,23000.0,Madrid,High School,Married,2023-08-20 10:54:15.445544552
59.0,67100.0,Male,42600.0,Paris,High School,Single,2023-08-20 11:46:40.720072008
35.0,44700.0,Male,19300.0,Berlin,Bachelor,Married,2023-08-20 12:39:05.994599460
28.0,53400.0,Male,23900.0,Madrid,Master,Married,2023-08-20 13:31:31.269126912
33.0,69500.0,Male,46000.0,Rome,High School,Married,2023-08-20 14:23:56.543654364
66.0,48800.0,Male,29000.0,Paris,High School,Divorced,2023-08-20 15:16:21.818181816
68.0,53200.0,Male,37400.0,Paris,High School,Married,2023-08-20 16:08:47.092709268
35.0,48600.0,Male,27700.0,Rome,High School,Single,2023-08-20 17:01:12.367236724
52.0,68600.0,Male,30900.0,Paris,Bachelor,Widowed,2023-08-20 17:53:37.641764176
43.0,46100.0,Male,34500.0,London,High School,Married,2023-08-20 18:46:02.916291628
33.0,69300.0,Male,30000.0,London,Bachelor,Single,2023-08-20 19:38:28.190819080
23.0,48400.0,Male,23000.0,London,Master,Single,2023-08-20 20:30:53.465346532
61.0,37100.0,Male,19000.0,Paris,Bachelor,Widowed,2023-08-20 21:23:18.739873988
60.0,60200.0,Male,48000.0,Madrid,High School,Married,2023-08-20 22:15:44.014401440
64.0,45400.0,Male,25700.0,Paris,High School,Single,2023-08-20 23:08:09.288928892
64.0,59300.0,Female,35600.0,London,High School,Single,2023-08-21 00:00:34.563456344
65.0,9100.0,Male,6400.0,London,Bachelor,Single,2023-08-21 00:52:59.837983796
59.0,50100.0,Male,32800.0,Paris,High School,Widowed,2023-08-21 01:45:25.112511252
29.0,43100.0,Female,31700.0,Paris,High School,,2023-08-21 02:37:50.387038704
30.0,,Female,20300.0,Rome,High School,Single,2023-08-21 03:30:15.661566156
21.0,41700.0,Male,32900.0,London,High School,Married,2023-08-21 04:22:40.936093608
56.0,41400.0,Female,29800.0,London,Bachelor,Single,2023-08-21 05:15:06.210621060
19.0,49300.0,Male,27600.0,Berlin,Master,Single,2023-08-21 06:07:31.485148512
43.0,29500.0,Female,16300.0,Paris,PhD,Married,2023-08-21 06:59:56.759675968
,54700.0,,42200.0,Berlin,Bachelor,Divorced,2023-08-21 07:52:22.034203420
44.0,70500.0,Female,47500.0,Paris,High School,Single,2023-08-21 08:44:47.308730872
32.0,,Female,35200.0,Berlin,High School,Divorced,2023-08-21 09:37:12.583258324
25.0,62100.0,Male,43700.0,Paris,High School,Single,2023-08-21 10:29:37.857785776
24.0,,Female,41500.0,Berlin,High School,,2023-08-21 11:22:03.132313232
64.0,68500.0,Male,31800.0,London,Bachelor,Single,2023-08-21 12:14:28.406840684
63.0,78100.0,Male,41200.0,Paris,Master,Single,2023-08-21 13:06:53.681368136
57.0,42500.0,Male,26500.0,Paris,Bachelor,Single,2023-08-21 13:59:18.955895588
29.0,39200.0,Female,16000.0,Paris,Master,Single,2023-08-21 14:51:44.230423040
30.0,61800.0,Male,35500.0,Madrid,Bachelor,Single,2023-08-21 15:44:09.504950496
60.0,60600.0,Male,42600.0,Paris,High School,Married,2023-08-21 16:36:34.779477948
34.0,61600.0,Male,28700.0,London,Master,Married,2023-08-21 17:29:00.054005400
34.0,78300.0,Male,33300.0,Paris,Bachelor,Married,2023-08-21 18:21:25.328532852
53.0,50200.0,Male,36900.0,Rome,High School,Single,2023-08-21 19:13:50.603060304
38.0,,Female,36500.0,London,High School,Single,2023-08-21 20:06:15.877587756
25.0,35300.0,Female,16600.0,Paris,High School,Single,2023-08-21 20:58:41.152115212
22.0,82000.0,Male,59200.0,London,Master,Single,2023-08-21 21:51:06.426642664
43.0,45000.0,Male,29800.0,Rome,High School,Married,2023-08-21 22:43:31.701170116
33.0,45400.0,Male,24200.0,London,Bachelor,Married,2023-08-21 23:35:56.975697568
53.0,44800.0,Male,24700.0,London,Bachelor,Divorced,
45.0,40300.0,Male,18600.0,Paris,Bachelor,Single,2023-08-22 01:20:47.524752476
46.0,39100.0,Male,28700.0,Paris,High School,Single,2023-08-22 02:13:12.799279928
64.0,42100.0,Male,25400.0,Paris,High School,Single,2023-08-22 03:05:38.073807380
29.0,29500.0,Male,18400.0,London,Bachelor,Single,2023-08-22 03:58:03.348334832
54.0,38200.0,Female,28800.0,Berlin,High School,Married,2023-08-22 04:50:28.622862284
,79200.0,,32200.0,Madrid,High School,Single,2023-08-22 05:42:53.897389736
40.0,61000.0,Male,26000.0,Berlin,PhD,Married,2023-08-22 06:35:19.171917192
33.0,63900.0,Male,29700.0,Paris,Bachelor,Single,2023-08-22 07:27:44.446444644
31.0,67700.0,Male,27900.0,Berlin,Bachelor,Divorced,2023-08-22 08:20:09.720972096
27.0,77500.0,Female,51400.0,London,Bachelor,Single,2023-08-22 09:12:34.995499548
24.0,23400.0,Male,15300.0,London,High School,Single,2023-08-22 10:05:00.270027000
62.0,31600.0,Female,15300.0,London,PhD,Single,2023-08-22 10:57:25.544554456
69.0,37900.0,Male,17400.0,Paris,PhD,Single,2023-08-22 11:49:50.819081908
54.0,43000.0,Male,19700.0,Paris,Bachelor,,2023-08-22 12:42:16.093609360
46.0,45500.0,Male,35500.0,London,Bachelor,,2023-08-22 13:34:41.368136812
,43300.0,,29300.0,Paris,Bachelor,Married,2023-08-22 14:27:06.642664264
32.0,53300.0,Male,33800.0,London,Bachelor,Single,2023-08-22 15:19:31.917191720
53.0,50500.0,Male,26700.0,Paris,High School,Widowed,2023-08-22 16:11:57.191719172
64.0,,Female,22500.0,Madrid,Bachelor,Single,2023-08-22 17:04:22.466246624
63.0,17400.0,Male,7600.0,Madrid,High School,Single,2023-08-22 17:56:47.740774076
69.0,35100.0,Male,28100.0,Rome,High School,Widowed,2023-08-22 18:49:13.015301528
36.0,41800.0,Male,29300.0,Madrid,High School,Widowed,2023-08-22 19:41:38.289828980
30.0,46300.0,Male,30000.0,Rome,High School,Married,2023-08-22 20:34:03.564356436
59.0,33100.0,Male,21000.0,Berlin,Bachelor,Single,2023-08-22 21:26:28.838883888
38.0,42600.0,Male,25600.0,Rome,High School,Single,2023-08-22 22:18:54.113411340
54.0,33000.0,Male,16600.0,London,Bachelor,Married,2023-08-22 23:11:19.387938792
44.0,48100.0,Male,23600.0,Berlin,High School,Married,2023-08-23 00:03:44.662466244
69.0,33900.0,Male,21000.0,Paris,High School,Single,2023-08-23 00:56:09.936993700
46.0,37300.0,Male,16000.0,London,Bachelor,Married,2023-08-23 01:48:35.211521152
37.0,30400.0,Female,13100.0,Madrid,High School,Single,2023-08-23 02:41:00.486048604
42.0,47700.0,Male,29800.0,London,Bachelor,Married,2023-08-23 03:33:25.760576056
23.0,37000.0,Female,28400.0,Paris,Bachelor,Married,2023-08-23 04:25:51.035103508
,63600.0,,48700.0,London,High School,Widowed,2023-08-23 05:18:16.309630964
19.0,56100.0,Male,22700.0,Berlin,High School,Married,2023-08-23 06:10:41.584158416
39.0,49000.0,Male,21700.0,Berlin,High School,Single,2023-08-23 07:03:06.858685868
49.0,38000.0,Male,24100.0,London,Bachelor,,2023-08-23 07:55:32.133213320
33.0,55700.0,Male,41200.0,Paris,Bachelor,Married,2023-08-23 08:47:57.407740772
35.0,60400.0,Male,47200.0,Madrid,Bachelor,,2023-08-23 09:40:22.682268224
22.0,52100.0,Male,38800.0,Berlin,High School,Divorced,2023-08-23 10:32:47.956795680
53.0,74100.0,Male,,Paris,High School,Single,2023-08-23 11:25:13.231323132
47.0,,Female,27300.0,Berlin,High School,Divorced,2023-08-23 12:17:38.505850584
62.0,,Female,27300.0,Paris,High School,Single,2023-08-23 13:10:03.780378036
36.0,52000.0,Male,21800.0,Paris,High School,Single,2023-08-23 14:02:29.054905488
40.0,60100.0,Male,38800.0,Madrid,High School,Single,2023-08-23 14:54:54.329432944
51.0,38000.0,Male,15800.0,Madrid,Bachelor,,2023-08-23 15:47:19.603960396
30.0,43100.0,Male,30000.0,Paris,PhD,Married,2023-08-23 16:39:44.878487848
60.0,55200.0,Female,37800.0,Paris,High School,Single,2023-08-23 17:32:10.153015300
,55100.0,,23800.0,Paris,Master,Single,2023-08-23 18:24:35.427542752
53.0,57600.0,Male,43900.0,Madrid,Bachelor,Single,2023-08-23 19:17:00.702070208
39.0,66500.0,Male,40500.0,Madrid,Master,Single,2023-08-23 20:09:25.976597660
69.0,28600.0,Female,21800.0,London,High School,,
69.0,35400.0,Male,26900.0,Paris,Master,Married,2023-08-23 21:54:16.525652564
64.0,53400.0,Male,25600.0,Paris,PhD,Single,2023-08-23 22:46:41.800180016
53.0,39100.0,Male,21600.0,Madrid,Master,Single,2023-08-23 23:39:07.074707468
26.0,100700.0,Male,45700.0,Paris,Bachelor,Single,2023-08-24 00:31:32.349234924
56.0,57700.0,Male,41000.0,London,High School,Married,2023-08-24 01:23:57.623762376
68.0,48800.0,Female,29400.0,Berlin,High School,Married,2023-08-24 02:16:22.898289828
36.0,42300.0,Male,32600.0,Paris,Master,Married,2023-08-24 03:08:48.172817280
55.0,42800.0,Female,20700.0,Paris,High School,Married,2023-08-24 04:01:13.447344732
23.0,50500.0,Male,34100.0,Paris,High School,Single,2023-08-24 04:53:38.721872188
69.0,51700.0,Male,41100.0,London,High School,Widowed,2023-08-24 05:46:03.996399640
64.0,43100.0,Female,28700.0,Berlin,Bachelor,Single,2023-08-24 06:38:29.270927092
32.0,45900.0,Male,19600.0,London,Bachelor,Married,2023-08-24 07:30:54.545454544
37.0,70200.0,Female,44600.0,Paris,PhD,Single,2023-08-24 08:23:19.819981996
26.0,70800.0,Female,33400.0,London,Master,Single,2023-08-24 09:15:45.094509448
49.0,53800.0,Male,22200.0,Paris,Bachelor,Single,
21.0,29900.0,Female,16000.0,Paris,Bachelor,Single,2023-08-24 11:00:35.643564356
,58100.0,,29400.0,London,High School,Single,2023-08-24 11:53:00.918091808
35.0,73300.0,Male,52400.0,Rome,High School,Single,2023-08-24 12:45:26.192619260
22.0,70500.0,Male,38700.0,Berlin,Master,Married,2023-08-24 13:37:51.467146712
37.0,61000.0,Male,42300.0,Berlin,Bachelor,Married,2023-08-24 14:30:16.741674168
40.0,71300.0,Male,29000.0,Berlin,High School,Single,2023-08-24 15:22:42.016201620
28.0,50800.0,Male,20600.0,Madrid,High School,Single,2023-08-24 16:15:07.290729072
54.0,59400.0,Male,24500.0,Berlin,Bachelor,,2023-08-24 17:07:32.565256524
39.0,39800.0,Male,19400.0,London,High School,Married,2023-08-24 17:59:57.839783976
21.0,54400.0,Male,29900.0,Paris,High School,Married,2023-08-24 18:52:23.114311432
46.0,69900.0,Male,45000.0,Paris,Master,Widowed,2023-08-24 19:44:48.388838884
61.0,41200.0,Male,32700.0,London,High School,Single,2023-08-24 20:37:13.663366336
51.0,37100.0,Male,20100.0,Madrid,Bachelor,Single,2023-08-24 21:29:38.937893788
30.0,51500.0,Female,21700.0,London,Bachelor,Married,2023-08-24 22:22:04.212421240
59.0,46600.0,Male,22300.0,Paris,Master,Married,2023-08-24 23:14:29.486948692
26.0,59700.0,Male,45300.0,London,Master,Married,2023-08-25 00:06:54.761476148
59.0,43200.0,Male,29400.0,London,Master,Married,2023-08-25 00:59:20.036003600
48.0,75800.0,Male,54300.0,Madrid,High School,Married,2023-08-25 01:51:45.310531052
24.0,30700.0,Male,13800.0,Paris,Master,Single,2023-08-25 02:44:10.585058504
21.0,68800.0,Female,31200.0,Berlin,High School,Single,2023-08-25 03:36:35.859585956
36.0,38500.0,Male,17100.0,London,High School,Single,2023-08-25 04:29:01.134113412
59.0,23100.0,Female,17200.0,Rome,High School,Single,2023-08-25 05:21:26.408640864
47.0,53600.0,Male,25900.0,London,Master,Single,2023-08-25 06:13:51.683168316
48.0,46200.0,Male,30400.0,Madrid,High School,Married,2023-08-25 07:06:16.957695768
52.0,33400.0,Female,20300.0,Paris,High School,Single,2023-08-25 07:58:42.232223220
38.0,24800.0,Female,15300.0,Paris,High School,,2023-08-25 08:51:07.506750676
48.0,49900.0,Male,23900.0,Paris,High School,Single,2023-08-25 09:43:32.781278128
36.0,64600.0,Female,42300.0,London,Bachelor,Married,2023-08-25 10:35:58.055805580
48.0,58800.0,Male,24500.0,London,High School,Married,
49.0,50900.0,Female,40600.0,Paris,Bachelor,Married,2023-08-25 12:20:48.604860484
19.0,57200.0,Male,23500.0,London,Bachelor,Single,2023-08-25 13:13:13.879387936
69.0,49600.0,Female,20800.0,London,Bachelor,Married,2023-08-25 14:05:39.153915392
27.0,28600.0,Male,15200.0,London,Master,Married,
19.0,28700.0,Male,21000.0,Paris,High School,Married,2023-08-25 15:50:29.702970296
19.0,47000.0,Male,23600.0,Madrid,High School,Single,2023-08-25 16:42:54.977497748
41.0,47600.0,Male,28000.0,London,Bachelor,Single,2023-08-25 17:35:20.252025200
34.0,62800.0,Male,25600.0,Paris,Master,Divorced,2023-08-25 18:27:45.526552656
49.0,61400.0,Male,26500.0,London,Bachelor,Married,2023-08-25 19:20:10.801080108
33.0,59100.0,Male,38000.0,Paris,Master,Divorced,2023-08-25 20:12:36.075607560
33.0,,Female,21900.0,London,High School,Single,2023-08-25 21:05:01.350135012
63.0,29300.0,Male,19900.0,Paris,High School,Single,2023-08-25 21:57:26.624662464
56.0,56200.0,Female,40100.0,Madrid,High School,Single,2023-08-25 22:49:51.899189916
48.0,57900.0,Male,42900.0,Rome,High School,Single,2023-08-25 23:42:17.173717372
60.0,14200.0,Male,6400.0,Paris,High School,,2023-08-26 00:34:42.448244824
41.0,37500.0,Male,21800.0,Paris,High School,Married,2023-08-26 01:27:07.722772276
18.0,39600.0,Male,30800.0,Paris,High School,Single,2023-08-26 02:19:32.997299728
28.0,51800.0,Male,36700.0,London,Master,Single,2023-08-26 03:11:58.271827180
38.0,37900.0,Male,16900.0,Paris,High School,Single,2023-08-26 04:04:23.546354636
21.0,49400.0,Male,29700.0,Berlin,High School,Divorced,2023-08-26 04:56:48.820882088
24.0,46800.0,Male,36000.0,London,PhD,Single,2023-08-26 05:49:14.095409540
43.0,47600.0,Male,27400.0,London,Bachelor,Single,2023-08-26 06:41:39.369936992
64.0,39300.0,Female,28900.0,London,Bachelor,Single,2023-08-26 07:34:04.644464444
,40400.0,,24200.0,Madrid,Master,Married,2023-08-26 08:26:29.918991900
29.0,,Female,15000.0,Paris,Bachelor,Divorced,2023-08-26 09:18:55.193519352
48.0,55700.0,Female,25600.0,Berlin,High School,Single,2023-08-26 10:11:20.468046804
34.0,58600.0,Male,24500.0,London,High School,Single,2023-08-26 11:03:45.742574256
50.0,38400.0,Male,18400.0,London,Bachelor,Single,2023-08-26 11:56:11.017101708
28.0,,Female,55100.0,London,Master,Single,2023-08-26 12:48:36.291629160
45.0,45300.0,Male,29900.0,Paris,High School,Single,2023-08-26 13:41:01.566156616
49.0,73000.0,Female,50800.0,London,High School,Single,2023-08-26 14:33:26.840684068
18.0,40400.0,Male,26200.0,Berlin,High School,Divorced,
64.0,19600.0,Male,10900.0,Paris,Bachelor,Married,2023-08-26 16:18:17.389738972
45.0,56000.0,Male,27300.0,London,High School,Married,2023-08-26 17:10:42.664266424
59.0,53700.0,Female,41400.0,Paris,Master,Married,2023-08-26 18:03:07.938793880
24.0,50500.0,Female,30600.0,London,PhD,Single,2023-08-26 18:55:33.213321332
19.0,,Female,23900.0,Berlin,Bachelor,Single,2023-08-26 19:47:58.487848784
59.0,49500.0,Male,39500.0,London,PhD,Married,
41.0,42300.0,Male,23400.0,Paris,High School,,2023-08-26 21:32:49.036903688
21.0,45500.0,Male,33700.0,Paris,Master,Married,2023-08-26 22:25:14.311431144
61.0,62600.0,Female,46600.0,Berlin,Bachelor,Married,2023-08-26 23:17:39.585958596
36.0,52800.0,Male,26000.0,Paris,High School,Divorced,2023-08-27 00:10:04.860486048
,59100.0,,25900.0,Paris,High School,Married,2023-08-27 01:02:30.135013500
28.0,46500.0,Male,36700.0,London,High School,Single,2023-08-27 01:54:55.409540952
57.0,44900.0,Male,25600.0,Paris,Bachelor,Single,2023-08-27 02:47:20.684068404
67.0,32700.0,Male,13100.0,Berlin,Master,Single,2023-08-27 03:39:45.958595860
60.0,44400.0,Male,26600.0,Paris,Bachelor,Married,2023-08-27 04:32:11.233123312
28.0,200.0,Male,100.0,London,Bachelor,Single,
,41100.0,,29200.0,Paris,High School,Single,2023-08-27 06:17:01.782178216
20.0,48800.0,Male,37900.0,London,Bachelor,Widowed,2023-08-27 07:09:27.056705668
29.0,58500.0,Male,44800.0,London,Bachelor,Single,2023-08-27 08:01:52.331233124
20.0,46000.0,Male,35700.0,Berlin,High School,Single,2023-08-27 08:54:17.605760576
59.0,55200.0,Female,22800.0,London,PhD,Single,2023-08-27 09:46:42.880288028
44.0,17300.0,Male,11800.0,Paris,Bachelor,Divorced,2023-08-27 10:39:08.154815480
66.0,49100.0,Male,24100.0,Paris,Bachelor,Married,2023-08-27 11:31:33.429342932
19.0,24800.0,Male,11800.0,Rome,Bachelor,Married,2023-08-27 12:23:58.703870388
66.0,31900.0,Male,23000.0,London,Master,Married,2023-08-27 13:16:23.978397840
33.0,47200.0,Female,26800.0,London,High School,Widowed,2023-08-27 14:08:49.252925292
19.0,69100.0,Female,53000.0,Madrid,Bachelor,Single,2023-08-27 15:01:14.527452744
47.0,55600.0,Male,23200.0,Paris,High School,Single,2023-08-27 15:53:39.801980196
37.0,50300.0,Male,36300.0,London,High School,Single,2023-08-27 16:46:05.076507648
55.0,49700.0,Male,22600.0,Paris,High School,Single,2023-08-27 17:38:30.351035104
,39300.0,,18500.0,Paris,High School,Single,2023-08-27 18:30:55.625562556
42.0,41800.0,Female,24700.0,Paris,Master,Divorced,2023-08-27 19:23:20.900090008
49.0,56400.0,Male,31500.0,Berlin,High School,,2023-08-27 20:15:46.174617460
27.0,29200.0,Male,17400.0,Paris,Bachelor,Married,2023-08-27 21:08:11.449144912
59.0,58900.0,Female,45700.0,Paris,Master,Married,2023-08-27 22:00:36.723672368
57.0,44200.0,Male,29300.0,Paris,Bachelor,Single,2023-08-27 22:53:01.998199820
50.0,62400.0,Male,32200.0,Paris,High School,Widowed,2023-08-27 23:45:27.272727272
30.0,64400.0,Male,30200.0,Madrid,High School,,2023-08-28 00:37:52.547254724
58.0,24900.0,Male,14100.0,London,High School,Married,2023-08-28 01:30:17.821782176
59.0,41300.0,Female,24000.0,Madrid,High School,Single,2023-08-28 02:22:43.096309628
64.0,37200.0,Male,23800.0,Berlin,High School,Married,2023-08-28 03:15:08.370837084
54.0,22800.0,Male,11500.0,Berlin,Bachelor,Single,2023-08-28 04:07:33.645364536
33.0,34500.0,Male,24400.0,Paris,High School,Single,2023-08-28 04:59:58.919891988
62.0,86600.0,Male,38100.0,Paris,High School,Single,2023-08-28 05:52:24.194419440
39.0,59100.0,Female,36900.0,London,High School,Single,2023-08-28 06:44:49.468946892
37.0,78800.0,Male,51200.0,London,Bachelor,Married,
67.0,62400.0,Female,30100.0,London,Master,Married,2023-08-28 08:29:40.018001800
60.0,38900.0,Female,28400.0,Paris,PhD,Single,2023-08-28 09:22:05.292529252
44.0,44300.0,Female,28600.0,Rome,Bachelor,Married,2023-08-28 10:14:30.567056704
58.0,58800.0,Female,38700.0,Paris,Bachelor,Single,2023-08-28 11:06:55.841584156
33.0,56600.0,Male,33900.0,Paris,Bachelor,,2023-08-28 11:59:21.116111612
,41300.0,,31500.0,London,Bachelor,Single,2023-08-28 12:51:46.390639064
49.0,27400.0,Male,18600.0,Paris,Bachelor,Married,2023-08-28 13:44:11.665166516
43.0,99300.0,Male,54900.0,Paris,Bachelor,Married,2023-08-28 14:36:36.939693968
42.0,47900.0,Male,23700.0,Paris,High School,Single,2023-08-28 15:29:02.214221420
19.0,45100.0,Male,19300.0,Paris,PhD,Single,2023-08-28 16:21:27.488748872
29.0,51700.0,Male,24100.0,Paris,High School,Single,2023-08-28 17:13:52.763276328
57.0,46400.0,Male,37000.0,Paris,High School,Married,2023-08-28 18:06:18.037803780
,51800.0,,29100.0,London,High School,Divorced,2023-08-28 18:58:43.312331232
29.0,69300.0,Male,52600.0,London,Bachelor,,2023-08-28 19:51:08.586858684
43.0,48100.0,Male,22500.0,London,High School,Single,2023-08-28 20:43:33.861386136
,32600.0,,18600.0,London,High School,Married,2023-08-28 21:35:59.135913592
27.0,47600.0,Male,37300.0,Paris,Bachelor,Widowed,2023-08-28 22:28:24.410441044
49.0,43000.0,Male,18800.0,Paris,Bachelor,Divorced,
51.0,71400.0,Male,45500.0,Madrid,Bachelor,Widowed,2023-08-29 00:13:14.959495948
65.0,67600.0,Male,51900.0,London,High School,Married,2023-08-29 01:05:40.234023400
37.0,51600.0,Male,40200.0,Paris,Bachelor,,2023-08-29 01:58:05.508550856
56.0,30800.0,Male,22700.0,Rome,Bachelor,Divorced,2023-08-29 02:50:30.783078308
19.0,31600.0,Male,23500.0,London,Master,Divorced,2023-08-29 03:42:56.057605760
18.0,50200.0,Male,33200.0,Paris,Bachelor,Single,2023-08-29 04:35:21.332133212
68.0,55000.0,Male,26800.0,Rome,High School,Married,2023-08-29 05:27:46.606660664
53.0,44400.0,Female,30700.0,Paris,Bachelor,Divorced,2023-08-29 06:20:11.881188116
41.0,42800.0,Male,33900.0,Rome,High School,Divorced,2023-08-29 07:12:37.155715572
,41100.0,,25100.0,Paris,High School,Married,2023-08-29 08:05:02.430243024
19.0,49600.0,Female,25000.0,Paris,High School,Married,2023-08-29 08:57:27.704770476
48.0,14300.0,Male,9000.0,London,Master,Married,2023-08-29 09:49:52.979297928
31.0,33500.0,Female,22700.0,Paris,High School,Married,2023-08-29 10:42:18.253825380
19.0,40600.0,Female,19600.0,Paris,Bachelor,Single,2023-08-29 11:34:43.528352836
46.0,68100.0,Male,46800.0,Berlin,High School,Single,2023-08-29 12:27:08.802880288
32.0,37800.0,Male,24000.0,Paris,Master,Married,2023-08-29 13:19:34.077407740
,52700.0,,34000.0,Madrid,Bachelor,Single,2023-08-29 14:11:59.351935192
54.0,53400.0,Male,27900.0,London,Bachelor,,2023-08-29 15:04:24.626462644
45.0,69500.0,Male,32100.0,Madrid,Bachelor,Single,2023-08-29 15:56:49.900990096
37.0,68900.0,Female,44700.0,London,High School,Married,2023-08-29 16:49:15.175517552
56.0,49100.0,Female,31200.0,London,Master,Married,2023-08-29 17:41:40.450045004
41.0,42900.0,Male,23000.0,Paris,Bachelor,Married,2023-08-29 18:34:05.724572456
38.0,40000.0,Female,20700.0,London,Bachelor,Married,2023-08-29 19:26:30.999099908
27.0,46400.0,Female,25000.0,Paris,Bachelor,Married,2023-08-29 20:18:56.273627360
63.0,43500.0,Male,25900.0,Paris,Master,Single,2023-08-29 21:11:21.548154816
31.0,58300.0,Male,46100.0,Paris,High School,Single,2023-08-29 22:03:46.822682268
54.0,56300.0,Male,39700.0,Paris,High School,Single,2023-08-29 22:56:12.097209720
35.0,58900.0,Female,43600.0,Paris,Master,Married,2023-08-29 23:48:37.371737172
41.0,68900.0,Female,41500.0,Berlin,High School,Married,2023-08-30 00:41:02.646264624
31.0,77900.0,Male,47600.0,Paris,Bachelor,Single,2023-08-30 01:33:27.920792080
51.0,51900.0,Male,25000.0,Paris,High School,Married,2023-08-30 02:25:53.195319532
29.0,,Female,45800.0,Madrid,High School,Single,2023-08-30 03:18:18.469846984
39.0,44700.0,Female,25400.0,London,Bachelor,Single,2023-08-30 04:10:43.744374436
23.0,67800.0,Male,47300.0,Madrid,Master,Single,2023-08-30 05:03:09.018901888
53.0,65900.0,Male,37100.0,Madrid,High School,Single,2023-08-30 05:55:34.293429340
62.0,65100.0,Female,28900.0,Paris,High School,Single,2023-08-30 06:47:59.567956796
,51400.0,,24100.0,Rome,High School,Widowed,2023-08-30 07:40:24.842484248
39.0,40000.0,Male,29000.0,Paris,PhD,Married,2023-08-30 08:32:50.117011700
31.0,29100.0,Female,14700.0,Madrid,High School,Married,2023-08-30 09:25:15.391539152
33.0,49400.0,Male,25000.0,London,High School,Married,2023-08-30 10:17:40.666066604
53.0,73000.0,Female,56300.0,London,PhD,Single,2023-08-30 11:10:05.940594060
42.0,45400.0,Male,30100.0,Berlin,Master,Widowed,2023-08-30 12:02:31.215121512
,61800.0,,27500.0,Madrid,Bachelor,Widowed,
50.0,62700.0,Male,28700.0,London,High School,Married,2023-08-30 13:47:21.764176416
62.0,45700.0,Male,23300.0,London,High School,Single,2023-08-30 14:39:47.038703868
53.0,69700.0,Male,44400.0,Paris,High School,Divorced,2023-08-30 15:32:12.313231324
37.0,6400.0,Male,4500.0,Berlin,Bachelor,Single,2023-08-30 16:24:37.587758776
35.0,31700.0,Male,16200.0,Paris,High School,Married,2023-08-30 17:17:02.862286228
55.0,,Female,27200.0,Berlin,High School,Single,2023-08-30 18:09:28.136813680
20.0,37700.0,Male,16700.0,London,High School,Single,2023-08-30 19:01:53.411341132
40.0,55000.0,Male,26600.0,Paris,Master,Divorced,2023-08-30 19:54:18.685868584
49.0,54400.0,Male,42900.0,London,Bachelor,Widowed,2023-08-30 20:46:43.960396040
62.0,55900.0,Male,25400.0,Berlin,Bachelor,Divorced,2023-08-30 21:39:09.234923492
,58900.0,,44500.0,Madrid,High School,Single,2023-08-30 22:31:34.509450944
22.0,35700.0,Male,24300.0,Paris,Master,Single,2023-08-30 23:23:59.783978396
21.0,31700.0,Female,13600.0,Madrid,Bachelor,Widowed,2023-08-31 00:16:25.058505848
38.0,55900.0,Male,33200.0,Rome,High School,Single,2023-08-31 01:08:50.333033304
57.0,40500.0,Male,24600.0,Berlin,Master,Married,2023-08-31 02:01:15.607560756
68.0,26400.0,Male,20400.0,Madrid,High School,Single,2023-08-31 02:53:40.882088208
31.0,64600.0,Male,36700.0,London,Bachelor,Single,2023-08-31 03:46:06.156615660
56.0,70900.0,Male,41000.0,Paris,Bachelor,Divorced,2023-08-31 04:38:31.431143112
48.0,73400.0,Female,32700.0,London,High School,Single,2023-08-31 05:30:56.705670568
,52800.0,,34600.0,Berlin,High School,Married,2023-08-31 06:23:21.980198020
23.0,59400.0,Male,28800.0,Madrid,PhD,Single,2023-08-31 07:15:47.254725472
29.0,70500.0,Male,30400.0,London,High School,Single,2023-08-31 08:08:12.529252924
33.0,40400.0,Female,32300.0,Berlin,Bachelor,Single,2023-08-31 09:00:37.803780376
34.0,66700.0,Male,33900.0,Berlin,Bachelor,Married,2023-08-31 09:53:03.078307828
62.0,54100.0,Male,24700.0,Paris,High School,,2023-08-31 10:45:28.352835284
40.0,63700.0,Male,43300.0,Paris,High School,Married,2023-08-31 11:37:53.627362736
31.0,52800.0,Female,38500.0,Berlin,High School,Married,2023-08-31 12:30:18.901890188
24.0,69400.0,Male,29500.0,Paris,High School,,2023-08-31 13:22:44.176417640
,53400.0,,23600.0,Paris,Master,Married,2023-08-31 14:15:09.450945092
49.0,27700.0,Female,12100.0,London,Master,Single,2023-08-31 15:07:34.725472548
32.0,71800.0,Male,30100.0,Berlin,High School,Married,2023-08-31 16:00:00.000000000
61.0,35800.0,Male,23800.0,London,High School,Divorced,2023-08-31 16:52:25.274527452
,68800.0,,43700.0,Madrid,High School,Married,2023-08-31 17:44:50.549054904
58.0,48600.0,Female,32300.0,Paris,High School,Single,2023-08-31 18:37:15.823582356
64.0,67600.0,Male,40700.0,Paris,Bachelor,Married,2023-08-31 19:29:41.098109808
61.0,67000.0,Male,48700.0,London,High School,Single,2023-08-31 20:22:06.372637264
51.0,56500.0,Female,35000.0,Berlin,Master,Married,2023-08-31 21:14:31.647164716
22.0,57600.0,Male,44200.0,London,High School,,2023-08-31 22:06:56.921692168
62.0,56300.0,Male,33500.0,Paris,Master,Married,2023-08-31 22:59:22.196219620
44.0,,Female,14200.0,London,High School,Single,2023-08-31 23:51:47.470747072
69.0,51800.0,Male,29200.0,Berlin,Bachelor,Widowed,2023-09-01 00:44:12.745274528
40.0,33300.0,Male,19100.0,Paris,Master,Married,2023-09-01 01:36:38.019801980
57.0,52600.0,Male,38900.0,Paris,High School,Married,2023-09-01 02:29:03.294329432
31.0,32900.0,Male,14600.0,London,Bachelor,,2023-09-01 03:21:28.568856884
32.0,32200.0,Female,20200.0,Paris,Bachelor,Single,2023-09-01 04:13:53.843384336
60.0,74100.0,Male,51200.0,London,High School,,2023-09-01 05:06:19.117911792
50.0,66000.0,Male,46200.0,Paris,High School,Single,2023-09-01 05:58:44.392439244
48.0,49900.0,Female,31800.0,Paris,High School,Married,2023-09-01 06:51:09.666966696
52.0,52800.0,Male,30600.0,Paris,High School,Single,2023-09-01 07:43:34.941494148
34.0,46300.0,Male,23300.0,Paris,Bachelor,,2023-09-01 08:36:00.216021600
45.0,58500.0,Male,44700.0,Paris,High School,Married,2023-09-01 09:28:25.490549052
36.0,39900.0,Male,21900.0,Berlin,Master,Single,2023-09-01 10:20:50.765076508
63.0,64900.0,Male,46700.0,Paris,Bachelor,Single,2023-09-01 11:13:16.039603960
40.0,46200.0,Male,19100.0,London,High School,Single,2023-09-01 12:05:41.314131412
49.0,43700.0,Male,21500.0,Berlin,High School,Divorced,2023-09-01 12:58:06.588658864
57.0,50300.0,Male,27100.0,Paris,Bachelor,Single,2023-09-01 13:50:31.863186316
30.0,41100.0,Male,27500.0,Paris,High School,Single,2023-09-01 14:42:57.137713772
37.0,54900.0,Male,29000.0,London,Bachelor,,2023-09-01 15:35:22.412241224
52.0,41900.0,Male,17500.0,Paris,High School,Married,2023-09-01 16:27:47.686768676
22.0,57000.0,Male,26800.0,London,Bachelor,Single,2023-09-01 17:20:12.961296128
26.0,68200.0,Male,34400.0,Berlin,High School,Single,2023-09-01 18:12:38.235823580
46.0,39200.0,Male,18400.0,Paris,Bachelor,Single,2023-09-01 19:05:03.510351036
23.0,48000.0,Male,23100.0,London,High School,Single,
42.0,56900.0,Male,40300.0,Madrid,High School,Single,2023-09-01 20:49:54.059405940
48.0,43500.0,Male,24600.0,Paris,High School,Single,2023-09-01 21:42:19.333933392
39.0,57000.0,Male,32000.0,Paris,High School,,2023-09-01 22:34:44.608460844
19.0,58300.0,Male,45900.0,London,High School,Single,
62.0,,Female,38300.0,Rome,High School,Married,2023-09-02 00:19:35.157515752
22.0,,Female,31500.0,Paris,High School,Married,2023-09-02 01:12:00.432043204
44.0,35900.0,Male,18700.0,Paris,Bachelor,Divorced,2023-09-02 02:04:25.706570656
42.0,45400.0,Male,25400.0,Paris,Bachelor,Divorced,2023-09-02 02:56:50.981098108
25.0,35500.0,Male,19800.0,Paris,PhD,Divorced,2023-09-02 03:49:16.255625560
18.0,58500.0,Female,36200.0,Paris,High School,Single,2023-09-02 04:41:41.530153016
37.0,32600.0,Female,20700.0,Paris,High School,Single,2023-09-02 05:34:06.804680468
61.0,85000.0,Male,,London,Bachelor,Married,2023-09-02 06:26:32.079207920
,69400.0,,49800.0,Rome,High School,Divorced,2023-09-02 07:18:57.353735372
49.0,50200.0,Male,30100.0,Berlin,Bachelor,Married,2023-09-02 08:11:22.628262824
28.0,63000.0,Male,25400.0,Berlin,Master,Single,2023-09-02 09:03:47.902790276
56.0,25400.0,Female,16200.0,Paris,High School,Married,2023-09-02 09:56:13.177317732
64.0,87900.0,Male,63200.0,Paris,High School,Single,2023-09-02 10:48:38.451845184
41.0,,Female,20600.0,London,Bachelor,Married,2023-09-02 11:41:03.726372636
28.0,48200.0,Male,20000.0,London,Bachelor,Married,2023-09-02 12:33:29.000900088
46.0,22200.0,Male,16000.0,London,Bachelor,Married,2023-09-02 13:25:54.275427540
43.0,57300.0,Male,45300.0,Paris,High School,Single,2023-09-02 14:18:19.549954996
33.0,33400.0,Male,14400.0,London,PhD,Married,2023-09-02 15:10:44.824482448
52.0,51500.0,Male,39900.0,Paris,High School,Married,2023-09-02 16:03:10.099009900
37.0,41800.0,Male,22700.0,London,High School,Married,2023-09-02 16:55:35.373537352
,33800.0,,26200.0,Paris,PhD,Married,2023-09-02 17:48:00.648064804
20.0,37900.0,Male,25000.0,Madrid,Master,Married,2023-09-02 18:40:25.922592260
18.0,53400.0,Female,40400.0,Paris,High School,Married,2023-09-02 19:32:51.197119712
64.0,30800.0,Male,22000.0,Madrid,High School,Divorced,2023-09-02 20:25:16.471647164
,38800.0,,16000.0,Madrid,Bachelor,Single,2023-09-02 21:17:41.746174616
34.0,59900.0,Male,25500.0,Berlin,High School,Single,2023-09-02 22:10:07.020702068
19.0,89000.0,Male,54300.0,Rome,High School,Married,2023-09-02 23:02:32.295229520
,57200.0,,25800.0,Paris,PhD,Single,2023-09-02 23:54:57.569756976
37.0,36200.0,Male,21200.0,London,Bachelor,Single,2023-09-03 00:47:22.844284428
23.0,44500.0,Male,34800.0,Berlin,Bachelor,,2023-09-03 01:39:48.118811880
25.0,50500.0,Male,26200.0,Paris,Bachelor,Married,2023-09-03 02:32:13.393339332
46.0,44800.0,Male,26700.0,London,Bachelor,Single,2023-09-03 03:24:38.667866784
65.0,63500.0,Female,35200.0,Paris,Master,Single,2023-09-03 04:17:03.942394240
68.0,53300.0,Male,34700.0,London,Bachelor,Single,2023-09-03 05:09:29.216921692
50.0,,Female,30400.0,Madrid,Bachelor,Married,2023-09-03 06:01:54.491449144
20.0,45300.0,Male,22800.0,London,Bachelor,,2023-09-03 06:54:19.765976596
52.0,69900.0,Male,52000.0,Paris,Master,Widowed,2023-09-03 07:46:45.040504048
22.0,47500.0,Male,34400.0,Madrid,Bachelor,Married,2023-09-03 08:39:10.315031504
44.0,35400.0,Female,25300.0,Paris,Master,Single,2023-09-03 09:31:35.589558956
61.0,82700.0,Male,58600.0,Madrid,High School,Married,2023-09-03 10:24:00.864086408
29.0,22600.0,Male,13200.0,Rome,High School,Single,2023-09-03 11:16:26.138613860
37.0,38900.0,Male,26900.0,Madrid,High School,Married,2023-09-03 12:08:51.413141312
62.0,40600.0,Male,22500.0,London,High School,Single,2023-09-03 13:01:16.687668764
37.0,87600.0,Female,38600.0,Berlin,High School,Single,2023-09-03 13:53:41.962196220
26.0,77100.0,Female,43000.0,London,High School,Married,2023-09-03 14:46:07.236723672
56.0,,Female,33600.0,London,PhD,Single,2023-09-03 15:38:32.511251124
21.0,45000.0,Male,25000.0,Paris,High School,Married,2023-09-03 16:30:57.785778576
68.0,86400.0,Female,44800.0,Paris,High School,,2023-09-03 17:23:23.060306028
36.0,55500.0,Male,35500.0,Berlin,Master,Married,
55.0,64700.0,Male,35200.0,London,High School,Single,2023-09-03 19:08:13.609360936
44.0,52700.0,Female,36000.0,London,High School,Divorced,2023-09-03 20:00:38.883888388
62.0,49300.0,Male,29800.0,London,High School,Single,2023-09-03 20:53:04.158415840
60.0,46200.0,Male,35500.0,Berlin,High School,Married,2023-09-03 21:45:29.432943292
30.0,46900.0,Male,20500.0,Berlin,PhD,Married,2023-09-03 22:37:54.707470748
30.0,59100.0,Male,39900.0,Paris,Master,Single,2023-09-03 23:30:19.981998200
39.0,55500.0,Male,37100.0,Paris,Master,Married,2023-09-04 00:22:45.256525652
45.0,49500.0,Male,38600.0,Paris,Master,Married,2023-09-04 01:15:10.531053104
69.0,,Female,39800.0,London,High School,Divorced,2023-09-04 02:07:35.805580556
64.0,5500.0,Female,2900.0,Paris,Bachelor,Single,2023-09-04 03:00:01.080108008
62.0,57600.0,Female,27000.0,Berlin,Bachelor,Single,2023-09-04 03:52:26.354635464
39.0,60800.0,Male,30800.0,Paris,Master,Single,2023-09-04 04:44:51.629162916
60.0,,Female,40400.0,Paris,High School,Married,2023-09-04 05:37:16.903690368
36.0,,Female,36000.0,Berlin,High School,Married,2023-09-04 06:29:42.178217820
25.0,53100.0,Male,27300.0,Paris,High School,Single,2023-09-04 07:22:07.452745272
69.0,64800.0,Male,30000.0,London,High School,Single,2023-09-04 08:14:32.727272728
25.0,72400.0,Male,36800.0,Madrid,Bachelor,Single,2023-09-04 09:06:58.001800180
59.0,45500.0,Male,20000.0,London,High School,Married,2023-09-04 09:59:23.276327632
43.0,54000.0,Male,41600.0,Berlin,High School,Divorced,2023-09-04 10:51:48.550855084
65.0,75200.0,Male,56300.0,Berlin,Bachelor,Single,2023-09-04 11:44:13.825382536
68.0,18100.0,Male,9500.0,Paris,High School,Married,2023-09-04 12:36:39.099909988
43.0,39600.0,Male,19800.0,London,High School,Married,2023-09-04 13:29:04.374437444
40.0,72000.0,Male,54900.0,Paris,PhD,Single,2023-09-04 14:21:29.648964896
60.0,66400.0,Female,26600.0,Paris,Bachelor,Married,2023-09-04 15:13:54.923492348
30.0,57800.0,Female,37000.0,Paris,Bachelor,,2023-09-04 16:06:20.198019800
45.0,43300.0,Male,33200.0,London,Master,Single,2023-09-04 16:58:45.472547252
26.0,36800.0,Male,22200.0,Berlin,High School,Divorced,2023-09-04 17:51:10.747074708
37.0,41100.0,Male,16500.0,Madrid,High School,Married,2023-09-04 18:43:36.021602160
36.0,73200.0,Male,35700.0,London,High School,Single,2023-09-04 19:36:01.296129612
65.0,40600.0,Male,31200.0,Paris,High School,Widowed,2023-09-04 20:28:26.570657064
56.0,51500.0,Female,21000.0,London,Bachelor,Single,2023-09-04 21:20:51.845184516
68.0,38700.0,Male,21600.0,Berlin,High School,Married,2023-09-04 22:13:17.119711972
29.0,62600.0,Female,44800.0,Paris,High School,Married,2023-09-04 23:05:42.394239424
32.0,41900.0,Female,30800.0,Paris,Master,Married,2023-09-04 23:58:07.668766876
48.0,48500.0,Male,28700.0,London,High School,Married,2023-09-05 00:50:32.943294328
31.0,24700.0,Male,12200.0,London,PhD,Single,2023-09-05 01:42:58.217821780
28.0,25800.0,Male,16500.0,Berlin,High School,Single,2023-09-05 02:35:23.492349232
43.0,50100.0,Male,25300.0,London,Bachelor,Married,2023-09-05 03:27:48.766876688
59.0,30100.0,Male,15100.0,Paris,Master,Married,2023-09-05 04:20:14.041404140
44.0,,Female,59000.0,Paris,Master,Widowed,2023-09-05 05:12:39.315931592
28.0,19100.0,Female,8800.0,Madrid,High School,Married,
55.0,38000.0,Female,15300.0,Paris,High School,Single,
51.0,50300.0,Male,26900.0,Paris,High School,Single,2023-09-05 07:49:55.139513952
60.0,44500.0,Male,26500.0,Berlin,Bachelor,Married,2023-09-05 08:42:20.414041404
36.0,33400.0,Male,22800.0,London,Bachelor,Divorced,2023-09-05 09:34:45.688568856
23.0,35600.0,Male,25400.0,London,Bachelor,Married,2023-09-05 10:27:10.963096308
63.0,35100.0,Male,23400.0,London,High School,Single,2023-09-05 11:19:36.237623760
69.0,45700.0,Male,29700.0,Rome,High School,Divorced,2023-09-05 12:12:01.512151216
55.0,79300.0,Male,52800.0,Paris,High School,Single,2023-09-05 13:04:26.786678668
66.0,51200.0,Female,26000.0,London,Master,Single,2023-09-05 13:56:52.061206120
59.0,67700.0,Female,37400.0,London,Bachelor,Married,2023-09-05 14:49:17.335733572
45.0,57600.0,Male,37200.0,Paris,High School,Single,2023-09-05 15:41:42.610261024
18.0,66700.0,Female,28400.0,London,Bachelor,Married,2023-09-05 16:34:07.884788476
52.0,8000.0,Male,4100.0,Berlin,High School,Single,2023-09-05 17:26:33.159315932
57.0,45400.0,Male,25500.0,London,Bachelor,Single,2023-09-05 18:18:58.433843384
25.0,69600.0,Female,42700.0,Madrid,High School,Single,2023-09-05 19:11:23.708370836
69.0,41400.0,Male,24600.0,London,Bachelor,,2023-09-05 20:03:48.982898288
64.0,76400.0,Female,,Berlin,Bachelor,Single,2023-09-05 20:56:14.257425740
24.0,72300.0,Male,42600.0,Berlin,High School,Single,2023-09-05 21:48:39.531953196
28.0,,Female,32800.0,London,High School,Single,2023-09-05 22:41:04.806480648
56.0,42500.0,Female,23500.0,Berlin,High School,Single,2023-09-05 23:33:30.081008100
21.0,34800.0,Male,21200.0,London,High School,Married,2023-09-06 00:25:55.355535552
42.0,40600.0,Male,16300.0,London,PhD,Single,2023-09-06 01:18:20.630063004
29.0,31500.0,Male,16500.0,London,High School,Single,2023-09-06 02:10:45.904590456
43.0,56400.0,Male,42100.0,Paris,High School,Married,2023-09-06 03:03:11.179117912
55.0,28200.0,Male,15000.0,Berlin,Bachelor,Single,2023-09-06 03:55:36.453645364
63.0,59100.0,Female,29600.0,Paris,High School,Divorced,2023-09-06 04:48:01.728172816
29.0,59400.0,Male,36700.0,London,High School,Married,2023-09-06 05:40:27.002700268
60.0,,Female,10800.0,Paris,High School,Single,2023-09-06 06:32:52.277227720
68.0,73200.0,Female,44800.0,London,Bachelor,Single,2023-09-06 07:25:17.551755176
54.0,57700.0,Male,30100.0,Rome,Bachelor,Divorced,2023-09-06 08:17:42.826282628
63.0,61200.0,Male,33900.0,Berlin,Master,Married,2023-09-06 09:10:08.100810080
41.0,38600.0,Male,27700.0,London,High School,Married,2023-09-06 10:02:33.375337532
33.0,59300.0,Male,39400.0,London,High School,Married,2023-09-06 10:54:58.649864984
30.0,66900.0,Male,38700.0,London,Master,,2023-09-06 11:47:23.924392440
42.0,48500.0,Male,30600.0,Paris,Bachelor,Single,2023-09-06 12:39:49.198919892
,80000.0,,56500.0,Paris,PhD,Single,2023-09-06 13:32:14.473447344
21.0,50700.0,Male,35400.0,London,High School,Married,2023-09-06 14:24:39.747974796
28.0,67100.0,Female,31800.0,Madrid,High School,Divorced,2023-09-06 15:17:05.022502248
49.0,54400.0,Female,28300.0,London,High School,Single,2023-09-06 16:09:30.297029700
66.0,58800.0,Male,31700.0,London,High School,Married,2023-09-06 17:01:55.571557156
24.0,24900.0,Male,11800.0,Madrid,High School,Widowed,2023-09-06 17:54:20.846084608
63.0,55600.0,Female,22500.0,London,High School,Single,
28.0,39000.0,Female,18300.0,Paris,Bachelor,Single,2023-09-06 19:39:11.395139512
45.0,37300.0,Male,27000.0,Paris,Master,Single,2023-09-06 20:31:36.669666964
58.0,76200.0,Male,47100.0,Paris,High School,Single,2023-09-06 21:24:01.944194420
40.0,46800.0,Male,25100.0,Berlin,High School,Married,2023-09-06 22:16:27.218721872
62.0,35000.0,Male,22500.0,Paris,PhD,Single,2023-09-06 23:08:52.493249324
40.0,44600.0,Male,31000.0,Berlin,High School,Single,2023-09-07 00:01:17.767776776
67.0,30500.0,Male,16500.0,Madrid,Bachelor,Married,
45.0,71500.0,Male,41900.0,Paris,Master,Married,2023-09-07 01:46:08.316831684
60.0,39600.0,Male,16900.0,Paris,High School,Divorced,2023-09-07 02:38:33.591359136
64.0,57900.0,Male,37000.0,London,Master,Divorced,2023-09-07 03:30:58.865886588
43.0,70300.0,Male,38100.0,Paris,Bachelor,Divorced,2023-09-07 04:23:24.140414040
42.0,42500.0,Female,24400.0,London,High School,Single,2023-09-07 05:15:49.414941492
46.0,58000.0,Male,33000.0,London,Master,Single,2023-09-07 06:08:14.689468944
36.0,34500.0,Female,22500.0,London,Bachelor,Single,
50.0,86700.0,Male,54500.0,Madrid,Bachelor,Single,2023-09-07 07:53:05.238523852
53.0,64000.0,Male,36400.0,Paris,Bachelor,,2023-09-07 08:45:30.513051304
31.0,47100.0,Male,19200.0,Paris,High School,Married,2023-09-07 09:37:55.787578756
31.0,38400.0,Male,24900.0,Madrid,High School,Married,2023-09-07 10:30:21.062106208
52.0,48300.0,Male,36300.0,Paris,High School,Single,2023-09-07 11:22:46.336633664
47.0,44900.0,Male,31800.0,Paris,High School,Married,2023-09-07 12:15:11.611161116
,79300.0,,62900.0,Madrid,High School,Single,2023-09-07 13:07:36.885688568
34.0,31600.0,Female,14400.0,Paris,High School,Single,2023-09-07 14:00:02.160216020
20.0,52000.0,Male,25400.0,Paris,High School,Single,2023-09-07 14:52:27.434743472
33.0,49700.0,Female,30600.0,London,High School,Widowed,2023-09-07 15:44:52.709270928
63.0,48200.0,Male,23800.0,Paris,Bachelor,Divorced,2023-09-07 16:37:17.983798380
,48400.0,,20000.0,London,High School,Single,2023-09-07 17:29:43.258325832
69.0,48300.0,Male,27100.0,London,Bachelor,Divorced,2023-09-07 18:22:08.532853284
46.0,63100.0,Male,32500.0,London,Bachelor,Single,2023-09-07 19:14:33.807380736
62.0,59100.0,Male,29900.0,Paris,Master,,2023-09-07 20:06:59.081908188
32.0,56300.0,Male,44000.0,Madrid,Bachelor,Married,2023-09-07 20:59:24.356435644
63.0,4500.0,Male,2200.0,Paris,Master,Married,2023-09-07 21:51:49.630963096
42.0,54500.0,Male,24600.0,London,Bachelor,Single,2023-09-07 22:44:14.905490548
,25200.0,,11300.0,Madrid,High School,Single,2023-09-07 23:36:40.180018000
55.0,59700.0,Male,43100.0,London,High School,Single,2023-09-08 00:29:05.454545452
59.0,72100.0,Male,49500.0,Paris,Bachelor,,2023-09-08 01:21:30.729072908
64.0,36100.0,Male,16300.0,Paris,High School,Married,2023-09-08 02:13:56.003600360
69.0,46100.0,Female,22500.0,Rome,High School,Married,2023-09-08 03:06:21.278127812
55.0,41000.0,Male,28700.0,Berlin,Bachelor,Single,2023-09-08 03:58:46.552655264
40.0,68500.0,Male,34900.0,Madrid,High School,Widowed,2023-09-08 04:51:11.827182716
42.0,51400.0,Male,40700.0,London,Master,Widowed,2023-09-08 05:43:37.101710168
59.0,75900.0,Female,46800.0,Paris,High School,Single,2023-09-08 06:36:02.376237624
24.0,56200.0,Male,26800.0,Paris,Bachelor,Single,2023-09-08 07:28:27.650765076
39.0,53600.0,Male,39900.0,Madrid,PhD,Married,2023-09-08 08:20:52.925292528
34.0,51000.0,Male,26900.0,London,Bachelor,Single,2023-09-08 09:13:18.199819980
35.0,62300.0,Female,32100.0,Paris,Bachelor,Single,2023-09-08 10:05:43.474347432
66.0,23900.0,Male,12700.0,London,Master,Single,2023-09-08 10:58:08.748874888
58.0,51300.0,Male,36300.0,Paris,Bachelor,Married,2023-09-08 11:50:34.023402340
27.0,48900.0,Male,22900.0,Paris,High School,Single,2023-09-08 12:42:59.297929792
27.0,60900.0,Male,33700.0,London,Master,Single,2023-09-08 13:35:24.572457244
24.0,47200.0,Male,19500.0,Paris,High School,Married,2023-09-08 14:27:49.846984696
65.0,34400.0,Female,25100.0,Paris,High School,Widowed,2023-09-08 15:20:15.121512152
67.0,50100.0,Male,26900.0,London,High School,Married,2023-09-08 16:12:40.396039604
55.0,33800.0,Male,16900.0,London,Bachelor,Single,2023-09-08 17:05:05.670567056
44.0,21100.0,Male,13300.0,Paris,High School,Single,2023-09-08 17:57:30.945094508
69.0,60900.0,Male,41500.0,Paris,Bachelor,Single,2023-09-08 18:49:56.219621960
50.0,58700.0,Male,42600.0,Rome,High School,Married,2023-09-08 19:42:21.494149412
18.0,57000.0,Male,30700.0,Paris,High School,Single,2023-09-08 20:34:46.768676868
61.0,69500.0,Male,50400.0,Paris,PhD,Married,2023-09-08 21:27:12.043204320
51.0,40000.0,Male,23400.0,Paris,High School,Married,2023-09-08 22:19:37.317731772
21.0,28500.0,Male,12600.0,Paris,High School,Single,2023-09-08 23:12:02.592259224
34.0,48900.0,Female,36100.0,London,High School,,2023-09-09 00:04:27.866786676
21.0,44800.0,Male,27700.0,Madrid,Bachelor,Married,2023-09-09 00:56:53.141314132
60.0,37400.0,Female,24000.0,London,Bachelor,Married,2023-09-09 01:49:18.415841584
43.0,48800.0,Male,37800.0,Berlin,Master,Widowed,2023-09-09 02:41:43.690369036
21.0,40800.0,Male,25400.0,Madrid,High School,Single,2023-09-09 03:34:08.964896488
18.0,22500.0,Male,9100.0,Paris,Bachelor,Single,2023-09-09 04:26:34.239423940
24.0,43400.0,Male,32500.0,London,Bachelor,Single,2023-09-09 05:18:59.513951396
47.0,33000.0,Male,17000.0,London,Bachelor,Single,2023-09-09 06:11:24.788478848
67.0,,Female,32100.0,Paris,Bachelor,Single,2023-09-09 07:03:50.063006300
26.0,40200.0,Female,19400.0,Berlin,Bachelor,Divorced,2023-09-09 07:56:15.337533752
52.0,66700.0,Male,34600.0,Berlin,High School,Single,2023-09-09 08:48:40.612061204
25.0,74100.0,Female,50000.0,London,High School,Single,2023-09-09 09:41:05.886588656
41.0,60200.0,Male,34400.0,Paris,Bachelor,Married,2023-09-09 10:33:31.161116112
36.0,26700.0,Female,17400.0,Paris,High School,Married,2023-09-09 11:25:56.435643564
53.0,72600.0,Male,53000.0,Paris,High School,Married,2023-09-09 12:18:21.710171016
67.0,,Female,,Paris,High School,Single,2023-09-09 13:10:46.984698468
69.0,50300.0,Male,31600.0,Berlin,High School,Single,2023-09-09 14:03:12.259225920
60.0,69800.0,Female,49600.0,Paris,Bachelor,Single,2023-09-09 14:55:37.533753376
44.0,41700.0,Male,28600.0,London,High School,Widowed,2023-09-09 15:48:02.808280828
49.0,22000.0,Male,13600.0,Paris,Bachelor,Widowed,2023-09-09 16:40:28.082808280
,38600.0,,21400.0,Berlin,High School,,2023-09-09 17:32:53.357335732
35.0,75900.0,Female,42700.0,Madrid,Bachelor,Married,
45.0,27600.0,Male,15800.0,Berlin,Bachelor,,2023-09-09 19:17:43.906390636
46.0,50000.0,Male,27000.0,London,Bachelor,Single,2023-09-09 20:10:09.180918092
33.0,50500.0,Male,34300.0,Paris,High School,,2023-09-09 21:02:34.455445544
52.0,42300.0,Female,19000.0,Paris,High School,Single,2023-09-09 21:54:59.729972996
64.0,43300.0,Male,34100.0,London,High School,Single,2023-09-09 22:47:25.004500448
48.0,51100.0,Male,36400.0,Rome,High School,Divorced,2023-09-09 23:39:50.279027900
21.0,,Female,21600.0,London,High School,Married,2023-09-10 00:32:15.553555356
54.0,28700.0,Male,12000.0,London,Bachelor,Married,2023-09-10 01:24:40.828082808
,53200.0,,36400.0,Berlin,PhD,Married,2023-09-10 02:17:06.102610260
56.0,66100.0,Male,45900.0,London,High School,Single,2023-09-10 03:09:31.377137712
65.0,63000.0,Female,49500.0,London,High School,Single,2023-09-10 04:01:56.651665164
63.0,37900.0,Male,19000.0,Paris,Master,Divorced,2023-09-10 04:54:21.926192620
,31200.0,,13500.0,Paris,Bachelor,Single,2023-09-10 05:46:47.200720072
,45700.0,,35000.0,Berlin,High School,Single,2023-09-10 06:39:12.475247524
56.0,73500.0,Male,37000.0,Berlin,PhD,Single,2023-09-10 07:31:37.749774976
58.0,59700.0,Female,41100.0,London,Bachelor,Single,2023-09-10 08:24:03.024302428
21.0,60600.0,Male,25700.0,London,Bachelor,Single,
47.0,63300.0,Male,44600.0,Paris,Bachelor,Married,2023-09-10 10:08:53.573357336
,56300.0,,25400.0,London,High School,Single,2023-09-10 11:01:18.847884788
39.0,51800.0,Male,35100.0,Paris,High School,Married,2023-09-10 11:53:44.122412240
28.0,59900.0,Male,36700.0,Berlin,High School,Single,2023-09-10 12:46:09.396939692
19.0,41800.0,Male,32700.0,London,Bachelor,Single,2023-09-10 13:38:34.671467144
61.0,28800.0,Female,11900.0,London,High School,Single,2023-09-10 14:30:59.945994600
29.0,60800.0,Male,31400.0,Paris,High School,Married,2023-09-10 15:23:25.220522052
47.0,,Female,29300.0,London,High School,Married,2023-09-10 16:15:50.495049504
,33200.0,,25000.0,Paris,High School,Married,2023-09-10 17:08:15.769576956
35.0,62300.0,Male,39700.0,Paris,High School,Married,2023-09-10 18:00:41.044104408
,75200.0,,46200.0,London,Bachelor,Single,2023-09-10 18:53:06.318631864
24.0,50000.0,Male,22600.0,London,High School,Married,2023-09-10 19:45:31.593159316
18.0,37700.0,Female,22500.0,Paris,Master,Married,2023-09-10 20:37:56.867686768
43.0,51800.0,Male,29000.0,Madrid,Master,Single,2023-09-10 21:30:22.142214220
40.0,41700.0,Male,21900.0,London,High School,Married,2023-09-10 22:22:47.416741672
43.0,40700.0,Male,28900.0,London,High School,Single,2023-09-10 23:15:12.691269124
62.0,56500.0,Male,24000.0,London,Bachelor,,2023-09-11 00:07:37.965796580
23.0,25900.0,Male,17100.0,London,High School,Single,2023-09-11 01:00:03.240324032
23.0,28300.0,Female,20600.0,London,Master,Single,
61.0,50300.0,Male,38400.0,Berlin,Bachelor,Married,2023-09-11 02:44:53.789378936
25.0,49700.0,Male,34700.0,Berlin,Bachelor,Single,2023-09-11 03:37:19.063906388
41.0,,Female,28300.0,London,Bachelor,Single,2023-09-11 04:29:44.338433844
39.0,78100.0,Female,,London,High School,Widowed,2023-09-11 05:22:09.612961296
36.0,51600.0,Male,23600.0,Paris,Bachelor,Divorced,2023-09-11 06:14:34.887488748
54.0,59000.0,Male,26400.0,Paris,High School,Divorced,2023-09-11 07:07:00.162016200
35.0,35400.0,Male,23200.0,London,High School,Single,2023-09-11 07:59:25.436543652
48.0,61500.0,Male,45500.0,Madrid,High School,Married,2023-09-11 08:51:50.711071108
54.0,42100.0,Male,18000.0,London,Bachelor,Single,2023-09-11 09:44:15.985598560
47.0,51100.0,Female,22600.0,London,Master,Single,2023-09-11 10:36:41.260126012
,48400.0,,30300.0,Paris,High School,Married,2023-09-11 11:29:06.534653464
50.0,65500.0,Male,31900.0,London,Bachelor,Married,2023-09-11 12:21:31.809180916
27.0,30400.0,Female,19600.0,London,High School,Married,2023-09-11 13:13:57.083708368
54.0,15800.0,Male,7700.0,Berlin,High School,Married,2023-09-11 14:06:22.358235824
29.0,,Female,20900.0,Paris,Master,Married,2023-09-11 14:58:47.632763276
47.0,57000.0,Male,35200.0,London,High School,Married,2023-09-11 15:51:12.907290728
44.0,52300.0,Male,39000.0,Madrid,High School,Divorced,2023-09-11 16:43:38.181818180
56.0,,Female,46200.0,Madrid,High School,Married,2023-09-11 17:36:03.456345632
26.0,56600.0,Male,41200.0,Madrid,High School,Single,2023-09-11 18:28:28.730873088
38.0,41500.0,Female,21000.0,Paris,High School,Single,2023-09-11 19:20:54.005400540
29.0,15100.0,Male,11400.0,Madrid,High School,Single,2023-09-11 20:13:19.279927992
46.0,46400.0,Female,25600.0,Berlin,High School,Single,
50.0,65400.0,Male,48500.0,Madrid,High School,Married,2023-09-11 21:58:09.828982896
60.0,44100.0,Male,26000.0,Madrid,Bachelor,Single,2023-09-11 22:50:35.103510348
32.0,50400.0,Male,25600.0,Madrid,Master,Married,2023-09-11 23:43:00.378037804
19.0,56300.0,Male,28400.0,Paris,High School,Married,2023-09-12 00:35:25.652565256
69.0,34800.0,Male,21800.0,Paris,Bachelor,Single,2023-09-12 01:27:50.927092708
56.0,59300.0,Male,25600.0,London,High School,Single,2023-09-12 02:20:16.201620160
61.0,74600.0,Male,57600.0,London,High School,Single,2023-09-12 03:12:41.476147612
35.0,47400.0,Male,24100.0,Paris,Master,Single,
20.0,,Female,17700.0,London,Bachelor,Single,2023-09-12 04:57:32.025202520
24.0,49000.0,Male,24200.0,Paris,High School,Married,2023-09-12 05:49:57.299729972
60.0,16600.0,Male,6700.0,Paris,High School,Married,2023-09-12 06:42:22.574257424
35.0,55100.0,Male,37300.0,Paris,High School,Single,2023-09-12 07:34:47.848784876
61.0,56800.0,Male,36100.0,Paris,Master,Single,2023-09-12 08:27:13.123312332
55.0,75100.0,Female,54400.0,Berlin,Bachelor,Married,2023-09-12 09:19:38.397839784
54.0,47100.0,Male,19600.0,Madrid,High School,Married,2023-09-12 10:12:03.672367236
50.0,56100.0,Male,43300.0,London,High School,Married,2023-09-12 11:04:28.946894688
61.0,37100.0,Male,19800.0,London,High School,,2023-09-12 11:56:54.221422140
48.0,44700.0,Female,34200.0,Paris,Master,Widowed,2023-09-12 12:49:19.495949592
28.0,27100.0,Male,12000.0,London,High School,Married,2023-09-12 13:41:44.770477048
21.0,,Female,32900.0,Berlin,High School,Single,2023-09-12 14:34:10.045004500
35.0,45400.0,Male,28700.0,London,High School,,2023-09-12 15:26:35.319531952
21.0,54500.0,Female,29600.0,Paris,High School,Single,2023-09-12 16:19:00.594059404
66.0,40600.0,Male,17500.0,Berlin,High School,Single,2023-09-12 17:11:25.868586856
51.0,51300.0,Female,32900.0,Rome,Bachelor,Married,2023-09-12 18:03:51.143114312
46.0,45000.0,Male,18500.0,Paris,High School,Single,2023-09-12 18:56:16.417641764
41.0,45000.0,Male,27000.0,Paris,Master,Divorced,2023-09-12 19:48:41.692169216
39.0,51200.0,Female,32900.0,Paris,Bachelor,Single,2023-09-12 20:41:06.966696668
19.0,50600.0,Male,35100.0,Paris,High School,Divorced,2023-09-12 21:33:32.241224120
61.0,61400.0,Male,48900.0,Madrid,Bachelor,Married,2023-09-12 22:25:57.515751576
23.0,48200.0,Female,24300.0,Madrid,High School,Single,2023-09-12 23:18:22.790279028
59.0,44800.0,Male,23700.0,London,High School,Single,2023-09-13 00:10:48.064806480
42.0,47300.0,Male,25400.0,Berlin,PhD,Married,2023-09-13 01:03:13.339333932
38.0,39300.0,Male,27200.0,London,Bachelor,Single,2023-09-13 01:55:38.613861384
33.0,44600.0,Male,34500.0,Paris,High School,Single,
48.0,80500.0,Female,63600.0,London,High School,Divorced,2023-09-13 03:40:29.162916292
31.0,36300.0,Male,28300.0,Berlin,High School,Widowed,2023-09-13 04:32:54.437443744
56.0,45800.0,Male,34400.0,Berlin,High School,Married,2023-09-13 05:25:19.711971196
45.0,44200.0,Male,35200.0,Paris,High School,Married,2023-09-13 06:17:44.986498648
49.0,46300.0,Male,25500.0,London,High School,Single,2023-09-13 07:10:10.261026100
45.0,45000.0,Female,35100.0,Paris,Bachelor,Single,2023-09-13 08:02:35.535553556
68.0,54200.0,Female,38200.0,Berlin,Master,Married,2023-09-13 08:55:00.810081008
66.0,24300.0,Male,11400.0,London,High School,Single,2023-09-13 09:47:26.084608460
26.0,65600.0,Male,27400.0,Paris,Bachelor,Single,2023-09-13 10:39:51.359135912
62.0,59500.0,Female,28900.0,Berlin,High School,,
39.0,31400.0,Male,22300.0,London,High School,Single,2023-09-13 12:24:41.908190816
49.0,16000.0,Male,10400.0,Paris,Bachelor,Married,
22.0,35300.0,Male,17300.0,Madrid,Master,Single,2023-09-13 14:09:32.457245724
40.0,46400.0,Male,32300.0,Paris,High School,Single,2023-09-13 15:01:57.731773176
22.0,,Female,40500.0,Paris,High School,Married,2023-09-13 15:54:23.006300628
59.0,58100.0,Male,42300.0,Paris,PhD,Married,2023-09-13 16:46:48.280828080
49.0,22900.0,Female,16400.0,Paris,Bachelor,Single,2023-09-13 17:39:13.555355536
27.0,39700.0,Male,31300.0,London,High School,Divorced,2023-09-13 18:31:38.829882988
56.0,49200.0,Male,22600.0,London,High School,Single,2023-09-13 19:24:04.104410440
32.0,53800.0,Female,41000.0,London,Master,Single,2023-09-13 20:16:29.378937892
24.0,30300.0,Female,16300.0,Paris,High School,Married,2023-09-13 21:08:54.653465344
,48000.0,,27200.0,Paris,High School,Single,2023-09-13 22:01:19.927992800
64.0,39200.0,Male,23000.0,London,High School,Married,2023-09-13 22:53:45.202520252
,33400.0,,21700.0,London,High School,Married,2023-09-13 23:46:10.477047704
36.0,53900.0,Male,43000.0,Paris,High School,Married,2023-09-14 00:38:35.751575156
27.0,61600.0,Male,39400.0,Paris,Bachelor,,2023-09-14 01:31:01.026102608
45.0,62600.0,Male,48200.0,Paris,High School,Divorced,2023-09-14 02:23:26.300630060
46.0,58600.0,Male,29400.0,Paris,Bachelor,Widowed,2023-09-14 03:15:51.575157516
32.0,42500.0,Female,23800.0,Paris,High School,Married,2023-09-14 04:08:16.849684968
52.0,60700.0,Male,36500.0,Berlin,High School,Single,2023-09-14 05:00:42.124212420
,54600.0,,28900.0,Paris,Bachelor,Single,2023-09-14 05:53:07.398739872
29.0,52000.0,Male,41100.0,Paris,PhD,Single,2023-09-14 06:45:32.673267324
64.0,40800.0,Male,28200.0,London,Master,Single,2023-09-14 07:37:57.947794780
55.0,42500.0,Male,25100.0,London,High School,Married,2023-09-14 08:30:23.222322232
30.0,51100.0,Male,35800.0,London,High School,Married,2023-09-14 09:22:48.496849684
,86600.0,,50800.0,Paris,Bachelor,Single,2023-09-14 10:15:13.771377136
36.0,54500.0,Male,22200.0,Berlin,Bachelor,Divorced,2023-09-14 11:07:39.045904588
20.0,40800.0,Female,25200.0,London,Bachelor,Married,2023-09-14 12:00:04.320432044
25.0,37500.0,Male,24400.0,Paris,PhD,,2023-09-14 12:52:29.594959496
25.0,42600.0,Male,33800.0,Paris,High School,Single,2023-09-14 13:44:54.869486948
37.0,82700.0,Female,34400.0,Paris,Bachelor,Single,2023-09-14 14:37:20.144014400
64.0,44000.0,Male,26600.0,Berlin,High School,Single,2023-09-14 15:29:45.418541852
21.0,63600.0,Female,27900.0,London,Master,Divorced,2023-09-14 16:22:10.693069304
68.0,44400.0,Male,20400.0,Paris,Bachelor,Married,2023-09-14 17:14:35.967596760
38.0,53900.0,Female,34700.0,Paris,Bachelor,Single,2023-09-14 18:07:01.242124212
20.0,61900.0,Male,30500.0,Madrid,Master,Single,2023-09-14 18:59:26.516651664
62.0,41400.0,Male,29000.0,London,Bachelor,Married,2023-09-14 19:51:51.791179116
,40400.0,,24500.0,Paris,Bachelor,Divorced,2023-09-14 20:44:17.065706568
40.0,74900.0,Male,36500.0,London,Master,Single,2023-09-14 21:36:42.340234024
33.0,64800.0,Female,38700.0,Paris,High School,Married,2023-09-14 22:29:07.614761476
30.0,61900.0,Male,24800.0,London,PhD,Divorced,2023-09-14 23:21:32.889288928
20.0,61800.0,Male,46000.0,London,High School,Married,2023-09-15 00:13:58.163816380
65.0,56900.0,Male,23000.0,Madrid,High School,Divorced,2023-09-15 01:06:23.438343832
26.0,,Female,,London,High School,Single,2023-09-15 01:58:48.712871288
31.0,50700.0,Female,32700.0,Paris,High School,Married,2023-09-15 02:51:13.987398740
30.0,58700.0,Male,46300.0,Berlin,Bachelor,Single,2023-09-15 03:43:39.261926192
24.0,28200.0,Male,20900.0,Madrid,High School,Married,2023-09-15 04:36:04.536453644
32.0,37600.0,Male,18800.0,London,Master,Single,2023-09-15 05:28:29.810981096
24.0,32000.0,Male,15300.0,Paris,High School,Married,2023-09-15 06:20:55.085508548
55.0,69100.0,Male,44900.0,Madrid,High School,Single,2023-09-15 07:13:20.360036004
51.0,11700.0,Male,8500.0,Paris,Master,Married,2023-09-15 08:05:45.634563456
58.0,44000.0,Female,24000.0,Paris,Bachelor,Married,2023-09-15 08:58:10.909090908
39.0,5100.0,Female,2900.0,Paris,Bachelor,Divorced,2023-09-15 09:50:36.183618360
41.0,37500.0,Male,16700.0,Paris,High School,Married,2023-09-15 10:43:01.458145812
66.0,42600.0,Male,19600.0,Berlin,Bachelor,Married,2023-09-15 11:35:26.732673268
54.0,70800.0,Female,44400.0,Paris,High School,Married,2023-09-15 12:27:52.007200720
61.0,55900.0,Male,24700.0,Paris,PhD,Single,2023-09-15 13:20:17.281728172
18.0,37500.0,Male,18000.0,London,Bachelor,Married,2023-09-15 14:12:42.556255624
27.0,66000.0,Female,32600.0,London,Master,,2023-09-15 15:05:07.830783076
60.0,50300.0,Male,29100.0,Berlin,Bachelor,Single,2023-09-15 15:57:33.105310528
33.0,50600.0,Male,21200.0,Paris,Bachelor,Widowed,
63.0,32000.0,Male,19200.0,Paris,Bachelor,,2023-09-15 17:42:23.654365436
25.0,35100.0,Male,27100.0,London,Bachelor,Single,2023-09-15 18:34:48.928892888
66.0,37600.0,Male,15400.0,Paris,High School,Single,2023-09-15 19:27:14.203420340
42.0,50700.0,Male,33100.0,Paris,High School,Single,2023-09-15 20:19:39.477947792
67.0,51200.0,Male,37600.0,Berlin,High School,Single,2023-09-15 21:12:04.752475248
29.0,,Female,38400.0,London,Bachelor,Single,2023-09-15 22:04:30.027002700
42.0,55800.0,Male,25300.0,London,Bachelor,Single,2023-09-15 22:56:55.301530152
34.0,9400.0,Male,3900.0,London,Bachelor,Married,2023-09-15 23:49:20.576057604
43.0,53900.0,Male,35400.0,London,Master,Single,2023-09-16 00:41:45.850585056
63.0,28200.0,Male,17500.0,Paris,Bachelor,Married,2023-09-16 01:34:11.125112512
65.0,35500.0,Female,17500.0,Paris,High School,Single,2023-09-16 02:26:36.399639964
31.0,37800.0,Male,27700.0,Paris,High School,Divorced,2023-09-16 03:19:01.674167416
58.0,40000.0,Male,27800.0,Rome,High School,Divorced,2023-09-16 04:11:26.948694868
53.0,29400.0,Male,15000.0,Berlin,High School,Single,2023-09-16 05:03:52.223222320
40.0,53100.0,Male,37200.0,London,High School,,
60.0,28800.0,Male,14300.0,Paris,Bachelor,Married,2023-09-16 06:48:42.772277228
23.0,55400.0,Male,37100.0,Paris,High School,Single,2023-09-16 07:41:08.046804680
64.0,83600.0,Male,37400.0,Berlin,High School,Single,2023-09-16 08:33:33.321332132
22.0,30100.0,Female,20400.0,Madrid,PhD,Married,2023-09-16 09:25:58.595859584
60.0,45700.0,Female,22600.0,Paris,PhD,Single,2023-09-16 10:18:23.870387036
42.0,12100.0,Female,7600.0,Madrid,Bachelor,Divorced,2023-09-16 11:10:49.144914492
35.0,45500.0,Female,21300.0,Paris,High School,Widowed,2023-09-16 12:03:14.419441944
30.0,,Female,41100.0,Paris,Master,Single,2023-09-16 12:55:39.693969396
60.0,,Female,25800.0,Paris,Bachelor,Married,2023-09-16 13:48:04.968496848
31.0,51200.0,Male,23900.0,Berlin,High School,Married,2023-09-16 14:40:30.243024300
45.0,63300.0,Male,30000.0,London,Bachelor,Divorced,2023-09-16 15:32:55.517551756
35.0,88200.0,Female,36700.0,Berlin,High School,Married,2023-09-16 16:25:20.792079208
45.0,75700.0,Male,52800.0,Paris,PhD,Married,2023-09-16 17:17:46.066606660
68.0,42200.0,Male,33400.0,London,Master,Married,2023-09-16 18:10:11.341134112
44.0,28200.0,Male,20100.0,Paris,High School,Single,2023-09-16 19:02:36.615661564
49.0,43900.0,Male,32700.0,Paris,High School,Widowed,2023-09-16 19:55:01.890189016
64.0,35800.0,Male,14400.0,Paris,High School,Single,2023-09-16 20:47:27.164716472
26.0,56800.0,Male,25400.0,Berlin,Master,Single,2023-09-16 21:39:52.439243924
57.0,32300.0,Male,20100.0,London,High School,Single,2023-09-16 22:32:17.713771376
49.0,,Female,38700.0,Paris,High School,Single,2023-09-16 23:24:42.988298828
37.0,62600.0,Female,41600.0,Paris,High School,Married,2023-09-17 00:17:08.262826280
45.0,48500.0,Female,26700.0,Berlin,High School,Single,2023-09-17 01:09:33.537353736
50.0,35800.0,Female,16400.0,Paris,Master,Single,2023-09-17 02:01:58.811881188
21.0,67600.0,Male,31200.0,Madrid,Master,Single,2023-09-17 02:54:24.086408640
63.0,21800.0,Male,11900.0,Madrid,High School,Single,2023-09-17 03:46:49.360936092
51.0,45100.0,Male,30900.0,London,High School,Single,2023-09-17 04:39:14.635463544
65.0,49400.0,Female,20400.0,London,Bachelor,Divorced,2023-09-17 05:31:39.909990996
20.0,50200.0,Male,37200.0,London,Bachelor,Married,2023-09-17 06:24:05.184518452
43.0,52700.0,Female,40900.0,Paris,High School,Single,2023-09-17 07:16:30.459045904
25.0,59200.0,Male,44700.0,Paris,High School,Single,2023-09-17 08:08:55.733573356
23.0,49500.0,Female,37900.0,Paris,High School,Divorced,2023-09-17 09:01:21.008100808
33.0,44500.0,Male,18100.0,Madrid,High School,Single,2023-09-17 09:53:46.282628260
41.0,,Female,34700.0,Berlin,Bachelor,Single,2023-09-17 10:46:11.557155716
65.0,40800.0,Male,22300.0,Paris,High School,Divorced,2023-09-17 11:38:36.831683168
56.0,61800.0,Male,46200.0,London,High School,Single,2023-09-17 12:31:02.106210620
47.0,40300.0,Male,19100.0,Paris,Bachelor,Married,2023-09-17 13:23:27.380738072
62.0,62700.0,Female,36300.0,Berlin,Bachelor,Single,2023-09-17 14:15:52.655265524
30.0,50300.0,Male,21000.0,Paris,High School,Divorced,2023-09-17 15:08:17.929792980
22.0,,Female,17600.0,London,High School,Single,2023-09-17 16:00:43.204320432
42.0,59300.0,Female,46100.0,Paris,Master,Widowed,2023-09-17 16:53:08.478847884
37.0,,Female,28300.0,London,High School,Married,2023-09-17 17:45:33.753375336
35.0,59600.0,Male,36500.0,Paris,Bachelor,Single,2023-09-17 18:37:59.027902788
64.0,53200.0,Male,32500.0,Paris,High School,Married,2023-09-17 19:30:24.302430240
35.0,41100.0,Male,28700.0,London,High School,Divorced,2023-09-17 20:22:49.576957696
19.0,57900.0,Female,31100.0,London,High School,Single,2023-09-17 21:15:14.851485148
27.0,58200.0,Female,41000.0,Rome,High School,Divorced,2023-09-17 22:07:40.126012600
62.0,67400.0,Female,40000.0,London,High School,Single,2023-09-17 23:00:05.400540052
67.0,64500.0,Male,42300.0,London,Master,Single,2023-09-17 23:52:30.675067504
64.0,57400.0,Male,45100.0,Madrid,Bachelor,Single,2023-09-18 00:44:55.949594960
29.0,33100.0,Female,19500.0,Berlin,Bachelor,Divorced,2023-09-18 01:37:21.224122412
64.0,86700.0,Male,49200.0,London,Bachelor,Widowed,2023-09-18 02:29:46.498649864
30.0,28900.0,Female,22000.0,London,Bachelor,Divorced,2023-09-18 03:22:11.773177316
67.0,64200.0,Male,48900.0,Madrid,Bachelor,Single,2023-09-18 04:14:37.047704768
64.0,56500.0,Male,45000.0,London,Bachelor,Widowed,2023-09-18 05:07:02.322232224
28.0,32400.0,Female,20100.0,Berlin,High School,Single,2023-09-18 05:59:27.596759676
,48100.0,,25900.0,Paris,High School,Single,2023-09-18 06:51:52.871287128
52.0,48800.0,Male,24200.0,Berlin,PhD,Single,2023-09-18 07:44:18.145814580
56.0,69600.0,Female,28800.0,Paris,Bachelor,Widowed,2023-09-18 08:36:43.420342032
43.0,39300.0,Male,27100.0,Paris,Bachelor,Married,2023-09-18 09:29:08.694869484
63.0,46100.0,Female,22700.0,Berlin,Bachelor,Single,2023-09-18 10:21:33.969396940
,15000.0,,9600.0,London,Bachelor,Married,2023-09-18 11:13:59.243924392
62.0,76000.0,Male,58300.0,London,High School,Single,2023-09-18 12:06:24.518451844
61.0,33900.0,Male,26400.0,London,PhD,,
41.0,54900.0,Male,22100.0,Paris,Bachelor,Single,2023-09-18 13:51:15.067506748
58.0,48500.0,Male,25600.0,Paris,Master,,2023-09-18 14:43:40.342034204
18.0,48500.0,Male,35600.0,Paris,High School,Single,2023-09-18 15:36:05.616561656
68.0,62100.0,Female,38200.0,Paris,Master,Married,2023-09-18 16:28:30.891089108
60.0,75100.0,Male,54300.0,London,Bachelor,Single,2023-09-18 17:20:56.165616560
39.0,53800.0,Male,39900.0,Berlin,Bachelor,Married,2023-09-18 18:13:21.440144012
40.0,59800.0,Male,34500.0,Paris,High School,Married,2023-09-18 19:05:46.714671468
36.0,54900.0,Male,29800.0,Paris,Bachelor,Married,2023-09-18 19:58:11.989198920
35.0,65300.0,Male,38000.0,Madrid,High School,Single,2023-09-18 20:50:37.263726372
29.0,43100.0,Female,28500.0,Berlin,Bachelor,Single,2023-09-18 21:43:02.538253824
45.0,66100.0,Male,36100.0,Paris,Bachelor,Single,2023-09-18 22:35:27.812781276
45.0,66700.0,Male,47400.0,Paris,High School,Single,2023-09-18 23:27:53.087308728
50.0,66200.0,Male,50400.0,London,Bachelor,Married,2023-09-19 00:20:18.361836184
36.0,40100.0,Male,20600.0,Paris,High School,Married,2023-09-19 01:12:43.636363636
45.0,47500.0,Male,37300.0,Berlin,Bachelor,,2023-09-19 02:05:08.910891088
69.0,53600.0,Female,34800.0,London,Bachelor,Married,2023-09-19 02:57:34.185418540
66.0,29400.0,Male,22100.0,Rome,High School,Single,2023-09-19 03:49:59.459945992
,73900.0,,32600.0,London,Bachelor,Single,2023-09-19 04:42:24.734473448
43.0,49800.0,Male,24900.0,Paris,Bachelor,Married,2023-09-19 05:34:50.009000900
52.0,54300.0,Male,28700.0,Paris,PhD,Married,2023-09-19 06:27:15.283528352
51.0,41300.0,Male,21500.0,London,High School,Single,2023-09-19 07:19:40.558055804
52.0,30100.0,Male,14100.0,Paris,Bachelor,Married,2023-09-19 08:12:05.832583256
57.0,40900.0,Male,30600.0,Paris,High School,Married,2023-09-19 09:04:31.107110708
33.0,53300.0,Male,30200.0,Paris,Master,Single,2023-09-19 09:56:56.381638164
55.0,60100.0,Male,47200.0,London,Bachelor,Divorced,2023-09-19 10:49:21.656165616
30.0,52400.0,Male,33200.0,London,Bachelor,Single,2023-09-19 11:41:46.930693068
40.0,55200.0,Male,25100.0,Paris,High School,Single,2023-09-19 12:34:12.205220520
39.0,,Female,27800.0,London,PhD,Married,2023-09-19 13:26:37.479747972
33.0,57400.0,Male,45800.0,London,Master,Divorced,2023-09-19 14:19:02.754275428
45.0,72200.0,Female,45200.0,Madrid,High School,Single,2023-09-19 15:11:28.028802880
65.0,60600.0,Male,24300.0,Berlin,Bachelor,Married,2023-09-19 16:03:53.303330332
52.0,62100.0,Male,48000.0,Madrid,Master,Single,2023-09-19 16:56:18.577857784
62.0,54400.0,Male,26900.0,Rome,High School,Single,2023-09-19 17:48:43.852385236
63.0,27500.0,Female,18600.0,London,Bachelor,Single,2023-09-19 18:41:09.126912692
25.0,34300.0,Male,20800.0,London,Bachelor,Married,2023-09-19 19:33:34.401440144
61.0,56800.0,Male,30100.0,Paris,Bachelor,Single,2023-09-19 20:25:59.675967596
39.0,49800.0,Male,25600.0,London,Bachelor,Single,2023-09-19 21:18:24.950495048
,56600.0,,43700.0,Paris,High School,Single,2023-09-19 22:10:50.225022500
43.0,75100.0,Male,57400.0,London,Bachelor,Single,2023-09-19 23:03:15.499549952
57.0,60900.0,Male,36900.0,Paris,Master,Single,2023-09-19 23:55:40.774077408
38.0,68900.0,Male,34700.0,Paris,Master,Single,2023-09-20 00:48:06.048604860
42.0,51400.0,Male,22700.0,Paris,Bachelor,Widowed,2023-09-20 01:40:31.323132312
58.0,37900.0,Male,17500.0,Madrid,High School,Married,2023-09-20 02:32:56.597659764
18.0,49100.0,Male,29900.0,Paris,Bachelor,Single,2023-09-20 03:25:21.872187216
23.0,37900.0,Male,19800.0,Madrid,High School,Single,2023-09-20 04:17:47.146714672
40.0,73400.0,Male,30600.0,Paris,Bachelor,Single,2023-09-20 05:10:12.421242124
68.0,61900.0,Male,36000.0,London,Bachelor,Single,2023-09-20 06:02:37.695769576
40.0,57800.0,Male,40400.0,Paris,High School,Divorced,2023-09-20 06:55:02.970297028
60.0,68500.0,Male,51800.0,Paris,High School,Married,2023-09-20 07:47:28.244824480
,19700.0,,12500.0,Rome,Master,Single,2023-09-20 08:39:53.519351936
40.0,58800.0,Male,40500.0,Paris,Master,Married,2023-09-20 09:32:18.793879388
49.0,30300.0,Male,16500.0,Paris,High School,Married,2023-09-20 10:24:44.068406840
47.0,49900.0,Male,29900.0,London,High School,Single,2023-09-20 11:17:09.342934292
30.0,45300.0,Male,31300.0,Berlin,High School,Single,2023-09-20 12:09:34.617461744
60.0,59900.0,Male,41400.0,Rome,High School,Single,2023-09-20 13:01:59.891989196
35.0,53400.0,Male,30400.0,Berlin,PhD,Single,2023-09-20 13:54:25.166516652
40.0,70200.0,Female,,London,Bachelor,Single,2023-09-20 14:46:50.441044104
32.0,41000.0,Male,31600.0,London,Master,,2023-09-20 15:39:15.715571556
50.0,60600.0,Male,39600.0,London,Bachelor,Married,2023-09-20 16:31:40.990099008
38.0,52400.0,Male,34400.0,London,High School,Single,2023-09-20 17:24:06.264626460
56.0,25500.0,Male,18200.0,Paris,Bachelor,Single,2023-09-20 18:16:31.539153916
,36200.0,,16100.0,London,Bachelor,,2023-09-20 19:08:56.813681368
44.0,,Female,29100.0,Paris,Bachelor,Married,2023-09-20 20:01:22.088208820
62.0,66700.0,Female,52300.0,London,High School,Married,2023-09-20 20:53:47.362736272
61.0,,Female,31000.0,Paris,High School,Married,2023-09-20 21:46:12.637263724
35.0,32500.0,Male,16800.0,Paris,Bachelor,Married,2023-09-20 22:38:37.911791176
41.0,47900.0,Male,30700.0,London,High School,Single,2023-09-20 23:31:03.186318632
68.0,80300.0,Female,39200.0,Paris,Master,Divorced,2023-09-21 00:23:28.460846084
64.0,51700.0,Male,32200.0,Paris,Bachelor,Single,2023-09-21 01:15:53.735373536
57.0,,Female,20800.0,Paris,High School,Single,2023-09-21 02:08:19.009900988
68.0,57400.0,Male,36300.0,Paris,Bachelor,Single,2023-09-21 03:00:44.284428440
59.0,61500.0,Male,39400.0,Paris,Bachelor,Single,2023-09-21 03:53:09.558955896
24.0,43200.0,Female,24500.0,Berlin,High School,Single,
67.0,57500.0,Male,31800.0,London,High School,Married,2023-09-21 05:38:00.108010800
65.0,,Female,22500.0,London,High School,Married,2023-09-21 06:30:25.382538252
37.0,60800.0,Male,32400.0,London,High School,Single,2023-09-21 07:22:50.657065704
44.0,52500.0,Male,31500.0,Berlin,Bachelor,Single,
23.0,57200.0,Female,28500.0,Paris,Bachelor,Married,2023-09-21 09:07:41.206120612
,38600.0,,27500.0,Madrid,High School,Single,2023-09-21 10:00:06.480648064
26.0,37700.0,Male,25800.0,Rome,Bachelor,Married,2023-09-21 10:52:31.755175516
62.0,64200.0,Male,32600.0,Paris,Master,Single,2023-09-21 11:44:57.029702968
48.0,48800.0,Female,21400.0,London,Bachelor,Divorced,2023-09-21 12:37:22.304230420
38.0,54300.0,Female,21700.0,Paris,Bachelor,Single,2023-09-21 13:29:47.578757876
43.0,45400.0,Male,29000.0,Paris,High School,Single,2023-09-21 14:22:12.853285328
57.0,63500.0,Male,30800.0,Paris,High School,Married,2023-09-21 15:14:38.127812780
,40900.0,,16600.0,Berlin,High School,Married,2023-09-21 16:07:03.402340232
62.0,48000.0,Female,26100.0,London,Bachelor,Single,
30.0,61800.0,Male,48500.0,London,Bachelor,Married,2023-09-21 17:51:53.951395140
66.0,67600.0,Male,45700.0,London,PhD,Single,2023-09-21 18:44:19.225922592
40.0,42100.0,Female,31300.0,London,Bachelor,,2023-09-21 19:36:44.500450044
37.0,79400.0,Male,36400.0,Paris,High School,Married,2023-09-21 20:29:09.774977496
54.0,54700.0,Female,23500.0,Madrid,Bachelor,Single,2023-09-21 21:21:35.049504948
45.0,34400.0,Male,13900.0,London,High School,Widowed,2023-09-21 22:14:00.324032404
34.0,55500.0,Male,43400.0,London,Master,Single,2023-09-21 23:06:25.598559856
45.0,44300.0,Male,23000.0,London,High School,Married,2023-09-21 23:58:50.873087308
58.0,56500.0,Female,33000.0,Madrid,High School,Single,2023-09-22 00:51:16.147614760
19.0,49400.0,Male,27600.0,Berlin,High School,Single,2023-09-22 01:43:41.422142212
42.0,51100.0,Male,35400.0,Paris,PhD,Married,2023-09-22 02:36:06.696669664
67.0,36300.0,Male,19000.0,London,Bachelor,Single,2023-09-22 03:28:31.971197120
58.0,64900.0,Female,39900.0,Paris,High School,Married,2023-09-22 04:20:57.245724572
23.0,32700.0,Male,26100.0,Rome,High School,Single,2023-09-22 05:13:22.520252024
28.0,33400.0,Male,19300.0,London,High School,Single,2023-09-22 06:05:47.794779476
55.0,55500.0,Male,34400.0,Paris,High School,Single,2023-09-22 06:58:13.069306928
23.0,74000.0,Male,44500.0,London,High School,Married,2023-09-22 07:50:38.343834384
62.0,44700.0,Male,32200.0,Paris,Bachelor,Married,2023-09-22 08:43:03.618361836
28.0,60500.0,Male,30700.0,London,Bachelor,Single,2023-09-22 09:35:28.892889288
31.0,66100.0,Male,30900.0,Paris,PhD,Married,2023-09-22 10:27:54.167416740
19.0,62200.0,Female,43600.0,Paris,High School,Married,2023-09-22 11:20:19.441944192
57.0,45300.0,Female,25700.0,Paris,Master,Married,2023-09-22 12:12:44.716471648
20.0,33600.0,Female,25700.0,Paris,High School,Single,2023-09-22 13:05:09.990999100
52.0,16900.0,Male,11100.0,Paris,High School,Married,
50.0,46100.0,Female,28800.0,Berlin,High School,Single,2023-09-22 14:50:00.540054004
41.0,67700.0,Male,29000.0,Paris,PhD,Single,2023-09-22 15:42:25.814581456
,33100.0,,22900.0,Paris,PhD,Married,2023-09-22 16:34:51.089108908
35.0,60500.0,Male,40800.0,Berlin,Master,Married,
66.0,35700.0,Male,23400.0,Madrid,High School,Married,2023-09-22 18:19:41.638163816
69.0,51600.0,Male,26200.0,London,Master,Single,2023-09-22 19:12:06.912691268
41.0,60600.0,Male,47200.0,Paris,Bachelor,Married,
62.0,40100.0,Male,21200.0,Berlin,High School,Single,2023-09-22 20:56:57.461746172
52.0,52600.0,Male,24200.0,Paris,High School,Married,2023-09-22 21:49:22.736273628
18.0,43800.0,Male,34800.0,Madrid,Bachelor,Single,2023-09-22 22:41:48.010801080
53.0,60600.0,Male,42300.0,Madrid,Master,Single,2023-09-22 23:34:13.285328532
42.0,53500.0,Male,30300.0,London,Master,Divorced,2023-09-23 00:26:38.559855984
62.0,50800.0,Male,39300.0,Paris,Bachelor,Single,2023-09-23 01:19:03.834383436
66.0,73400.0,Male,32000.0,Paris,Bachelor,Married,2023-09-23 02:11:29.108910888
60.0,59900.0,Male,26100.0,Rome,Bachelor,Single,2023-09-23 03:03:54.383438344
51.0,39600.0,Male,26700.0,Berlin,Bachelor,Married,2023-09-23 03:56:19.657965796
42.0,,Female,22900.0,Paris,High School,Single,2023-09-23 04:48:44.932493248
33.0,48900.0,Male,37500.0,Paris,Bachelor,Married,2023-09-23 05:41:10.207020700
51.0,51200.0,Male,37700.0,London,High School,Single,2023-09-23 06:33:35.481548152
46.0,87900.0,Female,45900.0,Rome,High School,Divorced,2023-09-23 07:26:00.756075608
36.0,55600.0,Male,42000.0,Berlin,High School,Single,2023-09-23 08:18:26.030603060
40.0,19500.0,Male,8100.0,Paris,Bachelor,Single,2023-09-23 09:10:51.305130512
36.0,41900.0,Male,26000.0,London,High School,Married,2023-09-23 10:03:16.579657964
42.0,21000.0,Male,16300.0,Paris,Master,Single,2023-09-23 10:55:41.854185416
33.0,45100.0,Male,33500.0,Madrid,Bachelor,Divorced,2023-09-23 11:48:07.128712872
68.0,20200.0,Female,11000.0,Paris,PhD,Single,2023-09-23 12:40:32.403240324
26.0,36900.0,Male,17500.0,Berlin,High School,Single,2023-09-23 13:32:57.677767776
18.0,27200.0,Male,13200.0,Paris,Bachelor,Single,2023-09-23 14:25:22.952295228
59.0,55800.0,Male,33800.0,Paris,PhD,Divorced,2023-09-23 15:17:48.226822680
36.0,50000.0,Female,31900.0,London,High School,Married,2023-09-23 16:10:13.501350132
50.0,54500.0,Female,22500.0,Berlin,High School,Married,2023-09-23 17:02:38.775877588
51.0,48400.0,Male,27400.0,Paris,Bachelor,Married,2023-09-23 17:55:04.050405040
33.0,29100.0,Male,21300.0,London,High School,Divorced,2023-09-23 18:47:29.324932492
61.0,57700.0,Male,33300.0,London,High School,Married,2023-09-23 19:39:54.599459944
57.0,78800.0,Male,36900.0,Berlin,PhD,Divorced,2023-09-23 20:32:19.873987396
35.0,56100.0,Male,43900.0,London,Bachelor,Single,2023-09-23 21:24:45.148514852
51.0,43600.0,Male,22100.0,Paris,High School,Single,2023-09-23 22:17:10.423042304
42.0,28600.0,Female,20600.0,London,High School,Single,2023-09-23 23:09:35.697569756
62.0,36400.0,Male,17400.0,Madrid,High School,Divorced,2023-09-24 00:02:00.972097208
23.0,56800.0,Male,32300.0,Madrid,High School,Married,2023-09-24 00:54:26.246624660
38.0,66100.0,Male,39400.0,London,High School,Married,2023-09-24 01:46:51.521152116
23.0,53900.0,Male,32400.0,Rome,High School,Single,2023-09-24 02:39:16.795679568
49.0,62000.0,Male,37600.0,Paris,High School,Single,2023-09-24 03:31:42.070207020
58.0,,Female,29700.0,London,Master,,2023-09-24 04:24:07.344734472
65.0,57600.0,Male,34900.0,Berlin,Bachelor,Single,2023-09-24 05:16:32.619261924
60.0,40100.0,Female,23800.0,Paris,High School,Married,2023-09-24 06:08:57.893789376
56.0,52600.0,Male,25400.0,Rome,Bachelor,Married,2023-09-24 07:01:23.168316832
48.0,37300.0,Male,29700.0,Paris,High School,Single,2023-09-24 07:53:48.442844284
59.0,50300.0,Male,37500.0,Paris,Bachelor,Divorced,2023-09-24 08:46:13.717371736
27.0,55000.0,Male,41500.0,Paris,Bachelor,Single,2023-09-24 09:38:38.991899188
47.0,75200.0,Male,50700.0,Paris,PhD,Divorced,
69.0,30400.0,Male,14100.0,London,High School,Married,2023-09-24 11:23:29.540954096
35.0,57200.0,Male,35900.0,London,High School,Single,2023-09-24 12:15:54.815481548
41.0,72200.0,Female,52600.0,Paris,High School,Married,2023-09-24 13:08:20.090009000
,61400.0,,25500.0,Berlin,High School,Married,2023-09-24 14:00:45.364536452
,62500.0,,37400.0,Paris,Master,Married,2023-09-24 14:53:10.639063904
48.0,58800.0,Male,32800.0,Berlin,Bachelor,Married,2023-09-24 15:45:35.913591356
32.0,69500.0,Male,33700.0,Paris,PhD,Married,2023-09-24 16:38:01.188118812
21.0,33700.0,Male,18600.0,London,High School,Divorced,2023-09-24 17:30:26.462646264
57.0,29200.0,Male,23200.0,Paris,Master,Single,2023-09-24 18:22:51.737173716
26.0,49900.0,Male,34400.0,London,High School,Single,2023-09-24 19:15:17.011701168
62.0,17600.0,Male,9100.0,Berlin,Master,Single,2023-09-24 20:07:42.286228620
26.0,68500.0,Female,44000.0,Rome,High School,Divorced,
43.0,68300.0,Female,34100.0,Paris,Bachelor,Married,2023-09-24 21:52:32.835283528
21.0,43500.0,Male,28000.0,London,High School,Single,2023-09-24 22:44:58.109810980
34.0,44400.0,Male,33700.0,London,High School,Single,2023-09-24 23:37:23.384338432
33.0,,Female,30500.0,Rome,Bachelor,Single,2023-09-25 00:29:48.658865884
32.0,50800.0,Male,35200.0,Berlin,Master,Married,2023-09-25 01:22:13.933393340
52.0,51900.0,Male,30200.0,Paris,Bachelor,Married,2023-09-25 02:14:39.207920792
69.0,,Female,35600.0,London,High School,Divorced,2023-09-25 03:07:04.482448244
,47400.0,,32100.0,Paris,High School,Married,2023-09-25 03:59:29.756975696
22.0,64100.0,Female,46500.0,Berlin,High School,Single,2023-09-25 04:51:55.031503148
37.0,56700.0,Male,37600.0,Berlin,Master,Married,2023-09-25 05:44:20.306030600
32.0,40900.0,Male,32400.0,Rome,High School,Married,2023-09-25 06:36:45.580558056
35.0,70000.0,Male,51000.0,London,Master,Married,2023-09-25 07:29:10.855085508
64.0,29600.0,Female,21000.0,London,Bachelor,Single,2023-09-25 08:21:36.129612960
19.0,48600.0,Male,35900.0,London,Bachelor,Single,2023-09-25 09:14:01.404140412
46.0,64500.0,Male,33100.0,London,Master,Single,2023-09-25 10:06:26.678667864
30.0,39200.0,Female,22500.0,Paris,Bachelor,Divorced,2023-09-25 10:58:51.953195320
21.0,54600.0,Female,34200.0,Berlin,High School,Single,2023-09-25 11:51:17.227722772
59.0,58200.0,Female,34000.0,Paris,High School,Married,2023-09-25 12:43:42.502250224
62.0,37100.0,Male,27400.0,Paris,High School,Single,2023-09-25 13:36:07.776777676
27.0,,Female,20100.0,Berlin,High School,Single,2023-09-25 14:28:33.051305128
48.0,47700.0,Male,23100.0,Madrid,High School,Divorced,2023-09-25 15:20:58.325832584
58.0,41700.0,Male,31400.0,London,Bachelor,Single,2023-09-25 16:13:23.600360036
25.0,,Female,35800.0,Berlin,High School,,2023-09-25 17:05:48.874887488
20.0,38600.0,Male,18900.0,Berlin,Master,Single,2023-09-25 17:58:14.149414940
65.0,65100.0,Male,35200.0,Paris,Bachelor,Married,2023-09-25 18:50:39.423942392
63.0,44100.0,Male,30900.0,Paris,Master,Married,2023-09-25 19:43:04.698469844
,33700.0,,21000.0,Madrid,High School,Single,2023-09-25 20:35:29.972997300
47.0,51500.0,Male,40300.0,Madrid,Bachelor,Married,2023-09-25 21:27:55.247524752
28.0,59700.0,Male,29300.0,London,Master,Divorced,2023-09-25 22:20:20.522052204
52.0,63800.0,Male,47800.0,Paris,High School,Single,
54.0,73400.0,Male,,Madrid,PhD,Married,2023-09-26 00:05:11.071107108
59.0,94200.0,Female,46900.0,Berlin,High School,Married,2023-09-26 00:57:36.345634564
30.0,53800.0,Male,32200.0,Paris,High School,Single,2023-09-26 01:50:01.620162016
53.0,40100.0,Male,17200.0,Paris,High School,Married,2023-09-26 02:42:26.894689468
30.0,56800.0,Female,31500.0,Rome,High School,Single,2023-09-26 03:34:52.169216920
,46000.0,,24900.0,Paris,Master,Married,2023-09-26 04:27:17.443744372
54.0,63900.0,Male,29700.0,Paris,High School,Single,2023-09-26 05:19:42.718271828
27.0,30500.0,Male,22700.0,London,Bachelor,Married,
26.0,85500.0,Female,47400.0,Paris,Bachelor,Single,2023-09-26 07:04:33.267326732
69.0,62800.0,Male,49800.0,Paris,Bachelor,Divorced,2023-09-26 07:56:58.541854184
24.0,24700.0,Male,18800.0,Paris,High School,Single,2023-09-26 08:49:23.816381636
19.0,39400.0,Male,18800.0,Paris,Bachelor,Married,2023-09-26 09:41:49.090909088
40.0,62200.0,Male,37400.0,Berlin,High School,Divorced,2023-09-26 10:34:14.365436544
56.0,67600.0,Female,43300.0,London,Bachelor,Single,2023-09-26 11:26:39.639963996
57.0,30900.0,Female,22500.0,Paris,Master,Divorced,2023-09-26 12:19:04.914491448
56.0,60700.0,Male,45800.0,Paris,High School,Married,2023-09-26 13:11:30.189018900
38.0,20800.0,Male,13500.0,Paris,High School,Single,2023-09-26 14:03:55.463546352
40.0,48700.0,Female,20200.0,Paris,Bachelor,Single,2023-09-26 14:56:20.738073808
46.0,66700.0,Male,39500.0,Berlin,High School,Married,2023-09-26 15:48:46.012601260
31.0,41700.0,Male,31400.0,Paris,High School,Single,2023-09-26 16:41:11.287128712
43.0,,Female,18800.0,London,High School,Single,2023-09-26 17:33:36.561656164
68.0,52200.0,Male,39000.0,Berlin,High School,Divorced,2023-09-26 18:26:01.836183616
22.0,40900.0,Male,27400.0,Paris,High School,Divorced,2023-09-26 19:18:27.110711068
48.0,59400.0,Male,24800.0,Paris,High School,Single,2023-09-26 20:10:52.385238524
42.0,36700.0,Female,28900.0,Madrid,Bachelor,Single,2023-09-26 21:03:17.659765976
48.0,38400.0,Male,29500.0,Madrid,Bachelor,Divorced,2023-09-26 21:55:42.934293428
67.0,19700.0,Female,8900.0,Madrid,Master,Married,2023-09-26 22:48:08.208820880
,52500.0,,23400.0,London,Bachelor,Married,2023-09-26 23:40:33.483348332
61.0,47600.0,Female,29300.0,Rome,High School,,2023-09-27 00:32:58.757875788
34.0,32200.0,Female,22600.0,Berlin,High School,,
62.0,52900.0,Male,29200.0,London,Bachelor,Married,2023-09-27 02:17:49.306930692
19.0,65400.0,Female,29700.0,London,Master,Single,2023-09-27 03:10:14.581458144
42.0,46800.0,Male,28300.0,Paris,Bachelor,Married,2023-09-27 04:02:39.855985596
30.0,54000.0,Female,28900.0,London,High School,,2023-09-27 04:55:05.130513052
56.0,54100.0,Male,29300.0,Paris,Master,Married,2023-09-27 05:47:30.405040504
45.0,31900.0,Male,21000.0,Paris,Bachelor,,2023-09-27 06:39:55.679567956
59.0,80800.0,Male,60900.0,Paris,High School,Single,2023-09-27 07:32:20.954095408
23.0,42900.0,Female,26700.0,Paris,Bachelor,Married,2023-09-27 08:24:46.228622860
,59800.0,,40400.0,London,High School,,2023-09-27 09:17:11.503150312
52.0,61500.0,Male,40800.0,London,High School,Single,2023-09-27 10:09:36.777677768
35.0,47900.0,Female,29700.0,Paris,High School,Single,2023-09-27 11:02:02.052205220
28.0,59100.0,Male,31000.0,Berlin,High School,Married,2023-09-27 11:54:27.326732672
37.0,53700.0,Male,29600.0,London,Bachelor,Single,2023-09-27 12:46:52.601260124
22.0,28700.0,Male,15100.0,London,Master,Single,2023-09-27 13:39:17.875787576
36.0,45000.0,Male,34500.0,Paris,High School,Divorced,2023-09-27 14:31:43.150315032
39.0,40800.0,Male,29800.0,Berlin,High School,Single,2023-09-27 15:24:08.424842484
36.0,43100.0,Female,27200.0,London,High School,Single,2023-09-27 16:16:33.699369936
64.0,30400.0,Male,23300.0,Madrid,Master,Single,2023-09-27 17:08:58.973897388
33.0,66900.0,Male,50500.0,Paris,High School,Divorced,2023-09-27 18:01:24.248424840
41.0,74000.0,Male,57100.0,Paris,Master,Single,2023-09-27 18:53:49.522952296
,64700.0,,31600.0,Paris,Master,Single,2023-09-27 19:46:14.797479748
21.0,69100.0,Male,47500.0,Paris,Bachelor,Married,2023-09-27 20:38:40.072007200
32.0,44800.0,Male,28800.0,Paris,High School,Married,2023-09-27 21:31:05.346534652
42.0,40500.0,Male,28100.0,Madrid,High School,Divorced,2023-09-27 22:23:30.621062104
61.0,38300.0,Female,19400.0,London,High School,Married,2023-09-27 23:15:55.895589556
52.0,59700.0,Female,40500.0,Paris,High School,Single,2023-09-28 00:08:21.170117012
31.0,53400.0,Male,30100.0,Berlin,Master,Married,2023-09-28 01:00:46.444644464
66.0,48800.0,Male,35800.0,Paris,High School,Single,2023-09-28 01:53:11.719171916
36.0,69400.0,Male,49800.0,Paris,High School,Married,2023-09-28 02:45:36.993699368
55.0,56100.0,Male,27200.0,London,Bachelor,Married,2023-09-28 03:38:02.268226820
53.0,37400.0,Male,17700.0,London,Master,Married,2023-09-28 04:30:27.542754276
24.0,39800.0,Male,27300.0,London,High School,Single,2023-09-28 05:22:52.817281728
47.0,60200.0,Male,37300.0,Paris,Bachelor,Single,2023-09-28 06:15:18.091809180
36.0,65600.0,Female,40900.0,Paris,Bachelor,Single,2023-09-28 07:07:43.366336632
66.0,58300.0,Male,40900.0,Madrid,Bachelor,Widowed,2023-09-28 08:00:08.640864084
42.0,78500.0,Male,58200.0,Rome,Master,Single,2023-09-28 08:52:33.915391536
33.0,74500.0,Male,36900.0,Paris,High School,Married,2023-09-28 09:44:59.189918992
64.0,56600.0,Male,35200.0,London,Bachelor,Single,2023-09-28 10:37:24.464446444
57.0,37400.0,Male,27400.0,Paris,Bachelor,Single,2023-09-28 11:29:49.738973896
68.0,30400.0,Male,22800.0,Paris,Master,Single,2023-09-28 12:22:15.013501348
25.0,44200.0,Female,22800.0,Berlin,High School,Married,2023-09-28 13:14:40.288028800
35.0,,Female,27100.0,London,High School,Married,2023-09-28 14:07:05.562556256
45.0,77400.0,Female,,Berlin,High School,Married,2023-09-28 14:59:30.837083708
33.0,56300.0,Male,43800.0,London,Master,Married,2023-09-28 15:51:56.111611160
69.0,67500.0,Female,39500.0,London,Master,Single,2023-09-28 16:44:21.386138612
36.0,46300.0,Male,26300.0,Paris,High School,Married,2023-09-28 17:36:46.660666064
59.0,59300.0,Male,24000.0,Berlin,High School,Married,2023-09-28 18:29:11.935193520
34.0,62400.0,Male,26200.0,Rome,High School,Married,2023-09-28 19:21:37.209720972
62.0,20300.0,Male,13500.0,London,Bachelor,Married,2023-09-28 20:14:02.484248424
30.0,43800.0,Female,27900.0,Paris,PhD,Single,2023-09-28 21:06:27.758775876
24.0,64200.0,Male,40500.0,Rome,Master,Divorced,2023-09-28 21:58:53.033303328
44.0,54100.0,Male,24000.0,Paris,Bachelor,Widowed,2023-09-28 22:51:18.307830780
27.0,32100.0,Male,17400.0,London,High School,Married,2023-09-28 23:43:43.582358236
51.0,13500.0,Female,9800.0,Paris,PhD,Single,2023-09-29 00:36:08.856885688
53.0,44500.0,Female,20900.0,Paris,Master,Married,2023-09-29 01:28:34.131413140
42.0,48900.0,Male,36800.0,Paris,High School,Single,2023-09-29 02:20:59.405940592
23.0,36700.0,Male,16500.0,London,Bachelor,Single,2023-09-29 03:13:24.680468044
41.0,52100.0,Female,24400.0,London,High School,Widowed,2023-09-29 04:05:49.954995500
35.0,57600.0,Male,34000.0,London,Bachelor,Married,2023-09-29 04:58:15.229522952
40.0,60100.0,Male,46800.0,London,PhD,Married,2023-09-29 05:50:40.504050404
,14700.0,,7800.0,London,High School,Widowed,2023-09-29 06:43:05.778577856
46.0,30300.0,Male,20100.0,Berlin,Bachelor,Divorced,2023-09-29 07:35:31.053105308
42.0,45400.0,Male,28900.0,Madrid,Bachelor,Married,2023-09-29 08:27:56.327632764
34.0,58600.0,Male,26900.0,Paris,Master,,
63.0,57300.0,Male,28600.0,Paris,High School,Single,2023-09-29 10:12:46.876687668
41.0,57100.0,Female,44100.0,London,Bachelor,Divorced,2023-09-29 11:05:12.151215120
28.0,44200.0,Male,20900.0,Paris,High School,Divorced,2023-09-29 11:57:37.425742572
43.0,45100.0,Male,30600.0,Madrid,High School,Single,2023-09-29 12:50:02.700270024
68.0,39100.0,Male,30700.0,Paris,High School,Single,2023-09-29 13:42:27.974797480
51.0,61500.0,Male,27500.0,London,High School,Married,2023-09-29 14:34:53.249324932
45.0,36200.0,Male,20300.0,Paris,PhD,Single,2023-09-29 15:27:18.523852384
20.0,62800.0,Female,30700.0,London,High School,Single,2023-09-29 16:19:43.798379836
28.0,53100.0,Male,25900.0,Paris,High School,Divorced,2023-09-29 17:12:09.072907288
55.0,49300.0,Male,22100.0,Berlin,High School,Single,2023-09-29 18:04:34.347434744
31.0,40100.0,Male,26500.0,Rome,High School,Married,2023-09-29 18:56:59.621962196
68.0,29700.0,Male,20700.0,Paris,High School,Single,2023-09-29 19:49:24.896489648
43.0,40300.0,Female,27000.0,Paris,PhD,Married,2023-09-29 20:41:50.171017100
65.0,45000.0,Male,34600.0,London,Bachelor,Married,2023-09-29 21:34:15.445544552
38.0,14500.0,Female,6600.0,London,Master,Single,2023-09-29 22:26:40.720072008
56.0,47000.0,Female,24800.0,Paris,Bachelor,Single,2023-09-29 23:19:05.994599460
,63900.0,,34400.0,Berlin,Bachelor,Single,2023-09-30 00:11:31.269126912
25.0,58500.0,Male,28800.0,Paris,Master,Married,2023-09-30 01:03:56.543654364
68.0,42600.0,Male,19500.0,Paris,Master,Married,2023-09-30 01:56:21.818181816
37.0,50700.0,Female,30200.0,London,High School,Single,2023-09-30 02:48:47.092709268
65.0,41700.0,Male,30600.0,Paris,Master,Single,2023-09-30 03:41:12.367236724
49.0,52200.0,Male,40800.0,London,Bachelor,Single,2023-09-30 04:33:37.641764176
39.0,73100.0,Male,33000.0,Paris,High School,Single,2023-09-30 05:26:02.916291628
24.0,64500.0,Male,47000.0,Berlin,Bachelor,Married,2023-09-30 06:18:28.190819080
26.0,57800.0,Female,42200.0,London,High School,Married,2023-09-30 07:10:53.465346532
62.0,42600.0,Male,23700.0,London,High School,Single,2023-09-30 08:03:18.739873988
18.0,61200.0,Male,27200.0,Paris,Master,Married,2023-09-30 08:55:44.014401440
46.0,24700.0,Male,19700.0,Paris,High School,Single,2023-09-30 09:48:09.288928892
25.0,46200.0,Male,30600.0,London,High School,Married,2023-09-30 10:40:34.563456344
21.0,58800.0,Male,46600.0,Paris,PhD,Married,2023-09-30 11:32:59.837983796
,61100.0,,36300.0,Paris,High School,Married,2023-09-30 12:25:25.112511248
20.0,60000.0,Male,33500.0,London,High School,Married,2023-09-30 13:17:50.387038704
62.0,54400.0,Male,27100.0,Paris,Master,Married,2023-09-30 14:10:15.661566156
57.0,47100.0,Male,37400.0,Berlin,Master,Married,2023-09-30 15:02:40.936093608
24.0,58100.0,Male,29100.0,Madrid,High School,Married,2023-09-30 15:55:06.210621060
44.0,35700.0,Female,14600.0,London,High School,Single,
18.0,37300.0,Female,22600.0,Madrid,Master,Single,2023-09-30 17:39:56.759675968
44.0,50900.0,Male,28000.0,Madrid,High School,Single,2023-09-30 18:32:22.034203420
33.0,52600.0,Male,26500.0,Paris,Bachelor,Single,2023-09-30 19:24:47.308730872
55.0,22600.0,Female,14800.0,Paris,High School,Married,2023-09-30 20:17:12.583258324
24.0,56800.0,Male,31000.0,London,Bachelor,Divorced,2023-09-30 21:09:37.857785776
61.0,61600.0,Female,34600.0,London,High School,Married,2023-09-30 22:02:03.132313232
40.0,48800.0,Female,20000.0,Paris,Bachelor,Divorced,2023-09-30 22:54:28.406840684
58.0,85600.0,Male,54400.0,Paris,High School,Single,2023-09-30 23:46:53.681368136
28.0,39800.0,Male,17900.0,London,High School,Married,2023-10-01 00:39:18.955895588
59.0,44600.0,Male,21700.0,London,High School,Single,2023-10-01 01:31:44.230423040
50.0,44100.0,Male,30300.0,Paris,High School,Divorced,2023-10-01 02:24:09.504950492
67.0,48900.0,Female,25700.0,Berlin,Master,Married,2023-10-01 03:16:34.779477948
53.0,,Female,21000.0,Madrid,Master,Widowed,2023-10-01 04:09:00.054005400
54.0,28900.0,Male,18200.0,Berlin,Bachelor,Married,2023-10-01 05:01:25.328532852
58.0,41800.0,Male,20300.0,Paris,Bachelor,Single,2023-10-01 05:53:50.603060304
34.0,48500.0,Male,24700.0,Paris,High School,Single,2023-10-01 06:46:15.877587756
52.0,68400.0,Male,44400.0,London,High School,Divorced,2023-10-01 07:38:41.152115212
65.0,83000.0,Male,,Rome,High School,Married,2023-10-01 08:31:06.426642664
22.0,,Female,48700.0,Berlin,Bachelor,Divorced,2023-10-01 09:23:31.701170116
65.0,38400.0,Male,22800.0,London,High School,Single,2023-10-01 10:15:56.975697568
49.0,39600.0,Male,23000.0,Paris,PhD,Single,2023-10-01 11:08:22.250225020
20.0,47600.0,Male,34000.0,Berlin,Bachelor,Single,2023-10-01 12:00:47.524752476
69.0,76800.0,Male,36700.0,Berlin,PhD,Married,2023-10-01 12:53:12.799279928
,47500.0,,21900.0,Madrid,High School,Single,2023-10-01 13:45:38.073807380
52.0,30100.0,Male,20000.0,London,Bachelor,Married,2023-10-01 14:38:03.348334832
69.0,42500.0,Male,24000.0,London,High School,Single,2023-10-01 15:30:28.622862284
31.0,,Female,42000.0,London,Bachelor,Married,2023-10-01 16:22:53.897389736
65.0,60300.0,Male,30300.0,Madrid,PhD,Married,2023-10-01 17:15:19.171917192
48.0,47000.0,Male,24900.0,London,High School,Single,2023-10-01 18:07:44.446444644
48.0,60300.0,Female,45700.0,Paris,High School,Single,2023-10-01 19:00:09.720972096
34.0,15900.0,Female,9000.0,London,High School,Married,2023-10-01 19:52:34.995499548
41.0,51600.0,Male,32800.0,Madrid,PhD,Divorced,2023-10-01 20:45:00.270027000
69.0,62900.0,Male,27800.0,London,High School,Single,2023-10-01 21:37:25.544554456
40.0,37500.0,Female,17700.0,London,Master,Married,
35.0,37500.0,Male,15500.0,Berlin,High School,,2023-10-01 23:22:16.093609360
67.0,22000.0,Male,12500.0,London,Master,Married,2023-10-02 00:14:41.368136812
31.0,73800.0,Male,58700.0,Paris,High School,,2023-10-02 01:07:06.642664264
67.0,39200.0,Male,29400.0,Berlin,High School,Divorced,2023-10-02 01:59:31.917191716
32.0,53600.0,Male,35000.0,London,Bachelor,Divorced,2023-10-02 02:51:57.191719172
32.0,59100.0,Male,44000.0,Madrid,Master,Married,2023-10-02 03:44:22.466246624
23.0,72700.0,Female,46400.0,Rome,High School,Married,2023-10-02 04:36:47.740774076
44.0,47700.0,Female,26100.0,London,Bachelor,Single,2023-10-02 05:29:13.015301528
32.0,41900.0,Female,19700.0,Rome,High School,Single,2023-10-02 06:21:38.289828980
67.0,52600.0,Male,34800.0,Paris,Master,Single,2023-10-02 07:14:03.564356436
53.0,69300.0,Male,33100.0,London,High School,Single,2023-10-02 08:06:28.838883888
25.0,47400.0,Female,26900.0,Paris,High School,Single,2023-10-02 08:58:54.113411340
32.0,35700.0,Male,26100.0,Paris,High School,,2023-10-02 09:51:19.387938792
20.0,26900.0,Male,12200.0,Madrid,High School,Single,2023-10-02 10:43:44.662466244
64.0,31700.0,Male,14300.0,Madrid,High School,Single,2023-10-02 11:36:09.936993700
30.0,63000.0,Male,30900.0,London,High School,Single,2023-10-02 12:28:35.211521152
58.0,45200.0,Male,28100.0,Paris,Bachelor,Single,2023-10-02 13:21:00.486048604
51.0,40900.0,Male,20500.0,London,High School,Married,2023-10-02 14:13:25.760576056
41.0,39300.0,Female,23600.0,Madrid,High School,Married,2023-10-02 15:05:51.035103508
57.0,51300.0,Male,26700.0,Paris,Master,Divorced,
49.0,,Female,28000.0,Paris,Master,Married,2023-10-02 16:50:41.584158416
49.0,45900.0,Female,23500.0,Berlin,High School,Single,2023-10-02 17:43:06.858685868
47.0,70200.0,Male,55600.0,Madrid,High School,Married,2023-10-02 18:35:32.133213320
69.0,73100.0,Female,43600.0,Paris,High School,Married,2023-10-02 19:27:57.407740772
66.0,25800.0,Male,18000.0,Berlin,Master,Married,2023-10-02 20:20:22.682268224
30.0,54900.0,Male,37300.0,London,PhD,Married,2023-10-02 21:12:47.956795680
18.0,38300.0,Male,22800.0,Paris,High School,Single,2023-10-02 22:05:13.231323132
51.0,46300.0,Male,22900.0,Berlin,Bachelor,Married,2023-10-02 22:57:38.505850584
32.0,54600.0,Male,33000.0,Berlin,High School,Single,2023-10-02 23:50:03.780378036
61.0,46800.0,Male,31500.0,Paris,High School,Married,2023-10-03 00:42:29.054905488
31.0,53500.0,Male,31200.0,London,Bachelor,Single,
46.0,60100.0,Male,26000.0,Berlin,High School,Single,2023-10-03 02:27:19.603960396
51.0,54400.0,Male,22200.0,Paris,Bachelor,Married,2023-10-03 03:19:44.878487848
35.0,40300.0,Male,21400.0,London,Bachelor,Divorced,2023-10-03 04:12:10.153015300
24.0,40600.0,Male,18700.0,Paris,Master,Single,2023-10-03 05:04:35.427542752
46.0,28400.0,Female,21700.0,Paris,High School,Married,2023-10-03 05:57:00.702070204
48.0,37200.0,Male,17500.0,Paris,High School,Single,2023-10-03 06:49:25.976597660
42.0,79400.0,Female,,London,High School,Single,2023-10-03 07:41:51.251125112
55.0,38100.0,Male,26100.0,Paris,High School,Single,2023-10-03 08:34:16.525652564
31.0,32100.0,Male,23300.0,Paris,Bachelor,Married,
25.0,54800.0,Male,32400.0,Paris,Master,Married,2023-10-03 10:19:07.074707468
44.0,48300.0,Male,22800.0,Berlin,High School,Married,2023-10-03 11:11:32.349234924
19.0,47100.0,Female,23900.0,London,PhD,Single,2023-10-03 12:03:57.623762376
34.0,71100.0,Male,40400.0,Paris,Bachelor,Single,2023-10-03 12:56:22.898289828
54.0,58200.0,Male,31800.0,Rome,Bachelor,Single,2023-10-03 13:48:48.172817280
31.0,42100.0,Male,22700.0,Berlin,PhD,Married,2023-10-03 14:41:13.447344732
42.0,43600.0,Male,19700.0,London,Bachelor,Single,2023-10-03 15:33:38.721872188
47.0,,Female,32500.0,London,High School,Single,2023-10-03 16:26:03.996399640
46.0,63100.0,Male,26000.0,Paris,Bachelor,Married,2023-10-03 17:18:29.270927092
37.0,45400.0,Female,26200.0,Rome,Master,Widowed,2023-10-03 18:10:54.545454544
38.0,23100.0,Male,18300.0,Paris,High School,Single,2023-10-03 19:03:19.819981996
39.0,49300.0,Male,32700.0,London,High School,Married,2023-10-03 19:55:45.094509448
52.0,26900.0,Male,14600.0,London,High School,Single,2023-10-03 20:48:10.369036904
54.0,82800.0,Male,38000.0,Madrid,High School,Single,2023-10-03 21:40:35.643564356
33.0,35500.0,Female,27900.0,Paris,Master,Married,
67.0,47600.0,Male,19300.0,London,High School,Married,2023-10-03 23:25:26.192619260
66.0,53900.0,Male,36300.0,Berlin,Master,Single,
60.0,45700.0,Female,34400.0,Paris,Master,Divorced,2023-10-04 01:10:16.741674168
,45600.0,,18700.0,Paris,Master,Married,
33.0,56300.0,Male,38900.0,Paris,High School,Married,2023-10-04 02:55:07.290729072
19.0,72900.0,Male,,Paris,Bachelor,Single,2023-10-04 03:47:32.565256524
21.0,61500.0,Male,40300.0,Paris,PhD,Single,2023-10-04 04:39:57.839783976
38.0,72200.0,Male,40900.0,London,High School,Single,2023-10-04 05:32:23.114311428
56.0,34300.0,Male,25700.0,Berlin,High School,Single,2023-10-04 06:24:48.388838884
51.0,54800.0,Female,34100.0,Rome,Master,Single,2023-10-04 07:17:13.663366336
47.0,52300.0,Male,36600.0,London,Bachelor,Married,2023-10-04 08:09:38.937893788
23.0,55300.0,Female,35100.0,Paris,Bachelor,Single,2023-10-04 09:02:04.212421240
34.0,70600.0,Male,29300.0,Madrid,PhD,Single,2023-10-04 09:54:29.486948692
56.0,46700.0,Male,22700.0,Berlin,Bachelor,Married,2023-10-04 10:46:54.761476148
42.0,,Female,18900.0,London,High School,Married,2023-10-04 11:39:20.036003600
22.0,,Female,25700.0,Paris,High School,Married,2023-10-04 12:31:45.310531052
22.0,23300.0,Male,9500.0,Madrid,High School,Divorced,2023-10-04 13:24:10.585058504
37.0,46400.0,Male,26400.0,Paris,High School,Widowed,
33.0,48000.0,Female,22600.0,Paris,High School,Divorced,2023-10-04 15:09:01.134113412
68.0,36200.0,Female,26900.0,Berlin,High School,Married,2023-10-04 16:01:26.408640864
58.0,65900.0,Female,46100.0,London,Master,Married,2023-10-04 16:53:51.683168316
54.0,34100.0,Male,21500.0,Paris,High School,Single,2023-10-04 17:46:16.957695768
57.0,48000.0,Male,28600.0,London,Bachelor,Married,2023-10-04 18:38:42.232223220
26.0,54400.0,Male,27300.0,Berlin,Bachelor,,2023-10-04 19:31:07.506750672
22.0,70300.0,Female,41500.0,Berlin,Bachelor,Single,2023-10-04 20:23:32.781278128
59.0,49800.0,Male,32700.0,Paris,Bachelor,Single,2023-10-04 21:15:58.055805580
19.0,64000.0,Male,45600.0,Paris,High School,Married,2023-10-04 22:08:23.330333032
26.0,60500.0,Female,26200.0,London,Master,Divorced,2023-10-04 23:00:48.604860484
60.0,51900.0,Male,35500.0,Madrid,High School,Single,2023-10-04 23:53:13.879387936
,33700.0,,23500.0,Paris,Bachelor,Single,2023-10-05 00:45:39.153915392
39.0,28500.0,Male,17800.0,London,Master,Married,
39.0,51600.0,Male,25100.0,Paris,High School,Single,2023-10-05 02:30:29.702970296
39.0,41900.0,Male,25800.0,Paris,Master,Married,2023-10-05 03:22:54.977497748
51.0,63800.0,Male,38300.0,Madrid,Bachelor,Married,2023-10-05 04:15:20.252025200
46.0,61200.0,Male,36100.0,Paris,Bachelor,Single,2023-10-05 05:07:45.526552656
55.0,47200.0,Male,27600.0,Berlin,High School,Married,2023-10-05 06:00:10.801080108
63.0,32600.0,Male,14500.0,Paris,Master,Single,2023-10-05 06:52:36.075607560
50.0,57700.0,Female,27300.0,Paris,High School,Married,2023-10-05 07:45:01.350135012
35.0,34700.0,Male,15200.0,Madrid,High School,Single,2023-10-05 08:37:26.624662464
24.0,38600.0,Male,19200.0,London,Bachelor,Single,2023-10-05 09:29:51.899189916
18.0,35300.0,Male,17800.0,London,Master,Single,2023-10-05 10:22:17.173717372
50.0,47900.0,Male,23900.0,Berlin,High School,Married,2023-10-05 11:14:42.448244824
18.0,67600.0,Female,32700.0,Paris,High School,Married,2023-10-05 12:07:07.722772276
41.0,49900.0,Male,34600.0,London,Master,Married,2023-10-05 12:59:32.997299728
21.0,43400.0,Male,31600.0,Paris,High School,Married,
21.0,,Female,14400.0,Berlin,High School,Married,2023-10-05 14:44:23.546354636
35.0,58300.0,Male,30400.0,London,High School,Single,2023-10-05 15:36:48.820882088
44.0,38300.0,Male,28300.0,Paris,Bachelor,Married,2023-10-05 16:29:14.095409540
60.0,51800.0,Female,33600.0,Madrid,Bachelor,Single,2023-10-05 17:21:39.369936992
,44700.0,,23100.0,London,Master,Divorced,2023-10-05 18:14:04.644464444
50.0,62600.0,Male,42900.0,London,High School,Married,2023-10-05 19:06:29.918991896
45.0,47600.0,Male,25600.0,Paris,Master,Divorced,2023-10-05 19:58:55.193519352
59.0,,Female,31200.0,Madrid,Master,Married,2023-10-05 20:51:20.468046804
58.0,57300.0,Male,45700.0,Rome,High School,Single,2023-10-05 21:43:45.742574256
53.0,,Female,,London,High School,Single,2023-10-05 22:36:11.017101708
,63300.0,,48900.0,London,Master,Married,2023-10-05 23:28:36.291629160
33.0,48700.0,Male,25700.0,Paris,High School,,2023-10-06 00:21:01.566156616
51.0,50000.0,Male,30800.0,Paris,Bachelor,Single,2023-10-06 01:13:26.840684068
40.0,42100.0,Male,24600.0,London,High School,Single,2023-10-06 02:05:52.115211520
,35800.0,,25500.0,Paris,Master,Single,2023-10-06 02:58:17.389738972
59.0,41700.0,Male,17700.0,Madrid,Bachelor,Single,2023-10-06 03:50:42.664266424
41.0,38400.0,Female,25000.0,Paris,High School,Married,2023-10-06 04:43:07.938793880
66.0,59800.0,Male,42100.0,Berlin,Master,Single,2023-10-06 05:35:33.213321332
30.0,33900.0,Male,20000.0,Paris,PhD,Single,2023-10-06 06:27:58.487848784
,70000.0,,30900.0,Paris,Bachelor,Married,2023-10-06 07:20:23.762376236
30.0,61300.0,Male,30500.0,London,High School,Single,2023-10-06 08:12:49.036903688
,50300.0,,33800.0,Berlin,Master,Married,2023-10-06 09:05:14.311431140
54.0,50000.0,Male,37900.0,Berlin,Master,Married,2023-10-06 09:57:39.585958596
60.0,41600.0,Male,23700.0,Paris,High School,Single,2023-10-06 10:50:04.860486048
56.0,54100.0,Female,33800.0,Paris,Bachelor,Single,2023-10-06 11:42:30.135013500
59.0,66300.0,Male,32600.0,Madrid,High School,Married,2023-10-06 12:34:55.409540952
34.0,39500.0,Male,22300.0,Berlin,Bachelor,Single,2023-10-06 13:27:20.684068404
32.0,27000.0,Male,14400.0,Berlin,Master,Widowed,2023-10-06 14:19:45.958595860
35.0,60500.0,Female,40100.0,Paris,High School,Divorced,2023-10-06 15:12:11.233123312
40.0,54900.0,Female,43600.0,Berlin,High School,Married,2023-10-06 16:04:36.507650764
68.0,33200.0,Male,24100.0,Paris,High School,Single,2023-10-06 16:57:01.782178216
47.0,39000.0,Female,18600.0,London,Master,Single,2023-10-06 17:49:27.056705668
51.0,37100.0,Male,23400.0,Paris,Bachelor,Single,2023-10-06 18:41:52.331233124
21.0,39100.0,Male,16700.0,Paris,High School,Single,2023-10-06 19:34:17.605760576
,45100.0,,22500.0,London,High School,Widowed,2023-10-06 20:26:42.880288028
24.0,46000.0,Male,21600.0,Paris,Bachelor,Single,2023-10-06 21:19:08.154815480
35.0,40200.0,Male,21500.0,London,High School,Single,2023-10-06 22:11:33.429342932
59.0,38600.0,Male,25900.0,Berlin,Bachelor,,2023-10-06 23:03:58.703870384
24.0,46600.0,Male,27900.0,Rome,Bachelor,Single,2023-10-06 23:56:23.978397840
57.0,52500.0,Male,40600.0,Paris,Bachelor,,2023-10-07 00:48:49.252925292
23.0,45300.0,Male,22000.0,Paris,Bachelor,Widowed,2023-10-07 01:41:14.527452744
39.0,67400.0,Male,36800.0,London,Master,Single,2023-10-07 02:33:39.801980196
18.0,57600.0,Male,30600.0,Paris,Master,Married,2023-10-07 03:26:05.076507648
21.0,26100.0,Male,12900.0,Paris,High School,Single,2023-10-07 04:18:30.351035104
63.0,57900.0,Male,46200.0,London,Bachelor,Married,2023-10-07 05:10:55.625562556
66.0,59100.0,Female,32800.0,London,High School,Single,2023-10-07 06:03:20.900090008
69.0,43500.0,Male,33800.0,Berlin,High School,Married,2023-10-07 06:55:46.174617460
67.0,27600.0,Female,15400.0,Rome,Bachelor,Single,2023-10-07 07:48:11.449144912
60.0,50100.0,Female,24100.0,Berlin,Bachelor,Single,2023-10-07 08:40:36.723672368
46.0,49900.0,Male,22300.0,Paris,Bachelor,Married,
38.0,33200.0,Male,24600.0,Berlin,High School,Single,2023-10-07 10:25:27.272727272
43.0,28200.0,Male,11600.0,London,High School,Married,2023-10-07 11:17:52.547254724
31.0,48700.0,Male,38300.0,London,High School,Married,2023-10-07 12:10:17.821782176
26.0,46500.0,Male,26400.0,Madrid,Bachelor,Married,2023-10-07 13:02:43.096309628
64.0,43700.0,Male,21800.0,Berlin,Master,Single,2023-10-07 13:55:08.370837084
29.0,48700.0,Male,31500.0,London,Bachelor,Divorced,2023-10-07 14:47:33.645364536
59.0,33500.0,Female,15200.0,Paris,Bachelor,Married,2023-10-07 15:39:58.919891988
68.0,,Female,18700.0,Madrid,High School,Single,2023-10-07 16:32:24.194419440
68.0,58000.0,Male,42400.0,Berlin,Bachelor,,2023-10-07 17:24:49.468946892
23.0,44800.0,Male,25500.0,Paris,Bachelor,Married,2023-10-07 18:17:14.743474348
,24900.0,,15100.0,Paris,High School,Single,2023-10-07 19:09:40.018001800
41.0,42900.0,Male,20200.0,Paris,Bachelor,Single,2023-10-07 20:02:05.292529252
44.0,33900.0,Female,14400.0,Paris,High School,Divorced,2023-10-07 20:54:30.567056704
55.0,54000.0,Female,29500.0,London,Bachelor,Single,2023-10-07 21:46:55.841584156
25.0,54800.0,Male,33000.0,Paris,High School,,
18.0,25100.0,Male,17700.0,Madrid,PhD,Single,2023-10-07 23:31:46.390639064
66.0,61400.0,Male,36900.0,Berlin,High School,Married,2023-10-08 00:24:11.665166516
66.0,,Female,23700.0,Paris,High School,Single,2023-10-08 01:16:36.939693968
41.0,73400.0,Male,32700.0,Paris,PhD,Single,2023-10-08 02:09:02.214221420
64.0,49300.0,Male,21000.0,Paris,High School,,2023-10-08 03:01:27.488748872
24.0,,Female,14500.0,Paris,Bachelor,Married,2023-10-08 03:53:52.763276328
36.0,32900.0,Female,23300.0,Paris,High School,Married,2023-10-08 04:46:18.037803780
39.0,,Female,38800.0,London,Bachelor,Single,2023-10-08 05:38:43.312331232
52.0,44100.0,Male,20100.0,Madrid,Bachelor,Single,2023-10-08 06:31:08.586858684
,48600.0,,20000.0,Madrid,Bachelor,Single,2023-10-08 07:23:33.861386136
46.0,74200.0,Male,,Berlin,High School,Married,2023-10-08 08:15:59.135913592
39.0,,Female,29300.0,London,Master,Married,2023-10-08 09:08:24.410441044
28.0,50900.0,Female,35700.0,Madrid,High School,Married,2023-10-08 10:00:49.684968496
37.0,71300.0,Female,34300.0,London,Bachelor,Married,2023-10-08 10:53:14.959495948
46.0,54100.0,Male,34300.0,Paris,High School,Single,2023-10-08 11:45:40.234023400
68.0,25900.0,Female,18200.0,London,PhD,Married,2023-10-08 12:38:05.508550852
58.0,57600.0,Male,28900.0,Madrid,Master,Single,2023-10-08 13:30:30.783078308
59.0,32600.0,Male,19900.0,Paris,High School,Single,2023-10-08 14:22:56.057605760
51.0,71100.0,Male,37400.0,Paris,Bachelor,Single,2023-10-08 15:15:21.332133212
18.0,37700.0,Male,18500.0,Paris,High School,,2023-10-08 16:07:46.606660664
48.0,94500.0,Male,74500.0,Paris,Master,Single,2023-10-08 17:00:11.881188116
47.0,72000.0,Female,55100.0,Paris,High School,Single,2023-10-08 17:52:37.155715572
65.0,38100.0,Female,22000.0,Paris,High School,Single,2023-10-08 18:45:02.430243024
35.0,50300.0,Male,22900.0,Madrid,High School,Single,2023-10-08 19:37:27.704770476
34.0,61300.0,Male,42400.0,Madrid,Bachelor,Married,2023-10-08 20:29:52.979297928
55.0,61800.0,Male,31000.0,Madrid,High School,Married,2023-10-08 21:22:18.253825380
31.0,56600.0,Male,26500.0,Paris,High School,Married,2023-10-08 22:14:43.528352836
40.0,68800.0,Male,38000.0,Paris,Bachelor,Married,2023-10-08 23:07:08.802880288
42.0,48200.0,Female,29500.0,Paris,High School,Single,2023-10-08 23:59:34.077407740
32.0,44500.0,Male,19500.0,Madrid,High School,,2023-10-09 00:51:59.351935192
63.0,44800.0,Female,28200.0,Paris,Bachelor,Divorced,2023-10-09 01:44:24.626462644
,62900.0,,25500.0,London,Master,Single,2023-10-09 02:36:49.900990096
,55500.0,,42000.0,Paris,Bachelor,Single,2023-10-09 03:29:15.175517552
36.0,54400.0,Male,41800.0,Paris,Bachelor,Single,2023-10-09 04:21:40.450045004
61.0,61900.0,Female,42900.0,Paris,High School,Married,2023-10-09 05:14:05.724572456
51.0,19200.0,Male,11300.0,Berlin,Master,Married,2023-10-09 06:06:30.999099908
52.0,54700.0,Female,27500.0,Paris,High School,Widowed,2023-10-09 06:58:56.273627360
,53300.0,,37200.0,Paris,High School,Married,2023-10-09 07:51:21.548154816
18.0,75000.0,Male,58000.0,Paris,High School,,2023-10-09 08:43:46.822682268
69.0,27100.0,Female,12600.0,London,Bachelor,Married,2023-10-09 09:36:12.097209720
38.0,73400.0,Male,43000.0,London,Bachelor,Widowed,2023-10-09 10:28:37.371737172
46.0,51100.0,Female,26900.0,Madrid,Master,Married,2023-10-09 11:21:02.646264624
23.0,57300.0,Male,31100.0,London,High School,Single,2023-10-09 12:13:27.920792076
54.0,75100.0,Female,42200.0,Paris,Master,Single,2023-10-09 13:05:53.195319532
18.0,58400.0,Male,45600.0,London,Bachelor,Single,2023-10-09 13:58:18.469846984
68.0,56000.0,Female,28200.0,London,High School,Divorced,2023-10-09 14:50:43.744374436
18.0,53600.0,Male,32000.0,Berlin,Bachelor,Married,2023-10-09 15:43:09.018901888
44.0,42700.0,Male,33300.0,Madrid,Bachelor,Married,2023-10-09 16:35:34.293429340
38.0,49600.0,Male,29300.0,Berlin,High School,Single,
33.0,39300.0,Female,29300.0,Paris,High School,Divorced,2023-10-09 18:20:24.842484248
61.0,49300.0,Male,20900.0,Paris,Master,Single,2023-10-09 19:12:50.117011700
57.0,15000.0,Male,11700.0,Madrid,High School,Single,2023-10-09 20:05:15.391539152
43.0,56400.0,Female,26800.0,Paris,PhD,Single,2023-10-09 20:57:40.666066604
33.0,48200.0,Female,38200.0,Berlin,Bachelor,Single,2023-10-09 21:50:05.940594060
45.0,45000.0,Male,21200.0,Rome,Bachelor,Widowed,2023-10-09 22:42:31.215121512
18.0,53300.0,Female,30800.0,London,High School,Single,2023-10-09 23:34:56.489648964
53.0,28500.0,Male,14900.0,London,High School,Single,2023-10-10 00:27:21.764176416
27.0,,Female,45200.0,London,Bachelor,Divorced,2023-10-10 01:19:47.038703868
60.0,48500.0,Female,24300.0,Paris,High School,Married,2023-10-10 02:12:12.313231320
34.0,47800.0,Male,37600.0,London,High School,Single,2023-10-10 03:04:37.587758776
40.0,35500.0,Male,18500.0,Paris,High School,Single,2023-10-10 03:57:02.862286228
24.0,50400.0,Male,33300.0,Paris,High School,Married,2023-10-10 04:49:28.136813680
61.0,70800.0,Male,32200.0,London,High School,Single,2023-10-10 05:41:53.411341132
24.0,65500.0,Female,47800.0,London,High School,Single,2023-10-10 06:34:18.685868584
61.0,62800.0,Male,38700.0,Berlin,Bachelor,Single,2023-10-10 07:26:43.960396040
32.0,58200.0,Female,46100.0,Madrid,Bachelor,Married,2023-10-10 08:19:09.234923492
51.0,44600.0,Male,25400.0,Paris,Master,Married,2023-10-10 09:11:34.509450944
63.0,28200.0,Female,13500.0,Berlin,High School,Married,2023-10-10 10:03:59.783978396
62.0,47000.0,Female,25300.0,Paris,Bachelor,Married,2023-10-10 10:56:25.058505848
21.0,,Female,32300.0,London,Bachelor,Married,2023-10-10 11:48:50.333033304
,65700.0,,43600.0,Madrid,Bachelor,,2023-10-10 12:41:15.607560756
31.0,54600.0,Male,38800.0,Paris,Bachelor,Married,2023-10-10 13:33:40.882088208
33.0,74200.0,Male,31900.0,London,Bachelor,Married,2023-10-10 14:26:06.156615660
24.0,68000.0,Male,43000.0,London,High School,Divorced,2023-10-10 15:18:31.431143112
49.0,43200.0,Male,33400.0,Berlin,High School,Married,2023-10-10 16:10:56.705670564
36.0,23100.0,Female,10200.0,London,High School,Married,2023-10-10 17:03:21.980198020
19.0,70800.0,Male,,Berlin,High School,Married,2023-10-10 17:55:47.254725472
27.0,70400.0,Male,48300.0,Paris,Bachelor,Single,2023-10-10 18:48:12.529252924
67.0,29500.0,Male,15500.0,Berlin,Bachelor,Married,2023-10-10 19:40:37.803780376
34.0,72600.0,Male,48200.0,London,Bachelor,Divorced,2023-10-10 20:33:03.078307828
54.0,55700.0,Male,34400.0,London,High School,Single,2023-10-10 21:25:28.352835284
29.0,52400.0,Female,41600.0,Paris,Bachelor,Married,2023-10-10 22:17:53.627362736
23.0,74200.0,Male,56100.0,Paris,High School,Single,2023-10-10 23:10:18.901890188
39.0,,Female,47100.0,Paris,High School,Married,2023-10-11 00:02:44.176417640
49.0,59800.0,Male,30200.0,Paris,Bachelor,Married,2023-10-11 00:55:09.450945092
58.0,,Female,28800.0,Paris,Bachelor,Married,2023-10-11 01:47:34.725472548
37.0,59200.0,Male,44600.0,Berlin,Bachelor,Single,
18.0,44000.0,Female,27900.0,Madrid,High School,Married,2023-10-11 03:32:25.274527452
64.0,49200.0,Male,35200.0,Berlin,Master,Single,2023-10-11 04:24:50.549054904
23.0,36500.0,Male,21200.0,Berlin,Master,Married,2023-10-11 05:17:15.823582356
36.0,45000.0,Male,19900.0,Paris,Bachelor,Married,2023-10-11 06:09:41.098109808
35.0,44500.0,Female,23700.0,London,PhD,Married,2023-10-11 07:02:06.372637264
23.0,40500.0,Female,18800.0,Madrid,High School,Single,2023-10-11 07:54:31.647164716
62.0,52100.0,Male,37100.0,Berlin,High School,Married,2023-10-11 08:46:56.921692168
50.0,45100.0,Male,30700.0,Paris,Master,Married,2023-10-11 09:39:22.196219620
40.0,57500.0,Male,25000.0,London,High School,Single,2023-10-11 10:31:47.470747072
40.0,25700.0,Male,16700.0,Paris,High School,Single,2023-10-11 11:24:12.745274528
43.0,48300.0,Male,36200.0,Paris,High School,,2023-10-11 12:16:38.019801980
30.0,52000.0,Male,35300.0,London,High School,Divorced,2023-10-11 13:09:03.294329432
24.0,,Female,27400.0,Madrid,High School,Married,2023-10-11 14:01:28.568856884
32.0,47400.0,Female,24900.0,London,Bachelor,Married,
61.0,26200.0,Male,19800.0,Paris,High School,Divorced,2023-10-11 15:46:19.117911788
44.0,55300.0,Male,31500.0,London,High School,Single,2023-10-11 16:38:44.392439244
43.0,59700.0,Male,44300.0,Berlin,Bachelor,Married,2023-10-11 17:31:09.666966696
50.0,57400.0,Male,40900.0,Paris,Bachelor,Married,2023-10-11 18:23:34.941494148
32.0,65600.0,Male,47700.0,London,Bachelor,Widowed,2023-10-11 19:16:00.216021600
53.0,53000.0,Male,42200.0,Paris,Master,Single,2023-10-11 20:08:25.490549052
62.0,57200.0,Female,40000.0,London,High School,Single,2023-10-11 21:00:50.765076508
44.0,,Female,21600.0,Paris,High School,Single,2023-10-11 21:53:16.039603960
22.0,60300.0,Male,29100.0,Madrid,Bachelor,Single,2023-10-11 22:45:41.314131412
19.0,26300.0,Male,10900.0,Paris,High School,Married,2023-10-11 23:38:06.588658864
50.0,36600.0,Female,17400.0,Paris,Bachelor,Single,2023-10-12 00:30:31.863186316
33.0,73800.0,Female,31300.0,Paris,High School,Single,2023-10-12 01:22:57.137713772
40.0,13100.0,Male,7900.0,London,High School,Widowed,
55.0,,Female,19700.0,Berlin,High School,Widowed,2023-10-12 03:07:47.686768676
33.0,67600.0,Male,39800.0,Paris,High School,Single,2023-10-12 04:00:12.961296128
31.0,48600.0,Male,36900.0,Paris,High School,Married,2023-10-12 04:52:38.235823580
46.0,43900.0,Male,30700.0,Berlin,High School,Divorced,2023-10-12 05:45:03.510351032
43.0,51900.0,Female,40400.0,Berlin,PhD,Single,2023-10-12 06:37:28.784878488
52.0,44700.0,Male,21900.0,Berlin,Master,Single,2023-10-12 07:29:54.059405940
32.0,50500.0,Male,30900.0,London,Bachelor,Single,2023-10-12 08:22:19.333933392
20.0,39700.0,Female,20900.0,Berlin,Master,Single,2023-10-12 09:14:44.608460844
40.0,66600.0,Female,39800.0,Paris,Bachelor,Married,2023-10-12 10:07:09.882988296
46.0,71300.0,Female,44400.0,London,High School,Single,2023-10-12 10:59:35.157515752
51.0,48000.0,Male,19900.0,Berlin,Bachelor,Married,2023-10-12 11:52:00.432043204
50.0,29200.0,Female,14400.0,Paris,High School,,2023-10-12 12:44:25.706570656
58.0,42100.0,Male,28700.0,London,Bachelor,Single,2023-10-12 13:36:50.981098108
58.0,47200.0,Male,33500.0,Berlin,High School,Single,2023-10-12 14:29:16.255625560
40.0,57600.0,Male,36200.0,London,Master,Single,2023-10-12 15:21:41.530153016
24.0,34900.0,Male,17700.0,London,Bachelor,Married,2023-10-12 16:14:06.804680468
20.0,38500.0,Male,21600.0,Paris,High School,Married,2023-10-12 17:06:32.079207920
49.0,57700.0,Female,25300.0,Paris,Master,,2023-10-12 17:58:57.353735372
48.0,64100.0,Male,50100.0,Paris,Master,Single,2023-10-12 18:51:22.628262824
35.0,40700.0,Male,30400.0,Madrid,Master,Married,2023-10-12 19:43:47.902790276
60.0,30000.0,Male,12800.0,Madrid,Bachelor,Single,2023-10-12 20:36:13.177317732
24.0,99300.0,Male,46300.0,Paris,Bachelor,Married,2023-10-12 21:28:38.451845184
58.0,61700.0,Male,39000.0,Paris,High School,Married,2023-10-12 22:21:03.726372636
18.0,46000.0,Female,22700.0,Paris,High School,Married,2023-10-12 23:13:29.000900088
31.0,63000.0,Female,48700.0,Paris,High School,Single,2023-10-13 00:05:54.275427540
69.0,48100.0,Female,33800.0,Paris,High School,Divorced,2023-10-13 00:58:19.549954996
49.0,63000.0,Male,32100.0,Paris,High School,Single,2023-10-13 01:50:44.824482448
23.0,52400.0,Male,21100.0,Berlin,Bachelor,Single,2023-10-13 02:43:10.099009900
56.0,51400.0,Male,37000.0,Berlin,High School,Single,2023-10-13 03:35:35.373537352
27.0,48300.0,Female,27500.0,Paris,High School,,2023-10-13 04:28:00.648064804
24.0,28300.0,Male,18600.0,London,Bachelor,Single,2023-10-13 05:20:25.922592256
43.0,79100.0,Male,40700.0,London,High School,Divorced,2023-10-13 06:12:51.197119712
51.0,35900.0,Male,16400.0,Paris,High School,Single,2023-10-13 07:05:16.471647164
47.0,29600.0,Male,19800.0,Berlin,High School,Single,2023-10-13 07:57:41.746174616
53.0,46800.0,Male,27200.0,Paris,High School,Married,2023-10-13 08:50:07.020702068
38.0,35600.0,Male,17600.0,Paris,PhD,Married,2023-10-13 09:42:32.295229520
34.0,49200.0,Female,22400.0,Paris,Bachelor,Married,2023-10-13 10:34:57.569756976
50.0,60300.0,Female,38100.0,Madrid,High School,Single,2023-10-13 11:27:22.844284428
27.0,64900.0,Male,44800.0,London,High School,Divorced,2023-10-13 12:19:48.118811880
68.0,62200.0,Male,31900.0,London,High School,,2023-10-13 13:12:13.393339332
64.0,45400.0,Female,31500.0,Berlin,Bachelor,Single,
59.0,50700.0,Male,24000.0,Paris,PhD,Single,2023-10-13 14:57:03.942394240
68.0,56100.0,Male,30000.0,Madrid,High School,Single,2023-10-13 15:49:29.216921692
29.0,23600.0,Female,16500.0,London,Bachelor,,2023-10-13 16:41:54.491449144
33.0,58600.0,Male,38900.0,London,High School,Married,2023-10-13 17:34:19.765976596
58.0,28100.0,Male,14300.0,Berlin,Bachelor,Widowed,
49.0,80600.0,Male,36200.0,London,High School,Married,2023-10-13 19:19:10.315031500
32.0,43900.0,Male,18300.0,Madrid,High School,Single,2023-10-13 20:11:35.589558956
44.0,47200.0,Male,34700.0,Berlin,Bachelor,Married,2023-10-13 21:04:00.864086408
45.0,38500.0,Male,16600.0,Paris,High School,Single,2023-10-13 21:56:26.138613860
34.0,40600.0,Male,18100.0,Paris,Bachelor,Married,2023-10-13 22:48:51.413141312
63.0,84100.0,Male,41600.0,Paris,Master,Single,2023-10-13 23:41:16.687668764
67.0,64100.0,Male,37100.0,Paris,High School,Single,2023-10-14 00:33:41.962196220
19.0,26800.0,Male,19200.0,Paris,High School,,
53.0,72600.0,Male,36200.0,Paris,High School,Married,
67.0,67900.0,Male,41900.0,Paris,High School,Single,2023-10-14 03:10:57.785778576
24.0,45800.0,Male,20000.0,Berlin,Bachelor,Married,2023-10-14 04:03:23.060306028
30.0,54600.0,Male,32000.0,Berlin,High School,Divorced,2023-10-14 04:55:48.334833484
32.0,49800.0,Male,23500.0,Paris,Bachelor,Single,2023-10-14 05:48:13.609360936
42.0,79600.0,Male,38600.0,Paris,Bachelor,Married,2023-10-14 06:40:38.883888388
40.0,38100.0,Male,20800.0,Paris,High School,Single,2023-10-14 07:33:04.158415840
39.0,52200.0,Male,36800.0,Madrid,Bachelor,Married,2023-10-14 08:25:29.432943292
43.0,43600.0,Female,30400.0,London,Master,Married,2023-10-14 09:17:54.707470744
50.0,28500.0,Male,16100.0,Rome,High School,Single,2023-10-14 10:10:19.981998200
28.0,82900.0,Male,37100.0,Madrid,Bachelor,Single,2023-10-14 11:02:45.256525652
27.0,32300.0,Male,16500.0,Madrid,Bachelor,Married,2023-10-14 11:55:10.531053104
42.0,53300.0,Female,32100.0,Paris,Bachelor,Married,
,23900.0,,17900.0,London,High School,Single,2023-10-14 13:40:01.080108008
65.0,44000.0,Male,34600.0,Rome,Master,Single,2023-10-14 14:32:26.354635464
60.0,56300.0,Male,36900.0,Paris,Bachelor,Married,2023-10-14 15:24:51.629162916
,37600.0,,20300.0,London,High School,,
58.0,,Female,39800.0,Paris,Bachelor,Single,2023-10-14 17:09:42.178217820
62.0,46000.0,Female,24600.0,Paris,Master,Single,2023-10-14 18:02:07.452745272
41.0,67400.0,Male,43800.0,Madrid,Master,Single,2023-10-14 18:54:32.727272728
57.0,70400.0,Male,35000.0,London,Master,Married,2023-10-14 19:46:58.001800180
63.0,41200.0,Female,20900.0,Berlin,High School,Married,2023-10-14 20:39:23.276327632
50.0,51200.0,Male,22000.0,London,High School,Single,2023-10-14 21:31:48.550855084
34.0,52800.0,Male,30000.0,London,Bachelor,Single,2023-10-14 22:24:13.825382536
41.0,59300.0,Female,38400.0,Berlin,High School,Single,2023-10-14 23:16:39.099909988
54.0,50200.0,Male,35900.0,Rome,Bachelor,Married,2023-10-15 00:09:04.374437444
19.0,52900.0,Female,38300.0,Rome,High School,Divorced,2023-10-15 01:01:29.648964896
49.0,46300.0,Male,36900.0,Berlin,High School,Married,2023-10-15 01:53:54.923492348
41.0,51700.0,Male,22500.0,London,Bachelor,Single,2023-10-15 02:46:20.198019800
26.0,69500.0,Male,41500.0,Paris,High School,Single,2023-10-15 03:38:45.472547252
21.0,,Female,36300.0,Paris,High School,Single,2023-10-15 04:31:10.747074708
34.0,60500.0,Male,43700.0,Paris,Master,,2023-10-15 05:23:36.021602160
34.0,60800.0,Male,30800.0,Paris,Bachelor,Single,2023-10-15 06:16:01.296129612
67.0,47700.0,Female,20400.0,Paris,Bachelor,Divorced,2023-10-15 07:08:26.570657064
,54800.0,,28800.0,Paris,Bachelor,Single,2023-10-15 08:00:51.845184516
47.0,33700.0,Male,26700.0,Paris,High School,Single,2023-10-15 08:53:17.119711968
57.0,69000.0,Male,52400.0,London,High School,,2023-10-15 09:45:42.394239424
28.0,8300.0,Male,4600.0,Paris,High School,,2023-10-15 10:38:07.668766876
38.0,48700.0,Male,36500.0,Berlin,Master,Single,2023-10-15 11:30:32.943294328
38.0,67100.0,Male,27700.0,Paris,High School,Single,2023-10-15 12:22:58.217821780
35.0,,Female,15500.0,London,Bachelor,Single,2023-10-15 13:15:23.492349232
46.0,56000.0,Male,38700.0,Madrid,High School,Married,2023-10-15 14:07:48.766876688
41.0,,Female,19400.0,Paris,Bachelor,Widowed,2023-10-15 15:00:14.041404140
27.0,44500.0,Male,21300.0,Rome,High School,Married,2023-10-15 15:52:39.315931592
62.0,64200.0,Female,47800.0,London,Bachelor,Single,2023-10-15 16:45:04.590459044
,53000.0,,34300.0,Paris,Master,Married,2023-10-15 17:37:29.864986496
35.0,19500.0,Male,15500.0,Paris,Bachelor,Single,2023-10-15 18:29:55.139513952
59.0,35400.0,Male,16100.0,Madrid,Bachelor,Married,2023-10-15 19:22:20.414041404
65.0,64600.0,Male,35000.0,London,Bachelor,Single,2023-10-15 20:14:45.688568856
37.0,56700.0,Male,29700.0,Paris,Bachelor,Single,2023-10-15 21:07:10.963096308
,76200.0,,,Madrid,High School,Married,2023-10-15 21:59:36.237623760
62.0,75200.0,Male,37800.0,Berlin,High School,Single,2023-10-15 22:52:01.512151212
35.0,44900.0,Male,24300.0,Berlin,Bachelor,Married,2023-10-15 23:44:26.786678668
34.0,87500.0,Male,40000.0,Madrid,Master,Divorced,2023-10-16 00:36:52.061206120
26.0,,Female,35800.0,Berlin,Bachelor,Single,2023-10-16 01:29:17.335733572
31.0,,Female,17600.0,Paris,Bachelor,Single,2023-10-16 02:21:42.610261024
66.0,40500.0,Male,17300.0,London,Bachelor,Married,2023-10-16 03:14:07.884788476
46.0,16100.0,Male,9200.0,Berlin,PhD,Married,2023-10-16 04:06:33.159315932
48.0,74100.0,Male,41200.0,Paris,Bachelor,Single,2023-10-16 04:58:58.433843384
21.0,73900.0,Female,34800.0,Paris,Bachelor,Single,2023-10-16 05:51:23.708370836
35.0,,Female,15800.0,Paris,High School,Married,2023-10-16 06:43:48.982898288
37.0,46600.0,Male,35400.0,Paris,High School,Single,2023-10-16 07:36:14.257425740
64.0,51400.0,Male,22000.0,Paris,High School,,2023-10-16 08:28:39.531953196
60.0,35600.0,Male,15700.0,Berlin,Master,Single,2023-10-16 09:21:04.806480648
,23700.0,,11800.0,Berlin,High School,Single,2023-10-16 10:13:30.081008100
26.0,46800.0,Male,36600.0,Paris,Bachelor,Married,2023-10-16 11:05:55.355535552
30.0,45200.0,Male,19600.0,Berlin,PhD,Single,2023-10-16 11:58:20.630063004
32.0,44200.0,Male,32100.0,London,Master,Single,2023-10-16 12:50:45.904590456
44.0,53300.0,Male,40300.0,Paris,Bachelor,Single,2023-10-16 13:43:11.179117912
32.0,71400.0,Female,39400.0,Paris,High School,Single,2023-10-16 14:35:36.453645364
45.0,45500.0,Male,23500.0,Paris,High School,Single,2023-10-16 15:28:01.728172816
54.0,52600.0,Male,35300.0,Berlin,High School,Single,2023-10-16 16:20:27.002700268
,60900.0,,41500.0,Paris,Bachelor,Single,
43.0,58300.0,Male,41500.0,Paris,High School,Divorced,2023-10-16 18:05:17.551755176
69.0,40800.0,Female,29900.0,Paris,High School,Married,2023-10-16 18:57:42.826282628
,51400.0,,26100.0,Madrid,Bachelor,,2023-10-16 19:50:08.100810080
42.0,58200.0,Male,39300.0,Berlin,High School,Single,2023-10-16 20:42:33.375337532
43.0,33100.0,Male,15000.0,London,Bachelor,Married,2023-10-16 21:34:58.649864984
43.0,69000.0,Male,41700.0,Madrid,Bachelor,Single,2023-10-16 22:27:23.924392436
63.0,71500.0,Female,46100.0,Paris,Bachelor,Single,2023-10-16 23:19:49.198919892
45.0,39200.0,Male,18200.0,London,PhD,Single,2023-10-17 00:12:14.473447344
66.0,52900.0,Male,22800.0,Paris,High School,Married,2023-10-17 01:04:39.747974796
35.0,59600.0,Male,28500.0,Paris,High School,Single,2023-10-17 01:57:05.022502248
49.0,41800.0,Male,23800.0,Berlin,High School,,2023-10-17 02:49:30.297029700
20.0,57200.0,Male,43200.0,Berlin,Bachelor,Single,2023-10-17 03:41:55.571557156
19.0,52400.0,Male,32100.0,Paris,Master,Single,2023-10-17 04:34:20.846084608
50.0,28000.0,Male,19600.0,Paris,Master,Single,2023-10-17 05:26:46.120612060
59.0,56900.0,Female,26700.0,Paris,PhD,Single,2023-10-17 06:19:11.395139512
36.0,33500.0,Male,14800.0,Berlin,Bachelor,Married,2023-10-17 07:11:36.669666964
34.0,64100.0,Male,31800.0,Paris,Bachelor,Married,2023-10-17 08:04:01.944194420
61.0,39900.0,Male,21000.0,London,Bachelor,Single,2023-10-17 08:56:27.218721872
50.0,47600.0,Male,29500.0,Madrid,High School,Single,
29.0,70600.0,Male,53100.0,Paris,High School,Single,2023-10-17 10:41:17.767776776
66.0,57400.0,Male,32700.0,Madrid,High School,,2023-10-17 11:33:43.042304228
,33800.0,,20500.0,Paris,High School,,
60.0,34800.0,Female,14000.0,London,High School,Single,2023-10-17 13:18:33.591359136
66.0,41000.0,Male,16900.0,Berlin,Master,Divorced,2023-10-17 14:10:58.865886588
43.0,55900.0,Female,24200.0,London,Bachelor,Single,2023-10-17 15:03:24.140414040
52.0,55400.0,Female,37600.0,Paris,Bachelor,Married,2023-10-17 15:55:49.414941492
25.0,,Female,22200.0,Madrid,High School,Divorced,2023-10-17 16:48:14.689468944
69.0,32500.0,Male,15500.0,Paris,Bachelor,Divorced,2023-10-17 17:40:39.963996400
53.0,54200.0,Female,34500.0,London,Bachelor,Single,2023-10-17 18:33:05.238523852
24.0,47300.0,Female,29200.0,Paris,High School,Single,2023-10-17 19:25:30.513051304
63.0,82400.0,Male,35900.0,London,Bachelor,Married,2023-10-17 20:17:55.787578756
63.0,50500.0,Male,33100.0,London,Master,Single,2023-10-17 21:10:21.062106208
53.0,77200.0,Male,54600.0,London,Bachelor,Married,2023-10-17 22:02:46.336633664
33.0,32400.0,Male,16700.0,Paris,High School,Married,2023-10-17 22:55:11.611161116
41.0,26400.0,Male,17800.0,London,High School,,2023-10-17 23:47:36.885688568
18.0,33200.0,Male,15900.0,Paris,High School,Single,2023-10-18 00:40:02.160216020
66.0,,Female,47600.0,Paris,Master,Married,2023-10-18 01:32:27.434743472
42.0,76300.0,Male,58300.0,London,Master,Single,2023-10-18 02:24:52.709270924
27.0,38300.0,Female,22100.0,London,High School,Married,
33.0,43100.0,Male,21500.0,Paris,Bachelor,Single,2023-10-18 04:09:43.258325832
33.0,32500.0,Male,18200.0,London,High School,Married,2023-10-18 05:02:08.532853284
25.0,22800.0,Male,11400.0,London,Bachelor,Married,2023-10-18 05:54:33.807380736
46.0,60800.0,Male,24400.0,Paris,Master,Married,2023-10-18 06:46:59.081908188
56.0,53300.0,Female,35200.0,London,Bachelor,Married,2023-10-18 07:39:24.356435644
45.0,50200.0,Male,20900.0,Rome,High School,Single,2023-10-18 08:31:49.630963096
23.0,29000.0,Male,14000.0,London,High School,Single,2023-10-18 09:24:14.905490548
33.0,,Female,51400.0,Berlin,High School,,2023-10-18 10:16:40.180018000
37.0,42400.0,Male,28300.0,Paris,Master,Single,2023-10-18 11:09:05.454545452
33.0,,Female,24900.0,Berlin,Master,Married,2023-10-18 12:01:30.729072908
24.0,28200.0,Male,18700.0,London,Master,Married,2023-10-18 12:53:56.003600360
58.0,47100.0,Male,36400.0,London,High School,Widowed,2023-10-18 13:46:21.278127812
31.0,54400.0,Male,23400.0,Madrid,Bachelor,Single,2023-10-18 14:38:46.552655264
60.0,54900.0,Female,31100.0,Paris,High School,Widowed,2023-10-18 15:31:11.827182716
43.0,52300.0,Male,36200.0,Paris,High School,Single,2023-10-18 16:23:37.101710168
43.0,57400.0,Female,38300.0,Paris,Bachelor,Married,2023-10-18 17:16:02.376237624
31.0,,Female,16200.0,Berlin,High School,Widowed,2023-10-18 18:08:27.650765076
24.0,53000.0,Male,24700.0,Berlin,High School,Married,2023-10-18 19:00:52.925292528
50.0,51700.0,Male,36900.0,London,High School,Single,2023-10-18 19:53:18.199819980
43.0,53500.0,Female,41900.0,Paris,Bachelor,Married,2023-10-18 20:45:43.474347432
62.0,51100.0,Male,36100.0,London,High School,Married,2023-10-18 21:38:08.748874888
37.0,30900.0,Male,24300.0,Paris,High School,Divorced,2023-10-18 22:30:34.023402340
20.0,30200.0,Male,19400.0,Paris,High School,Single,2023-10-18 23:22:59.297929792
69.0,16800.0,Female,13000.0,Paris,High School,Married,2023-10-19 00:15:24.572457244
,62300.0,,42100.0,London,Bachelor,Divorced,2023-10-19 01:07:49.846984696
43.0,62400.0,Male,47600.0,London,Master,Single,2023-10-19 02:00:15.121512148
28.0,62700.0,Male,29100.0,Paris,High School,Single,2023-10-19 02:52:40.396039604
19.0,54600.0,Female,39700.0,London,PhD,Widowed,2023-10-19 03:45:05.670567056
31.0,18000.0,Male,8600.0,Madrid,High School,Single,2023-10-19 04:37:30.945094508
61.0,34600.0,Female,14200.0,Paris,High School,Married,2023-10-19 05:29:56.219621960
47.0,52600.0,Male,31900.0,London,Bachelor,Married,2023-10-19 06:22:21.494149412
66.0,,Female,27400.0,London,Bachelor,Single,2023-10-19 07:14:46.768676868
29.0,46700.0,Female,19500.0,Madrid,High School,Married,2023-10-19 08:07:12.043204320
43.0,55500.0,Male,44000.0,London,High School,Single,2023-10-19 08:59:37.317731772
61.0,50200.0,Male,33500.0,London,Bachelor,Married,2023-10-19 09:52:02.592259224
50.0,51800.0,Male,39400.0,Berlin,PhD,Married,2023-10-19 10:44:27.866786676
30.0,40400.0,Male,32300.0,Paris,PhD,,2023-10-19 11:36:53.141314132
31.0,64700.0,Male,36000.0,London,Bachelor,Single,2023-10-19 12:29:18.415841584
41.0,43500.0,Male,21800.0,London,Bachelor,Married,2023-10-19 13:21:43.690369036
51.0,30000.0,Male,14200.0,London,Master,Single,2023-10-19 14:14:08.964896488
61.0,38400.0,Male,23300.0,Paris,Bachelor,Single,2023-10-19 15:06:34.239423940
43.0,44800.0,Female,28800.0,Paris,PhD,,2023-10-19 15:58:59.513951392
38.0,64900.0,Male,38200.0,Paris,Master,Married,
45.0,49400.0,Male,27400.0,Berlin,Bachelor,Single,
65.0,47200.0,Male,22100.0,Madrid,High School,,2023-10-19 18:36:15.337533752
53.0,,Female,18100.0,Paris,Bachelor,Married,2023-10-19 19:28:40.612061204
57.0,61800.0,Male,26800.0,Paris,Master,Single,2023-10-19 20:21:05.886588656
19.0,40200.0,Male,30000.0,Rome,High School,Married,
59.0,48500.0,Male,20300.0,London,High School,Married,2023-10-19 22:05:56.435643564
26.0,72200.0,Female,39900.0,Madrid,High School,Single,2023-10-19 22:58:21.710171016
40.0,57600.0,Female,25300.0,Paris,PhD,Single,2023-10-19 23:50:46.984698468
,25600.0,,18200.0,Berlin,Bachelor,Single,2023-10-20 00:43:12.259225920
30.0,23500.0,Male,12300.0,Berlin,High School,,2023-10-20 01:35:37.533753376
40.0,49000.0,Male,21800.0,Paris,High School,,2023-10-20 02:28:02.808280828
34.0,31800.0,Female,19500.0,Paris,Bachelor,Single,2023-10-20 03:20:28.082808280
65.0,59700.0,Male,45800.0,Paris,Bachelor,Single,2023-10-20 04:12:53.357335732
19.0,50600.0,Male,38600.0,Paris,High School,Married,2023-10-20 05:05:18.631863184
37.0,52500.0,Male,26200.0,Rome,PhD,,2023-10-20 05:57:43.906390636
37.0,39400.0,Female,27100.0,Paris,Bachelor,Single,2023-10-20 06:50:09.180918092
63.0,76100.0,Male,31400.0,Berlin,Bachelor,Single,2023-10-20 07:42:34.455445544
20.0,92600.0,Male,41900.0,Berlin,Master,Married,2023-10-20 08:34:59.729972996
29.0,45800.0,Male,27500.0,Paris,High School,Divorced,2023-10-20 09:27:25.004500448
57.0,55300.0,Male,27200.0,London,Bachelor,Single,2023-10-20 10:19:50.279027900
19.0,51500.0,Male,37000.0,Paris,Bachelor,Single,2023-10-20 11:12:15.553555356
53.0,46100.0,Male,35600.0,Paris,PhD,Single,2023-10-20 12:04:40.828082808
31.0,37500.0,Male,15100.0,Rome,High School,Single,2023-10-20 12:57:06.102610260
33.0,33700.0,Male,16600.0,Paris,Bachelor,Single,2023-10-20 13:49:31.377137712
36.0,33000.0,Male,19000.0,Paris,Bachelor,Single,2023-10-20 14:41:56.651665164
51.0,56100.0,Male,35100.0,Berlin,Master,Single,2023-10-20 15:34:21.926192616
61.0,42200.0,Male,32300.0,London,Master,Single,2023-10-20 16:26:47.200720072
63.0,11300.0,Male,8600.0,London,High School,Single,2023-10-20 17:19:12.475247524
23.0,56700.0,Male,37100.0,Madrid,High School,Married,2023-10-20 18:11:37.749774976
30.0,49400.0,Male,24800.0,Paris,High School,Married,2023-10-20 19:04:03.024302428
53.0,70200.0,Male,50100.0,Berlin,High School,Married,2023-10-20 19:56:28.298829880
39.0,55600.0,Male,26700.0,Madrid,Master,Single,2023-10-20 20:48:53.573357336
35.0,27800.0,Male,21900.0,Paris,High School,Single,2023-10-20 21:41:18.847884788
,16600.0,,6700.0,London,High School,Single,2023-10-20 22:33:44.122412240
69.0,39200.0,Male,24600.0,Paris,Master,Married,
47.0,40600.0,Male,17700.0,Paris,Master,Single,2023-10-21 00:18:34.671467144
68.0,64100.0,Male,36100.0,London,Bachelor,Single,
57.0,49900.0,Male,32600.0,London,Master,Single,2023-10-21 02:03:25.220522052
24.0,67000.0,Male,45300.0,Madrid,High School,,2023-10-21 02:55:50.495049504
49.0,30100.0,Female,21500.0,London,High School,Widowed,2023-10-21 03:48:15.769576956
65.0,64500.0,Male,41100.0,Madrid,High School,Married,2023-10-21 04:40:41.044104408
36.0,60800.0,Male,30400.0,Paris,Bachelor,Single,2023-10-21 05:33:06.318631860
23.0,19700.0,Female,14900.0,Paris,High School,Married,2023-10-21 06:25:31.593159316
,69800.0,,50600.0,Rome,High School,Married,2023-10-21 07:17:56.867686768
44.0,51400.0,Male,23900.0,Madrid,High School,Married,2023-10-21 08:10:22.142214220
60.0,55900.0,Male,40800.0,Paris,High School,Divorced,2023-10-21 09:02:47.416741672
54.0,37000.0,Male,29200.0,London,High School,Single,2023-10-21 09:55:12.691269124
65.0,69100.0,Male,45300.0,Paris,Master,Divorced,
24.0,32200.0,Male,16500.0,London,PhD,Divorced,2023-10-21 11:40:03.240324032
22.0,62500.0,Male,40200.0,Madrid,High School,,2023-10-21 12:32:28.514851484
28.0,62300.0,Female,33500.0,Berlin,High School,Married,2023-10-21 13:24:53.789378936
32.0,,Female,23700.0,Paris,Master,Single,2023-10-21 14:17:19.063906388
20.0,79800.0,Female,49300.0,Paris,High School,Married,2023-10-21 15:09:44.338433844
22.0,53500.0,Female,41300.0,Paris,Master,Married,2023-10-21 16:02:09.612961296
40.0,59800.0,Male,38700.0,Berlin,High School,Single,2023-10-21 16:54:34.887488748
54.0,27100.0,Male,13200.0,London,Bachelor,Single,2023-10-21 17:47:00.162016200
26.0,81800.0,Male,56400.0,Rome,Bachelor,Married,2023-10-21 18:39:25.436543652
32.0,,Female,16400.0,Berlin,High School,Widowed,2023-10-21 19:31:50.711071104
20.0,65400.0,Male,33300.0,Paris,High School,Single,2023-10-21 20:24:15.985598560
46.0,35100.0,Male,19500.0,Berlin,Master,Single,2023-10-21 21:16:41.260126012
23.0,40700.0,Female,16500.0,London,PhD,Married,2023-10-21 22:09:06.534653464
34.0,61800.0,Female,48700.0,Paris,Bachelor,Single,2023-10-21 23:01:31.809180916
43.0,65400.0,Female,40100.0,Paris,Master,Widowed,2023-10-21 23:53:57.083708368
38.0,30900.0,Male,21900.0,Rome,Master,Married,2023-10-22 00:46:22.358235824
25.0,66400.0,Male,33400.0,London,High School,Divorced,2023-10-22 01:38:47.632763276
38.0,65700.0,Male,45900.0,Berlin,High School,Married,2023-10-22 02:31:12.907290728
28.0,35900.0,Male,22500.0,London,High School,Married,2023-10-22 03:23:38.181818180
55.0,74000.0,Male,42200.0,Paris,High School,Single,2023-10-22 04:16:03.456345632
,28100.0,,22200.0,Berlin,Bachelor,Single,
59.0,40600.0,Male,24300.0,Berlin,High School,,2023-10-22 06:00:54.005400540
,57200.0,,37900.0,Paris,High School,Divorced,2023-10-22 06:53:19.279927992
52.0,37200.0,Female,15100.0,Paris,High School,Married,2023-10-22 07:45:44.554455444
31.0,,Female,28100.0,London,High School,Single,2023-10-22 08:38:09.828982896
31.0,53600.0,Male,40500.0,Paris,High School,Single,2023-10-22 09:30:35.103510348
27.0,47200.0,Male,33200.0,Berlin,High School,Single,2023-10-22 10:23:00.378037804
29.0,62500.0,Male,38400.0,Paris,Master,Married,2023-10-22 11:15:25.652565256
55.0,46600.0,Male,35400.0,Berlin,Bachelor,Single,2023-10-22 12:07:50.927092708
61.0,53500.0,Female,31800.0,London,Master,Single,2023-10-22 13:00:16.201620160
63.0,67200.0,Female,42100.0,Paris,Master,Married,2023-10-22 13:52:41.476147612
51.0,61900.0,Female,34200.0,Paris,Master,Single,2023-10-22 14:45:06.750675068
58.0,61800.0,Male,40000.0,Paris,High School,Single,
27.0,32800.0,Female,17300.0,Paris,Master,Single,2023-10-22 16:29:57.299729972
34.0,57900.0,Male,32100.0,Berlin,Bachelor,Divorced,2023-10-22 17:22:22.574257424
34.0,36800.0,Male,28900.0,Paris,High School,Single,2023-10-22 18:14:47.848784876
20.0,30800.0,Male,13700.0,London,Bachelor,Married,2023-10-22 19:07:13.123312328
48.0,48900.0,Female,21600.0,London,High School,Married,2023-10-22 19:59:38.397839784
68.0,36400.0,Male,15200.0,Paris,High School,Married,2023-10-22 20:52:03.672367236
18.0,61900.0,Male,32700.0,London,High School,Single,2023-10-22 21:44:28.946894688
29.0,62200.0,Male,34800.0,Berlin,High School,Single,2023-10-22 22:36:54.221422140
56.0,21500.0,Male,9400.0,Paris,Master,Single,2023-10-22 23:29:19.495949592
21.0,37600.0,Male,23300.0,London,High School,Single,2023-10-23 00:21:44.770477048
59.0,28100.0,Male,17800.0,Paris,Bachelor,Single,2023-10-23 01:14:10.045004500
30.0,43100.0,Male,30200.0,Paris,High School,Single,2023-10-23 02:06:35.319531952
51.0,56800.0,Male,44900.0,Paris,High School,Single,2023-10-23 02:59:00.594059404
59.0,46400.0,Male,30100.0,Paris,High School,Single,2023-10-23 03:51:25.868586856
38.0,41200.0,Male,18300.0,Berlin,Master,Married,
39.0,69500.0,Male,30300.0,London,PhD,Divorced,2023-10-23 05:36:16.417641764
21.0,15400.0,Female,10900.0,Paris,High School,Single,2023-10-23 06:28:41.692169216
35.0,68600.0,Male,45300.0,London,PhD,Single,2023-10-23 07:21:06.966696668
22.0,41800.0,Male,19400.0,London,Bachelor,Single,2023-10-23 08:13:32.241224120
36.0,48800.0,Male,24500.0,Paris,High School,Single,
19.0,42100.0,Male,29500.0,Berlin,High School,Single,2023-10-23 09:58:22.790279028
29.0,73100.0,Female,45800.0,Paris,Master,Single,2023-10-23 10:50:48.064806480
34.0,31500.0,Male,20000.0,Madrid,Bachelor,,2023-10-23 11:43:13.339333932
27.0,50200.0,Male,24300.0,Paris,Bachelor,Married,2023-10-23 12:35:38.613861384
51.0,57900.0,Male,37700.0,London,High School,Widowed,2023-10-23 13:28:03.888388836
23.0,25800.0,Male,18300.0,Madrid,High School,Single,2023-10-23 14:20:29.162916292
25.0,36200.0,Male,27300.0,Berlin,High School,Divorced,
68.0,47800.0,Female,33200.0,Paris,Bachelor,Married,2023-10-23 16:05:19.711971196
28.0,36700.0,Female,23100.0,London,Bachelor,Divorced,
,37800.0,,25300.0,Paris,Bachelor,Single,2023-10-23 17:50:10.261026100
26.0,44800.0,Male,26600.0,London,Bachelor,Married,2023-10-23 18:42:35.535553556
19.0,,Female,29300.0,Berlin,High School,Married,2023-10-23 19:35:00.810081008
25.0,44900.0,Male,33800.0,London,High School,Married,
28.0,66200.0,Male,40600.0,Paris,Master,Married,2023-10-23 21:19:51.359135912
,35000.0,,22300.0,London,High School,Married,2023-10-23 22:12:16.633663364
27.0,31200.0,Male,24800.0,Paris,Bachelor,Widowed,2023-10-23 23:04:41.908190816
38.0,78900.0,Female,62600.0,Paris,High School,Married,2023-10-23 23:57:07.182718272
,40100.0,,25400.0,London,High School,Divorced,2023-10-24 00:49:32.457245724
65.0,30300.0,Female,12500.0,London,High School,Single,2023-10-24 01:41:57.731773176
25.0,23900.0,Male,13300.0,London,Bachelor,Married,2023-10-24 02:34:23.006300628
53.0,66100.0,Female,51200.0,Paris,Bachelor,Single,2023-10-24 03:26:48.280828080
46.0,44900.0,Male,23100.0,Madrid,Bachelor,Single,2023-10-24 04:19:13.555355536
59.0,46200.0,Male,36900.0,London,Master,Divorced,2023-10-24 05:11:38.829882988
29.0,47600.0,Male,20600.0,Paris,High School,Divorced,2023-10-24 06:04:04.104410440
31.0,65200.0,Male,40900.0,Rome,High School,Married,2023-10-24 06:56:29.378937892
65.0,47300.0,Male,28700.0,Madrid,High School,Married,2023-10-24 07:48:54.653465344
67.0,85200.0,Female,,Paris,High School,Single,2023-10-24 08:41:19.927992796
38.0,52000.0,Male,40500.0,London,Master,Single,2023-10-24 09:33:45.202520252
39.0,65900.0,Male,42700.0,London,Master,Married,2023-10-24 10:26:10.477047704
38.0,62100.0,Female,30600.0,Paris,Bachelor,Single,2023-10-24 11:18:35.751575156
61.0,49500.0,Female,27400.0,Paris,Bachelor,Single,2023-10-24 12:11:01.026102608
67.0,41200.0,Male,28400.0,London,Master,Single,
47.0,55000.0,Male,28500.0,Paris,Bachelor,Single,2023-10-24 13:55:51.575157516
56.0,57700.0,Female,43400.0,Berlin,High School,,2023-10-24 14:48:16.849684968
37.0,41400.0,Female,19300.0,Paris,Bachelor,Single,2023-10-24 15:40:42.124212420
41.0,52500.0,Male,26600.0,Madrid,Bachelor,Divorced,2023-10-24 16:33:07.398739872
40.0,68500.0,Male,31400.0,Berlin,Bachelor,,2023-10-24 17:25:32.673267324
24.0,81000.0,Male,35800.0,Berlin,High School,Single,2023-10-24 18:17:57.947794780
26.0,62800.0,Female,32700.0,Paris,High School,Married,2023-10-24 19:10:23.222322232
18.0,77900.0,Male,62300.0,Berlin,High School,Single,2023-10-24 20:02:48.496849684
43.0,40600.0,Male,17800.0,London,High School,Married,2023-10-24 20:55:13.771377136
55.0,,Female,29400.0,London,High School,Single,2023-10-24 21:47:39.045904588
55.0,70100.0,Male,35700.0,Paris,High School,Married,2023-10-24 22:40:04.320432040
61.0,36600.0,Female,23700.0,Berlin,High School,Married,2023-10-24 23:32:29.594959496
39.0,42700.0,Male,29800.0,Paris,High School,Single,2023-10-25 00:24:54.869486948
61.0,76100.0,Male,53300.0,London,Master,Married,2023-10-25 01:17:20.144014400
27.0,35400.0,Male,14300.0,Berlin,High School,Married,2023-10-25 02:09:45.418541852
23.0,29900.0,Female,19800.0,London,High School,Married,2023-10-25 03:02:10.693069304
34.0,72900.0,Female,47600.0,Paris,High School,Single,2023-10-25 03:54:35.967596760
68.0,68000.0,Female,41300.0,Paris,High School,Married,2023-10-25 04:47:01.242124212
67.0,56500.0,Male,31200.0,London,Bachelor,Single,2023-10-25 05:39:26.516651664
55.0,49300.0,Male,35400.0,Paris,High School,Divorced,2023-10-25 06:31:51.791179116
41.0,43400.0,Male,23300.0,Paris,Bachelor,Divorced,2023-10-25 07:24:17.065706568
,54200.0,,26700.0,Paris,High School,Single,2023-10-25 08:16:42.340234024
27.0,73700.0,Male,38600.0,Berlin,High School,,2023-10-25 09:09:07.614761476
25.0,,Female,30900.0,Paris,Bachelor,Single,2023-10-25 10:01:32.889288928
38.0,82500.0,Male,40100.0,Madrid,Master,,2023-10-25 10:53:58.163816380
23.0,36500.0,Female,23500.0,London,High School,Single,2023-10-25 11:46:23.438343832
38.0,49700.0,Female,37500.0,Berlin,Master,Single,2023-10-25 12:38:48.712871284
56.0,44400.0,Male,28300.0,Paris,Master,Single,2023-10-25 13:31:13.987398740
41.0,33700.0,Female,19500.0,Madrid,High School,Married,2023-10-25 14:23:39.261926192
50.0,47700.0,Male,34300.0,Paris,Master,Single,2023-10-25 15:16:04.536453644
35.0,56300.0,Female,39400.0,Paris,Bachelor,Married,2023-10-25 16:08:29.810981096
45.0,57900.0,Male,31700.0,Paris,High School,Married,2023-10-25 17:00:55.085508548
69.0,82600.0,Male,53000.0,Paris,Master,Single,2023-10-25 17:53:20.360036004
49.0,57000.0,Male,39400.0,London,High School,Married,2023-10-25 18:45:45.634563456
29.0,67300.0,Female,33500.0,Berlin,High School,Single,2023-10-25 19:38:10.909090908
65.0,51000.0,Female,27900.0,Paris,High School,Divorced,2023-10-25 20:30:36.183618360
59.0,75200.0,Male,33300.0,Berlin,Bachelor,Single,
44.0,86000.0,Female,68400.0,Berlin,Bachelor,Divorced,2023-10-25 22:15:26.732673268
27.0,58000.0,Male,25200.0,Madrid,High School,Married,2023-10-25 23:07:52.007200720
63.0,,Female,16400.0,Paris,High School,Married,2023-10-26 00:00:17.281728172
69.0,41800.0,Male,24700.0,Paris,High School,Single,2023-10-26 00:52:42.556255624
59.0,54200.0,Male,40400.0,Paris,High School,Single,2023-10-26 01:45:07.830783076
49.0,56800.0,Male,30800.0,Paris,Master,Single,2023-10-26 02:37:33.105310528
59.0,60500.0,Male,42800.0,London,Bachelor,Single,2023-10-26 03:29:58.379837984
43.0,56900.0,Male,38100.0,London,High School,Single,2023-10-26 04:22:23.654365436
42.0,50100.0,Male,32800.0,Paris,High School,Single,2023-10-26 05:14:48.928892888
28.0,40500.0,Male,29900.0,London,High School,Single,2023-10-26 06:07:14.203420340
40.0,56000.0,Male,22700.0,Paris,High School,Single,2023-10-26 06:59:39.477947792
51.0,77800.0,Female,60000.0,Paris,Bachelor,Widowed,2023-10-26 07:52:04.752475248
69.0,65300.0,Male,47800.0,Paris,High School,Married,2023-10-26 08:44:30.027002700
57.0,58000.0,Male,45000.0,London,High School,Married,2023-10-26 09:36:55.301530152
40.0,65400.0,Male,46900.0,London,Bachelor,Single,2023-10-26 10:29:20.576057604
46.0,44400.0,Male,33400.0,Berlin,PhD,Single,2023-10-26 11:21:45.850585056
48.0,42400.0,Female,20400.0,Madrid,High School,Married,2023-10-26 12:14:11.125112508
24.0,,Female,20500.0,Berlin,High School,Married,2023-10-26 13:06:36.399639964
57.0,48100.0,Male,25300.0,Paris,PhD,Married,2023-10-26 13:59:01.674167416
50.0,43700.0,Male,19400.0,Paris,High School,Married,2023-10-26 14:51:26.948694868
38.0,68100.0,Female,47100.0,Madrid,Bachelor,Single,2023-10-26 15:43:52.223222320
19.0,42900.0,Female,19500.0,Berlin,Bachelor,Widowed,2023-10-26 16:36:17.497749772
35.0,38000.0,Male,16000.0,Berlin,High School,Married,2023-10-26 17:28:42.772277228
64.0,79100.0,Male,56200.0,Berlin,High School,Single,2023-10-26 18:21:08.046804680
50.0,43200.0,Male,32900.0,Paris,High School,Single,2023-10-26 19:13:33.321332132
54.0,52300.0,Male,36900.0,Berlin,Bachelor,Single,2023-10-26 20:05:58.595859584
51.0,56800.0,Female,41500.0,Paris,Master,Single,2023-10-26 20:58:23.870387036
37.0,32900.0,Male,21000.0,Paris,Bachelor,Married,2023-10-26 21:50:49.144914492
52.0,68500.0,Male,51700.0,Paris,High School,Single,2023-10-26 22:43:14.419441944
68.0,59600.0,Male,35700.0,London,High School,Single,2023-10-26 23:35:39.693969396
67.0,73400.0,Male,58400.0,London,High School,,2023-10-27 00:28:04.968496848
35.0,39800.0,Male,17600.0,London,Master,Single,2023-10-27 01:20:30.243024300
63.0,51500.0,Male,37300.0,London,Master,Single,2023-10-27 02:12:55.517551752
41.0,,Female,33200.0,London,High School,Married,2023-10-27 03:05:20.792079208
25.0,54000.0,Male,34100.0,Paris,High School,Single,
47.0,28200.0,Male,19500.0,London,Bachelor,Single,2023-10-27 04:50:11.341134112
61.0,51700.0,Male,38100.0,Berlin,High School,Widowed,2023-10-27 05:42:36.615661564
27.0,28600.0,Male,21300.0,London,Bachelor,Married,2023-10-27 06:35:01.890189016
40.0,55400.0,Male,26000.0,London,High School,Single,2023-10-27 07:27:27.164716472
69.0,18100.0,Male,8700.0,London,High School,Married,2023-10-27 08:19:52.439243924
66.0,22200.0,Female,9000.0,Paris,High School,Single,2023-10-27 09:12:17.713771376
28.0,62300.0,Male,28200.0,London,High School,,2023-10-27 10:04:42.988298828
19.0,41800.0,Female,21100.0,Paris,High School,Married,2023-10-27 10:57:08.262826280
43.0,35200.0,Male,24200.0,London,High School,Single,2023-10-27 11:49:33.537353736
53.0,69100.0,Male,40800.0,London,High School,Divorced,2023-10-27 12:41:58.811881188
50.0,54900.0,Male,38600.0,Paris,High School,Single,2023-10-27 13:34:24.086408640
64.0,63100.0,Male,37500.0,London,High School,Married,2023-10-27 14:26:49.360936092
,47500.0,,29600.0,Madrid,High School,Single,2023-10-27 15:19:14.635463544
57.0,90200.0,Male,40100.0,Paris,Bachelor,Married,2023-10-27 16:11:39.909990996
42.0,40900.0,Male,29100.0,Rome,Master,,2023-10-27 17:04:05.184518452
21.0,76200.0,Male,53600.0,Rome,High School,Single,2023-10-27 17:56:30.459045904
59.0,49100.0,Male,25700.0,Berlin,High School,Married,2023-10-27 18:48:55.733573356
36.0,25200.0,Female,13400.0,Berlin,High School,Divorced,2023-10-27 19:41:21.008100808
35.0,57200.0,Female,27900.0,London,Master,Divorced,2023-10-27 20:33:46.282628260
54.0,54700.0,Male,39700.0,London,High School,Single,2023-10-27 21:26:11.557155716
47.0,34200.0,Male,23900.0,Rome,High School,Married,2023-10-27 22:18:36.831683168
36.0,36200.0,Male,23300.0,Paris,Master,Married,2023-10-27 23:11:02.106210620
40.0,49600.0,Male,24600.0,Paris,High School,Single,2023-10-28 00:03:27.380738072
33.0,55200.0,Female,25900.0,Paris,PhD,Single,2023-10-28 00:55:52.655265524
18.0,12900.0,Male,5400.0,Berlin,Master,Single,2023-10-28 01:48:17.929792980
29.0,65800.0,Male,27500.0,Paris,Bachelor,Single,2023-10-28 02:40:43.204320432
,42600.0,,20200.0,Paris,Bachelor,Married,2023-10-28 03:33:08.478847884
51.0,30000.0,Female,13200.0,Berlin,High School,Single,2023-10-28 04:25:33.753375336
25.0,64100.0,Female,39900.0,London,Bachelor,Single,2023-10-28 05:17:59.027902788
35.0,49600.0,Female,26900.0,London,High School,Single,2023-10-28 06:10:24.302430240
65.0,68200.0,Female,39400.0,Paris,High School,Married,2023-10-28 07:02:49.576957696
22.0,56600.0,Male,36100.0,Paris,High School,Single,
43.0,50000.0,Male,33200.0,Paris,High School,Single,2023-10-28 08:47:40.126012600
47.0,47700.0,Male,31400.0,London,Bachelor,Married,2023-10-28 09:40:05.400540052
30.0,57200.0,Male,28800.0,Berlin,High School,Married,2023-10-28 10:32:30.675067504
36.0,43800.0,Female,31700.0,Berlin,High School,,2023-10-28 11:24:55.949594960
46.0,37200.0,Male,28500.0,Paris,High School,Widowed,2023-10-28 12:17:21.224122412
20.0,59100.0,Male,31100.0,Madrid,Bachelor,Married,2023-10-28 13:09:46.498649864
43.0,47800.0,Male,19400.0,Paris,High School,Married,2023-10-28 14:02:11.773177316
57.0,50500.0,Male,38400.0,Paris,Bachelor,Married,2023-10-28 14:54:37.047704768
29.0,66300.0,Female,51000.0,Berlin,Bachelor,Single,2023-10-28 15:47:02.322232220
19.0,48300.0,Male,20300.0,Paris,Master,Single,2023-10-28 16:39:27.596759676
28.0,50200.0,Male,20200.0,Berlin,Bachelor,Divorced,2023-10-28 17:31:52.871287128
61.0,41000.0,Male,29800.0,Paris,Master,Single,2023-10-28 18:24:18.145814580
45.0,56500.0,Male,29400.0,Paris,High School,Married,2023-10-28 19:16:43.420342032
35.0,55200.0,Female,42300.0,London,High School,Single,2023-10-28 20:09:08.694869484
30.0,63500.0,Male,30900.0,Paris,Bachelor,Single,2023-10-28 21:01:33.969396940
54.0,41300.0,Female,30700.0,Paris,High School,Single,2023-10-28 21:53:59.243924392
39.0,43100.0,Female,18400.0,London,Master,Married,2023-10-28 22:46:24.518451844
29.0,,Female,31200.0,Paris,High School,Married,2023-10-28 23:38:49.792979296
19.0,53800.0,Male,42500.0,Berlin,Bachelor,Single,2023-10-29 00:31:15.067506748
54.0,36400.0,Female,17900.0,Berlin,Bachelor,Married,2023-10-29 01:23:40.342034204
24.0,69600.0,Male,31500.0,London,High School,Single,2023-10-29 02:16:05.616561656
43.0,,Female,18200.0,Paris,Bachelor,Married,
43.0,,Female,27600.0,London,Bachelor,Married,2023-10-29 04:00:56.165616560
41.0,,Female,13600.0,Berlin,PhD,Single,2023-10-29 04:53:21.440144012
29.0,78300.0,Female,,Paris,High School,Married,2023-10-29 05:45:46.714671464
,26800.0,,17500.0,Paris,Bachelor,Single,2023-10-29 06:38:11.989198920
40.0,67300.0,Male,46100.0,Berlin,Master,Divorced,2023-10-29 07:30:37.263726372
57.0,48800.0,Male,36700.0,London,High School,Single,2023-10-29 08:23:02.538253824
26.0,44500.0,Female,27400.0,London,High School,Single,2023-10-29 09:15:27.812781276
49.0,52800.0,Male,29400.0,Paris,High School,Married,2023-10-29 10:07:53.087308728
32.0,59500.0,Male,32300.0,Berlin,PhD,Married,2023-10-29 11:00:18.361836184
54.0,36400.0,Male,26900.0,Paris,High School,Divorced,2023-10-29 11:52:43.636363636
30.0,37800.0,Male,26100.0,Madrid,Bachelor,Single,2023-10-29 12:45:08.910891088
22.0,59700.0,Female,45500.0,Paris,High School,Married,2023-10-29 13:37:34.185418540
28.0,24400.0,Male,19200.0,Madrid,High School,Single,2023-10-29 14:29:59.459945992
27.0,41200.0,Female,21400.0,Paris,Master,Single,2023-10-29 15:22:24.734473448
69.0,95600.0,Male,58500.0,London,High School,Married,
30.0,35500.0,Female,23200.0,Berlin,Bachelor,Divorced,2023-10-29 17:07:15.283528352
58.0,67200.0,Male,31300.0,Paris,High School,Married,2023-10-29 17:59:40.558055804
63.0,41200.0,Male,17400.0,Paris,High School,Married,2023-10-29 18:52:05.832583256
67.0,57600.0,Female,43000.0,Madrid,Bachelor,Married,2023-10-29 19:44:31.107110708
32.0,59800.0,Male,36700.0,Paris,High School,Married,
59.0,66900.0,Male,42000.0,Berlin,Bachelor,Married,2023-10-29 21:29:21.656165616
24.0,47000.0,Male,29200.0,Paris,High School,Divorced,2023-10-29 22:21:46.930693068
,79800.0,,,London,Master,Single,2023-10-29 23:14:12.205220520
45.0,41200.0,Male,18900.0,Paris,Bachelor,Single,2023-10-30 00:06:37.479747972
49.0,53500.0,Male,34500.0,Berlin,Bachelor,Married,2023-10-30 00:59:02.754275428
52.0,53700.0,Male,31600.0,Paris,High School,Married,2023-10-30 01:51:28.028802880
32.0,33200.0,Male,25200.0,London,High School,Married,2023-10-30 02:43:53.303330332
65.0,45700.0,Male,27800.0,Paris,High School,Single,2023-10-30 03:36:18.577857784
53.0,52400.0,Male,40700.0,London,High School,Single,2023-10-30 04:28:43.852385236
38.0,43500.0,Female,23500.0,Paris,High School,Divorced,2023-10-30 05:21:09.126912688
23.0,86600.0,Male,68100.0,Paris,Master,Single,2023-10-30 06:13:34.401440144
18.0,,Female,28100.0,London,PhD,Single,2023-10-30 07:05:59.675967596
21.0,67700.0,Male,42900.0,Paris,Bachelor,Single,2023-10-30 07:58:24.950495048
28.0,62800.0,Male,34000.0,Madrid,Bachelor,Widowed,2023-10-30 08:50:50.225022500
61.0,49800.0,Male,27400.0,Berlin,High School,Single,2023-10-30 09:43:15.499549952
43.0,37000.0,Male,26200.0,London,High School,Married,2023-10-30 10:35:40.774077408
54.0,38500.0,Male,24300.0,Paris,Master,Married,2023-10-30 11:28:06.048604860
40.0,42200.0,Male,23700.0,London,Bachelor,Married,2023-10-30 12:20:31.323132312
46.0,23200.0,Female,15200.0,Paris,Bachelor,Single,2023-10-30 13:12:56.597659764
38.0,34900.0,Male,24200.0,Berlin,Master,Single,2023-10-30 14:05:21.872187216
65.0,27800.0,Female,11400.0,Paris,Master,Married,
62.0,70200.0,Female,,Paris,High School,Married,2023-10-30 15:50:12.421242124
62.0,59300.0,Male,26000.0,Paris,High School,Single,2023-10-30 16:42:37.695769576
66.0,61800.0,Male,30500.0,Rome,PhD,Single,2023-10-30 17:35:02.970297028
44.0,58800.0,Male,33600.0,Berlin,Bachelor,Single,2023-10-30 18:27:28.244824480
56.0,52500.0,Male,37900.0,Paris,Master,Single,2023-10-30 19:19:53.519351932
57.0,71900.0,Male,38900.0,Rome,High School,Married,2023-10-30 20:12:18.793879388
30.0,40800.0,Female,16600.0,Paris,High School,Single,2023-10-30 21:04:44.068406840
40.0,,Female,30600.0,Berlin,High School,,2023-10-30 21:57:09.342934292
33.0,61200.0,Female,48900.0,London,High School,Single,2023-10-30 22:49:34.617461744
47.0,30200.0,Male,16300.0,Berlin,Master,Married,2023-10-30 23:41:59.891989196
,96400.0,,75600.0,Paris,Bachelor,Single,2023-10-31 00:34:25.166516652
57.0,50400.0,Male,22200.0,London,PhD,Single,2023-10-31 01:26:50.441044104
33.0,52100.0,Male,24400.0,London,High School,Married,2023-10-31 02:19:15.715571556
48.0,68900.0,Male,47500.0,Paris,High School,Single,2023-10-31 03:11:40.990099008
59.0,63700.0,Male,38300.0,Paris,High School,,2023-10-31 04:04:06.264626460
42.0,50600.0,Female,35700.0,Berlin,High School,,2023-10-31 04:56:31.539153916
61.0,52000.0,Female,38800.0,London,Bachelor,Single,2023-10-31 05:48:56.813681368
29.0,27400.0,Male,13700.0,London,High School,Single,2023-10-31 06:41:22.088208820
43.0,41700.0,Female,28100.0,Paris,High School,Single,2023-10-31 07:33:47.362736272
54.0,57800.0,Male,37200.0,Paris,Bachelor,Married,2023-10-31 08:26:12.637263724
,56700.0,,42200.0,Berlin,High School,Single,2023-10-31 09:18:37.911791176
50.0,68300.0,Female,39100.0,Berlin,High School,,2023-10-31 10:11:03.186318632
,48200.0,,20300.0,Berlin,Bachelor,Married,2023-10-31 11:03:28.460846084
26.0,29200.0,Male,18400.0,Berlin,Bachelor,Single,
29.0,65900.0,Male,51600.0,Berlin,Master,Married,2023-10-31 12:48:19.009900988
22.0,,Female,29000.0,Paris,Bachelor,Divorced,2023-10-31 13:40:44.284428440
69.0,63500.0,Male,31500.0,Paris,Master,Single,2023-10-31 14:33:09.558955896
45.0,47500.0,Male,25000.0,Berlin,High School,Single,2023-10-31 15:25:34.833483348
52.0,65700.0,Male,46400.0,Paris,High School,Married,2023-10-31 16:18:00.108010800
22.0,101400.0,Female,53700.0,Rome,Master,Widowed,2023-10-31 17:10:25.382538252
51.0,51700.0,Male,25600.0,Madrid,Master,Divorced,2023-10-31 18:02:50.657065704
63.0,30300.0,Female,20000.0,London,Bachelor,Single,2023-10-31 18:55:15.931593160
51.0,41200.0,Male,17200.0,Paris,Bachelor,Married,2023-10-31 19:47:41.206120612
30.0,59400.0,Male,27800.0,London,High School,Married,2023-10-31 20:40:06.480648064
56.0,25900.0,Female,14600.0,Berlin,High School,Married,2023-10-31 21:32:31.755175516
59.0,52500.0,Male,28500.0,Berlin,High School,Married,2023-10-31 22:24:57.029702968
62.0,55700.0,Male,30000.0,Paris,High School,Single,2023-10-31 23:17:22.304230420
65.0,73000.0,Male,32400.0,Berlin,Bachelor,Married,2023-11-01 00:09:47.578757876
31.0,69700.0,Female,37900.0,London,High School,Married,2023-11-01 01:02:12.853285328
28.0,63000.0,Male,45300.0,Paris,High School,Married,2023-11-01 01:54:38.127812780
59.0,17600.0,Male,10000.0,Paris,PhD,Single,2023-11-01 02:47:03.402340232
55.0,63800.0,Male,40500.0,London,High School,Single,2023-11-01 03:39:28.676867684
,60600.0,,28200.0,Paris,High School,Married,2023-11-01 04:31:53.951395140
50.0,53800.0,Male,23000.0,Paris,Bachelor,Single,2023-11-01 05:24:19.225922592
24.0,,Female,18000.0,Paris,Master,,2023-11-01 06:16:44.500450044
58.0,38300.0,Male,20400.0,Madrid,High School,Married,2023-11-01 07:09:09.774977496
25.0,32500.0,Male,17600.0,Paris,Master,Married,2023-11-01 08:01:35.049504948
54.0,19800.0,Male,14900.0,Paris,High School,Married,2023-11-01 08:54:00.324032400
68.0,,Female,34200.0,Paris,Bachelor,Divorced,2023-11-01 09:46:25.598559856
27.0,38000.0,Male,26700.0,Berlin,High School,Single,2023-11-01 10:38:50.873087308
60.0,89400.0,Male,60100.0,Berlin,High School,Single,2023-11-01 11:31:16.147614760
32.0,47500.0,Female,21000.0,Berlin,Bachelor,Single,2023-11-01 12:23:41.422142212
55.0,69400.0,Male,54400.0,London,Bachelor,Single,2023-11-01 13:16:06.696669664
,26500.0,,20200.0,London,Bachelor,Married,2023-11-01 14:08:31.971197120
22.0,42000.0,Male,20800.0,London,Master,Married,
46.0,51500.0,Female,37200.0,London,High School,Single,2023-11-01 15:53:22.520252024
36.0,36400.0,Male,20500.0,Paris,Bachelor,Single,2023-11-01 16:45:47.794779476
68.0,43700.0,Female,29400.0,London,High School,Married,2023-11-01 17:38:13.069306928
27.0,46700.0,Male,21800.0,Paris,High School,Single,2023-11-01 18:30:38.343834384
29.0,46500.0,Male,28600.0,Madrid,Bachelor,Married,2023-11-01 19:23:03.618361836
21.0,77800.0,Male,35100.0,London,High School,Single,2023-11-01 20:15:28.892889288
48.0,,Female,34200.0,London,High School,Married,2023-11-01 21:07:54.167416740
35.0,57200.0,Male,28500.0,London,Master,Single,2023-11-01 22:00:19.441944192
33.0,58100.0,Male,33800.0,Berlin,High School,Single,2023-11-01 22:52:44.716471644
57.0,59200.0,Male,39500.0,London,High School,,2023-11-01 23:45:09.990999100
53.0,48800.0,Male,36600.0,London,Bachelor,Single,2023-11-02 00:37:35.265526552
42.0,45200.0,Male,21100.0,Paris,High School,Married,2023-11-02 01:30:00.540054004
40.0,52500.0,Male,39800.0,Paris,High School,Single,2023-11-02 02:22:25.814581456
29.0,67400.0,Male,37500.0,Paris,High School,,2023-11-02 03:14:51.089108908
51.0,66900.0,Male,49300.0,Paris,High School,Married,2023-11-02 04:07:16.363636364
53.0,46400.0,Female,28100.0,Madrid,Master,Single,2023-11-02 04:59:41.638163816
54.0,61500.0,Female,45800.0,Berlin,Master,Single,2023-11-02 05:52:06.912691268
20.0,47100.0,Male,31300.0,Paris,High School,Single,2023-11-02 06:44:32.187218720
26.0,50500.0,Male,30500.0,Paris,High School,Single,2023-11-02 07:36:57.461746172
35.0,42900.0,Male,22500.0,London,High School,Married,2023-11-02 08:29:22.736273628
60.0,47300.0,Male,37300.0,London,High School,,2023-11-02 09:21:48.010801080
,70100.0,,50500.0,Berlin,High School,Married,2023-11-02 10:14:13.285328532
51.0,51400.0,Male,28400.0,London,High School,Married,2023-11-02 11:06:38.559855984
58.0,52000.0,Female,24300.0,Madrid,Bachelor,Married,2023-11-02 11:59:03.834383436
31.0,28300.0,Male,20100.0,Paris,High School,Married,2023-11-02 12:51:29.108910888
21.0,45400.0,Male,36100.0,Paris,Bachelor,Married,2023-11-02 13:43:54.383438344
46.0,46400.0,Male,23700.0,Madrid,High School,Married,2023-11-02 14:36:19.657965796
58.0,37600.0,Male,28800.0,Paris,Bachelor,Divorced,
62.0,50300.0,Female,22600.0,Paris,High School,Married,2023-11-02 16:21:10.207020700
,43600.0,,34000.0,Paris,Master,Single,2023-11-02 17:13:35.481548152
32.0,,Female,35700.0,London,Bachelor,Single,2023-11-02 18:06:00.756075608
,51800.0,,27900.0,Paris,High School,Single,2023-11-02 18:58:26.030603060
59.0,35700.0,Male,18600.0,Madrid,High School,Single,2023-11-02 19:50:51.305130512
33.0,44000.0,Female,28900.0,Madrid,High School,Single,2023-11-02 20:43:16.579657964
,51200.0,,32600.0,Berlin,Bachelor,Single,2023-11-02 21:35:41.854185416
69.0,67800.0,Male,52000.0,Paris,High School,Married,2023-11-02 22:28:07.128712868
22.0,53900.0,Female,38100.0,Rome,High School,Single,2023-11-02 23:20:32.403240324
51.0,40100.0,Male,24700.0,Berlin,High School,Single,2023-11-03 00:12:57.677767776
59.0,56000.0,Male,43200.0,Paris,Bachelor,Single,2023-11-03 01:05:22.952295228
18.0,75600.0,Male,48200.0,Paris,High School,Married,2023-11-03 01:57:48.226822680
56.0,63800.0,Male,47200.0,London,Master,Married,2023-11-03 02:50:13.501350132
49.0,58200.0,Male,42900.0,Berlin,Master,Divorced,2023-11-03 03:42:38.775877588
43.0,60900.0,Female,46800.0,Paris,PhD,Married,2023-11-03 04:35:04.050405040
34.0,71600.0,Male,30600.0,London,High School,Single,
65.0,66100.0,Male,41900.0,Rome,Bachelor,Single,2023-11-03 06:19:54.599459944
,58500.0,,34400.0,Paris,High School,Single,2023-11-03 07:12:19.873987396
41.0,66000.0,Male,39400.0,Paris,High School,Single,2023-11-03 08:04:45.148514852
52.0,33800.0,Male,19700.0,Madrid,Master,Married,2023-11-03 08:57:10.423042304
63.0,27500.0,Male,20200.0,Paris,High School,Single,2023-11-03 09:49:35.697569756
59.0,52400.0,Female,27600.0,Madrid,High School,Single,2023-11-03 10:42:00.972097208
,51000.0,,29800.0,Berlin,Bachelor,Married,2023-11-03 11:34:26.246624660
43.0,41800.0,Male,20100.0,Paris,High School,Single,2023-11-03 12:26:51.521152112
66.0,62400.0,Male,31200.0,Paris,Master,Widowed,2023-11-03 13:19:16.795679568
55.0,22100.0,Male,14700.0,Paris,High School,Divorced,2023-11-03 14:11:42.070207020
40.0,42000.0,Female,18800.0,Paris,Bachelor,Married,2023-11-03 15:04:07.344734472
39.0,42700.0,Male,20300.0,Berlin,Master,Single,2023-11-03 15:56:32.619261924
21.0,25500.0,Male,15600.0,London,Bachelor,Single,2023-11-03 16:48:57.893789376
66.0,72400.0,Male,30200.0,Berlin,Master,Single,2023-11-03 17:41:23.168316832
26.0,29600.0,Male,13300.0,London,High School,Single,2023-11-03 18:33:48.442844284
21.0,41200.0,Female,30700.0,London,High School,Single,2023-11-03 19:26:13.717371736
24.0,63600.0,Male,47000.0,Rome,Bachelor,Single,2023-11-03 20:18:38.991899188
40.0,59700.0,Male,32200.0,Berlin,Bachelor,Married,2023-11-03 21:11:04.266426640
19.0,33400.0,Male,18000.0,Madrid,High School,Single,2023-11-03 22:03:29.540954096
66.0,60200.0,Male,46600.0,Paris,Bachelor,Married,2023-11-03 22:55:54.815481548
41.0,54300.0,Male,22300.0,Berlin,High School,Married,2023-11-03 23:48:20.090009000
57.0,,Female,53700.0,London,High School,Divorced,2023-11-04 00:40:45.364536452
48.0,56100.0,Male,35800.0,Madrid,High School,Married,2023-11-04 01:33:10.639063904
64.0,,Female,34300.0,London,Bachelor,Single,2023-11-04 02:25:35.913591356
48.0,37200.0,Male,29000.0,Paris,PhD,Married,2023-11-04 03:18:01.188118812
64.0,,Female,21000.0,Paris,Bachelor,Married,2023-11-04 04:10:26.462646264
57.0,37600.0,Male,21600.0,Paris,Bachelor,Divorced,2023-11-04 05:02:51.737173716
65.0,70600.0,Male,47200.0,Paris,High School,Married,2023-11-04 05:55:17.011701168
68.0,50300.0,Female,39600.0,London,High School,Single,2023-11-04 06:47:42.286228620
60.0,58500.0,Male,44200.0,Madrid,Bachelor,Single,2023-11-04 07:40:07.560756076
51.0,72700.0,Male,48500.0,Paris,High School,Married,2023-11-04 08:32:32.835283528
41.0,14600.0,Female,10800.0,Paris,Bachelor,Divorced,2023-11-04 09:24:58.109810980
66.0,69200.0,Male,30000.0,Madrid,High School,Divorced,2023-11-04 10:17:23.384338432
43.0,50800.0,Male,28000.0,Paris,High School,Single,2023-11-04 11:09:48.658865884
33.0,56500.0,Female,22900.0,Rome,Bachelor,Married,
,37600.0,,17700.0,Paris,Master,Married,2023-11-04 12:54:39.207920792
30.0,38700.0,Female,25200.0,London,High School,Single,2023-11-04 13:47:04.482448244
32.0,57300.0,Male,43200.0,Paris,High School,Single,2023-11-04 14:39:29.756975696
44.0,85800.0,Male,56000.0,Rome,PhD,Married,2023-11-04 15:31:55.031503148
21.0,65000.0,Female,43300.0,Madrid,Bachelor,Married,2023-11-04 16:24:20.306030600
33.0,69000.0,Male,30500.0,Berlin,Master,Single,2023-11-04 17:16:45.580558056
47.0,47100.0,Female,31400.0,Paris,High School,Married,2023-11-04 18:09:10.855085508
61.0,41000.0,Male,23900.0,Rome,High School,,2023-11-04 19:01:36.129612960
,38300.0,,25300.0,Madrid,High School,Married,2023-11-04 19:54:01.404140412
53.0,42700.0,Male,22700.0,London,High School,Single,2023-11-04 20:46:26.678667864
20.0,19200.0,Female,12100.0,London,High School,Single,2023-11-04 21:38:51.953195320
39.0,39100.0,Male,22300.0,Rome,High School,Single,2023-11-04 22:31:17.227722772
66.0,41600.0,Female,25900.0,London,PhD,Married,2023-11-04 23:23:42.502250224
39.0,47400.0,Female,21700.0,Paris,High School,Married,2023-11-05 00:16:07.776777676
67.0,52000.0,Female,29000.0,Madrid,Bachelor,Single,2023-11-05 01:08:33.051305128
67.0,55400.0,Female,30500.0,London,Master,Single,2023-11-05 02:00:58.325832580
66.0,49800.0,Female,34600.0,Rome,High School,Single,2023-11-05 02:53:23.600360036
,41300.0,,28200.0,London,High School,Married,2023-11-05 03:45:48.874887488
38.0,20500.0,Male,15700.0,Paris,High School,Single,2023-11-05 04:38:14.149414940
21.0,41400.0,Male,27000.0,London,Master,Single,2023-11-05 05:30:39.423942392
48.0,35400.0,Male,18600.0,Berlin,Bachelor,Married,2023-11-05 06:23:04.698469844
61.0,57000.0,Male,40700.0,Paris,High School,Single,2023-11-05 07:15:29.972997300
48.0,63600.0,Male,38100.0,London,Master,Married,2023-11-05 08:07:55.247524752
40.0,64100.0,Male,30600.0,Paris,High School,Single,2023-11-05 09:00:20.522052204
37.0,61400.0,Female,42900.0,London,High School,Married,2023-11-05 09:52:45.796579656
32.0,48000.0,Male,21700.0,Rome,Bachelor,Divorced,2023-11-05 10:45:11.071107108
40.0,42200.0,Male,19900.0,London,Bachelor,Single,
45.0,38800.0,Female,27300.0,London,High School,Married,2023-11-05 12:30:01.620162016
33.0,27400.0,Male,19400.0,Paris,High School,Single,2023-11-05 13:22:26.894689468
54.0,64900.0,Male,46500.0,London,High School,Divorced,2023-11-05 14:14:52.169216920
38.0,47400.0,Female,24500.0,London,High School,Single,2023-11-05 15:07:17.443744372
32.0,31300.0,Male,23400.0,Berlin,Bachelor,Married,2023-11-05 15:59:42.718271824
34.0,37600.0,Male,25900.0,Madrid,Bachelor,Single,2023-11-05 16:52:07.992799280
67.0,37000.0,Male,27100.0,London,Bachelor,Single,2023-11-05 17:44:33.267326732
54.0,50600.0,Male,34600.0,Rome,Master,Married,2023-11-05 18:36:58.541854184
30.0,66000.0,Female,41700.0,Berlin,Bachelor,Married,
36.0,44800.0,Male,19900.0,Paris,High School,Married,2023-11-05 20:21:49.090909088
47.0,,Female,11100.0,London,High School,Single,2023-11-05 21:14:14.365436544
62.0,47200.0,Male,31900.0,Madrid,High School,,2023-11-05 22:06:39.639963996
35.0,47700.0,Male,25000.0,Madrid,Master,Single,2023-11-05 22:59:04.914491448
31.0,46600.0,Female,32400.0,Paris,Bachelor,Married,2023-11-05 23:51:30.189018900
53.0,40600.0,Female,25200.0,Berlin,High School,Married,2023-11-06 00:43:55.463546352
53.0,53300.0,Male,33200.0,London,Master,Single,2023-11-06 01:36:20.738073808
,51000.0,,27900.0,Paris,High School,Married,2023-11-06 02:28:46.012601260
69.0,49600.0,Female,22200.0,Madrid,Master,Divorced,2023-11-06 03:21:11.287128712
36.0,56200.0,Male,27400.0,Madrid,High School,Single,2023-11-06 04:13:36.561656164
62.0,43600.0,Male,30800.0,London,High School,,2023-11-06 05:06:01.836183616
61.0,,Female,21700.0,Paris,Bachelor,Single,
24.0,70700.0,Male,28300.0,Berlin,High School,Married,2023-11-06 06:50:52.385238524
61.0,58400.0,Male,46700.0,London,Bachelor,Single,2023-11-06 07:43:17.659765976
21.0,62400.0,Male,30200.0,Paris,Bachelor,Married,2023-11-06 08:35:42.934293428
51.0,68400.0,Female,45300.0,Paris,Bachelor,Divorced,2023-11-06 09:28:08.208820880
19.0,57900.0,Male,44600.0,Paris,Master,Single,2023-11-06 10:20:33.483348332
22.0,63900.0,Female,40900.0,London,Bachelor,Divorced,2023-11-06 11:12:58.757875788
27.0,26300.0,Male,18900.0,Paris,Master,Divorced,2023-11-06 12:05:24.032403240
,53100.0,,42000.0,Paris,Bachelor,Married,2023-11-06 12:57:49.306930692
59.0,47300.0,Male,35200.0,Madrid,Bachelor,,2023-11-06 13:50:14.581458144
58.0,75200.0,Male,46900.0,Rome,Bachelor,Single,2023-11-06 14:42:39.855985596
30.0,63900.0,Male,34900.0,Paris,Master,Single,2023-11-06 15:35:05.130513048
56.0,40500.0,Male,24000.0,Paris,High School,Married,2023-11-06 16:27:30.405040504
22.0,55600.0,Female,41000.0,London,Bachelor,Married,2023-11-06 17:19:55.679567956
27.0,52500.0,Female,38900.0,Paris,High School,Married,2023-11-06 18:12:20.954095408
27.0,56800.0,Male,41900.0,Paris,High School,Divorced,2023-11-06 19:04:46.228622860
55.0,34700.0,Female,22200.0,Paris,PhD,Married,
44.0,55400.0,Male,32700.0,Madrid,High School,Divorced,2023-11-06 20:49:36.777677768
68.0,46600.0,Male,24400.0,Rome,Bachelor,Single,2023-11-06 21:42:02.052205220
38.0,54200.0,Male,21800.0,Berlin,High School,Single,2023-11-06 22:34:27.326732672
25.0,39100.0,Male,27600.0,London,Master,Single,2023-11-06 23:26:52.601260124
18.0,41200.0,Male,21000.0,Berlin,Bachelor,Single,2023-11-07 00:19:17.875787576
45.0,67600.0,Male,36000.0,London,High School,Married,2023-11-07 01:11:43.150315032
66.0,34200.0,Male,25200.0,London,High School,Single,2023-11-07 02:04:08.424842484
56.0,35300.0,Male,14900.0,London,High School,Single,2023-11-07 02:56:33.699369936
31.0,49200.0,Female,37900.0,Berlin,High School,,2023-11-07 03:48:58.973897388
38.0,,Female,15400.0,Paris,Bachelor,Widowed,2023-11-07 04:41:24.248424840
,36700.0,,28500.0,Paris,High School,Single,2023-11-07 05:33:49.522952292
38.0,51600.0,Female,30000.0,Rome,Master,Single,2023-11-07 06:26:14.797479748
66.0,27400.0,Male,12100.0,Paris,High School,Single,2023-11-07 07:18:40.072007200
26.0,34900.0,Female,23400.0,Paris,High School,,2023-11-07 08:11:05.346534652
34.0,80800.0,Male,61300.0,London,High School,Married,2023-11-07 09:03:30.621062104
22.0,56900.0,Male,32700.0,Paris,High School,Married,2023-11-07 09:55:55.895589556
48.0,38800.0,Male,26200.0,Paris,High School,Single,2023-11-07 10:48:21.170117012
69.0,56300.0,Male,44600.0,Paris,High School,Married,2023-11-07 11:40:46.444644464
57.0,58500.0,Male,29000.0,London,PhD,Single,2023-11-07 12:33:11.719171916
55.0,64900.0,Male,47300.0,Paris,PhD,Widowed,2023-11-07 13:25:36.993699368
60.0,48100.0,Male,24900.0,London,Bachelor,Single,2023-11-07 14:18:02.268226820
36.0,64600.0,Male,36900.0,Paris,Bachelor,Divorced,2023-11-07 15:10:27.542754276
53.0,19400.0,Female,9900.0,Paris,Master,Single,2023-11-07 16:02:52.817281728
67.0,34200.0,Male,19800.0,Madrid,Bachelor,Single,2023-11-07 16:55:18.091809180
50.0,52500.0,Female,21100.0,Berlin,High School,Single,2023-11-07 17:47:43.366336632
30.0,54900.0,Male,28600.0,London,Bachelor,Divorced,2023-11-07 18:40:08.640864084
31.0,36300.0,Male,21000.0,Paris,High School,Married,2023-11-07 19:32:33.915391536
50.0,53900.0,Male,35200.0,Paris,High School,Married,2023-11-07 20:24:59.189918992
46.0,,Female,26600.0,Berlin,Bachelor,Single,2023-11-07 21:17:24.464446444
60.0,45800.0,Male,29000.0,Paris,Bachelor,Single,2023-11-07 22:09:49.738973896
66.0,65400.0,Male,33800.0,Berlin,High School,Single,2023-11-07 23:02:15.013501348
53.0,63600.0,Male,49500.0,London,High School,Married,2023-11-07 23:54:40.288028800
61.0,35000.0,Male,19500.0,Berlin,Master,Divorced,2023-11-08 00:47:05.562556256
27.0,34100.0,Male,16600.0,London,Master,Single,2023-11-08 01:39:30.837083708
48.0,43800.0,Male,27200.0,London,Bachelor,Single,2023-11-08 02:31:56.111611160
23.0,49600.0,Female,34700.0,Paris,Bachelor,Married,2023-11-08 03:24:21.386138612
18.0,,Female,16200.0,London,Bachelor,Single,2023-11-08 04:16:46.660666064
24.0,65600.0,Female,33500.0,Berlin,High School,Married,2023-11-08 05:09:11.935193520
,55200.0,,40300.0,Paris,High School,Single,2023-11-08 06:01:37.209720972
38.0,56100.0,Male,33800.0,Paris,High School,Married,2023-11-08 06:54:02.484248424
45.0,31000.0,Male,17500.0,Paris,PhD,Married,2023-11-08 07:46:27.758775876
33.0,67500.0,Female,52100.0,London,Master,Married,
63.0,7700.0,Male,3400.0,Paris,High School,Single,2023-11-08 09:31:18.307830780
40.0,62500.0,Male,40400.0,Madrid,High School,Single,2023-11-08 10:23:43.582358236
69.0,64000.0,Female,34400.0,London,Master,Single,2023-11-08 11:16:08.856885688
37.0,43500.0,Male,18600.0,Madrid,Bachelor,,2023-11-08 12:08:34.131413140
55.0,69100.0,Male,33500.0,Berlin,High School,Single,2023-11-08 13:00:59.405940592
42.0,49100.0,Male,32000.0,Paris,High School,Divorced,2023-11-08 13:53:24.680468044
45.0,50900.0,Male,20900.0,Paris,Bachelor,Divorced,
22.0,,Female,35100.0,Madrid,High School,Single,2023-11-08 15:38:15.229522952
38.0,97800.0,Male,76600.0,London,Bachelor,,2023-11-08 16:30:40.504050404
35.0,70200.0,Male,50400.0,Paris,Bachelor,Married,2023-11-08 17:23:05.778577856
64.0,60500.0,Male,32600.0,Madrid,Bachelor,Single,2023-11-08 18:15:31.053105308
23.0,36300.0,Male,16500.0,London,Bachelor,Single,2023-11-08 19:07:56.327632760
46.0,52200.0,Male,30600.0,Paris,Bachelor,Single,2023-11-08 20:00:21.602160216
36.0,37800.0,Male,21100.0,London,High School,Married,2023-11-08 20:52:46.876687668
50.0,62300.0,Male,49100.0,Berlin,Bachelor,Single,2023-11-08 21:45:12.151215120
,52100.0,,41500.0,Paris,High School,Married,2023-11-08 22:37:37.425742572
62.0,33100.0,Female,18700.0,Paris,High School,Divorced,2023-11-08 23:30:02.700270024
20.0,51200.0,Male,23500.0,Paris,Bachelor,Married,
59.0,37300.0,Female,28500.0,Berlin,Bachelor,Widowed,2023-11-09 01:14:53.249324932
38.0,52300.0,Male,37500.0,Berlin,Bachelor,Married,2023-11-09 02:07:18.523852384
52.0,37100.0,Male,22400.0,London,Bachelor,Single,2023-11-09 02:59:43.798379836
58.0,50400.0,Female,27500.0,London,High School,Divorced,2023-11-09 03:52:09.072907288
57.0,61300.0,Male,35500.0,Paris,High School,Single,2023-11-09 04:44:34.347434744
20.0,49200.0,Male,37400.0,London,High School,Widowed,2023-11-09 05:36:59.621962196
42.0,44100.0,Male,20900.0,Rome,High School,Single,2023-11-09 06:29:24.896489648
62.0,53000.0,Male,38300.0,London,Bachelor,Widowed,2023-11-09 07:21:50.171017100
55.0,60500.0,Male,24600.0,Rome,High School,Single,2023-11-09 08:14:15.445544552
62.0,33400.0,Male,25700.0,Berlin,Bachelor,Single,2023-11-09 09:06:40.720072004
37.0,53900.0,Male,32300.0,Paris,Master,Single,2023-11-09 09:59:05.994599460
69.0,69800.0,Male,34300.0,Berlin,Bachelor,Single,2023-11-09 10:51:31.269126912
61.0,58600.0,Female,23500.0,Paris,Bachelor,Married,2023-11-09 11:43:56.543654364
62.0,50900.0,Male,31800.0,London,Master,Single,2023-11-09 12:36:21.818181816
51.0,59600.0,Male,29700.0,London,High School,Married,2023-11-09 13:28:47.092709268
38.0,56800.0,Male,37100.0,Madrid,Bachelor,Married,2023-11-09 14:21:12.367236724
65.0,61300.0,Male,31400.0,Paris,High School,Married,2023-11-09 15:13:37.641764176
40.0,19600.0,Male,8500.0,Madrid,High School,Married,2023-11-09 16:06:02.916291628
,26700.0,,16100.0,Madrid,High School,Single,2023-11-09 16:58:28.190819080
68.0,65100.0,Male,40700.0,Paris,High School,,2023-11-09 17:50:53.465346532
30.0,27400.0,Female,15900.0,Madrid,Bachelor,Single,2023-11-09 18:43:18.739873988
66.0,56000.0,Female,32700.0,Paris,High School,,2023-11-09 19:35:44.014401440
40.0,44700.0,Male,28400.0,Paris,PhD,Single,2023-11-09 20:28:09.288928892
,35100.0,,21400.0,Rome,Master,Widowed,2023-11-09 21:20:34.563456344
34.0,55200.0,Female,25000.0,Paris,PhD,Single,2023-11-09 22:12:59.837983796
19.0,53000.0,Male,25400.0,London,Master,Single,2023-11-09 23:05:25.112511248
36.0,81700.0,Female,37300.0,London,PhD,Married,2023-11-09 23:57:50.387038704
36.0,40600.0,Male,27500.0,Paris,High School,Divorced,2023-11-10 00:50:15.661566156
,71600.0,,43800.0,London,High School,Widowed,2023-11-10 01:42:40.936093608
59.0,55300.0,Male,31600.0,Paris,High School,Married,2023-11-10 02:35:06.210621060
59.0,40100.0,Female,28800.0,Paris,Bachelor,Married,2023-11-10 03:27:31.485148512
37.0,62000.0,Male,32900.0,Madrid,Bachelor,Single,2023-11-10 04:19:56.759675968
26.0,58500.0,Male,36700.0,Rome,High School,Married,2023-11-10 05:12:22.034203420
34.0,50500.0,Male,21700.0,London,High School,Single,2023-11-10 06:04:47.308730872
44.0,54000.0,Male,37700.0,Paris,Bachelor,Single,2023-11-10 06:57:12.583258324
64.0,41000.0,Male,27800.0,London,High School,Divorced,2023-11-10 07:49:37.857785776
19.0,,Female,27100.0,Madrid,Bachelor,Single,2023-11-10 08:42:03.132313228
53.0,61400.0,Male,46300.0,Paris,High School,Married,2023-11-10 09:34:28.406840684
36.0,46600.0,Male,32800.0,Paris,Master,Married,2023-11-10 10:26:53.681368136
34.0,48800.0,Female,36000.0,Madrid,Master,Single,2023-11-10 11:19:18.955895588
22.0,54200.0,Male,29200.0,London,High School,Single,2023-11-10 12:11:44.230423040
,54000.0,,29000.0,Paris,PhD,Divorced,
35.0,28600.0,Male,22200.0,Paris,PhD,Married,2023-11-10 13:56:34.779477948
24.0,,Female,53100.0,Madrid,Bachelor,Single,2023-11-10 14:49:00.054005400
34.0,51800.0,Male,32100.0,London,Master,Single,2023-11-10 15:41:25.328532852
56.0,47000.0,Male,25700.0,Paris,High School,Married,2023-11-10 16:33:50.603060304
53.0,56500.0,Male,42200.0,Madrid,PhD,Married,2023-11-10 17:26:15.877587756
57.0,53500.0,Female,28300.0,Berlin,High School,Married,2023-11-10 18:18:41.152115212
62.0,61500.0,Male,28400.0,Paris,Master,Married,2023-11-10 19:11:06.426642664
,58100.0,,38100.0,London,High School,Married,2023-11-10 20:03:31.701170116
55.0,60800.0,Male,25400.0,Paris,Bachelor,Divorced,2023-11-10 20:55:56.975697568
42.0,70300.0,Male,38800.0,London,High School,Married,2023-11-10 21:48:22.250225020
22.0,63300.0,Male,45800.0,Paris,High School,Single,2023-11-10 22:40:47.524752472
47.0,47600.0,Male,24700.0,Paris,Master,,2023-11-10 23:33:12.799279928
29.0,33200.0,Female,25600.0,London,Bachelor,Single,
21.0,,Female,58700.0,London,Master,Divorced,2023-11-11 01:18:03.348334832
41.0,46400.0,Male,33700.0,Paris,Bachelor,Married,2023-11-11 02:10:28.622862284
46.0,42900.0,Male,34100.0,Paris,Master,Single,2023-11-11 03:02:53.897389736
26.0,23900.0,Male,14600.0,Rome,Bachelor,Married,2023-11-11 03:55:19.171917192
21.0,55100.0,Female,34600.0,Paris,High School,Married,2023-11-11 04:47:44.446444644
68.0,52200.0,Male,38300.0,London,Bachelor,Widowed,2023-11-11 05:40:09.720972096
41.0,27300.0,Male,16300.0,Paris,High School,Single,2023-11-11 06:32:34.995499548
,56800.0,,32000.0,London,Master,Single,2023-11-11 07:25:00.270027000
22.0,42500.0,Female,27500.0,Paris,High School,Single,2023-11-11 08:17:25.544554456
35.0,90400.0,Male,59900.0,Paris,Bachelor,Single,
59.0,41500.0,Male,29100.0,London,Bachelor,Married,2023-11-11 10:02:16.093609360
36.0,43500.0,Male,29000.0,Paris,Bachelor,Single,
29.0,36900.0,Male,25800.0,London,Bachelor,Married,2023-11-11 11:47:06.642664264
35.0,69200.0,Female,46400.0,Paris,Master,Single,2023-11-11 12:39:31.917191716
34.0,44400.0,Male,26300.0,Paris,High School,Married,2023-11-11 13:31:57.191719172
47.0,39100.0,Male,17800.0,Berlin,Bachelor,Single,2023-11-11 14:24:22.466246624
41.0,60600.0,Female,43300.0,Paris,High School,Single,2023-11-11 15:16:47.740774076
28.0,29300.0,Male,12100.0,Paris,High School,Single,2023-11-11 16:09:13.015301528
52.0,59400.0,Male,47300.0,Paris,High School,Married,2023-11-11 17:01:38.289828980
40.0,76700.0,Male,56100.0,Paris,Bachelor,Married,
34.0,,Female,39100.0,Paris,High School,Married,2023-11-11 18:46:28.838883888
18.0,59600.0,Male,46900.0,Paris,Master,Single,2023-11-11 19:38:54.113411340
32.0,63100.0,Male,40700.0,Paris,High School,Married,2023-11-11 20:31:19.387938792
49.0,75600.0,Male,31900.0,Madrid,High School,Single,2023-11-11 21:23:44.662466244
26.0,68100.0,Female,42500.0,Paris,High School,Single,2023-11-11 22:16:09.936993700
32.0,56600.0,Male,28900.0,Madrid,High School,Single,
45.0,63600.0,Male,34800.0,Berlin,High School,Single,2023-11-12 00:01:00.486048604
41.0,36700.0,Female,21400.0,Paris,Bachelor,Single,2023-11-12 00:53:25.760576056
52.0,61600.0,Female,43700.0,Paris,High School,Married,2023-11-12 01:45:51.035103508
39.0,34900.0,Female,21000.0,Paris,High School,Divorced,2023-11-12 02:38:16.309630960
44.0,44500.0,Male,26200.0,London,High School,Single,2023-11-12 03:30:41.584158416
36.0,3800.0,Female,2000.0,London,High School,Single,2023-11-12 04:23:06.858685868
62.0,56000.0,Male,34500.0,London,Bachelor,Single,2023-11-12 05:15:32.133213320
29.0,40300.0,Male,20100.0,London,High School,Single,2023-11-12 06:07:57.407740772
37.0,66700.0,Male,33600.0,Paris,High School,Divorced,2023-11-12 07:00:22.682268224
18.0,55900.0,Male,39300.0,Berlin,High School,,2023-11-12 07:52:47.956795680
38.0,66900.0,Male,35900.0,Paris,PhD,Single,2023-11-12 08:45:13.231323132
66.0,33700.0,Male,14200.0,Rome,High School,Single,2023-11-12 09:37:38.505850584
62.0,65600.0,Female,35300.0,Paris,High School,Married,2023-11-12 10:30:03.780378036
18.0,81600.0,Male,53500.0,Paris,Bachelor,Single,2023-11-12 11:22:29.054905488
27.0,61500.0,Male,44600.0,Madrid,Master,Married,2023-11-12 12:14:54.329432940
64.0,61900.0,Male,48600.0,London,High School,Married,2023-11-12 13:07:19.603960396
49.0,52500.0,Female,36700.0,Berlin,Bachelor,Divorced,2023-11-12 13:59:44.878487848
56.0,42100.0,Male,24100.0,London,Master,Married,2023-11-12 14:52:10.153015300
39.0,61400.0,Male,31900.0,Madrid,High School,Single,2023-11-12 15:44:35.427542752
35.0,27400.0,Male,12400.0,Madrid,Master,Single,2023-11-12 16:37:00.702070204
65.0,43700.0,Female,28500.0,London,Bachelor,Widowed,2023-11-12 17:29:25.976597660
63.0,23400.0,Male,14100.0,Paris,Bachelor,Single,2023-11-12 18:21:51.251125112
49.0,39400.0,Male,26400.0,London,PhD,Single,2023-11-12 19:14:16.525652564
44.0,59600.0,Male,29500.0,Rome,High School,Single,2023-11-12 20:06:41.800180016
45.0,57600.0,Female,30500.0,London,Bachelor,Single,2023-11-12 20:59:07.074707468
35.0,50800.0,Male,26300.0,Rome,Master,Single,2023-11-12 21:51:32.349234924
56.0,52600.0,Male,37800.0,Paris,High School,Single,2023-11-12 22:43:57.623762376
66.0,21700.0,Male,10200.0,Madrid,High School,Divorced,2023-11-12 23:36:22.898289828
46.0,44400.0,Female,28600.0,Paris,Bachelor,,2023-11-13 00:28:48.172817280
,39800.0,,16700.0,Paris,High School,Married,2023-11-13 01:21:13.447344732
61.0,40100.0,Male,24900.0,London,Bachelor,Divorced,2023-11-13 02:13:38.721872184
25.0,59000.0,Male,25100.0,London,Bachelor,Widowed,2023-11-13 03:06:03.996399640
48.0,37100.0,Male,17500.0,Paris,Bachelor,Married,2023-11-13 03:58:29.270927092
51.0,40900.0,Male,18200.0,Madrid,Bachelor,Single,2023-11-13 04:50:54.545454544
24.0,18700.0,Male,10100.0,Madrid,High School,Single,2023-11-13 05:43:19.819981996
53.0,45600.0,Female,24500.0,Berlin,High School,Married,2023-11-13 06:35:45.094509448
35.0,33700.0,Male,24600.0,Paris,Master,Widowed,2023-11-13 07:28:10.369036904
55.0,,Female,25100.0,Paris,High School,Single,2023-11-13 08:20:35.643564356
26.0,35700.0,Male,15500.0,London,High School,Married,2023-11-13 09:13:00.918091808
26.0,51600.0,Female,33100.0,Berlin,Master,Single,2023-11-13 10:05:26.192619260
63.0,47800.0,Male,32300.0,Paris,High School,Single,2023-11-13 10:57:51.467146712
25.0,75100.0,Male,,London,Bachelor,Married,2023-11-13 11:50:16.741674168
68.0,57500.0,Male,36900.0,London,High School,Single,2023-11-13 12:42:42.016201620
52.0,22400.0,Female,15900.0,Berlin,High School,Married,2023-11-13 13:35:07.290729072
35.0,31000.0,Female,16700.0,London,Bachelor,Single,2023-11-13 14:27:32.565256524
22.0,50800.0,Male,31000.0,London,Bachelor,Single,2023-11-13 15:19:57.839783976
31.0,36100.0,Male,16600.0,Paris,PhD,Married,2023-11-13 16:12:23.114311428
45.0,5500.0,Male,2300.0,Paris,Bachelor,Single,2023-11-13 17:04:48.388838884
47.0,70200.0,Male,55600.0,Madrid,High School,Married,2023-11-13 17:57:13.663366336
21.0,60800.0,Male,31600.0,Paris,High School,Married,2023-11-13 18:49:38.937893788
56.0,57800.0,Male,29600.0,Rome,High School,Divorced,2023-11-13 19:42:04.212421240
37.0,40900.0,Male,32300.0,Paris,High School,,2023-11-13 20:34:29.486948692
42.0,56400.0,Female,39000.0,London,Bachelor,Married,2023-11-13 21:26:54.761476148
45.0,,Female,25000.0,Paris,High School,Single,2023-11-13 22:19:20.036003600
29.0,53100.0,Male,36100.0,Rome,High School,Single,2023-11-13 23:11:45.310531052
19.0,36200.0,Female,24800.0,Rome,PhD,Single,2023-11-14 00:04:10.585058504
60.0,72700.0,Male,51300.0,Paris,Bachelor,Single,2023-11-14 00:56:35.859585956
31.0,26400.0,Female,11300.0,Paris,High School,Single,2023-11-14 01:49:01.134113408
39.0,68500.0,Male,38700.0,Berlin,High School,Single,2023-11-14 02:41:26.408640864
48.0,50600.0,Female,26200.0,Madrid,Master,Married,2023-11-14 03:33:51.683168316
40.0,42700.0,Male,18300.0,London,Master,Divorced,2023-11-14 04:26:16.957695768
65.0,52500.0,Male,29700.0,Madrid,Bachelor,Single,
37.0,61000.0,Male,39400.0,Paris,High School,Married,2023-11-14 06:11:07.506750672
55.0,70500.0,Male,33200.0,London,Bachelor,Single,2023-11-14 07:03:32.781278128
21.0,54700.0,Male,28600.0,Berlin,Master,Married,2023-11-14 07:55:58.055805580
32.0,36600.0,Male,24000.0,Paris,High School,Married,2023-11-14 08:48:23.330333032
41.0,,Female,32100.0,Berlin,Master,Single,2023-11-14 09:40:48.604860484
42.0,77300.0,Male,57800.0,Madrid,Master,Married,2023-11-14 10:33:13.879387936
18.0,70200.0,Male,50300.0,Madrid,High School,Married,2023-11-14 11:25:39.153915392
24.0,63600.0,Male,50000.0,Paris,High School,Married,2023-11-14 12:18:04.428442844
48.0,61900.0,Male,39500.0,Paris,Bachelor,Single,2023-11-14 13:10:29.702970296
29.0,60500.0,Male,41100.0,London,High School,Married,2023-11-14 14:02:54.977497748
59.0,67400.0,Female,50200.0,Paris,High School,Single,2023-11-14 14:55:20.252025200
22.0,43200.0,Male,31800.0,Rome,PhD,Single,2023-11-14 15:47:45.526552652
61.0,29700.0,Male,20400.0,Paris,High School,Married,2023-11-14 16:40:10.801080108
,51000.0,,30600.0,Berlin,High School,Married,2023-11-14 17:32:36.075607560
59.0,37700.0,Male,19200.0,Paris,High School,Single,2023-11-14 18:25:01.350135012
,34200.0,,25700.0,London,Bachelor,Single,2023-11-14 19:17:26.624662464
29.0,39200.0,Male,27900.0,Paris,Bachelor,Single,2023-11-14 20:09:51.899189916
56.0,87300.0,Female,64200.0,Paris,High School,Single,2023-11-14 21:02:17.173717372
,52000.0,,23700.0,London,High School,Single,2023-11-14 21:54:42.448244824
19.0,55400.0,Male,29100.0,London,High School,Married,2023-11-14 22:47:07.722772276
27.0,31700.0,Male,18100.0,Berlin,High School,Single,2023-11-14 23:39:32.997299728
32.0,,Female,16400.0,Paris,Master,Single,2023-11-15 00:31:58.271827180
47.0,37700.0,Female,28500.0,Paris,High School,Married,2023-11-15 01:24:23.546354636
61.0,71600.0,Male,36800.0,Berlin,High School,Married,2023-11-15 02:16:48.820882088
34.0,55000.0,Female,37100.0,Berlin,Bachelor,Married,2023-11-15 03:09:14.095409540
21.0,59000.0,Male,25400.0,Paris,Bachelor,Single,2023-11-15 04:01:39.369936992
24.0,61100.0,Male,34400.0,Paris,High School,Married,2023-11-15 04:54:04.644464444
58.0,41100.0,Female,24400.0,Paris,Bachelor,Single,2023-11-15 05:46:29.918991896
48.0,70800.0,Female,50000.0,Paris,High School,Single,2023-11-15 06:38:55.193519352
68.0,40500.0,Female,30600.0,Paris,High School,Single,2023-11-15 07:31:20.468046804
56.0,71100.0,Female,38000.0,London,High School,Single,2023-11-15 08:23:45.742574256
51.0,56600.0,Female,34600.0,Madrid,High School,Single,2023-11-15 09:16:11.017101708
23.0,23200.0,Male,15300.0,Paris,High School,Single,
67.0,38800.0,Male,20600.0,Berlin,High School,Married,2023-11-15 11:01:01.566156616
55.0,23200.0,Male,18400.0,London,High School,Single,2023-11-15 11:53:26.840684068
62.0,67400.0,Female,50600.0,Madrid,High School,Single,2023-11-15 12:45:52.115211520
68.0,49600.0,Male,25700.0,Berlin,Bachelor,Married,2023-11-15 13:38:17.389738972
51.0,16600.0,Male,10000.0,Madrid,High School,Single,2023-11-15 14:30:42.664266424
61.0,55600.0,Female,27400.0,London,High School,Married,2023-11-15 15:23:07.938793880
32.0,41900.0,Female,25400.0,Berlin,High School,Single,2023-11-15 16:15:33.213321332
,27700.0,,18700.0,Paris,Bachelor,Single,2023-11-15 17:07:58.487848784
23.0,75200.0,Male,32700.0,Paris,High School,Married,2023-11-15 18:00:23.762376236
67.0,51600.0,Male,38600.0,Madrid,Bachelor,Divorced,2023-11-15 18:52:49.036903688
54.0,45600.0,Male,29100.0,Berlin,High School,Married,2023-11-15 19:45:14.311431140
67.0,44000.0,Male,35000.0,Paris,Master,Single,2023-11-15 20:37:39.585958596
49.0,27300.0,Female,11200.0,Madrid,Bachelor,Married,2023-11-15 21:30:04.860486048
20.0,30400.0,Male,22300.0,Paris,Bachelor,Married,2023-11-15 22:22:30.135013500
20.0,69300.0,Male,49700.0,Paris,High School,Married,2023-11-15 23:14:55.409540952
39.0,42900.0,Male,19400.0,London,Bachelor,Married,2023-11-16 00:07:20.684068404
39.0,50300.0,Male,26900.0,London,Bachelor,Widowed,2023-11-16 00:59:45.958595860
27.0,19300.0,Male,14600.0,London,High School,Single,2023-11-16 01:52:11.233123312
68.0,,Female,18300.0,Paris,Master,Single,2023-11-16 02:44:36.507650764
20.0,59100.0,Female,33100.0,Rome,PhD,Single,2023-11-16 03:37:01.782178216
29.0,55700.0,Male,42500.0,Rome,High School,Married,2023-11-16 04:29:27.056705668
46.0,76300.0,Female,33400.0,Paris,Master,Married,2023-11-16 05:21:52.331233120
65.0,70100.0,Male,41300.0,Paris,Bachelor,Single,2023-11-16 06:14:17.605760576
34.0,46500.0,Male,30700.0,Paris,High School,Single,2023-11-16 07:06:42.880288028
24.0,57100.0,Male,36700.0,Madrid,High School,Married,2023-11-16 07:59:08.154815480
30.0,45300.0,Male,22900.0,Madrid,High School,Married,2023-11-16 08:51:33.429342932
19.0,80800.0,Male,50500.0,London,Master,Single,2023-11-16 09:43:58.703870384
21.0,67200.0,Male,45900.0,Berlin,Bachelor,Divorced,2023-11-16 10:36:23.978397840
27.0,52500.0,Male,33300.0,Berlin,High School,Single,2023-11-16 11:28:49.252925292
56.0,53000.0,Male,35700.0,London,Bachelor,Widowed,2023-11-16 12:21:14.527452744
41.0,71700.0,Male,36000.0,Paris,Bachelor,Single,2023-11-16 13:13:39.801980196
34.0,58700.0,Male,43000.0,Paris,High School,Single,2023-11-16 14:06:05.076507648
69.0,73400.0,Male,42600.0,Paris,High School,Single,2023-11-16 14:58:30.351035104
23.0,17100.0,Male,13600.0,London,Master,Married,2023-11-16 15:50:55.625562556
36.0,56900.0,Male,23300.0,Paris,Master,,2023-11-16 16:43:20.900090008
22.0,42300.0,Female,23400.0,Paris,PhD,Single,2023-11-16 17:35:46.174617460
49.0,76300.0,Male,36000.0,Paris,High School,Widowed,2023-11-16 18:28:11.449144912
27.0,73200.0,Male,45500.0,London,Bachelor,,2023-11-16 19:20:36.723672364
26.0,50500.0,Male,25100.0,Rome,Bachelor,Single,2023-11-16 20:13:01.998199820
44.0,73000.0,Male,50700.0,Madrid,Bachelor,Married,2023-11-16 21:05:27.272727272
30.0,76700.0,Female,57700.0,Berlin,Bachelor,Single,2023-11-16 21:57:52.547254724
36.0,51100.0,Male,24800.0,Berlin,High School,Married,2023-11-16 22:50:17.821782176
38.0,87100.0,Male,40400.0,London,High School,Single,2023-11-16 23:42:43.096309628
41.0,49500.0,Female,37100.0,Paris,High School,Single,2023-11-17 00:35:08.370837084
,46800.0,,25500.0,Paris,High School,Married,2023-11-17 01:27:33.645364536
21.0,63000.0,Male,36200.0,Paris,High School,Single,2023-11-17 02:19:58.919891988
41.0,44700.0,Female,21800.0,London,Master,Single,2023-11-17 03:12:24.194419440
52.0,51300.0,Female,29200.0,Paris,High School,Divorced,2023-11-17 04:04:49.468946892
20.0,71100.0,Male,35000.0,Berlin,High School,Married,2023-11-17 04:57:14.743474348
21.0,50300.0,Male,33500.0,Paris,PhD,Single,2023-11-17 05:49:40.018001800
54.0,24600.0,Female,14700.0,Paris,Bachelor,Single,2023-11-17 06:42:05.292529252
57.0,55500.0,Male,39700.0,Rome,High School,Married,2023-11-17 07:34:30.567056704
65.0,39600.0,Male,20800.0,Paris,High School,Married,2023-11-17 08:26:55.841584156
52.0,63000.0,Male,37900.0,London,Bachelor,Divorced,2023-11-17 09:19:21.116111608
48.0,60400.0,Male,30400.0,Paris,High School,Married,2023-11-17 10:11:46.390639064
61.0,72100.0,Male,55800.0,Paris,PhD,Married,2023-11-17 11:04:11.665166516
42.0,63600.0,Male,38700.0,London,Bachelor,Married,2023-11-17 11:56:36.939693968
,66400.0,,31200.0,London,Bachelor,Single,2023-11-17 12:49:02.214221420
30.0,40000.0,Male,20400.0,Paris,High School,Divorced,2023-11-17 13:41:27.488748872
21.0,62100.0,Male,26900.0,Madrid,PhD,,2023-11-17 14:33:52.763276328
63.0,79500.0,Male,32700.0,Berlin,Bachelor,Married,2023-11-17 15:26:18.037803780
31.0,39700.0,Female,24200.0,Paris,Bachelor,Married,2023-11-17 16:18:43.312331232
30.0,77000.0,Male,41200.0,Paris,Master,,2023-11-17 17:11:08.586858684
44.0,41800.0,Male,32800.0,Berlin,Master,Single,2023-11-17 18:03:33.861386136
23.0,37200.0,Male,17400.0,Berlin,High School,Married,2023-11-17 18:55:59.135913588
34.0,54400.0,Male,39000.0,Paris,High School,Single,2023-11-17 19:48:24.410441044
53.0,60700.0,Female,32000.0,Paris,High School,,2023-11-17 20:40:49.684968496
57.0,63700.0,Male,31200.0,Paris,High School,Married,2023-11-17 21:33:14.959495948
66.0,35600.0,Male,28000.0,Paris,Master,Divorced,2023-11-17 22:25:40.234023400
,56500.0,,40700.0,Paris,High School,Single,2023-11-17 23:18:05.508550852
34.0,39700.0,Male,25900.0,Rome,High School,Married,2023-11-18 00:10:30.783078308
58.0,27700.0,Male,18800.0,Berlin,High School,Single,2023-11-18 01:02:56.057605760
19.0,36100.0,Male,28800.0,Berlin,PhD,Married,2023-11-18 01:55:21.332133212
30.0,38700.0,Male,24700.0,Paris,Master,Widowed,2023-11-18 02:47:46.606660664
69.0,57800.0,Male,25500.0,Paris,Bachelor,,2023-11-18 03:40:11.881188116
19.0,67300.0,Male,28700.0,Paris,Bachelor,Widowed,2023-11-18 04:32:37.155715572
69.0,27900.0,Male,18600.0,London,Bachelor,Divorced,2023-11-18 05:25:02.430243024
45.0,55300.0,Male,36700.0,Paris,Bachelor,,2023-11-18 06:17:27.704770476
60.0,32300.0,Male,22600.0,Paris,High School,Married,
43.0,59400.0,Female,26300.0,Paris,Bachelor,Divorced,2023-11-18 08:02:18.253825380
39.0,40700.0,Female,31700.0,Madrid,Bachelor,Married,2023-11-18 08:54:43.528352832
64.0,34200.0,Male,21200.0,London,Bachelor,,2023-11-18 09:47:08.802880288
60.0,62000.0,Female,40900.0,Paris,Bachelor,Married,
20.0,41200.0,Male,17100.0,Berlin,PhD,Single,2023-11-18 11:31:59.351935192
,45300.0,,35500.0,Berlin,Bachelor,Divorced,2023-11-18 12:24:24.626462644
29.0,16700.0,Male,10400.0,Paris,Bachelor,Single,2023-11-18 13:16:49.900990096
,64200.0,,40100.0,Paris,Master,,2023-11-18 14:09:15.175517552
22.0,62300.0,Male,48400.0,Berlin,High School,Married,2023-11-18 15:01:40.450045004
37.0,50100.0,Male,38700.0,Paris,High School,Single,
56.0,27100.0,Male,13200.0,Berlin,Bachelor,Married,2023-11-18 16:46:30.999099908
56.0,68100.0,Male,52600.0,Paris,Bachelor,Divorced,2023-11-18 17:38:56.273627360
30.0,40000.0,Female,27800.0,London,High School,Single,2023-11-18 18:31:21.548154816
58.0,43200.0,Male,17600.0,Paris,Bachelor,Single,2023-11-18 19:23:46.822682268
62.0,84700.0,Male,,London,Master,Married,2023-11-18 20:16:12.097209720
29.0,39400.0,Female,22300.0,Rome,Bachelor,Married,2023-11-18 21:08:37.371737172
30.0,61100.0,Male,38700.0,London,Bachelor,,2023-11-18 22:01:02.646264624
27.0,58400.0,Male,39700.0,Paris,High School,Married,2023-11-18 22:53:27.920792076
50.0,55900.0,Male,27100.0,Paris,Master,Married,2023-11-18 23:45:53.195319532
57.0,54200.0,Female,39800.0,Madrid,Bachelor,Single,2023-11-19 00:38:18.469846984
33.0,55600.0,Female,41000.0,Berlin,High School,Married,2023-11-19 01:30:43.744374436
62.0,54100.0,Male,35400.0,Paris,Bachelor,Married,2023-11-19 02:23:09.018901888
52.0,49200.0,Male,37800.0,Rome,High School,Single,2023-11-19 03:15:34.293429340
20.0,72700.0,Male,52700.0,London,High School,Widowed,2023-11-19 04:07:59.567956796
22.0,30300.0,Male,14800.0,Paris,High School,Single,2023-11-19 05:00:24.842484248
43.0,65300.0,Female,47000.0,London,High School,Married,2023-11-19 05:52:50.117011700
28.0,62300.0,Male,48700.0,London,Bachelor,Single,2023-11-19 06:45:15.391539152
24.0,60500.0,Male,27500.0,Berlin,Bachelor,Single,2023-11-19 07:37:40.666066604
,66800.0,,52900.0,Paris,High School,Single,2023-11-19 08:30:05.940594060
59.0,48600.0,Male,19900.0,Madrid,Bachelor,Single,2023-11-19 09:22:31.215121512
69.0,22000.0,Female,13400.0,Berlin,High School,Married,2023-11-19 10:14:56.489648964
51.0,48900.0,Female,34700.0,London,Bachelor,Single,2023-11-19 11:07:21.764176416
20.0,35100.0,Male,25100.0,Paris,High School,Married,2023-11-19 11:59:47.038703868
25.0,,Female,27100.0,Rome,Bachelor,Divorced,2023-11-19 12:52:12.313231320
48.0,31400.0,Male,19200.0,London,High School,Single,2023-11-19 13:44:37.587758776
28.0,42800.0,Male,28300.0,Madrid,High School,Divorced,2023-11-19 14:37:02.862286228
62.0,41100.0,Male,27900.0,Paris,Bachelor,Single,2023-11-19 15:29:28.136813680
24.0,14300.0,Male,8500.0,Rome,Bachelor,Single,2023-11-19 16:21:53.411341132
62.0,60500.0,Male,38600.0,Berlin,High School,Married,2023-11-19 17:14:18.685868584
19.0,83300.0,Male,61500.0,Madrid,High School,Divorced,2023-11-19 18:06:43.960396040
23.0,59100.0,Male,31000.0,Paris,High School,Single,2023-11-19 18:59:09.234923492
58.0,47000.0,Male,28600.0,London,Bachelor,Married,2023-11-19 19:51:34.509450944
49.0,49200.0,Male,19800.0,Paris,Master,Single,2023-11-19 20:43:59.783978396
37.0,43700.0,Male,29500.0,Paris,Bachelor,Married,2023-11-19 21:36:25.058505848
51.0,51400.0,Male,24600.0,Paris,High School,Married,2023-11-19 22:28:50.333033300
67.0,49400.0,Female,29300.0,Rome,Bachelor,Married,2023-11-19 23:21:15.607560756
33.0,37400.0,Male,18100.0,London,High School,Divorced,2023-11-20 00:13:40.882088208
42.0,75200.0,Male,30800.0,Paris,Master,Divorced,2023-11-20 01:06:06.156615660
29.0,27700.0,Male,16400.0,Rome,Master,Single,2023-11-20 01:58:31.431143112
24.0,60800.0,Male,34700.0,Berlin,Bachelor,Single,2023-11-20 02:50:56.705670564
56.0,48500.0,Male,27600.0,Madrid,Master,Married,2023-11-20 03:43:21.980198020
34.0,78500.0,Male,38000.0,Madrid,High School,Married,2023-11-20 04:35:47.254725472
62.0,55100.0,Male,42900.0,Berlin,High School,Single,2023-11-20 05:28:12.529252924
28.0,,Female,17900.0,Paris,High School,Single,2023-11-20 06:20:37.803780376
23.0,46300.0,Male,35000.0,Rome,Bachelor,Married,2023-11-20 07:13:03.078307828
40.0,50600.0,Male,35200.0,Paris,High School,Single,2023-11-20 08:05:28.352835284
44.0,32900.0,Male,15400.0,London,High School,Single,2023-11-20 08:57:53.627362736
63.0,38500.0,Male,22700.0,Berlin,High School,Single,2023-11-20 09:50:18.901890188
23.0,23200.0,Male,18500.0,Paris,Master,Married,2023-11-20 10:42:44.176417640
55.0,36200.0,Male,23800.0,London,High School,Single,2023-11-20 11:35:09.450945092
19.0,51400.0,Male,23200.0,Paris,High School,Married,2023-11-20 12:27:34.725472544
39.0,54500.0,Female,31800.0,Paris,High School,Single,2023-11-20 13:20:00.000000000
37.0,20300.0,Male,11900.0,Paris,High School,Married,2023-11-20 14:12:25.274527452
,47900.0,,34500.0,Madrid,High School,Single,2023-11-20 15:04:50.549054904
32.0,58500.0,Male,44800.0,Paris,High School,Single,2023-11-20 15:57:15.823582356
66.0,47600.0,Male,20600.0,Madrid,High School,Married,2023-11-20 16:49:41.098109808
46.0,40500.0,Male,21300.0,London,Bachelor,Single,2023-11-20 17:42:06.372637264
25.0,43800.0,Male,22700.0,London,Bachelor,Married,2023-11-20 18:34:31.647164716
54.0,41900.0,Male,33500.0,Berlin,Master,Divorced,
66.0,40400.0,Female,25200.0,London,High School,Single,
69.0,52600.0,Male,39600.0,Paris,High School,Single,2023-11-20 21:11:47.470747072
50.0,84600.0,Female,48300.0,Paris,High School,Single,2023-11-20 22:04:12.745274528
39.0,38800.0,Female,26700.0,London,Bachelor,Single,2023-11-20 22:56:38.019801980
67.0,45200.0,Male,23300.0,London,High School,Married,2023-11-20 23:49:03.294329432
64.0,49200.0,Male,37600.0,Paris,Bachelor,Single,2023-11-21 00:41:28.568856884
22.0,39700.0,Male,23100.0,London,Bachelor,Single,2023-11-21 01:33:53.843384336
56.0,66500.0,Female,48000.0,London,Bachelor,Single,2023-11-21 02:26:19.117911788
35.0,,Female,7200.0,Berlin,High School,Married,2023-11-21 03:18:44.392439244
55.0,42000.0,Male,28500.0,London,High School,Married,2023-11-21 04:11:09.666966696
54.0,62300.0,Male,35000.0,Madrid,Master,Single,2023-11-21 05:03:34.941494148
47.0,45600.0,Male,18800.0,London,High School,Married,2023-11-21 05:56:00.216021600
,37700.0,,21300.0,Madrid,High School,Married,2023-11-21 06:48:25.490549052
48.0,56600.0,Female,35100.0,London,High School,Single,2023-11-21 07:40:50.765076508
27.0,63600.0,Male,29300.0,London,Bachelor,Married,2023-11-21 08:33:16.039603960
32.0,53200.0,Male,25200.0,Paris,Master,Widowed,2023-11-21 09:25:41.314131412
59.0,38000.0,Male,22300.0,London,High School,Married,2023-11-21 10:18:06.588658864
65.0,56800.0,Male,30500.0,Madrid,Bachelor,Single,2023-11-21 11:10:31.863186316
61.0,44000.0,Female,25400.0,Paris,Master,Single,2023-11-21 12:02:57.137713768
35.0,61200.0,Male,35800.0,Paris,High School,Married,2023-11-21 12:55:22.412241224
40.0,72200.0,Male,32900.0,Berlin,High School,Single,2023-11-21 13:47:47.686768676
50.0,10900.0,Male,5200.0,London,PhD,Married,2023-11-21 14:40:12.961296128
33.0,51700.0,Male,38200.0,Paris,High School,Married,2023-11-21 15:32:38.235823580
55.0,24000.0,Male,11200.0,London,High School,Divorced,2023-11-21 16:25:03.510351032
52.0,,Female,57700.0,London,Master,Single,2023-11-21 17:17:28.784878488
51.0,43000.0,Male,24400.0,London,High School,Married,2023-11-21 18:09:54.059405940
45.0,61200.0,Male,48200.0,Berlin,Master,Single,2023-11-21 19:02:19.333933392
19.0,49500.0,Male,21100.0,Paris,High School,Single,2023-11-21 19:54:44.608460844
47.0,38000.0,Male,27800.0,London,Master,Single,2023-11-21 20:47:09.882988296
30.0,36200.0,Male,21600.0,Berlin,Bachelor,Single,2023-11-21 21:39:35.157515752
58.0,73800.0,Male,29700.0,Berlin,High School,Single,2023-11-21 22:32:00.432043204
33.0,64300.0,Male,32500.0,Paris,Bachelor,Single,2023-11-21 23:24:25.706570656
22.0,79200.0,Male,44600.0,Paris,High School,Married,2023-11-22 00:16:50.981098108
45.0,50800.0,Female,26700.0,London,High School,Single,2023-11-22 01:09:16.255625560
56.0,54300.0,Male,29600.0,Madrid,Bachelor,Single,2023-11-22 02:01:41.530153012
62.0,46000.0,Male,35300.0,Berlin,Master,Married,2023-11-22 02:54:06.804680468
37.0,45700.0,Male,24900.0,London,Bachelor,Married,
41.0,,Female,19500.0,Rome,Master,Single,2023-11-22 04:38:57.353735372
44.0,51300.0,Male,36100.0,London,Master,Married,2023-11-22 05:31:22.628262824
47.0,38200.0,Male,27400.0,Berlin,Bachelor,Married,2023-11-22 06:23:47.902790276
62.0,56600.0,Male,24500.0,Berlin,Master,Single,2023-11-22 07:16:13.177317732
44.0,52600.0,Male,35900.0,Madrid,High School,Single,2023-11-22 08:08:38.451845184
43.0,54300.0,Female,32200.0,Rome,Bachelor,Married,2023-11-22 09:01:03.726372636
,75100.0,,34100.0,London,Bachelor,Married,2023-11-22 09:53:29.000900088
59.0,49400.0,Male,25000.0,Paris,High School,Married,2023-11-22 10:45:54.275427540
64.0,61400.0,Female,25700.0,London,Master,Single,2023-11-22 11:38:19.549954996
55.0,80800.0,Male,44000.0,Madrid,High School,Married,
22.0,69600.0,Male,35000.0,Berlin,High School,Married,2023-11-22 13:23:10.099009900
40.0,67300.0,Female,37200.0,Paris,High School,Married,2023-11-22 14:15:35.373537352
45.0,45400.0,Male,28700.0,Paris,Bachelor,Single,2023-11-22 15:08:00.648064804
51.0,53400.0,Male,37000.0,London,High School,Single,2023-11-22 16:00:25.922592256
32.0,30200.0,Female,19400.0,London,Bachelor,Single,2023-11-22 16:52:51.197119712
49.0,57500.0,Male,38600.0,Paris,Bachelor,Widowed,2023-11-22 17:45:16.471647164
43.0,54100.0,Male,40400.0,Berlin,Bachelor,Single,2023-11-22 18:37:41.746174616
,50400.0,,37800.0,Paris,Bachelor,Single,2023-11-22 19:30:07.020702068
48.0,65400.0,Female,48700.0,London,High School,Single,2023-11-22 20:22:32.295229520
36.0,31900.0,Female,14700.0,Paris,High School,Divorced,2023-11-22 21:14:57.569756976
26.0,74500.0,Male,37300.0,Madrid,Master,Married,2023-11-22 22:07:22.844284428
46.0,63500.0,Female,38200.0,Berlin,Bachelor,Single,2023-11-22 22:59:48.118811880
68.0,48900.0,Female,26600.0,Paris,Bachelor,Divorced,2023-11-22 23:52:13.393339332
56.0,47800.0,Male,21600.0,London,High School,Divorced,2023-11-23 00:44:38.667866784
21.0,57200.0,Female,29500.0,Paris,High School,Single,2023-11-23 01:37:03.942394240
20.0,72800.0,Male,57500.0,Rome,PhD,,
46.0,51500.0,Male,27700.0,Berlin,Master,Widowed,2023-11-23 03:21:54.491449144
69.0,52200.0,Male,29600.0,Berlin,High School,Married,2023-11-23 04:14:19.765976596
28.0,50300.0,Male,20200.0,Paris,Bachelor,Single,2023-11-23 05:06:45.040504048
,76700.0,,52800.0,Paris,High School,Single,2023-11-23 05:59:10.315031500
55.0,44500.0,Male,25200.0,London,High School,Single,2023-11-23 06:51:35.589558956
28.0,49600.0,Male,21900.0,Paris,High School,Married,2023-11-23 07:44:00.864086408
44.0,72000.0,Male,56700.0,Berlin,Bachelor,Single,2023-11-23 08:36:26.138613860
50.0,52200.0,Male,37100.0,London,PhD,Single,2023-11-23 09:28:51.413141312
38.0,67100.0,Female,46300.0,Paris,Master,Single,2023-11-23 10:21:16.687668764
56.0,36300.0,Female,28400.0,Paris,Master,Single,2023-11-23 11:13:41.962196220
48.0,46900.0,Female,26400.0,Rome,Bachelor,Single,2023-11-23 12:06:07.236723672
55.0,72300.0,Male,49700.0,Rome,High School,Divorced,2023-11-23 12:58:32.511251124
63.0,,Female,19300.0,Paris,High School,Single,2023-11-23 13:50:57.785778576
19.0,47700.0,Male,32400.0,Paris,Bachelor,Married,2023-11-23 14:43:23.060306028
,53900.0,,21900.0,Paris,Master,Single,2023-11-23 15:35:48.334833480
53.0,35200.0,Male,15900.0,Paris,Master,Married,2023-11-23 16:28:13.609360936
28.0,43800.0,Male,25000.0,Madrid,High School,Single,2023-11-23 17:20:38.883888388
64.0,51700.0,Female,20900.0,Berlin,High School,,2023-11-23 18:13:04.158415840
35.0,50700.0,Male,29600.0,Rome,High School,Divorced,2023-11-23 19:05:29.432943292
18.0,69200.0,Male,42200.0,Madrid,Bachelor,Single,2023-11-23 19:57:54.707470744
52.0,73100.0,Female,47400.0,Berlin,High School,Married,2023-11-23 20:50:19.981998200
52.0,37200.0,Male,16400.0,London,Master,Married,2023-11-23 21:42:45.256525652
48.0,51700.0,Female,24400.0,Madrid,High School,Married,2023-11-23 22:35:10.531053104
45.0,60100.0,Female,38800.0,London,PhD,Widowed,2023-11-23 23:27:35.805580556
56.0,72700.0,Male,48200.0,Paris,High School,Single,2023-11-24 00:20:01.080108008
18.0,60800.0,Male,24900.0,London,High School,Divorced,2023-11-24 01:12:26.354635464
42.0,54400.0,Male,33500.0,London,Bachelor,Married,2023-11-24 02:04:51.629162916
,60000.0,,42800.0,Rome,Master,Single,2023-11-24 02:57:16.903690368
55.0,60100.0,Male,25700.0,London,High School,Single,2023-11-24 03:49:42.178217820
37.0,36100.0,Male,20400.0,Paris,Master,Married,2023-11-24 04:42:07.452745272
20.0,,Female,28100.0,Paris,High School,Single,2023-11-24 05:34:32.727272724
68.0,71900.0,Female,55000.0,Madrid,Master,Married,2023-11-24 06:26:58.001800180
19.0,46900.0,Female,22200.0,Rome,High School,Single,2023-11-24 07:19:23.276327632
35.0,51900.0,Male,27400.0,Berlin,High School,Married,2023-11-24 08:11:48.550855084
61.0,46400.0,Male,35200.0,Paris,High School,Married,2023-11-24 09:04:13.825382536
27.0,15300.0,Male,8100.0,Paris,High School,Single,2023-11-24 09:56:39.099909988
22.0,50300.0,Male,30800.0,London,High School,Single,2023-11-24 10:49:04.374437444
26.0,54500.0,Female,22500.0,Rome,High School,Divorced,2023-11-24 11:41:29.648964896
19.0,42300.0,Female,33600.0,Madrid,Bachelor,Single,2023-11-24 12:33:54.923492348
51.0,32700.0,Male,23900.0,Madrid,Bachelor,Single,
55.0,36800.0,Female,24100.0,London,High School,Married,2023-11-24 14:18:45.472547252
48.0,61500.0,Male,26100.0,Madrid,PhD,Single,2023-11-24 15:11:10.747074708
27.0,79600.0,Male,34200.0,Paris,PhD,Single,2023-11-24 16:03:36.021602160
67.0,70700.0,Male,43700.0,Paris,Master,Married,2023-11-24 16:56:01.296129612
29.0,29800.0,Male,15300.0,Madrid,Bachelor,Single,2023-11-24 17:48:26.570657064
53.0,62800.0,Female,40800.0,Paris,High School,Single,2023-11-24 18:40:51.845184516
38.0,40100.0,Female,25600.0,Berlin,High School,Married,2023-11-24 19:33:17.119711968
66.0,41300.0,Male,30400.0,London,High School,Widowed,2023-11-24 20:25:42.394239424
64.0,43100.0,Male,22100.0,Paris,Bachelor,Married,2023-11-24 21:18:07.668766876
23.0,60600.0,Male,38200.0,Paris,Bachelor,,2023-11-24 22:10:32.943294328
65.0,64400.0,Female,45800.0,Paris,Bachelor,Single,2023-11-24 23:02:58.217821780
66.0,48500.0,Female,28900.0,Berlin,Bachelor,Divorced,
20.0,48800.0,Female,35700.0,Paris,High School,Married,2023-11-25 00:47:48.766876688
27.0,57000.0,Female,25800.0,London,Bachelor,Married,2023-11-25 01:40:14.041404140
22.0,58500.0,Male,40600.0,London,High School,Divorced,2023-11-25 02:32:39.315931592
63.0,67600.0,Male,52500.0,Paris,Bachelor,Married,2023-11-25 03:25:04.590459044
43.0,30700.0,Male,16400.0,Paris,High School,Widowed,2023-11-25 04:17:29.864986496
38.0,50300.0,Male,27500.0,Paris,High School,Divorced,2023-11-25 05:09:55.139513948
62.0,,Female,14700.0,Paris,Master,Married,2023-11-25 06:02:20.414041404
43.0,49200.0,Female,32300.0,London,High School,Divorced,2023-11-25 06:54:45.688568856
55.0,46600.0,Male,28900.0,Rome,Bachelor,Single,2023-11-25 07:47:10.963096308
61.0,49300.0,Male,20500.0,Paris,Master,Married,2023-11-25 08:39:36.237623760
43.0,38000.0,Male,26600.0,Madrid,High School,Single,2023-11-25 09:32:01.512151212
25.0,27700.0,Male,20300.0,London,High School,Divorced,2023-11-25 10:24:26.786678668
22.0,18600.0,Male,14200.0,London,High School,Single,2023-11-25 11:16:52.061206120
32.0,48000.0,Male,29700.0,Madrid,High School,Divorced,2023-11-25 12:09:17.335733572
33.0,,Female,25300.0,London,High School,Single,2023-11-25 13:01:42.610261024
18.0,39900.0,Male,29900.0,Paris,High School,Married,2023-11-25 13:54:07.884788476
,69800.0,,39100.0,Paris,High School,Single,2023-11-25 14:46:33.159315932
54.0,37100.0,Male,24600.0,Berlin,High School,Married,2023-11-25 15:38:58.433843384
20.0,71300.0,Female,46100.0,Paris,High School,Single,2023-11-25 16:31:23.708370836
69.0,,Female,,London,Master,Divorced,2023-11-25 17:23:48.982898288
64.0,20700.0,Male,9000.0,London,Bachelor,Married,2023-11-25 18:16:14.257425740
48.0,51400.0,Female,21000.0,Paris,High School,Married,2023-11-25 19:08:39.531953192
30.0,44000.0,Male,25100.0,Berlin,Master,Single,2023-11-25 20:01:04.806480648
33.0,6300.0,Male,3700.0,Berlin,High School,Single,2023-11-25 20:53:30.081008100
60.0,28300.0,Male,20600.0,London,High School,Divorced,2023-11-25 21:45:55.355535552
38.0,61600.0,Male,34900.0,Paris,High School,Single,2023-11-25 22:38:20.630063004
19.0,80300.0,Male,41200.0,Paris,Bachelor,Divorced,2023-11-25 23:30:45.904590456
44.0,63500.0,Female,37100.0,London,High School,Single,2023-11-26 00:23:11.179117912
55.0,54900.0,Female,27200.0,Berlin,High School,Single,2023-11-26 01:15:36.453645364
43.0,49700.0,Male,21700.0,London,Bachelor,Divorced,2023-11-26 02:08:01.728172816
55.0,75200.0,Male,33500.0,Rome,PhD,Married,2023-11-26 03:00:27.002700268
63.0,82200.0,Male,43400.0,Paris,High School,Single,2023-11-26 03:52:52.277227720
42.0,41200.0,Male,16700.0,Rome,High School,Single,2023-11-26 04:45:17.551755176
28.0,20000.0,Male,9800.0,London,Master,Divorced,2023-11-26 05:37:42.826282628
25.0,18500.0,Male,13200.0,Berlin,High School,Single,2023-11-26 06:30:08.100810080
,69800.0,,34500.0,Paris,High School,Single,2023-11-26 07:22:33.375337532
50.0,49300.0,Female,21900.0,London,Master,Married,2023-11-26 08:14:58.649864984
24.0,52700.0,Male,41100.0,Berlin,Bachelor,Single,2023-11-26 09:07:23.924392436
55.0,23100.0,Male,15000.0,Berlin,High School,Single,2023-11-26 09:59:49.198919892
38.0,38700.0,Male,16400.0,Paris,Bachelor,Married,2023-11-26 10:52:14.473447344
25.0,45600.0,Male,19400.0,Paris,Master,Divorced,2023-11-26 11:44:39.747974796
,53100.0,,34200.0,London,High School,Widowed,2023-11-26 12:37:05.022502248
,44000.0,,27100.0,Madrid,High School,Married,2023-11-26 13:29:30.297029700
37.0,34400.0,Male,14700.0,London,High School,Married,2023-11-26 14:21:55.571557156
25.0,38200.0,Female,18700.0,Paris,Bachelor,Married,2023-11-26 15:14:20.846084608
63.0,68100.0,Male,52500.0,Madrid,Bachelor,Single,2023-11-26 16:06:46.120612060
48.0,53700.0,Female,33800.0,London,High School,Divorced,2023-11-26 16:59:11.395139512
67.0,59200.0,Male,34100.0,Paris,Bachelor,Single,2023-11-26 17:51:36.669666964
46.0,36500.0,Female,18300.0,Paris,Bachelor,Single,2023-11-26 18:44:01.944194420
65.0,5700.0,Male,2600.0,Berlin,High School,Married,2023-11-26 19:36:27.218721872
26.0,42200.0,Male,23700.0,Paris,Bachelor,Single,2023-11-26 20:28:52.493249324
32.0,37000.0,Male,28500.0,Paris,Bachelor,Single,2023-11-26 21:21:17.767776776
47.0,55200.0,Male,23200.0,London,High School,Single,2023-11-26 22:13:43.042304228
43.0,99300.0,Male,79100.0,Paris,Master,Single,2023-11-26 23:06:08.316831680
27.0,60400.0,Female,29200.0,Paris,High School,Married,2023-11-26 23:58:33.591359136
46.0,,Female,,London,High School,Married,2023-11-27 00:50:58.865886588
33.0,58500.0,Male,24500.0,Berlin,Bachelor,Single,2023-11-27 01:43:24.140414040
53.0,40600.0,Male,25700.0,Paris,Bachelor,Single,2023-11-27 02:35:49.414941492
,55200.0,,32800.0,Paris,PhD,Married,2023-11-27 03:28:14.689468944
62.0,76700.0,Female,51100.0,London,High School,Married,2023-11-27 04:20:39.963996400
54.0,77400.0,Female,47800.0,Paris,High School,Married,
39.0,41400.0,Male,23200.0,London,High School,Divorced,2023-11-27 06:05:30.513051304
24.0,53800.0,Male,37400.0,Rome,Master,Single,2023-11-27 06:57:55.787578756
40.0,,Female,11700.0,London,High School,Married,2023-11-27 07:50:21.062106208
58.0,62400.0,Male,38500.0,Paris,Bachelor,Married,2023-11-27 08:42:46.336633660
57.0,73300.0,Male,,Paris,High School,Divorced,2023-11-27 09:35:11.611161116
46.0,50600.0,Male,29100.0,Paris,High School,Single,2023-11-27 10:27:36.885688568
33.0,40000.0,Female,28700.0,Paris,High School,Single,2023-11-27 11:20:02.160216020
55.0,55400.0,Male,25300.0,Paris,Master,Single,2023-11-27 12:12:27.434743472
45.0,56300.0,Female,43600.0,Paris,High School,Married,2023-11-27 13:04:52.709270924
65.0,51200.0,Male,38700.0,Madrid,High School,Single,2023-11-27 13:57:17.983798380
55.0,52700.0,Male,29800.0,Madrid,High School,Divorced,2023-11-27 14:49:43.258325832
48.0,47400.0,Male,19100.0,London,Master,Widowed,2023-11-27 15:42:08.532853284
31.0,64900.0,Female,46500.0,Paris,Bachelor,Single,2023-11-27 16:34:33.807380736
50.0,61000.0,Male,45900.0,Berlin,PhD,Married,2023-11-27 17:26:59.081908188
26.0,35300.0,Male,16600.0,Paris,High School,Single,2023-11-27 18:19:24.356435644
44.0,34800.0,Male,26700.0,Paris,High School,Divorced,2023-11-27 19:11:49.630963096
41.0,46200.0,Male,35400.0,Paris,High School,Single,2023-11-27 20:04:14.905490548
30.0,,Female,36000.0,London,Bachelor,Widowed,2023-11-27 20:56:40.180018000
43.0,52200.0,Male,37500.0,Paris,High School,Single,2023-11-27 21:49:05.454545452
46.0,40400.0,Female,23400.0,Paris,Bachelor,Single,2023-11-27 22:41:30.729072904
68.0,53900.0,Female,33700.0,Paris,High School,Married,2023-11-27 23:33:56.003600360
66.0,45000.0,Male,23800.0,Madrid,Bachelor,Single,2023-11-28 00:26:21.278127812
60.0,63200.0,Female,29300.0,Paris,High School,,2023-11-28 01:18:46.552655264
45.0,55000.0,Male,38400.0,Paris,Bachelor,Married,2023-11-28 02:11:11.827182716
45.0,45300.0,Male,18100.0,London,Bachelor,Married,2023-11-28 03:03:37.101710168
25.0,53500.0,Male,33800.0,Paris,High School,Divorced,2023-11-28 03:56:02.376237624
40.0,69700.0,Female,52000.0,London,Master,Single,2023-11-28 04:48:27.650765076
46.0,41500.0,Male,20300.0,Paris,Bachelor,Married,2023-11-28 05:40:52.925292528
22.0,56000.0,Male,29900.0,London,High School,,2023-11-28 06:33:18.199819980
59.0,,Female,31100.0,London,Bachelor,Married,2023-11-28 07:25:43.474347432
24.0,56400.0,Female,28100.0,Berlin,High School,Single,2023-11-28 08:18:08.748874888
59.0,40200.0,Male,29700.0,Paris,High School,Single,2023-11-28 09:10:34.023402340
53.0,51700.0,Male,28300.0,London,High School,Single,2023-11-28 10:02:59.297929792
58.0,66600.0,Male,42100.0,Rome,High School,Married,2023-11-28 10:55:24.572457244
44.0,35900.0,Male,17600.0,Berlin,Master,Divorced,2023-11-28 11:47:49.846984696
63.0,30100.0,Male,12500.0,Rome,High School,Married,
19.0,30600.0,Male,14400.0,Madrid,High School,Married,2023-11-28 13:32:40.396039604
42.0,32400.0,Male,13600.0,London,Bachelor,Single,2023-11-28 14:25:05.670567056
26.0,,Female,34600.0,Paris,Bachelor,Single,2023-11-28 15:17:30.945094508
44.0,28900.0,Male,18300.0,Berlin,High School,,2023-11-28 16:09:56.219621960
,45500.0,,19000.0,London,Bachelor,Married,
40.0,59300.0,Male,25900.0,London,High School,Single,2023-11-28 17:54:46.768676868
27.0,56200.0,Male,33400.0,London,Bachelor,Single,2023-11-28 18:47:12.043204320
59.0,44200.0,Male,31800.0,London,High School,Single,2023-11-28 19:39:37.317731772
69.0,52900.0,Male,34400.0,London,Master,Single,2023-11-28 20:32:02.592259224
42.0,51600.0,Male,22800.0,London,High School,Single,2023-11-28 21:24:27.866786676
20.0,46600.0,Male,35200.0,Paris,Master,Widowed,2023-11-28 22:16:53.141314128
23.0,46800.0,Male,35900.0,Madrid,Bachelor,Single,2023-11-28 23:09:18.415841584
23.0,83500.0,Male,44300.0,Madrid,Master,Married,2023-11-29 00:01:43.690369036
19.0,62100.0,Male,40100.0,London,Master,Widowed,2023-11-29 00:54:08.964896488
35.0,87200.0,Male,52100.0,Paris,High School,Single,2023-11-29 01:46:34.239423940
40.0,42500.0,Male,33000.0,Paris,High School,Divorced,2023-11-29 02:38:59.513951392
19.0,48700.0,Male,29400.0,Paris,Bachelor,Single,2023-11-29 03:31:24.788478848
29.0,30000.0,Female,23500.0,Paris,High School,Widowed,2023-11-29 04:23:50.063006300
39.0,37900.0,Male,18200.0,Paris,High School,Divorced,2023-11-29 05:16:15.337533752
54.0,78500.0,Female,42200.0,Paris,Master,Divorced,2023-11-29 06:08:40.612061204
37.0,42200.0,Female,30100.0,Paris,High School,Single,2023-11-29 07:01:05.886588656
56.0,78800.0,Female,56200.0,London,High School,Divorced,2023-11-29 07:53:31.161116112
41.0,31300.0,Male,21700.0,Rome,Bachelor,Divorced,2023-11-29 08:45:56.435643564
65.0,34200.0,Female,25400.0,Paris,Master,Married,2023-11-29 09:38:21.710171016
37.0,44900.0,Female,30600.0,London,Master,Single,2023-11-29 10:30:46.984698468
18.0,49000.0,Male,32100.0,Rome,Bachelor,Single,2023-11-29 11:23:12.259225920
18.0,63800.0,Male,37200.0,Madrid,High School,Single,2023-11-29 12:15:37.533753372
34.0,,Female,33300.0,Paris,Bachelor,Married,2023-11-29 13:08:02.808280828
18.0,43800.0,Male,24600.0,Paris,Bachelor,Single,2023-11-29 14:00:28.082808280
69.0,48000.0,Male,31100.0,Paris,High School,Widowed,2023-11-29 14:52:53.357335732
62.0,45200.0,Female,25400.0,Paris,Master,Married,2023-11-29 15:45:18.631863184
47.0,36300.0,Male,16700.0,London,High School,Single,2023-11-29 16:37:43.906390636
58.0,36700.0,Male,16200.0,Paris,High School,Married,
64.0,65400.0,Male,50300.0,Berlin,High School,Married,2023-11-29 18:22:34.455445544
20.0,22600.0,Male,9300.0,Paris,Master,Single,2023-11-29 19:14:59.729972996
63.0,74300.0,Female,32900.0,Berlin,High School,Single,2023-11-29 20:07:25.004500448
28.0,44900.0,Male,26000.0,Paris,High School,Single,2023-11-29 20:59:50.279027900
,38400.0,,19400.0,London,Master,Married,2023-11-29 21:52:15.553555356
39.0,61100.0,Male,34400.0,London,High School,Married,2023-11-29 22:44:40.828082808
61.0,72300.0,Male,32300.0,London,High School,Single,2023-11-29 23:37:06.102610260
62.0,66800.0,Male,30200.0,Paris,High School,Single,2023-11-30 00:29:31.377137712
43.0,57500.0,Male,41400.0,Paris,High School,Single,2023-11-30 01:21:56.651665164
30.0,66300.0,Female,46700.0,Paris,High School,Married,2023-11-30 02:14:21.926192616
18.0,24300.0,Male,10700.0,London,Bachelor,Married,
41.0,42200.0,Female,28200.0,Paris,High School,Married,2023-11-30 03:59:12.475247524
27.0,36300.0,Male,23400.0,London,Bachelor,Single,2023-11-30 04:51:37.749774976
52.0,68400.0,Male,46900.0,Paris,PhD,Single,2023-11-30 05:44:03.024302428
41.0,44200.0,Male,26100.0,Paris,Master,Single,2023-11-30 06:36:28.298829880
,62700.0,,31900.0,London,Bachelor,Married,2023-11-30 07:28:53.573357336
53.0,58000.0,Male,38600.0,London,Master,Single,2023-11-30 08:21:18.847884788
33.0,37100.0,Male,20400.0,Paris,PhD,Single,2023-11-30 09:13:44.122412240
57.0,41200.0,Male,20100.0,London,Bachelor,Single,2023-11-30 10:06:09.396939692
33.0,69400.0,Male,39100.0,Berlin,High School,Single,2023-11-30 10:58:34.671467144
34.0,38400.0,Male,27100.0,Paris,Master,Divorced,2023-11-30 11:50:59.945994600
68.0,51900.0,Male,30600.0,Paris,Master,Single,2023-11-30 12:43:25.220522052
32.0,38300.0,Female,19900.0,London,High School,Married,2023-11-30 13:35:50.495049504
,45300.0,,33200.0,Rome,Master,Divorced,2023-11-30 14:28:15.769576956
32.0,49300.0,Male,37100.0,Paris,High School,Single,2023-11-30 15:20:41.044104408
51.0,38300.0,Male,22000.0,London,High School,Single,2023-11-30 16:13:06.318631860
28.0,35600.0,Male,19600.0,Madrid,High School,Married,2023-11-30 17:05:31.593159316
18.0,54300.0,Male,35000.0,London,High School,Married,2023-11-30 17:57:56.867686768
32.0,37300.0,Female,15800.0,Paris,Bachelor,Widowed,2023-11-30 18:50:22.142214220
43.0,37800.0,Female,25600.0,London,Bachelor,Married,2023-11-30 19:42:47.416741672
68.0,35900.0,Male,25600.0,Paris,High School,Married,2023-11-30 20:35:12.691269124
21.0,48800.0,Male,27300.0,Paris,High School,Divorced,2023-11-30 21:27:37.965796580
60.0,64200.0,Female,30200.0,Paris,Bachelor,Married,2023-11-30 22:20:03.240324032
,72600.0,,29900.0,Paris,High School,Divorced,2023-11-30 23:12:28.514851484
52.0,39100.0,Male,25600.0,Paris,Master,Single,
30.0,82300.0,Male,41800.0,Berlin,Bachelor,Married,2023-12-01 00:57:19.063906388
27.0,,Female,20400.0,Rome,Bachelor,Married,2023-12-01 01:49:44.338433840
28.0,66300.0,Male,36800.0,Paris,High School,Single,2023-12-01 02:42:09.612961296
35.0,39200.0,Male,18400.0,Paris,PhD,Married,2023-12-01 03:34:34.887488748
51.0,36900.0,Female,22300.0,Berlin,High School,Single,2023-12-01 04:27:00.162016200
56.0,38800.0,Female,22700.0,London,High School,Married,2023-12-01 05:19:25.436543652
58.0,49200.0,Male,32000.0,Berlin,Master,Divorced,2023-12-01 06:11:50.711071104
59.0,58700.0,Male,29400.0,London,Bachelor,Single,2023-12-01 07:04:15.985598560
67.0,60000.0,Male,29200.0,Madrid,High School,Married,2023-12-01 07:56:41.260126012
40.0,35800.0,Female,26000.0,Paris,Bachelor,Married,2023-12-01 08:49:06.534653464
24.0,35200.0,Female,24000.0,Paris,Bachelor,Married,2023-12-01 09:41:31.809180916
56.0,36300.0,Female,25700.0,Paris,Bachelor,Married,2023-12-01 10:33:57.083708368
20.0,48300.0,Male,21700.0,London,Bachelor,Single,2023-12-01 11:26:22.358235824
29.0,46800.0,Male,22900.0,Madrid,PhD,Married,2023-12-01 12:18:47.632763276
24.0,35700.0,Male,22500.0,Madrid,PhD,Single,2023-12-01 13:11:12.907290728
66.0,54000.0,Male,40100.0,Madrid,PhD,Married,2023-12-01 14:03:38.181818180
43.0,83900.0,Male,63500.0,Paris,Bachelor,Single,2023-12-01 14:56:03.456345632
50.0,42400.0,Male,31100.0,Berlin,High School,Married,2023-12-01 15:48:28.730873084
54.0,43500.0,Male,18200.0,Paris,Bachelor,Widowed,2023-12-01 16:40:54.005400540
65.0,58400.0,Female,42500.0,Madrid,Bachelor,Single,2023-12-01 17:33:19.279927992
32.0,41600.0,Male,31600.0,Paris,High School,Single,2023-12-01 18:25:44.554455444
,60000.0,,25400.0,Paris,Bachelor,Married,2023-12-01 19:18:09.828982896
58.0,39200.0,Male,22200.0,Berlin,Bachelor,Single,2023-12-01 20:10:35.103510348
24.0,77500.0,Female,47600.0,Berlin,Master,Married,2023-12-01 21:03:00.378037804
49.0,55200.0,Male,27200.0,Berlin,High School,Single,2023-12-01 21:55:25.652565256
21.0,40700.0,Male,24700.0,Paris,Bachelor,Single,2023-12-01 22:47:50.927092708
37.0,41200.0,Male,31100.0,Madrid,High School,Married,2023-12-01 23:40:16.201620160
67.0,42300.0,Male,31600.0,London,High School,Married,2023-12-02 00:32:41.476147612
,70600.0,,54800.0,London,High School,Married,2023-12-02 01:25:06.750675068
,31000.0,,18400.0,London,High School,Married,2023-12-02 02:17:32.025202520
45.0,40000.0,Male,22600.0,Berlin,High School,Married,
30.0,41600.0,Male,27700.0,London,High School,Married,2023-12-02 04:02:22.574257424
18.0,49800.0,Male,28200.0,Paris,Master,Widowed,2023-12-02 04:54:47.848784876
52.0,45900.0,Male,19100.0,London,High School,Single,2023-12-02 05:47:13.123312328
65.0,,Female,19000.0,Berlin,Master,Single,2023-12-02 06:39:38.397839784
,44000.0,,22500.0,Paris,Master,Single,2023-12-02 07:32:03.672367236
53.0,48500.0,Male,20400.0,Paris,High School,Single,2023-12-02 08:24:28.946894688
42.0,40600.0,Female,16600.0,London,High School,Single,2023-12-02 09:16:54.221422140
33.0,60300.0,Male,46600.0,Paris,Bachelor,Married,2023-12-02 10:09:19.495949592
36.0,63800.0,Female,32000.0,Paris,High School,Single,2023-12-02 11:01:44.770477048
,48800.0,,28300.0,Madrid,High School,Single,2023-12-02 11:54:10.045004500
22.0,53500.0,Male,41700.0,Paris,Bachelor,Single,2023-12-02 12:46:35.319531952
68.0,17600.0,Male,10300.0,Paris,High School,Single,2023-12-02 13:39:00.594059404
39.0,43700.0,Male,18900.0,London,Bachelor,Single,2023-12-02 14:31:25.868586856
41.0,65100.0,Female,40400.0,London,Bachelor,Single,2023-12-02 15:23:51.143114308
60.0,43600.0,Male,19000.0,Paris,Master,Single,2023-12-02 16:16:16.417641764
62.0,38900.0,Male,17000.0,Madrid,High School,Single,2023-12-02 17:08:41.692169216
69.0,84200.0,Male,62400.0,London,High School,Married,2023-12-02 18:01:06.966696668
54.0,77300.0,Male,39900.0,Paris,Bachelor,Married,2023-12-02 18:53:32.241224120
53.0,57000.0,Female,38300.0,Paris,Master,,2023-12-02 19:45:57.515751572
53.0,67100.0,Male,40500.0,London,Master,Married,2023-12-02 20:38:22.790279028
,16600.0,,8100.0,Paris,Bachelor,Widowed,2023-12-02 21:30:48.064806480
53.0,38200.0,Female,23200.0,Madrid,Bachelor,Single,2023-12-02 22:23:13.339333932
69.0,43000.0,Male,18400.0,Paris,Bachelor,Single,2023-12-02 23:15:38.613861384
35.0,46500.0,Female,25100.0,London,High School,Widowed,2023-12-03 00:08:03.888388836
67.0,42700.0,Male,26000.0,Berlin,Bachelor,Single,2023-12-03 01:00:29.162916292
33.0,11700.0,Male,5700.0,Berlin,High School,Single,2023-12-03 01:52:54.437443744
58.0,55800.0,Male,37100.0,Paris,High School,Married,2023-12-03 02:45:19.711971196
35.0,58200.0,Male,24500.0,London,Master,Single,2023-12-03 03:37:44.986498648
39.0,74000.0,Female,,Paris,Master,Single,2023-12-03 04:30:10.261026100
,38200.0,,26200.0,Berlin,High School,Single,2023-12-03 05:22:35.535553552
38.0,36900.0,Male,21100.0,London,PhD,Single,2023-12-03 06:15:00.810081008
53.0,9800.0,Male,7300.0,Paris,High School,Married,2023-12-03 07:07:26.084608460
61.0,45600.0,Male,29800.0,Berlin,High School,Married,2023-12-03 07:59:51.359135912
56.0,63500.0,Male,49700.0,Paris,Master,,2023-12-03 08:52:16.633663364
64.0,,Female,21000.0,Paris,High School,Single,2023-12-03 09:44:41.908190816
56.0,82200.0,Male,,London,Master,Single,2023-12-03 10:37:07.182718272
46.0,46200.0,Female,29700.0,Paris,High School,Single,2023-12-03 11:29:32.457245724
,52200.0,,36400.0,Rome,Master,Single,
38.0,29600.0,Male,22500.0,Paris,Master,Single,2023-12-03 13:14:23.006300628
34.0,54300.0,Male,33700.0,London,Bachelor,Single,2023-12-03 14:06:48.280828080
33.0,20300.0,Male,15100.0,Madrid,Bachelor,Single,2023-12-03 14:59:13.555355536
48.0,60400.0,Female,37200.0,Paris,PhD,Single,2023-12-03 15:51:38.829882988
68.0,60900.0,Male,39000.0,Paris,High School,Divorced,2023-12-03 16:44:04.104410440
26.0,70400.0,Male,40700.0,Paris,High School,Single,2023-12-03 17:36:29.378937892
48.0,34700.0,Male,15900.0,Madrid,Bachelor,Married,2023-12-03 18:28:54.653465344
31.0,52400.0,Male,32600.0,Berlin,High School,Divorced,2023-12-03 19:21:19.927992796
66.0,58500.0,Male,46300.0,Paris,PhD,Single,2023-12-03 20:13:45.202520252
54.0,56600.0,Male,40500.0,Paris,High School,,2023-12-03 21:06:10.477047704
19.0,37000.0,Male,25900.0,Madrid,High School,Married,2023-12-03 21:58:35.751575156
69.0,14100.0,Male,9300.0,London,Bachelor,Single,2023-12-03 22:51:01.026102608
65.0,55200.0,Male,29800.0,London,High School,Divorced,2023-12-03 23:43:26.300630060
63.0,47700.0,Male,22300.0,London,High School,Married,2023-12-04 00:35:51.575157516
31.0,41500.0,Female,20300.0,Berlin,High School,Single,2023-12-04 01:28:16.849684968
50.0,61500.0,Male,24800.0,Madrid,Master,Married,2023-12-04 02:20:42.124212420
52.0,49300.0,Male,33000.0,Berlin,Bachelor,Married,2023-12-04 03:13:07.398739872
56.0,30200.0,Male,21900.0,Madrid,High School,Married,2023-12-04 04:05:32.673267324
,21000.0,,10700.0,Berlin,Bachelor,Married,2023-12-04 04:57:57.947794780
,33100.0,,14500.0,Paris,Bachelor,Single,2023-12-04 05:50:23.222322232
37.0,85900.0,Male,,Paris,Bachelor,,2023-12-04 06:42:48.496849684
19.0,60800.0,Female,31400.0,Madrid,High School,Married,2023-12-04 07:35:13.771377136
68.0,52800.0,Male,30600.0,Paris,High School,Married,2023-12-04 08:27:39.045904588
58.0,47300.0,Male,23900.0,Berlin,Bachelor,Married,2023-12-04 09:20:04.320432040
36.0,46300.0,Female,24800.0,Berlin,High School,Married,2023-12-04 10:12:29.594959496
54.0,67500.0,Male,51500.0,London,High School,Widowed,2023-12-04 11:04:54.869486948
,42600.0,,22700.0,Paris,High School,Married,2023-12-04 11:57:20.144014400
33.0,58700.0,Male,41900.0,Paris,High School,Divorced,2023-12-04 12:49:45.418541852
21.0,44800.0,Female,29100.0,Paris,Bachelor,Single,2023-12-04 13:42:10.693069304
29.0,79100.0,Male,,Berlin,High School,Single,2023-12-04 14:34:35.967596760
46.0,61100.0,Male,44400.0,Paris,High School,Single,2023-12-04 15:27:01.242124212
24.0,68700.0,Male,43800.0,Madrid,High School,Single,2023-12-04 16:19:26.516651664
31.0,41200.0,Female,16600.0,Paris,High School,Widowed,2023-12-04 17:11:51.791179116
29.0,65900.0,Female,28200.0,Berlin,High School,Single,2023-12-04 18:04:17.065706568
52.0,45300.0,Male,31800.0,Paris,Bachelor,Single,2023-12-04 18:56:42.340234020
22.0,51700.0,Male,29900.0,London,High School,Single,2023-12-04 19:49:07.614761476
34.0,74500.0,Male,,Paris,High School,Married,2023-12-04 20:41:32.889288928
59.0,34400.0,Male,15800.0,Paris,High School,Single,2023-12-04 21:33:58.163816380
49.0,53000.0,Female,24500.0,London,High School,,2023-12-04 22:26:23.438343832
27.0,56600.0,Male,40700.0,Madrid,Master,Single,2023-12-04 23:18:48.712871284
60.0,57800.0,Male,42300.0,Paris,Bachelor,Single,2023-12-05 00:11:13.987398740
,43200.0,,27000.0,Paris,Bachelor,Single,
22.0,81300.0,Male,42100.0,Berlin,High School,,2023-12-05 01:56:04.536453644
62.0,30600.0,Male,23700.0,Madrid,High School,Single,2023-12-05 02:48:29.810981096
,71900.0,,46700.0,Paris,High School,Widowed,2023-12-05 03:40:55.085508548
26.0,68200.0,Male,49000.0,Paris,Bachelor,,2023-12-05 04:33:20.360036004
66.0,78500.0,Male,31500.0,Paris,Bachelor,Single,2023-12-05 05:25:45.634563456
50.0,26200.0,Male,15200.0,Paris,Bachelor,Married,2023-12-05 06:18:10.909090908
53.0,37000.0,Male,27700.0,Paris,High School,Single,2023-12-05 07:10:36.183618360
53.0,72400.0,Male,38800.0,Paris,High School,Single,2023-12-05 08:03:01.458145812
35.0,21800.0,Male,15100.0,London,Master,Single,2023-12-05 08:55:26.732673264
26.0,25900.0,Male,17200.0,London,Bachelor,Married,
46.0,42700.0,Male,19700.0,Paris,High School,Single,2023-12-05 10:40:17.281728172
67.0,52900.0,Male,37600.0,London,High School,Married,2023-12-05 11:32:42.556255624
31.0,73900.0,Male,,Paris,Bachelor,Married,2023-12-05 12:25:07.830783076
42.0,,Female,32600.0,Paris,High School,Married,2023-12-05 13:17:33.105310528
32.0,40900.0,Male,32600.0,Paris,Bachelor,Divorced,2023-12-05 14:09:58.379837984
23.0,54700.0,Female,42800.0,Paris,PhD,Married,
59.0,57000.0,Male,41000.0,Berlin,High School,Married,2023-12-05 15:54:48.928892888
46.0,56600.0,Male,34700.0,Paris,High School,Divorced,2023-12-05 16:47:14.203420340
32.0,47300.0,Female,31700.0,Berlin,Bachelor,Single,2023-12-05 17:39:39.477947792
46.0,20700.0,Male,14300.0,London,High School,,2023-12-05 18:32:04.752475248
21.0,36200.0,Male,14600.0,London,High School,Single,2023-12-05 19:24:30.027002700
,71300.0,,31400.0,London,High School,Single,2023-12-05 20:16:55.301530152
67.0,52800.0,Female,33700.0,Paris,High School,Single,2023-12-05 21:09:20.576057604
66.0,45200.0,Male,18200.0,Paris,Master,,2023-12-05 22:01:45.850585056
61.0,66800.0,Male,51000.0,Paris,Bachelor,Married,2023-12-05 22:54:11.125112508
56.0,33000.0,Male,19700.0,London,High School,Single,2023-12-05 23:46:36.399639964
33.0,46600.0,Female,23400.0,London,Master,Single,2023-12-06 00:39:01.674167416
28.0,52100.0,Male,29000.0,London,Bachelor,Single,2023-12-06 01:31:26.948694868
31.0,43400.0,Male,32100.0,Paris,High School,Single,2023-12-06 02:23:52.223222320
20.0,51500.0,Male,39700.0,Rome,High School,Married,2023-12-06 03:16:17.497749772
68.0,47200.0,Female,21100.0,Paris,Bachelor,Single,2023-12-06 04:08:42.772277228
67.0,29000.0,Male,20600.0,Paris,High School,Married,2023-12-06 05:01:08.046804680
59.0,52700.0,Male,33300.0,Madrid,High School,Divorced,2023-12-06 05:53:33.321332132
55.0,30100.0,Female,19100.0,Paris,High School,Single,2023-12-06 06:45:58.595859584
62.0,52500.0,Male,37400.0,Rome,High School,Divorced,2023-12-06 07:38:23.870387036
59.0,70600.0,Male,34500.0,Paris,Bachelor,Single,2023-12-06 08:30:49.144914488
35.0,45800.0,Female,28000.0,Paris,High School,Single,2023-12-06 09:23:14.419441944
37.0,32400.0,Female,17100.0,Paris,Bachelor,Single,2023-12-06 10:15:39.693969396
65.0,48100.0,Male,21100.0,London,High School,Single,2023-12-06 11:08:04.968496848
42.0,37500.0,Male,16600.0,London,Bachelor,Widowed,2023-12-06 12:00:30.243024300
55.0,58900.0,Male,26800.0,Paris,High School,Single,2023-12-06 12:52:55.517551752
30.0,47800.0,Female,30900.0,Paris,Bachelor,Married,2023-12-06 13:45:20.792079208
21.0,,Female,33400.0,Paris,High School,Married,2023-12-06 14:37:46.066606660
31.0,67400.0,Male,42300.0,Paris,High School,Single,2023-12-06 15:30:11.341134112
50.0,47700.0,Male,30300.0,Madrid,High School,Single,2023-12-06 16:22:36.615661564
45.0,60700.0,Female,46200.0,Paris,Bachelor,Single,2023-12-06 17:15:01.890189016
69.0,44100.0,Male,28700.0,Berlin,High School,Single,
54.0,50500.0,Male,40100.0,Paris,Bachelor,Widowed,2023-12-06 18:59:52.439243924
25.0,44600.0,Male,18400.0,Paris,High School,Married,2023-12-06 19:52:17.713771376
61.0,61500.0,Male,41900.0,London,Master,Widowed,2023-12-06 20:44:42.988298828
51.0,,Female,29400.0,Berlin,High School,Married,2023-12-06 21:37:08.262826280
,62000.0,,42900.0,Madrid,High School,Single,2023-12-06 22:29:33.537353732
22.0,63800.0,Male,35400.0,London,High School,Single,2023-12-06 23:21:58.811881188
22.0,63800.0,Male,41100.0,Paris,High School,Married,2023-12-07 00:14:24.086408640
48.0,58300.0,Male,30500.0,Paris,Master,Single,
62.0,32900.0,Female,15300.0,London,High School,Single,2023-12-07 01:59:14.635463544
26.0,75500.0,Male,52100.0,Paris,Bachelor,Single,2023-12-07 02:51:39.909990996
59.0,77100.0,Male,58700.0,Berlin,High School,Single,2023-12-07 03:44:05.184518452
49.0,46500.0,Male,22000.0,London,Master,Married,2023-12-07 04:36:30.459045904
50.0,44400.0,Male,34100.0,Madrid,Master,Married,2023-12-07 05:28:55.733573356
20.0,59200.0,Male,27000.0,London,PhD,Married,2023-12-07 06:21:21.008100808
47.0,58300.0,Female,40500.0,Berlin,High School,Married,
67.0,47000.0,Male,36800.0,Paris,Bachelor,Married,2023-12-07 08:06:11.557155716
29.0,31200.0,Male,14300.0,London,High School,Married,2023-12-07 08:58:36.831683168
46.0,54600.0,Male,31300.0,Paris,High School,Single,2023-12-07 09:51:02.106210620
20.0,58300.0,Male,31200.0,London,Bachelor,Divorced,2023-12-07 10:43:27.380738072
43.0,60900.0,Male,33800.0,London,High School,,2023-12-07 11:35:52.655265524
47.0,55200.0,Male,38700.0,Berlin,Bachelor,Single,2023-12-07 12:28:17.929792976
26.0,45900.0,Female,30500.0,Berlin,PhD,Single,2023-12-07 13:20:43.204320432
43.0,64900.0,Male,51100.0,London,Master,Single,2023-12-07 14:13:08.478847884
19.0,51000.0,Male,24200.0,Paris,High School,Single,2023-12-07 15:05:33.753375336
20.0,43000.0,Male,26500.0,Madrid,Bachelor,Single,2023-12-07 15:57:59.027902788
63.0,47300.0,Female,27400.0,Paris,High School,Married,2023-12-07 16:50:24.302430240
21.0,23800.0,Male,18300.0,Berlin,High School,Single,2023-12-07 17:42:49.576957696
42.0,47300.0,Female,19100.0,London,Bachelor,Married,2023-12-07 18:35:14.851485148
68.0,60300.0,Male,48000.0,Berlin,Bachelor,Single,2023-12-07 19:27:40.126012600
30.0,55100.0,Male,32600.0,London,Master,,2023-12-07 20:20:05.400540052
56.0,72800.0,Male,47300.0,London,High School,Married,2023-12-07 21:12:30.675067504
61.0,46100.0,Female,25100.0,Paris,Master,Single,2023-12-07 22:04:55.949594960
52.0,57300.0,Male,42500.0,Berlin,Bachelor,Divorced,2023-12-07 22:57:21.224122412
40.0,61900.0,Male,38700.0,Paris,High School,Single,2023-12-07 23:49:46.498649864
26.0,85100.0,Male,56600.0,Berlin,High School,Married,2023-12-08 00:42:11.773177316
19.0,52200.0,Male,34400.0,Paris,High School,Married,2023-12-08 01:34:37.047704768
58.0,34300.0,Male,18700.0,Berlin,High School,Single,2023-12-08 02:27:02.322232220
61.0,62700.0,Male,27000.0,Paris,High School,Divorced,2023-12-08 03:19:27.596759676
48.0,78000.0,Male,,Paris,Bachelor,Single,2023-12-08 04:11:52.871287128
61.0,45200.0,Male,23300.0,Berlin,High School,Married,2023-12-08 05:04:18.145814580
64.0,62600.0,Male,46300.0,Berlin,Master,Single,2023-12-08 05:56:43.420342032
19.0,68400.0,Male,44000.0,London,Master,Married,2023-12-08 06:49:08.694869484
49.0,65300.0,Male,35400.0,Madrid,High School,Widowed,2023-12-08 07:41:33.969396940
35.0,51900.0,Male,33100.0,Paris,High School,Married,2023-12-08 08:33:59.243924392
30.0,39500.0,Male,26000.0,Paris,Bachelor,Single,2023-12-08 09:26:24.518451844
63.0,48800.0,Male,33300.0,Paris,Bachelor,Single,2023-12-08 10:18:49.792979296
22.0,56900.0,Male,41500.0,Paris,Master,Married,2023-12-08 11:11:15.067506748
59.0,63600.0,Male,29500.0,Paris,High School,Single,2023-12-08 12:03:40.342034200
61.0,55000.0,Male,42800.0,London,Bachelor,Divorced,2023-12-08 12:56:05.616561656
27.0,44300.0,Male,25000.0,Paris,Bachelor,Divorced,2023-12-08 13:48:30.891089108
60.0,58300.0,Male,43400.0,Paris,High School,,2023-12-08 14:40:56.165616560
42.0,62900.0,Male,30700.0,London,High School,Married,2023-12-08 15:33:21.440144012
51.0,55700.0,Male,22900.0,Paris,Bachelor,Divorced,2023-12-08 16:25:46.714671464
54.0,37500.0,Male,23600.0,Paris,High School,Single,2023-12-08 17:18:11.989198920
47.0,47300.0,Male,25100.0,Paris,PhD,Single,2023-12-08 18:10:37.263726372
24.0,64200.0,Male,51000.0,Rome,Master,Single,2023-12-08 19:03:02.538253824
23.0,,Female,12900.0,Paris,Bachelor,Single,2023-12-08 19:55:27.812781276
20.0,18600.0,Male,7800.0,Madrid,Bachelor,Widowed,2023-12-08 20:47:53.087308728
30.0,72600.0,Female,30300.0,London,High School,Single,2023-12-08 21:40:18.361836184
20.0,57700.0,Male,28100.0,Paris,Master,Single,2023-12-08 22:32:43.636363636
43.0,59100.0,Female,37300.0,Paris,High School,Single,2023-12-08 23:25:08.910891088
41.0,33800.0,Male,20400.0,London,Bachelor,,2023-12-09 00:17:34.185418540
23.0,61100.0,Female,33000.0,Rome,Master,Married,2023-12-09 01:09:59.459945992
60.0,54100.0,Male,23600.0,Paris,High School,Married,2023-12-09 02:02:24.734473444
66.0,26200.0,Male,12900.0,Paris,High School,Married,2023-12-09 02:54:50.009000900
59.0,71400.0,Male,33800.0,Paris,Bachelor,Single,2023-12-09 03:47:15.283528352
29.0,52400.0,Female,36600.0,Paris,High School,Married,2023-12-09 04:39:40.558055804
66.0,44100.0,Female,31400.0,Berlin,High School,Divorced,2023-12-09 05:32:05.832583256
53.0,44300.0,Male,31500.0,London,Bachelor,Single,2023-12-09 06:24:31.107110708
19.0,19800.0,Male,15600.0,Paris,Bachelor,Single,2023-12-09 07:16:56.381638164
28.0,58900.0,Male,44400.0,Madrid,High School,Single,2023-12-09 08:09:21.656165616
56.0,53900.0,Male,32300.0,Paris,Master,Single,2023-12-09 09:01:46.930693068
51.0,47100.0,Male,26700.0,London,High School,Married,2023-12-09 09:54:12.205220520
43.0,69200.0,Female,53000.0,London,Bachelor,Married,2023-12-09 10:46:37.479747972
35.0,29200.0,Male,18800.0,Paris,High School,Single,2023-12-09 11:39:02.754275428
38.0,41000.0,Male,21200.0,Paris,High School,,2023-12-09 12:31:28.028802880
53.0,37200.0,Male,23300.0,Paris,High School,Single,2023-12-09 13:23:53.303330332
57.0,45800.0,Male,36500.0,Rome,Bachelor,Single,2023-12-09 14:16:18.577857784
69.0,51000.0,Male,37700.0,Berlin,Bachelor,Divorced,2023-12-09 15:08:43.852385236
63.0,56500.0,Male,29000.0,Paris,High School,,2023-12-09 16:01:09.126912688
,44800.0,,35000.0,London,High School,Single,2023-12-09 16:53:34.401440144
39.0,36800.0,Male,29200.0,London,Bachelor,Single,2023-12-09 17:45:59.675967596
47.0,75300.0,Male,,Paris,High School,Married,2023-12-09 18:38:24.950495048
67.0,86200.0,Male,65400.0,London,High School,Single,2023-12-09 19:30:50.225022500
60.0,,Female,39200.0,Berlin,Master,Married,2023-12-09 20:23:15.499549952
47.0,38600.0,Male,16100.0,Paris,Bachelor,Single,2023-12-09 21:15:40.774077408
25.0,72100.0,Female,48200.0,Madrid,High School,,2023-12-09 22:08:06.048604860
51.0,28300.0,Male,14800.0,London,Bachelor,,2023-12-09 23:00:31.323132312
64.0,45000.0,Male,30100.0,Paris,Master,Single,2023-12-09 23:52:56.597659764
26.0,39600.0,Male,30300.0,Madrid,Bachelor,Single,2023-12-10 00:45:21.872187216
68.0,32600.0,Male,19500.0,Paris,Bachelor,Single,2023-12-10 01:37:47.146714668
37.0,45800.0,Female,25900.0,Madrid,Bachelor,Single,2023-12-10 02:30:12.421242124
57.0,37000.0,Male,28400.0,Paris,Bachelor,Married,2023-12-10 03:22:37.695769576
42.0,50200.0,Male,39600.0,London,Bachelor,Single,2023-12-10 04:15:02.970297028
36.0,50400.0,Male,21400.0,Berlin,Bachelor,Married,2023-12-10 05:07:28.244824480
,40700.0,,31300.0,Paris,Bachelor,Single,2023-12-10 05:59:53.519351932
28.0,44400.0,Male,19200.0,Paris,High School,Married,2023-12-10 06:52:18.793879388
32.0,46500.0,Male,24900.0,London,High School,Single,2023-12-10 07:44:44.068406840
25.0,62100.0,Male,43800.0,London,Master,Single,2023-12-10 08:37:09.342934292
36.0,47800.0,Male,34000.0,Paris,Master,Single,2023-12-10 09:29:34.617461744
40.0,62400.0,Male,43100.0,Rome,Bachelor,Single,2023-12-10 10:21:59.891989196
44.0,58800.0,Male,24400.0,Berlin,High School,,2023-12-10 11:14:25.166516652
57.0,58600.0,Male,26600.0,Paris,High School,Single,2023-12-10 12:06:50.441044104
49.0,70800.0,Male,54800.0,London,High School,Widowed,2023-12-10 12:59:15.715571556
43.0,33200.0,Male,14400.0,London,Bachelor,Married,2023-12-10 13:51:40.990099008
44.0,42900.0,Male,18500.0,Madrid,High School,Single,2023-12-10 14:44:06.264626460
36.0,76400.0,Male,56100.0,Paris,Bachelor,Single,2023-12-10 15:36:31.539153912
67.0,46100.0,Female,30300.0,Paris,Bachelor,Divorced,2023-12-10 16:28:56.813681368
59.0,7800.0,Male,4200.0,Paris,Bachelor,Divorced,2023-12-10 17:21:22.088208820
46.0,47000.0,Male,21900.0,Rome,Master,Widowed,2023-12-10 18:13:47.362736272
56.0,52000.0,Female,39200.0,Paris,Master,Divorced,2023-12-10 19:06:12.637263724
58.0,10700.0,Male,8500.0,Paris,Bachelor,Single,2023-12-10 19:58:37.911791176
50.0,70000.0,Male,29400.0,London,High School,Single,2023-12-10 20:51:03.186318632
36.0,39300.0,Male,24400.0,Paris,Master,Married,2023-12-10 21:43:28.460846084
54.0,54900.0,Female,27700.0,Paris,High School,Married,2023-12-10 22:35:53.735373536
36.0,46600.0,Female,34200.0,London,High School,Single,2023-12-10 23:28:19.009900988
50.0,30700.0,Male,16500.0,Paris,Master,Single,2023-12-11 00:20:44.284428440
64.0,33900.0,Male,23300.0,London,High School,Widowed,2023-12-11 01:13:09.558955896
33.0,36000.0,Male,22200.0,Paris,Bachelor,Divorced,2023-12-11 02:05:34.833483348
40.0,66300.0,Male,40900.0,London,High School,Single,2023-12-11 02:58:00.108010800
24.0,47800.0,Male,35500.0,Paris,Bachelor,Single,2023-12-11 03:50:25.382538252
43.0,42200.0,Male,24800.0,London,PhD,Divorced,2023-12-11 04:42:50.657065704
49.0,36000.0,Male,26600.0,Paris,Master,Single,2023-12-11 05:35:15.931593156
29.0,67900.0,Female,37000.0,Paris,High School,Married,2023-12-11 06:27:41.206120612
25.0,72000.0,Male,33800.0,Paris,High School,Single,2023-12-11 07:20:06.480648064
22.0,67800.0,Male,39500.0,London,PhD,Married,
59.0,57400.0,Female,34400.0,Paris,Bachelor,,2023-12-11 09:04:57.029702968
45.0,54300.0,Female,32100.0,London,High School,Divorced,2023-12-11 09:57:22.304230420
22.0,31800.0,Male,23000.0,London,Bachelor,Single,2023-12-11 10:49:47.578757876
66.0,46300.0,Male,29000.0,London,High School,Married,2023-12-11 11:42:12.853285328
43.0,39700.0,Male,30000.0,Paris,High School,Married,2023-12-11 12:34:38.127812780
22.0,22600.0,Female,13700.0,London,Bachelor,Married,2023-12-11 13:27:03.402340232
39.0,65900.0,Male,32300.0,Rome,High School,Single,2023-12-11 14:19:28.676867684
32.0,39600.0,Male,17900.0,Paris,High School,Married,2023-12-11 15:11:53.951395140
30.0,67900.0,Male,50700.0,Paris,Bachelor,Single,2023-12-11 16:04:19.225922592
45.0,63200.0,Male,26700.0,Paris,Master,Divorced,2023-12-11 16:56:44.500450044
50.0,,Female,26100.0,London,Bachelor,Single,2023-12-11 17:49:09.774977496
60.0,59200.0,Male,25200.0,Paris,High School,Married,2023-12-11 18:41:35.049504948
40.0,40800.0,Male,23200.0,Berlin,Bachelor,Married,2023-12-11 19:34:00.324032400
50.0,77900.0,Male,,London,Bachelor,Single,2023-12-11 20:26:25.598559856
60.0,50600.0,Male,20600.0,Paris,Bachelor,Single,2023-12-11 21:18:50.873087308
,54500.0,,33000.0,Rome,High School,Widowed,2023-12-11 22:11:16.147614760
67.0,40300.0,Female,22500.0,Paris,High School,Single,2023-12-11 23:03:41.422142212
,36000.0,,25500.0,Paris,Bachelor,Married,2023-12-11 23:56:06.696669664
43.0,57200.0,Male,41900.0,Paris,High School,Single,2023-12-12 00:48:31.971197120
33.0,53300.0,Male,35900.0,Paris,High School,Divorced,2023-12-12 01:40:57.245724572
30.0,38200.0,Female,22500.0,Berlin,High School,Married,2023-12-12 02:33:22.520252024
56.0,28400.0,Male,13800.0,Paris,High School,Divorced,2023-12-12 03:25:47.794779476
50.0,,Female,22900.0,Berlin,High School,Divorced,2023-12-12 04:18:13.069306928
43.0,67900.0,Male,36400.0,Berlin,Master,Married,2023-12-12 05:10:38.343834380
65.0,40800.0,Male,22100.0,Paris,Bachelor,Single,2023-12-12 06:03:03.618361836
18.0,44900.0,Male,34400.0,London,High School,Single,2023-12-12 06:55:28.892889288
66.0,71800.0,Female,56700.0,London,Master,Single,2023-12-12 07:47:54.167416740
55.0,33200.0,Female,25200.0,Madrid,Bachelor,Single,2023-12-12 08:40:19.441944192
19.0,39100.0,Male,31300.0,Paris,High School,Single,2023-12-12 09:32:44.716471644
66.0,38500.0,Male,28800.0,Paris,Bachelor,Divorced,2023-12-12 10:25:09.990999100
23.0,74300.0,Male,50700.0,Madrid,High School,Single,2023-12-12 11:17:35.265526552
63.0,79900.0,Male,,Paris,High School,Single,2023-12-12 12:10:00.540054004
67.0,61300.0,Male,47900.0,Paris,Master,Married,2023-12-12 13:02:25.814581456
55.0,61800.0,Male,46400.0,London,Bachelor,Divorced,2023-12-12 13:54:51.089108908
59.0,41300.0,Male,20500.0,Paris,High School,Single,
41.0,79200.0,Male,47200.0,London,High School,Single,2023-12-12 15:39:41.638163816
35.0,54000.0,Male,23100.0,Berlin,High School,Single,2023-12-12 16:32:06.912691268
44.0,62800.0,Male,49100.0,London,PhD,,2023-12-12 17:24:32.187218720
58.0,48400.0,Male,30400.0,London,High School,Married,2023-12-12 18:16:57.461746172
25.0,46000.0,Female,22900.0,Paris,Bachelor,Married,2023-12-12 19:09:22.736273624
45.0,74900.0,Male,38700.0,Berlin,High School,Married,2023-12-12 20:01:48.010801080
27.0,58100.0,Male,46000.0,Berlin,High School,Divorced,2023-12-12 20:54:13.285328532
34.0,71800.0,Male,46400.0,Paris,Master,Divorced,2023-12-12 21:46:38.559855984
46.0,53800.0,Female,30600.0,Paris,High School,Married,2023-12-12 22:39:03.834383436
23.0,37300.0,Male,22400.0,Berlin,Bachelor,Single,2023-12-12 23:31:29.108910888
31.0,41200.0,Male,18100.0,Paris,Master,,2023-12-13 00:23:54.383438344
39.0,51500.0,Female,22100.0,London,Bachelor,Married,2023-12-13 01:16:19.657965796
23.0,40600.0,Male,25900.0,Paris,Master,Divorced,2023-12-13 02:08:44.932493248
43.0,33400.0,Male,20200.0,Paris,Bachelor,Married,2023-12-13 03:01:10.207020700
56.0,68000.0,Male,37000.0,Paris,High School,Divorced,2023-12-13 03:53:35.481548152
29.0,41800.0,Female,26200.0,Berlin,Master,Single,2023-12-13 04:46:00.756075608
52.0,52100.0,Male,22400.0,London,Master,Single,2023-12-13 05:38:26.030603060
31.0,54400.0,Male,42300.0,London,High School,Married,2023-12-13 06:30:51.305130512
39.0,41200.0,Male,21300.0,Paris,High School,Divorced,2023-12-13 07:23:16.579657964
68.0,71800.0,Male,,Paris,High School,Single,2023-12-13 08:15:41.854185416
40.0,33200.0,Female,15500.0,Paris,High School,Single,2023-12-13 09:08:07.128712868
65.0,53900.0,Male,23600.0,Paris,High School,Single,2023-12-13 10:00:32.403240324
24.0,53700.0,Male,25300.0,London,High School,Single,2023-12-13 10:52:57.677767776
57.0,,Female,27900.0,London,Master,Single,2023-12-13 11:45:22.952295228
67.0,30500.0,Male,21200.0,Paris,Bachelor,Single,
42.0,63100.0,Male,32100.0,Rome,Master,Single,2023-12-13 13:30:13.501350132
30.0,61200.0,Male,35200.0,Paris,Bachelor,Single,2023-12-13 14:22:38.775877588
38.0,39900.0,Male,30800.0,Berlin,High School,Single,2023-12-13 15:15:04.050405040
58.0,60600.0,Male,31400.0,Paris,High School,Married,2023-12-13 16:07:29.324932492
27.0,55600.0,Male,39900.0,Paris,Bachelor,Married,2023-12-13 16:59:54.599459944
26.0,30800.0,Male,14300.0,London,Master,Single,2023-12-13 17:52:19.873987396
32.0,37200.0,Male,17500.0,Paris,Master,Single,2023-12-13 18:44:45.148514848
69.0,67100.0,Male,39100.0,Paris,Bachelor,Single,2023-12-13 19:37:10.423042304
19.0,54600.0,Male,27000.0,Paris,Bachelor,Single,2023-12-13 20:29:35.697569756
42.0,41500.0,Male,31600.0,Paris,Bachelor,Single,2023-12-13 21:22:00.972097208
30.0,37100.0,Male,15600.0,London,High School,Single,2023-12-13 22:14:26.246624660
51.0,42300.0,Male,27000.0,London,High School,Single,2023-12-13 23:06:51.521152112
68.0,43300.0,Female,27800.0,Paris,Bachelor,Married,2023-12-13 23:59:16.795679568
51.0,37300.0,Female,15900.0,Paris,High School,Widowed,2023-12-14 00:51:42.070207020
,23900.0,,16600.0,Berlin,Bachelor,Divorced,2023-12-14 01:44:07.344734472
55.0,67100.0,Female,39400.0,Paris,High School,Married,2023-12-14 02:36:32.619261924
20.0,64600.0,Female,44500.0,London,High School,Married,2023-12-14 03:28:57.893789376
59.0,30900.0,Male,22600.0,Madrid,Bachelor,,2023-12-14 04:21:23.168316832
23.0,52000.0,Male,27500.0,Paris,Bachelor,Married,2023-12-14 05:13:48.442844284
65.0,36500.0,Female,21700.0,Paris,High School,Single,2023-12-14 06:06:13.717371736
66.0,46100.0,Male,23200.0,Rome,PhD,Married,2023-12-14 06:58:38.991899188
36.0,44800.0,Male,21500.0,Paris,High School,Single,2023-12-14 07:51:04.266426640
20.0,43600.0,Male,17500.0,Paris,Bachelor,Single,2023-12-14 08:43:29.540954092
35.0,80000.0,Male,62800.0,London,Master,Single,2023-12-14 09:35:54.815481548
56.0,43400.0,Male,25000.0,Paris,High School,Single,2023-12-14 10:28:20.090009000
26.0,37900.0,Male,15400.0,Rome,Master,Married,2023-12-14 11:20:45.364536452
,38600.0,,15600.0,Paris,Bachelor,Divorced,2023-12-14 12:13:10.639063904
29.0,65700.0,Male,33900.0,London,High School,Widowed,2023-12-14 13:05:35.913591356
22.0,25200.0,Female,10200.0,London,Bachelor,Single,2023-12-14 13:58:01.188118812
,38600.0,,21200.0,London,Master,Widowed,2023-12-14 14:50:26.462646264
28.0,71700.0,Male,30500.0,London,Bachelor,Married,2023-12-14 15:42:51.737173716
47.0,53700.0,Male,22300.0,Rome,Bachelor,Single,2023-12-14 16:35:17.011701168
21.0,52900.0,Male,35300.0,Madrid,High School,Married,2023-12-14 17:27:42.286228620
22.0,82000.0,Female,62500.0,Paris,High School,Single,2023-12-14 18:20:07.560756076
18.0,53700.0,Male,30300.0,London,Bachelor,Single,2023-12-14 19:12:32.835283528
44.0,39400.0,Male,28900.0,Paris,Bachelor,Married,2023-12-14 20:04:58.109810980
45.0,45800.0,Male,18900.0,London,Master,,2023-12-14 20:57:23.384338432
46.0,33000.0,Male,23500.0,Paris,High School,Single,2023-12-14 21:49:48.658865884
35.0,68800.0,Male,29200.0,Berlin,High School,Divorced,2023-12-14 22:42:13.933393336
29.0,58600.0,Male,43100.0,Paris,High School,Married,2023-12-14 23:34:39.207920792
30.0,66900.0,Male,50400.0,Berlin,High School,Single,2023-12-15 00:27:04.482448244
58.0,68200.0,Male,48700.0,Paris,High School,Married,2023-12-15 01:19:29.756975696
19.0,43800.0,Female,31900.0,Madrid,Bachelor,Single,2023-12-15 02:11:55.031503148
54.0,35800.0,Male,22400.0,London,High School,Single,2023-12-15 03:04:20.306030600
62.0,49200.0,Male,24900.0,Berlin,Master,Married,2023-12-15 03:56:45.580558056
33.0,36900.0,Female,24300.0,London,Bachelor,Single,2023-12-15 04:49:10.855085508
65.0,52500.0,Female,30200.0,Rome,Master,Single,2023-12-15 05:41:36.129612960
41.0,67000.0,Male,26900.0,Berlin,High School,Married,2023-12-15 06:34:01.404140412
52.0,,Female,28100.0,Berlin,Bachelor,,2023-12-15 07:26:26.678667864
39.0,52200.0,Male,34500.0,Paris,Bachelor,Single,2023-12-15 08:18:51.953195320
53.0,48600.0,Male,19700.0,London,PhD,,2023-12-15 09:11:17.227722772
28.0,62000.0,Male,40200.0,Paris,Bachelor,Divorced,2023-12-15 10:03:42.502250224
63.0,40000.0,Male,26400.0,Paris,Bachelor,Married,2023-12-15 10:56:07.776777676
46.0,17100.0,Male,7900.0,Berlin,Bachelor,Divorced,2023-12-15 11:48:33.051305128
52.0,57100.0,Male,32700.0,Paris,High School,Single,2023-12-15 12:40:58.325832580
65.0,64800.0,Male,50900.0,Paris,Bachelor,Single,2023-12-15 13:33:23.600360036
32.0,56700.0,Female,42700.0,Paris,PhD,Single,2023-12-15 14:25:48.874887488
48.0,40400.0,Male,22800.0,Paris,High School,Married,2023-12-15 15:18:14.149414940
59.0,33000.0,Male,17800.0,Paris,Bachelor,Divorced,2023-12-15 16:10:39.423942392
58.0,57400.0,Male,25800.0,Paris,Bachelor,Divorced,2023-12-15 17:03:04.698469844
60.0,52100.0,Male,21600.0,Paris,Master,Single,2023-12-15 17:55:29.972997300
33.0,48100.0,Female,25000.0,London,High School,Married,2023-12-15 18:47:55.247524752
27.0,77300.0,Male,60000.0,Paris,High School,Widowed,2023-12-15 19:40:20.522052204
66.0,35800.0,Male,28000.0,Madrid,High School,Single,2023-12-15 20:32:45.796579656
49.0,76600.0,Male,55500.0,Rome,High School,Married,2023-12-15 21:25:11.071107108
68.0,50500.0,Female,27300.0,Paris,Bachelor,Divorced,2023-12-15 22:17:36.345634560
19.0,22500.0,Male,10300.0,Paris,High School,Divorced,2023-12-15 23:10:01.620162016
41.0,47300.0,Male,30200.0,Paris,Bachelor,Single,2023-12-16 00:02:26.894689468
40.0,64400.0,Male,42400.0,Madrid,Master,Single,2023-12-16 00:54:52.169216920
19.0,44500.0,Female,25400.0,London,High School,Married,2023-12-16 01:47:17.443744372
55.0,27900.0,Male,18900.0,London,High School,Divorced,2023-12-16 02:39:42.718271824
48.0,47500.0,Female,33200.0,Madrid,PhD,Married,2023-12-16 03:32:07.992799280
68.0,37100.0,Male,26500.0,Madrid,Bachelor,Single,2023-12-16 04:24:33.267326732
57.0,57400.0,Male,34500.0,Berlin,High School,Divorced,2023-12-16 05:16:58.541854184
43.0,61600.0,Male,44100.0,Berlin,High School,Single,2023-12-16 06:09:23.816381636
46.0,34200.0,Male,14000.0,Madrid,PhD,Married,2023-12-16 07:01:49.090909088
20.0,39400.0,Female,26500.0,Madrid,High School,Single,2023-12-16 07:54:14.365436544
31.0,,Female,30300.0,Paris,Bachelor,Single,2023-12-16 08:46:39.639963996
42.0,37100.0,Male,18900.0,Rome,High School,Single,2023-12-16 09:39:04.914491448
65.0,33800.0,Male,14800.0,Berlin,High School,Single,2023-12-16 10:31:30.189018900
18.0,,Female,15400.0,Paris,Master,Divorced,2023-12-16 11:23:55.463546352
20.0,55300.0,Male,44100.0,London,High School,Single,2023-12-16 12:16:20.738073804
43.0,54600.0,Female,30900.0,London,High School,Single,2023-12-16 13:08:46.012601260
35.0,39700.0,Female,30600.0,Paris,High School,Married,2023-12-16 14:01:11.287128712
26.0,50100.0,Male,23300.0,Berlin,Bachelor,Married,2023-12-16 14:53:36.561656164
55.0,72900.0,Female,35100.0,Paris,High School,Married,2023-12-16 15:46:01.836183616
40.0,35400.0,Male,22100.0,Madrid,High School,Single,2023-12-16 16:38:27.110711068
38.0,20700.0,Male,11200.0,Paris,High School,Single,2023-12-16 17:30:52.385238524
18.0,56800.0,Male,37300.0,Paris,High School,Single,2023-12-16 18:23:17.659765976
38.0,48300.0,Male,27500.0,Madrid,High School,Single,2023-12-16 19:15:42.934293428
44.0,39300.0,Male,28500.0,Paris,Master,Divorced,2023-12-16 20:08:08.208820880
59.0,59800.0,Female,34200.0,Berlin,High School,,2023-12-16 21:00:33.483348332
23.0,62600.0,Male,39400.0,Paris,Bachelor,Single,2023-12-16 21:52:58.757875788
61.0,16900.0,Male,8900.0,Madrid,High School,Single,2023-12-16 22:45:24.032403240
53.0,40200.0,Male,27400.0,Paris,High School,Married,2023-12-16 23:37:49.306930692
45.0,84800.0,Male,56100.0,Paris,High School,Single,2023-12-17 00:30:14.581458144
62.0,58800.0,Male,32900.0,Madrid,High School,Married,2023-12-17 01:22:39.855985596
34.0,60100.0,Male,30700.0,Paris,High School,Single,2023-12-17 02:15:05.130513048
57.0,67600.0,Male,43600.0,Madrid,Bachelor,Single,2023-12-17 03:07:30.405040504
69.0,50300.0,Male,39100.0,Berlin,Master,Divorced,
20.0,62000.0,Female,28100.0,Paris,High School,Single,2023-12-17 04:52:20.954095408
29.0,60800.0,Male,43800.0,London,Bachelor,Married,2023-12-17 05:44:46.228622860
56.0,58100.0,Male,35900.0,Paris,High School,Single,2023-12-17 06:37:11.503150312
29.0,45200.0,Female,27600.0,Paris,High School,Single,2023-12-17 07:29:36.777677768
19.0,,Female,41300.0,Paris,High School,Single,2023-12-17 08:22:02.052205220
63.0,41200.0,Male,26500.0,London,High School,Single,2023-12-17 09:14:27.326732672
39.0,50200.0,Male,36800.0,Rome,High School,Single,2023-12-17 10:06:52.601260124
40.0,32500.0,Female,19700.0,Paris,Bachelor,Married,2023-12-17 10:59:17.875787576
,38100.0,,19000.0,Paris,High School,Widowed,2023-12-17 11:51:43.150315028
22.0,45800.0,Female,31000.0,London,High School,Single,2023-12-17 12:44:08.424842484
26.0,35800.0,Male,27500.0,Paris,Bachelor,Single,2023-12-17 13:36:33.699369936
38.0,42400.0,Male,31200.0,Berlin,High School,Married,2023-12-17 14:28:58.973897388
28.0,47500.0,Male,22800.0,London,Bachelor,Married,2023-12-17 15:21:24.248424840
22.0,56000.0,Male,29500.0,Madrid,High School,Married,2023-12-17 16:13:49.522952292
52.0,64200.0,Male,39000.0,London,High School,Married,2023-12-17 17:06:14.797479748
44.0,43000.0,Male,27000.0,Paris,Master,Married,2023-12-17 17:58:40.072007200
66.0,70000.0,Male,33400.0,Berlin,High School,Single,2023-12-17 18:51:05.346534652
19.0,64100.0,Female,31500.0,Berlin,Master,Single,2023-12-17 19:43:30.621062104
41.0,57600.0,Male,40500.0,Berlin,High School,Divorced,2023-12-17 20:35:55.895589556
48.0,52300.0,Male,36200.0,Paris,High School,Single,2023-12-17 21:28:21.170117012
50.0,,Female,40300.0,London,High School,Widowed,2023-12-17 22:20:46.444644464
56.0,67800.0,Male,52400.0,London,High School,Married,2023-12-17 23:13:11.719171916
47.0,68400.0,Male,35800.0,Paris,High School,Married,2023-12-18 00:05:36.993699368
63.0,70000.0,Male,52100.0,Paris,High School,Married,2023-12-18 00:58:02.268226820
54.0,50600.0,Male,33700.0,Berlin,High School,Single,2023-12-18 01:50:27.542754272
68.0,58300.0,Male,45700.0,Paris,High School,Single,2023-12-18 02:42:52.817281728
45.0,70200.0,Female,35700.0,Paris,Master,Divorced,2023-12-18 03:35:18.091809180
48.0,40600.0,Male,20600.0,Paris,High School,Single,2023-12-18 04:27:43.366336632
28.0,45200.0,Male,30800.0,Paris,Bachelor,Single,2023-12-18 05:20:08.640864084
40.0,50200.0,Male,38700.0,Paris,Master,Married,2023-12-18 06:12:33.915391536
19.0,63500.0,Male,46300.0,Berlin,High School,Married,2023-12-18 07:04:59.189918992
57.0,63700.0,Female,44000.0,Rome,High School,Single,2023-12-18 07:57:24.464446444
58.0,46500.0,Male,25800.0,London,High School,Single,2023-12-18 08:49:49.738973896
44.0,27400.0,Male,18800.0,Paris,High School,Single,2023-12-18 09:42:15.013501348
52.0,53700.0,Male,38700.0,Berlin,High School,Divorced,2023-12-18 10:34:40.288028800
19.0,36200.0,Male,25400.0,Paris,High School,Married,2023-12-18 11:27:05.562556256
56.0,27700.0,Male,18600.0,Paris,High School,Divorced,2023-12-18 12:19:30.837083708
54.0,31000.0,Male,13000.0,Paris,High School,Married,2023-12-18 13:11:56.111611160
38.0,54900.0,Male,36400.0,London,High School,Married,2023-12-18 14:04:21.386138612
22.0,70400.0,Female,41600.0,Berlin,High School,Divorced,2023-12-18 14:56:46.660666064
69.0,50600.0,Male,39700.0,Madrid,High School,Single,2023-12-18 15:49:11.935193516
62.0,53200.0,Male,34200.0,London,Bachelor,Single,2023-12-18 16:41:37.209720972
38.0,67700.0,Male,43600.0,London,Bachelor,Married,2023-12-18 17:34:02.484248424
46.0,26800.0,Male,21400.0,Paris,High School,Divorced,2023-12-18 18:26:27.758775876
37.0,57800.0,Male,25300.0,London,Bachelor,Married,2023-12-18 19:18:53.033303328
55.0,49800.0,Female,25400.0,Madrid,High School,Single,2023-12-18 20:11:18.307830780
,58500.0,,38800.0,Paris,Bachelor,Divorced,2023-12-18 21:03:43.582358236
67.0,42700.0,Male,22500.0,Paris,High School,Married,2023-12-18 21:56:08.856885688
42.0,37700.0,Female,20300.0,Paris,High School,Married,2023-12-18 22:48:34.131413140
19.0,52100.0,Male,39400.0,London,Bachelor,Married,2023-12-18 23:40:59.405940592
49.0,74700.0,Male,47200.0,London,PhD,Married,2023-12-19 00:33:24.680468044
43.0,62900.0,Male,27700.0,London,Bachelor,Single,2023-12-19 01:25:49.954995500
23.0,42400.0,Male,22200.0,Berlin,High School,Single,2023-12-19 02:18:15.229522952
58.0,29900.0,Male,12900.0,London,High School,Widowed,2023-12-19 03:10:40.504050404
20.0,24800.0,Male,15400.0,London,High School,Single,2023-12-19 04:03:05.778577856
50.0,69700.0,Male,32700.0,Madrid,Bachelor,Married,2023-12-19 04:55:31.053105308
18.0,35700.0,Male,26500.0,Madrid,High School,Single,2023-12-19 05:47:56.327632760
68.0,45100.0,Female,28500.0,Paris,Bachelor,Divorced,2023-12-19 06:40:21.602160216
22.0,69800.0,Female,29600.0,London,Bachelor,Married,
30.0,25800.0,Male,13400.0,Berlin,Bachelor,Married,
36.0,72400.0,Male,46800.0,Paris,Bachelor,Single,2023-12-19 09:17:37.425742572
29.0,46200.0,Male,24700.0,Berlin,Bachelor,,2023-12-19 10:10:02.700270024
65.0,32800.0,Male,19900.0,Paris,High School,Married,2023-12-19 11:02:27.974797480
42.0,46300.0,Male,35400.0,Berlin,Bachelor,Single,2023-12-19 11:54:53.249324932
68.0,39200.0,Male,21200.0,Paris,Master,Married,2023-12-19 12:47:18.523852384
52.0,56600.0,Male,30200.0,Berlin,Master,Married,2023-12-19 13:39:43.798379836
29.0,40300.0,Female,29300.0,Paris,High School,Married,2023-12-19 14:32:09.072907288
47.0,21300.0,Male,11200.0,Paris,Bachelor,Single,2023-12-19 15:24:34.347434740
22.0,46700.0,Female,20100.0,Paris,PhD,Married,2023-12-19 16:16:59.621962196
51.0,29700.0,Female,14000.0,Paris,Bachelor,Married,2023-12-19 17:09:24.896489648
39.0,53100.0,Male,41400.0,Rome,High School,,2023-12-19 18:01:50.171017100
56.0,32200.0,Male,24900.0,Paris,Master,Married,2023-12-19 18:54:15.445544552
30.0,42700.0,Male,20900.0,London,High School,Single,2023-12-19 19:46:40.720072004
64.0,52700.0,Male,32700.0,London,High School,Single,2023-12-19 20:39:05.994599460
20.0,46800.0,Male,21300.0,Paris,High School,Single,2023-12-19 21:31:31.269126912
37.0,53800.0,Male,36000.0,Paris,High School,Single,2023-12-19 22:23:56.543654364
48.0,60200.0,Male,28500.0,Paris,High School,Divorced,2023-12-19 23:16:21.818181816
22.0,32600.0,Male,13700.0,London,High School,Single,2023-12-20 00:08:47.092709268
41.0,49000.0,Female,35800.0,Madrid,Bachelor,Single,2023-12-20 01:01:12.367236724
57.0,100.0,Male,100.0,Berlin,Master,Single,2023-12-20 01:53:37.641764176
50.0,53700.0,Male,23800.0,Rome,Bachelor,Married,2023-12-20 02:46:02.916291628
25.0,45500.0,Male,33400.0,London,Master,Married,
41.0,,Female,24800.0,Rome,High School,Single,2023-12-20 04:30:53.465346532
67.0,54700.0,Male,36800.0,Paris,High School,Single,2023-12-20 05:23:18.739873984
37.0,,Female,51700.0,London,Bachelor,Divorced,2023-12-20 06:15:44.014401440
33.0,42900.0,Female,25600.0,Paris,Bachelor,,2023-12-20 07:08:09.288928892
67.0,35800.0,Female,16200.0,Paris,Bachelor,Single,2023-12-20 08:00:34.563456344
69.0,52500.0,Male,22300.0,Berlin,High School,Single,2023-12-20 08:52:59.837983796
29.0,30000.0,Male,15800.0,Paris,High School,Single,2023-12-20 09:45:25.112511248
30.0,40100.0,Male,17400.0,Berlin,High School,Married,2023-12-20 10:37:50.387038704
62.0,68300.0,Male,42000.0,London,High School,Married,2023-12-20 11:30:15.661566156
59.0,50900.0,Male,20700.0,Paris,Master,Single,2023-12-20 12:22:40.936093608
56.0,21800.0,Male,12600.0,Paris,Bachelor,Single,2023-12-20 13:15:06.210621060
42.0,23000.0,Male,10800.0,Paris,Bachelor,Single,2023-12-20 14:07:31.485148512
,52400.0,,28700.0,Rome,High School,Married,2023-12-20 14:59:56.759675968
49.0,62900.0,Male,42100.0,London,Bachelor,,2023-12-20 15:52:22.034203420
41.0,25700.0,Male,13900.0,London,Master,Widowed,2023-12-20 16:44:47.308730872
65.0,,Female,30400.0,Paris,High School,Married,2023-12-20 17:37:12.583258324
64.0,70000.0,Male,55700.0,Paris,High School,Married,2023-12-20 18:29:37.857785776
61.0,78300.0,Male,53800.0,Paris,High School,Married,2023-12-20 19:22:03.132313228
26.0,55000.0,Male,33300.0,Berlin,High School,Single,
57.0,57600.0,Female,36400.0,Paris,Bachelor,,2023-12-20 21:06:53.681368136
67.0,18000.0,Female,11700.0,London,High School,Single,2023-12-20 21:59:18.955895588
40.0,81500.0,Male,33400.0,London,Bachelor,,
67.0,41400.0,Male,17900.0,Paris,High School,Single,2023-12-20 23:44:09.504950492
30.0,36000.0,Male,23700.0,London,High School,Single,2023-12-21 00:36:34.779477948
,46200.0,,25200.0,Berlin,Master,Married,2023-12-21 01:29:00.054005400
67.0,72700.0,Female,30700.0,Paris,High School,Married,2023-12-21 02:21:25.328532852
32.0,83100.0,Male,43100.0,London,Bachelor,Married,2023-12-21 03:13:50.603060304
53.0,51900.0,Male,23500.0,Berlin,High School,Married,2023-12-21 04:06:15.877587756
66.0,65000.0,Male,49800.0,Paris,Master,Single,2023-12-21 04:58:41.152115208
22.0,50600.0,Female,24300.0,Paris,Master,Divorced,2023-12-21 05:51:06.426642664
39.0,34400.0,Male,15700.0,Paris,High School,Single,2023-12-21 06:43:31.701170116
33.0,72200.0,Female,47000.0,Madrid,High School,Single,2023-12-21 07:35:56.975697568
58.0,40700.0,Male,24800.0,Paris,Bachelor,Single,2023-12-21 08:28:22.250225020
,73000.0,,,Paris,High School,Married,2023-12-21 09:20:47.524752472
41.0,69500.0,Male,39900.0,Paris,Bachelor,Single,2023-12-21 10:13:12.799279928
35.0,59200.0,Male,34700.0,Paris,Master,Single,2023-12-21 11:05:38.073807380
66.0,77400.0,Female,55100.0,Paris,Bachelor,Single,2023-12-21 11:58:03.348334832
35.0,,Female,40700.0,London,Master,Married,2023-12-21 12:50:28.622862284
24.0,47400.0,Male,26500.0,Paris,High School,Married,2023-12-21 13:42:53.897389736
21.0,37900.0,Male,29700.0,Berlin,Master,Married,2023-12-21 14:35:19.171917192
43.0,22000.0,Male,10500.0,Madrid,High School,Widowed,2023-12-21 15:27:44.446444644
22.0,83700.0,Male,43300.0,London,High School,Divorced,2023-12-21 16:20:09.720972096
33.0,43400.0,Male,20700.0,Madrid,Master,Single,2023-12-21 17:12:34.995499548
52.0,67000.0,Male,27300.0,London,Bachelor,Married,2023-12-21 18:05:00.270027000
43.0,38900.0,Female,19800.0,London,Bachelor,Married,2023-12-21 18:57:25.544554452
35.0,73100.0,Female,,Paris,Master,Single,2023-12-21 19:49:50.819081908
46.0,39500.0,Male,18200.0,Paris,Bachelor,Single,2023-12-21 20:42:16.093609360
40.0,32100.0,Female,17500.0,Paris,High School,Married,2023-12-21 21:34:41.368136812
31.0,46900.0,Male,19100.0,Paris,Bachelor,Married,2023-12-21 22:27:06.642664264
32.0,42000.0,Male,29400.0,Berlin,High School,Married,2023-12-21 23:19:31.917191716
66.0,58900.0,Male,42300.0,Paris,High School,Single,2023-12-22 00:11:57.191719172
50.0,49200.0,Male,27800.0,Paris,Bachelor,Divorced,2023-12-22 01:04:22.466246624
42.0,59400.0,Female,47200.0,Madrid,Master,Married,2023-12-22 01:56:47.740774076
38.0,45600.0,Female,30600.0,London,Bachelor,Divorced,2023-12-22 02:49:13.015301528
,40000.0,,27900.0,London,High School,Single,2023-12-22 03:41:38.289828980
40.0,41200.0,Male,19600.0,Paris,Master,Married,2023-12-22 04:34:03.564356436
60.0,80700.0,Male,59300.0,Madrid,PhD,Married,2023-12-22 05:26:28.838883888
34.0,53400.0,Male,41500.0,Paris,High School,Single,2023-12-22 06:18:54.113411340
31.0,20200.0,Female,10000.0,London,High School,Single,2023-12-22 07:11:19.387938792
46.0,42200.0,Female,28500.0,London,High School,Single,2023-12-22 08:03:44.662466244
37.0,51500.0,Male,36000.0,London,High School,Widowed,2023-12-22 08:56:09.936993696
47.0,77700.0,Female,,Madrid,High School,Married,2023-12-22 09:48:35.211521152
36.0,65400.0,Male,38600.0,Paris,High School,Single,2023-12-22 10:41:00.486048604
56.0,36200.0,Male,15900.0,Berlin,Bachelor,Married,2023-12-22 11:33:25.760576056
30.0,86300.0,Male,40500.0,London,Bachelor,,2023-12-22 12:25:51.035103508
35.0,49500.0,Female,21000.0,London,PhD,Single,2023-12-22 13:18:16.309630960
40.0,68700.0,Male,42900.0,Rome,High School,,2023-12-22 14:10:41.584158416
63.0,32700.0,Female,21300.0,London,High School,Married,2023-12-22 15:03:06.858685868
50.0,14000.0,Male,10700.0,Berlin,High School,Single,2023-12-22 15:55:32.133213320
56.0,28900.0,Male,17800.0,Paris,Master,Married,2023-12-22 16:47:57.407740772
57.0,1200.0,Male,600.0,Berlin,High School,Married,2023-12-22 17:40:22.682268224
35.0,,Female,34600.0,Berlin,High School,Single,2023-12-22 18:32:47.956795680
26.0,53200.0,Male,40100.0,Rome,Bachelor,Divorced,2023-12-22 19:25:13.231323132
,36100.0,,21400.0,Madrid,High School,Married,2023-12-22 20:17:38.505850584
49.0,56800.0,Male,39500.0,Paris,Bachelor,Married,2023-12-22 21:10:03.780378036
34.0,52800.0,Male,21400.0,London,High School,Single,2023-12-22 22:02:29.054905488
36.0,59300.0,Female,35300.0,Madrid,Bachelor,Single,2023-12-22 22:54:54.329432940
44.0,68100.0,Male,36100.0,London,Bachelor,Single,2023-12-22 23:47:19.603960396
23.0,45700.0,Female,18800.0,London,High School,Single,
52.0,36800.0,Male,26100.0,Paris,High School,Divorced,2023-12-23 01:32:10.153015300
54.0,62400.0,Male,37800.0,Paris,High School,Divorced,2023-12-23 02:24:35.427542752
51.0,62000.0,Female,33100.0,London,Master,Single,2023-12-23 03:17:00.702070204
37.0,51500.0,Female,37200.0,Berlin,Bachelor,Married,2023-12-23 04:09:25.976597660
42.0,82700.0,Male,47900.0,London,Bachelor,Single,2023-12-23 05:01:51.251125112
21.0,43400.0,Male,17400.0,Paris,High School,Single,2023-12-23 05:54:16.525652564
,36500.0,,28400.0,London,Bachelor,Single,2023-12-23 06:46:41.800180016
27.0,56300.0,Male,28300.0,Madrid,High School,Single,2023-12-23 07:39:07.074707468
41.0,39900.0,Male,29200.0,London,High School,Single,2023-12-23 08:31:32.349234920
38.0,57400.0,Male,41700.0,Madrid,High School,Single,2023-12-23 09:23:57.623762376
28.0,37500.0,Female,17400.0,Paris,Bachelor,Married,
44.0,44000.0,Female,25900.0,Madrid,Bachelor,Single,2023-12-23 11:08:48.172817280
33.0,78400.0,Male,32600.0,Berlin,High School,Single,2023-12-23 12:01:13.447344732
43.0,,Female,23800.0,Rome,Master,Divorced,2023-12-23 12:53:38.721872184
47.0,38000.0,Male,26300.0,Berlin,High School,Single,2023-12-23 13:46:03.996399640
66.0,67600.0,Male,33500.0,Paris,Bachelor,Married,
33.0,,Female,15300.0,Madrid,PhD,Single,2023-12-23 15:30:54.545454544
24.0,,Female,23900.0,London,Bachelor,Married,2023-12-23 16:23:19.819981996
33.0,58600.0,Male,36000.0,Paris,Bachelor,Single,2023-12-23 17:15:45.094509448
52.0,,Female,43000.0,Paris,High School,Married,2023-12-23 18:08:10.369036904
33.0,68300.0,Male,48100.0,Paris,High School,Married,2023-12-23 19:00:35.643564356
57.0,38800.0,Female,26300.0,Berlin,Master,Single,2023-12-23 19:53:00.918091808
29.0,58900.0,Male,43500.0,London,Master,Single,2023-12-23 20:45:26.192619260
52.0,,Female,21000.0,London,High School,Married,2023-12-23 21:37:51.467146712
66.0,40900.0,Male,25700.0,Paris,Bachelor,Single,2023-12-23 22:30:16.741674164
38.0,68000.0,Male,37000.0,London,High School,Single,2023-12-23 23:22:42.016201620
67.0,41800.0,Male,32800.0,Paris,PhD,Single,2023-12-24 00:15:07.290729072
60.0,54200.0,Male,31200.0,London,Master,Single,2023-12-24 01:07:32.565256524
53.0,52300.0,Male,41000.0,Rome,High School,Single,2023-12-24 01:59:57.839783976
65.0,,Female,24000.0,Madrid,Bachelor,Married,2023-12-24 02:52:23.114311428
34.0,64500.0,Female,44300.0,Paris,Bachelor,Single,2023-12-24 03:44:48.388838884
49.0,58400.0,Male,34800.0,London,High School,Married,2023-12-24 04:37:13.663366336
58.0,20200.0,Female,11700.0,London,High School,Married,2023-12-24 05:29:38.937893788
23.0,54200.0,Male,33100.0,Paris,High School,Divorced,2023-12-24 06:22:04.212421240
,38400.0,,19900.0,Rome,Master,Single,
44.0,66500.0,Female,50700.0,London,High School,Married,2023-12-24 08:06:54.761476148
37.0,28300.0,Male,20300.0,London,Master,Married,2023-12-24 08:59:20.036003600
42.0,44700.0,Female,32200.0,London,Master,Divorced,2023-12-24 09:51:45.310531052
19.0,55400.0,Female,31800.0,Paris,High School,Divorced,2023-12-24 10:44:10.585058504
,50800.0,,21800.0,Paris,Bachelor,Married,2023-12-24 11:36:35.859585956
45.0,61400.0,Male,41300.0,Paris,Bachelor,Married,2023-12-24 12:29:01.134113408
55.0,27200.0,Male,15000.0,Paris,PhD,Single,2023-12-24 13:21:26.408640864
20.0,,Female,56000.0,Paris,Bachelor,Single,2023-12-24 14:13:51.683168316
37.0,57900.0,Male,41200.0,Madrid,Bachelor,,2023-12-24 15:06:16.957695768
23.0,70400.0,Male,,Berlin,Master,Single,2023-12-24 15:58:42.232223220
56.0,63100.0,Male,40400.0,Madrid,High School,Single,2023-12-24 16:51:07.506750672
50.0,49800.0,Male,33700.0,Berlin,High School,Divorced,2023-12-24 17:43:32.781278128
18.0,30700.0,Female,19300.0,Berlin,Master,Widowed,2023-12-24 18:35:58.055805580
54.0,41500.0,Male,25100.0,Paris,High School,Single,2023-12-24 19:28:23.330333032
23.0,73800.0,Female,36200.0,London,Master,Divorced,2023-12-24 20:20:48.604860484
62.0,70800.0,Male,,Paris,Bachelor,,2023-12-24 21:13:13.879387936
51.0,40700.0,Male,28800.0,Paris,High School,Married,2023-12-24 22:05:39.153915388
64.0,7700.0,Male,3100.0,London,High School,Single,2023-12-24 22:58:04.428442844
32.0,46800.0,Female,33300.0,London,High School,Divorced,2023-12-24 23:50:29.702970296
62.0,45700.0,Male,27900.0,Paris,High School,Single,2023-12-25 00:42:54.977497748
43.0,46300.0,Male,35900.0,Paris,High School,,2023-12-25 01:35:20.252025200
31.0,57900.0,Male,46300.0,Paris,Master,Single,2023-12-25 02:27:45.526552652
24.0,63100.0,Male,42000.0,Berlin,Bachelor,Married,2023-12-25 03:20:10.801080108
63.0,64900.0,Male,36700.0,Rome,High School,Single,2023-12-25 04:12:36.075607560
48.0,56700.0,Male,33500.0,Berlin,High School,Married,2023-12-25 05:05:01.350135012
41.0,23000.0,Male,11100.0,Berlin,High School,Married,2023-12-25 05:57:26.624662464
48.0,44900.0,Male,19700.0,London,PhD,Single,2023-12-25 06:49:51.899189916
46.0,84600.0,Female,53400.0,Paris,High School,Married,2023-12-25 07:42:17.173717372
,55600.0,,40200.0,Berlin,High School,Divorced,2023-12-25 08:34:42.448244824
49.0,55500.0,Male,28000.0,Paris,Bachelor,Divorced,2023-12-25 09:27:07.722772276
34.0,55400.0,Male,31500.0,Paris,Bachelor,Divorced,2023-12-25 10:19:32.997299728
31.0,56200.0,Male,35000.0,Berlin,High School,Married,2023-12-25 11:11:58.271827180
57.0,14300.0,Male,10900.0,Madrid,PhD,Married,2023-12-25 12:04:23.546354632
53.0,46400.0,Male,21100.0,London,Bachelor,Single,2023-12-25 12:56:48.820882088
65.0,49400.0,Male,24400.0,Rome,High School,Single,2023-12-25 13:49:14.095409540
41.0,69200.0,Male,53100.0,London,Master,Single,2023-12-25 14:41:39.369936992
62.0,50700.0,Male,21100.0,Paris,High School,Single,2023-12-25 15:34:04.644464444
44.0,25300.0,Female,16800.0,London,High School,Single,2023-12-25 16:26:29.918991896
42.0,56500.0,Female,37100.0,Madrid,Master,Married,2023-12-25 17:18:55.193519352
49.0,37900.0,Female,21000.0,London,PhD,Single,2023-12-25 18:11:20.468046804
69.0,31700.0,Male,18600.0,Berlin,High School,Single,2023-12-25 19:03:45.742574256
35.0,37500.0,Male,27800.0,London,High School,Single,2023-12-25 19:56:11.017101708
63.0,58100.0,Female,27100.0,London,Bachelor,Single,2023-12-25 20:48:36.291629160
35.0,68900.0,Male,33900.0,Paris,Master,Divorced,2023-12-25 21:41:01.566156616
54.0,57200.0,Male,34600.0,Paris,Bachelor,Married,2023-12-25 22:33:26.840684068
43.0,59500.0,Male,33600.0,Paris,Bachelor,Married,2023-12-25 23:25:52.115211520
26.0,57100.0,Male,36000.0,London,High School,Single,2023-12-26 00:18:17.389738972
52.0,51500.0,Female,39600.0,Berlin,Bachelor,Married,2023-12-26 01:10:42.664266424
25.0,60500.0,Female,46400.0,Berlin,Master,Married,2023-12-26 02:03:07.938793876
37.0,13700.0,Female,6700.0,Paris,High School,Single,2023-12-26 02:55:33.213321332
59.0,51700.0,Female,26900.0,London,High School,Widowed,2023-12-26 03:47:58.487848784
39.0,34300.0,Male,15900.0,London,High School,Divorced,2023-12-26 04:40:23.762376236
36.0,67400.0,Female,52000.0,London,High School,Widowed,2023-12-26 05:32:49.036903688
47.0,47800.0,Male,26700.0,London,High School,Single,
45.0,50500.0,Male,29300.0,Paris,High School,Married,2023-12-26 07:17:39.585958596
52.0,27400.0,Male,19800.0,Madrid,High School,Single,2023-12-26 08:10:04.860486048
60.0,65300.0,Female,39500.0,Madrid,Master,Married,2023-12-26 09:02:30.135013500
28.0,59400.0,Female,26600.0,Paris,High School,Divorced,2023-12-26 09:54:55.409540952
48.0,58400.0,Male,33600.0,Berlin,PhD,Single,2023-12-26 10:47:20.684068404
66.0,37800.0,Male,24700.0,Paris,Bachelor,Single,2023-12-26 11:39:45.958595860
65.0,38400.0,Male,26400.0,Paris,High School,Single,2023-12-26 12:32:11.233123312
56.0,53400.0,Male,35100.0,Rome,High School,Married,2023-12-26 13:24:36.507650764
,39600.0,,17700.0,London,Bachelor,Married,2023-12-26 14:17:01.782178216
,56500.0,,29500.0,Paris,High School,Married,2023-12-26 15:09:27.056705668
40.0,17600.0,Male,12200.0,London,Master,Married,2023-12-26 16:01:52.331233120
36.0,42700.0,Male,32100.0,Berlin,High School,Married,2023-12-26 16:54:17.605760576
29.0,,Female,32300.0,Madrid,High School,Divorced,2023-12-26 17:46:42.880288028
32.0,56600.0,Male,23600.0,Paris,High School,Single,2023-12-26 18:39:08.154815480
48.0,52500.0,Male,34500.0,Berlin,Bachelor,Single,2023-12-26 19:31:33.429342932
60.0,79800.0,Female,49400.0,Madrid,Master,Divorced,2023-12-26 20:23:58.703870384
54.0,,Female,6900.0,London,High School,Single,2023-12-26 21:16:23.978397840
54.0,37800.0,Male,23400.0,London,Bachelor,Single,2023-12-26 22:08:49.252925292
32.0,44000.0,Male,34800.0,Paris,High School,Divorced,2023-12-26 23:01:14.527452744
46.0,62900.0,Male,41000.0,Paris,Bachelor,Married,2023-12-26 23:53:39.801980196
67.0,63100.0,Male,36600.0,London,High School,Married,2023-12-27 00:46:05.076507648
60.0,37000.0,Male,27000.0,Madrid,Bachelor,Single,2023-12-27 01:38:30.351035100
43.0,65000.0,Male,31500.0,Berlin,Bachelor,Divorced,2023-12-27 02:30:55.625562556
61.0,44000.0,Female,24900.0,London,High School,Single,
19.0,68200.0,Male,41700.0,Berlin,Bachelor,Single,2023-12-27 04:15:46.174617460
37.0,34500.0,Male,20800.0,Berlin,Bachelor,Divorced,2023-12-27 05:08:11.449144912
32.0,48200.0,Male,37000.0,London,Bachelor,Single,2023-12-27 06:00:36.723672364
69.0,42600.0,Male,22000.0,Paris,Bachelor,,2023-12-27 06:53:01.998199820
21.0,65800.0,Male,27800.0,Paris,Bachelor,Married,2023-12-27 07:45:27.272727272
39.0,42200.0,Female,32300.0,Paris,Bachelor,Single,2023-12-27 08:37:52.547254724
,49400.0,,24000.0,Paris,Master,Married,2023-12-27 09:30:17.821782176
55.0,57600.0,Male,31800.0,Paris,Master,Married,2023-12-27 10:22:43.096309628
40.0,58200.0,Male,35600.0,Berlin,Bachelor,Single,2023-12-27 11:15:08.370837084
43.0,63300.0,Male,50000.0,Paris,Master,Married,2023-12-27 12:07:33.645364536
68.0,53200.0,Male,32700.0,Paris,Master,Single,
28.0,43700.0,Male,25300.0,Rome,High School,Married,2023-12-27 13:52:24.194419440
45.0,44800.0,Male,28400.0,Berlin,PhD,Married,2023-12-27 14:44:49.468946892
19.0,50400.0,Male,39700.0,Berlin,High School,Married,2023-12-27 15:37:14.743474344
25.0,53700.0,Female,39000.0,Paris,High School,Divorced,2023-12-27 16:29:40.018001800
46.0,47800.0,Male,22400.0,London,PhD,Single,2023-12-27 17:22:05.292529252
28.0,50300.0,Male,36300.0,London,High School,Single,2023-12-27 18:14:30.567056704
54.0,27200.0,Male,20000.0,London,Bachelor,Single,
35.0,60000.0,Male,40600.0,London,PhD,Married,2023-12-27 19:59:21.116111608
67.0,52700.0,Male,34900.0,London,High School,Single,
31.0,65000.0,Male,37500.0,Rome,High School,Married,2023-12-27 21:44:11.665166516
27.0,50000.0,Male,32800.0,Paris,Bachelor,Single,2023-12-27 22:36:36.939693968
52.0,23900.0,Female,16600.0,Paris,Bachelor,Widowed,2023-12-27 23:29:02.214221420
26.0,44600.0,Male,20000.0,London,Master,Married,
52.0,47000.0,Female,23600.0,London,Master,Single,2023-12-28 01:13:52.763276328
28.0,,Female,29200.0,Paris,High School,,2023-12-28 02:06:18.037803780
61.0,18900.0,Male,13900.0,Berlin,High School,Married,2023-12-28 02:58:43.312331232
29.0,50600.0,Male,34000.0,London,Bachelor,Widowed,2023-12-28 03:51:08.586858684
20.0,57700.0,Male,33500.0,London,Bachelor,Married,
56.0,40100.0,Male,29300.0,London,High School,Single,2023-12-28 05:35:59.135913588
31.0,51100.0,Male,35100.0,Berlin,High School,Widowed,
45.0,40600.0,Male,31100.0,Rome,High School,Single,2023-12-28 07:20:49.684968496
28.0,39100.0,Female,16800.0,Paris,Master,Married,2023-12-28 08:13:14.959495948
56.0,43900.0,Male,26500.0,Paris,Master,Married,2023-12-28 09:05:40.234023400
42.0,39300.0,Male,26800.0,Paris,High School,Single,2023-12-28 09:58:05.508550852
38.0,60300.0,Male,29100.0,Madrid,High School,Widowed,2023-12-28 10:50:30.783078308
27.0,39000.0,Male,20700.0,London,High School,Single,2023-12-28 11:42:56.057605760
60.0,36500.0,Female,20700.0,Madrid,PhD,Single,2023-12-28 12:35:21.332133212
32.0,76500.0,Male,54900.0,Rome,Master,Single,2023-12-28 13:27:46.606660664
36.0,64400.0,Male,38500.0,London,Bachelor,Divorced,2023-12-28 14:20:11.881188116
65.0,22100.0,Female,13200.0,Paris,High School,Single,2023-12-28 15:12:37.155715568
39.0,,Female,22000.0,Paris,High School,Single,2023-12-28 16:05:02.430243024
38.0,,Female,26300.0,Paris,High School,Single,2023-12-28 16:57:27.704770476
69.0,54900.0,Female,42200.0,Berlin,PhD,Single,2023-12-28 17:49:52.979297928
61.0,27600.0,Male,14500.0,Paris,High School,Married,2023-12-28 18:42:18.253825380
49.0,67400.0,Male,42300.0,London,Bachelor,Single,2023-12-28 19:34:43.528352832
67.0,62400.0,Male,28700.0,Paris,High School,Single,2023-12-28 20:27:08.802880288
40.0,57200.0,Male,32800.0,Paris,Bachelor,Single,2023-12-28 21:19:34.077407740
30.0,70400.0,Male,53600.0,Paris,Bachelor,Married,2023-12-28 22:11:59.351935192
22.0,56800.0,Female,45300.0,London,Bachelor,Single,2023-12-28 23:04:24.626462644
21.0,56700.0,Male,30900.0,Paris,Bachelor,Married,2023-12-28 23:56:49.900990096
45.0,73400.0,Female,33900.0,London,Master,Single,2023-12-29 00:49:15.175517552
31.0,66500.0,Male,35000.0,London,High School,Divorced,2023-12-29 01:41:40.450045004
25.0,37400.0,Male,19900.0,Rome,High School,,2023-12-29 02:34:05.724572456
26.0,59500.0,Male,39100.0,Madrid,Master,Married,2023-12-29 03:26:30.999099908
68.0,40000.0,Male,23900.0,London,High School,Married,2023-12-29 04:18:56.273627360
52.0,57600.0,Male,40700.0,Berlin,Bachelor,Widowed,
54.0,57100.0,Male,38900.0,Paris,Master,Married,2023-12-29 06:03:46.822682268
38.0,29200.0,Male,14600.0,London,Master,Single,2023-12-29 06:56:12.097209720
35.0,,Female,34400.0,London,Master,Single,2023-12-29 07:48:37.371737172
50.0,54000.0,Male,39900.0,Paris,High School,,2023-12-29 08:41:02.646264624
25.0,43500.0,Male,27800.0,Berlin,Master,Divorced,2023-12-29 09:33:27.920792076
68.0,54700.0,Male,42200.0,Paris,Master,Single,2023-12-29 10:25:53.195319532
66.0,62100.0,Male,44300.0,Paris,Bachelor,Married,2023-12-29 11:18:18.469846984
34.0,49500.0,Female,31600.0,Paris,High School,Single,2023-12-29 12:10:43.744374436
60.0,53400.0,Female,40700.0,Madrid,High School,Divorced,2023-12-29 13:03:09.018901888
48.0,70800.0,Female,45300.0,Paris,Bachelor,Married,2023-12-29 13:55:34.293429340
51.0,57100.0,Male,34700.0,Paris,Master,Single,2023-12-29 14:47:59.567956796
23.0,53000.0,Male,28800.0,Madrid,High School,Married,2023-12-29 15:40:24.842484248
39.0,35600.0,Female,26800.0,Paris,High School,Single,2023-12-29 16:32:50.117011700
31.0,,Female,27000.0,Madrid,Bachelor,Married,2023-12-29 17:25:15.391539152
20.0,55000.0,Female,32400.0,Madrid,Bachelor,Divorced,2023-12-29 18:17:40.666066604
29.0,,Female,42600.0,London,Bachelor,Divorced,2023-12-29 19:10:05.940594056
53.0,50700.0,Male,31500.0,London,High School,Single,2023-12-29 20:02:31.215121512
29.0,22800.0,Male,15100.0,Rome,Bachelor,Single,2023-12-29 20:54:56.489648964
62.0,24500.0,Female,14800.0,London,High School,,2023-12-29 21:47:21.764176416
19.0,,Female,30700.0,Paris,High School,Married,2023-12-29 22:39:47.038703868
19.0,41400.0,Female,30800.0,Madrid,Bachelor,Single,2023-12-29 23:32:12.313231320
32.0,56600.0,Male,37500.0,Paris,High School,Married,2023-12-30 00:24:37.587758776
40.0,51700.0,Male,38400.0,Paris,Bachelor,Single,2023-12-30 01:17:02.862286228
46.0,47500.0,Male,24200.0,Madrid,Bachelor,,2023-12-30 02:09:28.136813680
34.0,48600.0,Male,31800.0,Paris,Bachelor,Married,2023-12-30 03:01:53.411341132
49.0,37000.0,Male,25400.0,Berlin,Master,Married,
24.0,49800.0,Female,27600.0,London,High School,Single,2023-12-30 04:46:43.960396040
47.0,41200.0,Male,29900.0,Berlin,High School,Widowed,2023-12-30 05:39:09.234923492
45.0,44400.0,Male,17800.0,Paris,High School,Single,2023-12-30 06:31:34.509450944
31.0,45100.0,Male,28800.0,London,Bachelor,Single,2023-12-30 07:23:59.783978396
61.0,46600.0,Male,30100.0,Paris,Bachelor,Single,
47.0,63800.0,Male,39100.0,Paris,High School,,2023-12-30 09:08:50.333033300
34.0,48100.0,Female,31400.0,Paris,High School,Single,2023-12-30 10:01:15.607560756
49.0,65400.0,Male,30500.0,Paris,Master,Married,
63.0,73100.0,Male,49300.0,Rome,Bachelor,Married,2023-12-30 11:46:06.156615660
23.0,62800.0,Female,33600.0,London,Bachelor,Married,2023-12-30 12:38:31.431143112
68.0,58000.0,Male,33700.0,London,PhD,Divorced,2023-12-30 13:30:56.705670564
41.0,54900.0,Male,29300.0,London,Master,Widowed,2023-12-30 14:23:21.980198020
23.0,63000.0,Male,37100.0,Rome,High School,Single,2023-12-30 15:15:47.254725472
44.0,51300.0,Male,33300.0,London,Bachelor,Single,2023-12-30 16:08:12.529252924
35.0,64800.0,Male,47600.0,Berlin,High School,Married,2023-12-30 17:00:37.803780376
41.0,59200.0,Male,35100.0,Paris,Master,Married,2023-12-30 17:53:03.078307828
54.0,44600.0,Female,23600.0,London,High School,Single,2023-12-30 18:45:28.352835280
41.0,63400.0,Male,37700.0,Paris,High School,,2023-12-30 19:37:53.627362736
55.0,51400.0,Male,34700.0,London,Bachelor,Married,2023-12-30 20:30:18.901890188
51.0,48400.0,Male,26100.0,Paris,Master,Widowed,2023-12-30 21:22:44.176417640
57.0,42900.0,Male,24300.0,Berlin,Master,Married,2023-12-30 22:15:09.450945092
64.0,52500.0,Male,32800.0,Paris,Bachelor,Married,2023-12-30 23:07:34.725472544
,64900.0,,33600.0,London,Bachelor,Married,2023-12-31 00:00:00.000000000
